id,title,release_date,director,actors,genres,vote_average,poster_path,overview,ubicacion
31344,The 317th Platoon,1965-03-31,Pierre Schoendoerffer,"Jacques Perrin, Bruno Cremer, Pierre Fabre, Manuel Zarzo, Boramy Tioulong","Bélica,Historia,Drama",7.3,/ewatR5iZ3aEJXRErzhDSUlZfkTf.jpg,"Ambientada en Vietnam, al final de la época colonial francesa, cuando las guerrillas del Vietminh estaban a punto de expulsar a los franceses. Narra lo que le acontece a una patrulla francesa que queda aislada en territorio vietminh, mandada por un subteniente idealista y un alemán, ex-combatiente de la Segunda Guerra Mundial.",J
179538,Witching & Bitching,2013-09-20,Álex de la Iglesia,"Hugo Silva, Gabriel Ángel Delgado, Mario Casas, Carmen Maura, Javier Botet","Comedia,Terror",6.352,/ujY3b20uM3FYOiRj7T0KdMACQf9.jpg,"Tras cometer un atraco, dos hombres desesperados huyen perseguidos por la policía y por la exmujer de uno de ellos. Se adentran en los bosques impenetrables de la Navarra profunda cayendo en las garras de una horda de mujeres enloquecidas que se alimentan de carne humana.",H
11782,Hard Boiled,1992-04-16,吴宇森,"Chow Yun-fat, Tony Leung Chiu-Wai, 黃秋生, 毛舜筠, 陳欣健","Acción,Suspense,Crimen",7.518,/oMqr4CGGqVlfI8DdrSelK1e9aFM.jpg,"El inspector Tequila Yuen (Chow Yun-Fat) es un duro policía encargado de detener una operación de contrabando de armas y de encontrar al asesino de su compañero. John Woo continúa con su personal estilo de violencia casi poética y tiroteos con ritmo en un thriller que cuenta con numerosos seguidores, toda una cinta de culto dentro del cine de acción. En España se estrenó en el año 1995, resultando un fracaso en taquilla.",N
308504,Last Knights,2015-04-03,紀里谷和明,"Clive Owen, Morgan Freeman, Aksel Hennie, Shohreh Aghdashloo, James Babson","Acción,Aventura",6.375,/kDDwAQHkqPy8RYQc38lFTuRw8Ro.jpg,La historia gira en torno a una banda de guerreros que buscará venganza después de la muerte de su maestro a manos de un emperador corrupto...,H
5920,Le Mans,1971-06-23,Lee H. Katzin,"Steve McQueen, Siegfried Rauch, Elga Andersen, Ronald Leigh-Hunt, Fred Haltiner","Acción,Drama",6.765,/45lMKp75PCDuTS4Or8B48FehY1z.jpg,"Cuarenta y cinco estrellas internacionales de la competición automovilística se unen a Steve McQueen en esta emocionante e impresionante recreación de la carrera de coches más dura del mundo: Le Mans. Un piloto americano vuelve a Francia para participar tras un año alejado por una herida, enamorándose de la viuda de otro piloto que murió en el mismo accidente. Rodada en escenarios naturales de Francia, su fascinante fotografía ofrece un aspecto deslumbrante de los coches más extraordinarios del mundo y de las increíbles personalidades de la gente que se ve atraída por el círculo automovilístico. Steve McQueen, auténtico campeón de las carreras, condujo él mismo en el angustioso circuito de Le Mans y en ocasiones a velocidades que superaban los 300 kilómetros por hora.",M
12504,The Outsider,1983-10-26,Jacques Deray,"Jean-Paul Belmondo, Henry Silva, Carlos Sotto Mayor, Pierre Vernier, Maurice Barrier","Acción,Crimen,Suspense",6.793,/jyQ7eEaDCWd0IgqwLh6G1DRbu8N.jpg,"El comisario Philippe Jordan, un policía de expeditivos métodos, se ha propuesto acabar con el capo de la droga Sauveur Meccacci",J
101,Léon: The Professional,1994-09-14,Luc Besson,"Jean Reno, Natalie Portman, Gary Oldman, Danny Aiello, Peter Appel","Crimen,Drama,Acción",8.29,/efqJtlo5J1hBNFmbwyjyAR9Mpr2.jpg,"Stan es un corrupto agente de la DEA cuya codicia le lleva a cometer asesinatos en las calles de Nueva York. El mortal juego del gato y el ratón empieza cuando se cruza en su camino un solitario hombre, llamado León. León es asesino a sueldo, un personaje indestructible e indocumentado, que sólo bebe leche y se ocupa de sus plantas. En medio se encuentra una huerfanita de 12 años, que no puede olvidar al hombre que asesinó a su familia.",H
597859,The Pilot: A Battle for Survival,2021-12-02,Ренат Давлетьяров,"Пётр Фёдоров, Анна Пескова, Pavel Osadchy, Максим Емельянов, Алексей Барабаш","Bélica,Historia,Drama",6.549,/6dw1PE6CiexFkpGc0ZjXKwVucpJ.jpg,"Diciembre de 1941, Frente Noroeste. Una columna de tanques alemanes avanza hacia Moscú. Durante una misión para detener el avance enemigo, el IL-2 de Nikolai Komlev es derribado. Komlev logra hacer un aterrizaje forzoso de su avión en un claro del bosque remoto. Está vivo, pero lejos de territorio amistoso. Le espera una prueba implacable de gran resistencia física y mental. Después de luchar contra el hambre y el frío extremo, evadiendo manadas de lobos y destacamentos de soldados nazis, el herido Komlev finalmente regresa a un lugar seguro. Pero allí se enfrenta a otro desafío, el más transformador de todos.",P
941,Lethal Weapon,1987-03-06,Richard Donner,"Mel Gibson, Danny Glover, Gary Busey, Mitchell Ryan, Tom Atkins","Acción,Suspense,Crimen",7.302,/6gt44oqb4nE8vflPElffeGwsHVl.jpg,Antiguos soldados de la guerra del Vietnam han creado una poderosa red de tráfico de droga. Dos policias reciben el encargo de esclarecer un asesinato en el que esa peligrosa organización se halla implicada.,N
942,Lethal Weapon 2,1989-07-07,Richard Donner,"Mel Gibson, Danny Glover, Joe Pesci, Joss Ackland, Derrick O'Connor","Acción,Suspense,Crimen",7.045,/1EEIUw0tkX7AJZ1ikZrtKZZKlC6.jpg,Una pareja de policías tiene como misión proteger a un individuo que va a testificar en contra de una organización de traficantes de droga. Las cosas se complican cuando uno de ellos decide iniciar la investigación por su cuenta sin comunicarlo a la comisaría.,N
943,Lethal Weapon 3,1992-05-15,Richard Donner,"Mel Gibson, Danny Glover, Joe Pesci, Rene Russo, Stuart Wilson","Acción,Suspense,Crimen",6.727,/8FnOudDHPOY7MFJnvQMR1qpuyek.jpg,"Riggs y Roger son una pareja de policías de Los Ángeles que se enfrentan a un difícil caso. Armas confiscadas y a punto de ser destruidas han desaparecido de las dependencias oficiales y están llegando a los delincuentes más peligrosos de la ciudad. El responsable resulta ser Travis, antiguo teniente expulsado del cuerpo por corrupción.",N
944,Lethal Weapon 4,1998-07-10,Richard Donner,"Mel Gibson, Danny Glover, Joe Pesci, Rene Russo, Chris Rock","Acción,Crimen,Suspense",6.607,/pTLliHRoG0Qwp6qycmrMB4bD3mr.jpg,"La pareja de policías formada por Martin Riggs y Roger Murtaugh vuelve a la carga para enfrentarse a un capo de la mafia asiática que ha extendido sus actividades a Los Angeles. En la investigación les ayudará un joven policía responsable de los quebraderos de cabeza familiares de Murtaugh, ya que ha dejado embarazada a su hija. En casa de Riggs, las cosas también se complican cuando su compañera espera un hijo y amenaza con hacerle pasar por el altar.",N
26843,Lion of the Desert,1981-04-17,Moustapha Akkad,"Anthony Quinn, Oliver Reed, Irene Papas, Raf Vallone, Rod Steiger","Historia,Bélica,Drama",7.302,/xm7CKN5mo09RNAcL1IP1xmJ5avT.jpg,"Libia, 1929. El Ejército Italiano lleva años luchando para ocupar el país contra la resistencia beduina liderada por Omar Mukhtar. Cansado de la situación, Benito Mussolini pone al mando de la lucha en Libia al General Graziani, tan arrogante como eficaz, para desatascar la situación. Pero derrota tras derrota Graziani descubrirá que Omar Mukhtar, El León del Desierto, es un combatiente infatigable digno de ser su mejor adversario.",M
9972,Lock Up,1989-08-04,John Flynn,"Sylvester Stallone, Donald Sutherland, John Amos, Sonny Landham, Tom Sizemore","Acción,Crimen,Drama,Suspense",6.797,/WihoHaU9yvhhdoSqDAhiIlNN8g.jpg,"Frank Leone está a punto de cumplir su condena de reclusión por un delito menor. Sin embargo a punto de ser liberado, Warden Drumgoole se hace cargo de la prisión. Drumgoole fue reasignado a tan infernal presidio después de que su administración fuera públicamente puesta en entredicho por Leone, y ahora él se encargará de que nunca vuelva a ver la luz del día.",Stock and Two Smoking Barrels
104,Run Lola Run,1998-08-20,Tom Tykwer,"Franka Potente, Moritz Bleibtreu, Herbert Knaup, Nina Petri, Armin Rohde","Acción,Drama,Suspense",7.305,/oq2T6V8EYiYNVmEuqPu9XZT6b5E.jpg,"Manni es un ladrón de poca monta que acepta participar en un gran golpe: vender unos diamantes robados por cien mil marcos que debe entregar a mediodía a un traficante. Pero pierde la bolsa que contiene el dinero en el metro de Berlín. Como último recurso, llama a su novia, Lola (de veinte años, cabellos rojos, frágil pero decidida), y le explica la situación. Son las once y cuarenta minutos
193756,Lone Survivor,2013-12-24,Peter Berg,"Mark Wahlberg, Taylor Kitsch, Emile Hirsch, Ben Foster, Eric Bana","Bélica,Acción,Drama",7.43,/zaBIrloyhGK7iNTZMb3f9SARsl8.jpg,"Año 2005. A un equipo de élite de las fuerzas especiales SEAL del ejército norteamericano, liderados por Marcus Luttrell junto a otros tres soldados les es encomendada una peligrosa misión, la ""Operación red wing"": capturar o matar a un líder terrorista talibán, Admad Shad, que se esconde en una zona boscosa de Afganistán. La llegada al punto donde localizaron el objetivo se realizó sin problemas, pero pronto la situación se complicó hasta extremos inimaginables.",G
240832,Lucy,2014-07-25,Luc Besson,"Scarlett Johansson, Morgan Freeman, Choi Min-sik, Amr Waked, Julian Rhind-Tutt","Acción,Ciencia ficción",6.5,/kRbpUTRNm6QbLQFPFWUcNC4czEm.jpg,"Lucy, una joven obligada a ejercer de mula de una nueva y potente droga, adquiere de repente enormes poderes sobrenaturales cuando la bolsa de la droga se rompe y los narcóticos entran en contacto con su cuerpo. Entonces, su cerebro comienza a aumentar la capacidad de uso hasta poder ser utilizado al 100%, convirtiéndose en una máquina letal con habilidades extraordinarias.",G
23631,Machete,2010-09-01,Robert Rodriguez,"Danny Trejo, Michelle Rodríguez, Jessica Alba, Robert De Niro, Steven Seagal","Acción,Comedia,Suspense",6.334,/dcPSm1rGEFdiEc7DaKz0t5kb66b.jpg,"Adaptación en forma de largometraje del falso tráiler incluido en Grindhouse. Machete es un ex federal mexicano con habilidades que están más que a la altura de su actitud mortífera. Dado por muerto después de un enfrentamiento con el célebre rey de la droga mexicano Torres, Machete huye a Texas para desaparecer y olvidar su trágico pasado. Pero lo que encuentra es una red de corrupción y engaño que termina con una bala en el cuerpo de un senador y con Machete como uno de los hombres más buscados. Machete se dispone a limpiar su nombre y descubrir la oscura e intricada conspiración, pero en su camino se interpone Booth, un implacable hombre de negocios con una interminable nómina de asesinos a sueldo. Para ayudar a equilibrar la balanza, Machete cuenta con Luz, una sexy vendedora ambulante de tacos con espíritu rebelde y corazón revolucionario, y con Padre, un cura que es bueno con las bendiciones pero mucho mejor con las armas.",I
8810,Mad Max 2,1981-12-24,George Miller,"Mel Gibson, Bruce Spence, Michael Preston, Max Phipps, Vernon Wells","Acción,Suspense,Ciencia ficción",7.388,/l1KVEhkGDpWRzQ0VqIhZqDDuOim.jpg,"Tras el holocausto nuclear, la gasolina se ha convertido en un bien escaso y muy codiciado. Mad Max, héroe solitario, inicia una lucha sin cuartel para ayudar a una colonia de supervivientes constantemente atacada por un grupo de violentos guerreros que intenta arrebatarle un tanque de gasolina. Max decide ayudar a los defensores del tanque utilizando un enorme camión como trampa. La banda de guerreros persigue al camión, pensando que transporta miles de litros de gasolina.",O
76341,Mad Max: Fury Road,2015-05-13,George Miller,"Tom Hardy, Charlize Theron, Nicholas Hoult, Hugh Keays-Byrne, Josh Helman","Acción,Aventura,Ciencia ficción",7.638,/ulcAi4dKpAjHwYGS08vNyx9H6I9.jpg,"Perseguido por su turbulento pasado, Mad Max cree que la mejor forma de sobrevivir es ir solo por el mundo. Sin embargo, se ve arrastrado a formar parte de un grupo que huye a través del desierto en un War Rig conducido por una Emperatriz de élite: Furiosa. Escapan de una Ciudadela tiranizada por Immortan Joe, a quien han arrebatado algo irreemplazable. Enfurecido, el Señor de la Guerra moviliza a todas sus bandas y persigue implacablemente a los rebeldes en una 'guerra de la carretera' de altas revoluciones.",H
9659,Mad Max,1979-04-12,George Miller,"Mel Gibson, Joanne Samuel, Hugh Keays-Byrne, Steve Bisley, Tim Burns","Acción,Suspense,Ciencia ficción",6.68,/5LrI4GiCSrChgkdskVZiwv643Kg.jpg,"En las autopistas desiertas de una Australia desconocida, tiene lugar una guerra sin merced entre motoristas forajidos y policías Interceptor, que intentan triunfar sobre la gentuza al volante de coches con motores trucados. En un mundo en plena decadencia, la moral se difuminará en el escenario post apocalíptico donde lo único que tiene valor es el bien más preciado: la gasolina. La depravación, crueldad y salvajismo reinan en las bandas que no dudarán en perseguir y acabar con cualquiera que se ponga entre ellos y su ansia destruir y ser los amos de la carretera. Max se cruzará en su camino y lo que empieza como un acto de justicia no tardará en tornarse una lucha personal para acabar con ellos.",H
8810,Mad Max 2,1981-12-24,George Miller,"Mel Gibson, Bruce Spence, Michael Preston, Max Phipps, Vernon Wells","Acción,Suspense,Ciencia ficción",7.388,/l1KVEhkGDpWRzQ0VqIhZqDDuOim.jpg,"Tras el holocausto nuclear, la gasolina se ha convertido en un bien escaso y muy codiciado. Mad Max, héroe solitario, inicia una lucha sin cuartel para ayudar a una colonia de supervivientes constantemente atacada por un grupo de violentos guerreros que intenta arrebatarle un tanque de gasolina. Max decide ayudar a los defensores del tanque utilizando un enorme camión como trampa. La banda de guerreros persigue al camión, pensando que transporta miles de litros de gasolina.",H
9355,Mad Max Beyond Thunderdome,1985-06-29,George Miller,"Mel Gibson, Tina Turner, Helen Buday, Bruce Spence, Angelo Rossitto","Acción,Aventura,Ciencia ficción",6.215,/jJlxcEVVUHnrUeEkQ0077VeHQpb.jpg,"Tras la catástrofe nuclear, Mad Max cruza un desierto donde pierde su caravana de camellos. Llega a una ciudad donde le proponen cambiárselos a cambio de que ataque al tirano de la ciudad subterránea, un enano que fabrica gas metano con excrementos de cerdo.",H
605,The Matrix Revolutions,2003-11-05,Lilly Wachowski,"Keanu Reeves, Laurence Fishburne, Carrie-Anne Moss, Hugo Weaving, Jada Pinkett Smith","Aventura,Acción,Suspense,Ciencia ficción",6.757,/qEWiBXJGXK28jGBAm8oFKKTB0WD.jpg,"Quedan veinte horas para la irrupción de las máquinas en Sión, el último bastión de los humanos libres. Mientras el cuerpo de Neo permanece en coma, su consciencia se encuentra en tierra de nadie, en un lugar entre el mundo humano y el de las máquinas.",O
551271,Medieval,2022-09-08,Petr Jákl,"Ben Foster, Sophie Lowe, Michael Caine, Roland Møller, Magnus Samuelsson","Acción,Drama,Historia",6.86,/eeUNWsdoiOijOZAMaWFDA5Pb1n8.jpg,"La historia del icono y señor de la guerra checo del siglo XIV, Jan Zizka, que derrotó a los ejércitos de la Orden Teutónica y el Sacro Imperio Romano Germánico.",N
12651,Memphis Belle,1990-09-07,Michael Caton-Jones,"Matthew Modine, Eric Stoltz, Tate Donovan, D. B. Sweeney, Billy Zane","Drama,Bélica,Acción",6.8,/epsraI4swsSu9Fyefj7vPPhsOHK.jpg,"Drama ambientado en la Segunda Guerra Mundial basado en los documentales realizados durante 1943 por el director americano William Wyler. La historia se centra en la tripulación de ""Memphis Belle"", un enorme bombardero  del ejército aliado. Los diez jóvenes americanos que componen su tripulación han sobrevivido a veinticuatro incursiones, y esperan recibir instrucciones para su última misión antes de volver a casa. Piensan que se tratará de algo sencillo, pero para su sorpresa, reciben la orden de bombardear Dresden, Alemania. Ésto supone un gran riesgo, y posiblemente alguno de ellos pierda la vida.",N
15216,Midnight Clear,2006-01-01,Dallas Jenkins,"Stephen Baldwin, K Callan, Kirk B.R. Woller, Faline England, Brad Heller",Drama,5.375,/5UxUTcTGyd14q9AkdQxUkY3Dc4e.jpg,,P
9013,Midnight Run,1988-07-20,Martin Brest,"Robert De Niro, Charles Grodin, Yaphet Kotto, John Ashton, Dennis Farina","Comedia,Crimen,Suspense",7.187,/yx0touyDQ9enWDsFgS4MbBwCSNd.jpg,"Un ex-policía de Chicago, que se dedica a capturar forajidos, recibe una oferta de cien mil dólares a cambio de encontrar a un contable que se ha fugado con dinero de la mafia. A primera vista, parece un trabajo sencillo, pero resulta que hay otro cazador de recompensas que busca al mismo individuo.",O
522162,Midway,2019-11-06,Roland Emmerich,"Ed Skrein, Patrick Wilson, Woody Harrelson, Luke Evans, Mandy Moore","Bélica,Historia,Drama,Acción",7.101,/hj8pyoNnynGeJTAbl7jcLZO8Uhx.jpg,"1942, Segunda Guerra Mundial. Después del devastador ataque sorpresa que destruyó Pearl Harbor, la Armada Imperial Japonesa se prepara para un nuevo ataque. Pero el Almirante Nimitz  y Dick Best, el mejor piloto de la armada estadounidense, preparan un contraataque al imponente ejército japonés. Dick encabezará un ataque masivo que hará que Japón se dé cuenta de su error. Una decisión que cambió el curso de la historia para siempre. Mientras estos dos titánicos enemigos emprenden una letal batalla para cambiar el rumbo de la guerra, todas las miradas se vuelcan hacia la remota isla de Midway, donde una serie de impactantes ataques aéreos y marítimos pondrán a prueba la potencia y la fortaleza de ambas naciones.",M
522162,Midway,2019-11-06,Roland Emmerich,"Ed Skrein, Patrick Wilson, Woody Harrelson, Luke Evans, Mandy Moore","Bélica,Historia,Drama,Acción",7.101,/hj8pyoNnynGeJTAbl7jcLZO8Uhx.jpg,"1942, Segunda Guerra Mundial. Después del devastador ataque sorpresa que destruyó Pearl Harbor, la Armada Imperial Japonesa se prepara para un nuevo ataque. Pero el Almirante Nimitz  y Dick Best, el mejor piloto de la armada estadounidense, preparan un contraataque al imponente ejército japonés. Dick encabezará un ataque masivo que hará que Japón se dé cuenta de su error. Una decisión que cambió el curso de la historia para siempre. Mientras estos dos titánicos enemigos emprenden una letal batalla para cambiar el rumbo de la guerra, todas las miradas se vuelcan hacia la remota isla de Midway, donde una serie de impactantes ataques aéreos y marítimos pondrán a prueba la potencia y la fortaleza de ambas naciones.",N
347375,Mile 22,2018-08-16,Peter Berg,"Mark Wahlberg, Lauren Cohan, Iko Uwais, John Malkovich, Ronda Rousey","Acción,Suspense",6.277,/2L8ehd95eSW9x7KINYtZmRkAlrZ.jpg,James Silva (Mark Wahlberg) es un experimentado agente de la CIA al que envían a un país sospechoso de actividad nuclear. El funcionario Li (Iko Uwais) llegó a la embajada estadounidense buscando intercambiar información sobre material radioactivo robado a cambio de su traslado seguro a los Estados Unidos. A Silva le asignan la peligrosa misión de transportarlo desde el centro de una ciudad hasta una pista de aterrizaje a 22 millas de distancia (unos 35 kilómetros).,K
954,Mission: Impossible,1996-05-22,Brian De Palma,"Tom Cruise, Jon Voight, Emmanuelle Béart, Henry Czerny, Jean Reno","Aventura,Acción,Suspense",7.029,/l5uxY5m5OInWpcExIpKG6AR3rgL.jpg,"Ethan Hunt es un superespía capaz de resolver cualquier arriesgada situación con la máxima elegancia. Forma parte de un competente equipo dirigido por el agente Jim Phelps, que ha vuelto a reunir a sus hombres para participar en una dificilísima misión: evitar la venta de un disco robado que contiene información secreta de vital importancia.",N
575264,Mission: Impossible - Dead Reckoning Part One,2023-07-08,Christopher McQuarrie,"Tom Cruise, Hayley Atwell, Ving Rhames, Simon Pegg, Rebecca Ferguson","Acción,Aventura,Suspense",7.5,/NNxYkU70HPurnNCSiCjYAmacwm.jpg,Ethan Hunt y la IMF emprenden la misión más peligrosa a la que nunca se han enfrentado: rastrear una nueva y aterradora arma que amenaza a toda la humanidad antes de que caiga en las manos de un enemigo todopoderoso y misterioso.,O
353081,Mission: Impossible - Fallout,2018-07-25,Christopher McQuarrie,"Tom Cruise, Henry Cavill, Ving Rhames, Simon Pegg, Rebecca Ferguson","Acción,Aventura",7.452,/AkJQpZp9WoNdj7pLYSj1L0RcMMN.jpg,"En ocasiones, hasta las mejores intenciones pueden volverse en contra. Después de una misión fallida, Ethan Hunt y su equipo IMF, junto con algunos aliados conocidos, se enfrentarán a una nueva carrera contrarreloj.",K
955,Mission: Impossible II,2000-05-24,吴宇森,"Tom Cruise, Dougray Scott, Thandiwe Newton, Ving Rhames, Richard Roxburgh","Aventura,Acción,Suspense",6.139,/hfnrual76gPeNFduhD4xzHWpfTw.jpg,"El agente especial Ethan Hunt tiene una nueva misión: evitar que un despiadado ex-agente y ahora terrorista internacional se haga con un virus mortal que podría soltar sobre Australia causando millones de víctimas. Para evitarlo, contará otra vez con la inestimable ayuda del genio informático Luther Stickell, del experto conductor Billy Baird y de la presencia de la sensual y exótica ladrona internacional Nhye, que en el pasado mantuvo una relación sentimental con el criminal y que ahora se siente atraída por Hunt.",N
956,Mission: Impossible III,2006-04-25,J.J. Abrams,"Tom Cruise, Philip Seymour Hoffman, Ving Rhames, Billy Crudup, Michelle Monaghan","Aventura,Acción,Suspense",6.766,/vKGYCpmQyV9uHybWDzXuII8Los5.jpg,"Tras haber llevado a cabo diversas misiones, el agente especial Ethan Hunt se ha retirado del servicio activo y se ha prometido con su amada Julia. Pero, cuando es secuestrado uno de los agentes entrenados por él, volverá de nuevo a la acción. También tendrá que enfrentarse a Owen Davian, un individuo sin escrúpulos que trafica con armas y con información.",N
177677,Mission: Impossible - Rogue Nation,2015-07-28,Christopher McQuarrie,"Tom Cruise, Jeremy Renner, Simon Pegg, Rebecca Ferguson, Ving Rhames","Acción,Aventura",7.2,/fRJLXQBHK2wyznK5yZbO7vmsuVK.jpg,"Con la FMI disuelta y Ethan Hunt abandonado a su suerte, el equipo tiene que enfrentarse contra el Sindicato, una red de agentes especiales altamente preparados y entrenados. Estos grupos están empeñados en crear un nuevo orden mundial mediante una serie de ataques terroristas cada vez más graves. Ethan reúne a su equipo y une sus fuerzas con la agente británica renegada Ilsa Faust, quien puede que sea o no miembro de esta nación secreta, mientras el grupo se va enfrentando a su misión más imposible hasta la fecha…",N
560016,Monkey Man,2024-04-03,Dev Patel,"Dev Patel, Sikandar Kher, Makrand Deshpande, Pitobash, Vipin Sharma","Suspense,Crimen,Acción",6.862,/4lhR4L2vzzjl68P1zJyCH755Oz4.jpg,"Kid (Dev Patel) es un delincuente que acaba de salir de prisión y vive en la India, intentando adaptarse a un mundo marcado por la avaricia y carente de valores espirituales. Allí luchará por buscar venganza por la muerte de su madre y defender a las clases más desfavorecidas.",O
210860,Mortdecai,2015-01-21,David Koepp,"Johnny Depp, Gwyneth Paltrow, Ewan McGregor, Paul Bettany, Jonny Pasvolsky","Comedia,Aventura",5.524,/zIRDhdAuMevOuY2vs3s1HNcqDq7.jpg,"La trama gira en torno a Charlie Mortdecai, un excéntrico marchante de arte que recorre el planeta en busca de una codiciada pintura que podría contener el código de una olvidada cuenta bancaria de los nazis.",H
26316,Mosquito Squadron,1969-08-22,Boris Sagal,"David McCallum, Suzanne Neve, Charles Gray, David Buck, David Dundas","Drama,Romance,Bélica",5.6,/4yWIuaT6PvKAyI6WVsUrgqUYm84.jpg,"Inglaterra, Segunda Guerra Mundial. Quint Munroe, oficial de la RAF y nuevo líder de un escuadrón de aviones Mosquito, recibe el encargo de destruir una base secreta nazi situada en Francia mientras trata de superar la desaparición de un hermano de armas.",J
592350,My Hero Academia: Heroes Rising,2019-12-20,Kenji Nagasaki,"Daiki Yamashita, Nobuhiko Okamoto, Yoshio Inoue, Mio Imada, Yuka Terasaki","Animación,Acción,Fantasía,Aventura",8.13,/g6mFMxI6cDUHxiskzrId5ZrGcfP.jpg,"Mientras ponen en práctica sus habilidades de héroe en la pacífica isla de Nabu, los niños de la clase 1-A se enfrentan al ataque de un temible villano llamado Nine.",O
768744,My Hero Academia: World Heroes' Mission,2021-08-06,Kenji Nagasaki,"Daiki Yamashita, Nobuhiko Okamoto, Yuki Kaji, 吉沢亮, Kazuya Nakai","Animación,Acción,Aventura,Ciencia ficción",7.6,/pDwIKKjLHTiJHtw5t5kpPm69Ode.jpg,"Deku es perseguido por la policía, acusado de asesinato en masa, mientras que el resto de super héroes han de enfrentarse a un incidente que afecta a todo el mundo. Tercera película de la serie anime ""My Hero Academia"".",O
619930,Narvik,2022-12-25,Erik Skjoldbjærg,"Kristine Cornelie M. Hartgen, Carl Martin Eggesbø, Christoph Gelfert Mathiesen, Henrik Mestad, Mathilde Holtedahl Cuhra","Bélica,Drama,Historia,Acción",6.768,/gU4mmINWUF294Wzi8mqRvi6peMe.jpg,"Abril de 1940. Los ojos del mundo están puestos en Narvik, un pequeño pueblo en el norte de Noruega, una fuente del mineral de hierro necesario para la maquinaria de guerra de Hitler. A través de dos meses de feroz guerra de invierno, el líder alemán se enfrenta a su primera derrota.",N
241,Natural Born Killers,1994-08-26,Oliver Stone,"Woody Harrelson, Juliette Lewis, Robert Downey Jr., Tommy Lee Jones, Tom Sizemore","Crimen,Suspense,Drama",7.049,/fEKZwT91gxvkAoyPgpNXo8W5fu0.jpg,Micky y Mallory son una poco convencional pareja de jovenes amantes que sienten que han nacido para matar: son dos despiadados criminales que tienen atemorizada a la población. Un presentador de un programa sensacionalista se aprovecha de la fascinación que su personalidad ejerce sobre el público y convierte a los asesinos en héroes televisivos.,K
4820,Never So Few,1959-12-07,John Sturges,"Frank Sinatra, Gina Lollobrigida, Charles Bronson, Steve McQueen, Peter Lawford","Bélica,Drama,Aventura",5.479,/5TzI4sDBPscxeq2SNcM8GZEL0Mh.jpg,"Segunda Guerra Mundial (1939-1945). El soldado Bill Ringa (McQueen) lucha en la jungla birmana a las órdenes del Capitán Tom Reynolds (Sinatra), un jefe de la guerrilla que intenta detener el avance de los japoneses.",J
469274,City Hunter,2019-02-06,Philippe Lacheau,"Philippe Lacheau, Élodie Fontan, Tarek Boudali, Julien Arruti, Didier Bourdon","Acción,Comedia,Aventura",6.474,/gVKfVxoHE34nUUoehs0shNzpEVe.jpg,"Nicky Larson es el mejor guardaespaldas, es un gran detective privado. Se le llama para una misión de alto riesgo: recuperar el perfume de Cupido, un perfume que haría a la persona que lo usara irresistible.",K
606523,Night in Paradise,2020-09-03,박훈정,"엄태구, 전여빈, 차승원, 이기영, Park Ho-san","Crimen,Suspense,Acción",6.889,/b2TFdmaSCJ6Itpolgp1FFjpR03e.jpg,"A un asesino llamado Tae-goo se le ofrece la oportunidad de cambiar de bando con su pandilla rival Bukseong, encabezada por el presidente Doh. Tae-goo rechaza la oferta que resulta en el asesinato de su hermana y sobrina. En venganza, Tae-goo mata brutalmente al presidente Doh y a sus hombres y huye a la isla de Jeju, donde conoce a Jae-yeon, una mujer con una enfermedad terminal. Sin embargo, el secuaz de la pandilla Bukseong, Executive Ma, está cazando sin piedad a Tae-goo para vengarse.",J
192141,No Escape,2015-08-26,John Erick Dowdle,"Owen Wilson, Lake Bell, Sterling Jerins, Claire Geare, Pierce Brosnan","Suspense,Acción",6.955,/6WLnzTG4Hz3lFvfZGSsyB8NFGgM.jpg,"En su casa en un país del sudeste asiático, una familia estadounidense se encuentra atrapada en medio de un violento golpe de Estado. Desesperadamente intentarán escapar de un ambiente en el que los extranjeros, como ellos, son inmediatamente ejecutados.",H
86834,Noah,2014-03-07,Darren Aronofsky,"Russell Crowe, Jennifer Connelly, Ray Winstone, Anthony Hopkins, Emma Watson","Drama,Aventura",5.678,/vVLkHabnF5lVpCpqyhZBI5iCYMA.jpg,"Superproducción épica sobre la figura bíblica de Noé. En un mundo destruido por la perversión de los hombres, un humilde carpintero llamado Noé recibe una importante misión que será trascendental para la evolución y el desarrollo de la raza humana.  Dios, cansado del corrupto y depravado comportamiento de los seres humanos a los que él mismo dio vida, advierte a Noé de un necesario e inminente diluvio universal que depure y libere a la tierra de la acción humana.  Noé tendrá que construir un arca gigante para salvar a su familia, donde deberá reunir a una pareja de cada especie animal para preservar su conservación y crecimiento tras el apocalíptico diluvio que acabará con la humanidad y su fatídica conducta. El arca evitará que los seres que estén dentro mueran ahogados y los mantendrá con vida para una posterior reconstrucción del universo.",G
615457,Nobody,2021-03-18,Ilya Naishuller,"Bob Odenkirk, Aleksey Serebryakov, Connie Nielsen, Christopher Lloyd, Michael Ironside","Acción,Suspense",7.863,/oBgWY00bEFeZ9N25wWVyuQddbAo.jpg,"Hutch Mansell, un padre de familia que aguanta con resignación y sin defenderse los golpes de la vida. Un don nadie.  Una noche, cuando dos ladrones entran en su casa, Hutch decide no actuar y no trata de defenderse ni al él mismo ni a su familia, convencido de que solo así evitará una escalada de violencia. Tras el ataque, su hija adolescente Blake no oculta su decepción, y su esposa Becca se aleja todavía más.",J
225574,Non-Stop,2014-02-26,Jaume Collet Serra,"Liam Neeson, Julianne Moore, Scoot McNairy, Michelle Dockery, Nate Parker","Acción,Suspense,Misterio",6.811,/Nkgaj3X0W2jHQ1TzHEgWFpN3kJ.jpg,"Bill Marks, un veterano agente del servicio aéreo de los Air Marshalls, pasa por una mala etapa: tiene problemas con la bebida, y últimamente se toma su trabajo como una rutinaria tarea de vigilante a bordo de un avión. Sin embargo, en un viaje de Nueva York a Londres recibe una serie de misteriosos mensajes de texto, en los que se le pide que inste al gobierno a hacer una transferencia de 150 millones de dólares a una cuenta secreta. En caso contrario, un pasajero morirá cada 20 minutos. Comienza así un juego del gato y el ratón a 40.000 pies de altura y con la vida de 200 pasajeros pendiente de un hilo.",G
43490,"Objective, Burma!",1945-02-17,Raoul Walsh,"Errol Flynn, Henry Hull, George Tobias, Anthony Caruso, James Brown","Bélica,Aventura,Drama,Acción",6.9,/3hq4VhEMseKMZuNUaSExDyqGhja.jpg,"Durante la II Guerra Mundial, el Mayor Nelson y sus hombres son lanzados en paracaídas sobre la jungla birmana, tras las líneas enemigas, para destruir una estación de radar japonesa. La angustiosa y extenuante expedición a través de la jungla y los pantanos repletos de soldados enemigos se convertirá en un juego mortal en el que tan importante será cumplir con éxito la misión como poder ser rescatados...",I
75612,Oblivion,2013-04-10,Joseph Kosinski,"Tom Cruise, Morgan Freeman, Ольга Куриленко, Andrea Riseborough, Nikolaj Coster-Waldau","Acción,Ciencia ficción,Aventura,Misterio",6.692,/bYLM3GpNUZnoFElPXp1zlhDPdtv.jpg,Un veterano asignado a extraer los recursos restantes de la Tierra comienza a cuestionar lo que sabe sobre su misión y sobre sí mismo.,I O
161,Ocean's Eleven,2001-12-07,Steven Soderbergh,"George Clooney, Brad Pitt, Andy Garcia, Matt Damon, Julia Roberts","Suspense,Crimen",7.466,/hQQCdZrsHtZyR6NbKH2YyCqd2fR.jpg,"Danny Ocean es un carismático ladrón que, tan sólo 24 horas después de cumplir una larga condena en prisión, ya está planeando su próximo delito. Su objetivo: realizar el mayor atraco de casinos de la historia. Para ello formará un equipo de once hombres, cada uno de ellos el mejor en su campo. Sin embargo surgirá un problema inesperado: el dueño de los locales, Terry Benedic, está saliendo con Tess, su ex-mujer.",H
402900,Ocean's Eight,2018-06-07,Gary Ross,"Sandra Bullock, Cate Blanchett, Anne Hathaway, Mindy Kaling, Sarah Paulson","Crimen,Comedia,Acción",6.946,/MvYpKlpFukTivnlBhizGbkAe3v.jpg,"Debbie, hermana exconvicta de Danny Ocean, será la líder de un nuevo equipo de ladrones profesionales. Con la ayuda de su mano derecha planeará robar un valioso collar que está en manos de un malvado galerista.",K
670,Oldboy,2003-11-21,Park Chan-wook,"Choi Min-sik, 유지태, 강혜정, 김병옥, 지대한","Suspense,Misterio",8.235,/xpa9ybm6tYGna5LseqSXvKpSSJn.jpg,"Sin tener idea de cómo llegó a ser encarcelado, drogado y torturado durante 15 años, un hombre desesperado busca vengarse de sus captores.",G
117263,Olympus Has Fallen,2013-03-20,Antoine Fuqua,"Gerard Butler, Aaron Eckhart, Finley Jacobsen, Dylan McDermott, Rick Yune","Acción,Suspense",6.417,/u3GTFGwesNBNd0t1hiLaEk1iqZU.jpg,"Mike Banning  es un agente del Servicio Secreto estadounidense que, tras un accidente de coche en el que únicamente puede salvar la vida del presidente, decide dejar su trabajo. Pero cuando un comando ataca la Casa Blanca y toma como rehenes al presidente y a su equipo, Banning entrará de nuevo en acción.",I
739405,Operation Fortune: Ruse de Guerre,2023-01-04,Guy Ritchie,"Jason Statham, Aubrey Plaza, Cary Elwes, Hugh Grant, Josh Hartnett","Acción,Comedia,Suspense,Aventura",6.468,/uo7vWfQUlVwueYTDRicXOJa8Oow.jpg,La historia de un agente que es reclutado por una alianza de inteligencia global para rastrear y detener la venta de nuevas tecnologías de armas mortales.,N
596247,Pacto de Fuga,2020-01-23,David Albala,"Benjamín Vicuña, Roberto Farías, Amparo Noguera, Francisca Gavilán, Patricio Contreras","Drama,Suspense",7.487,/ziao1KWNkw4X5qL7rWCSJ6lyjX9.jpg,"La noche  del 29 de enero de 1990,  poco antes de  iniciarse la reconstrucción democrática  en  Chile,  medio  centenar  de  presos  políticos  se  fugaron  de  la  cárcel pública  de  Santiago  por  un  túnel  que  24  militantes  del  Frente  Patriótico Manuel Rodríguez  (FPMR)  habían  excavado  durante  18  meses,  80  metros  de  longitud  con herramientas  tan  rudimentarias  como  cucharas,  tenedores  y  un  solo  destornillador
9869,Patriot Games,1992-06-04,Phillip Noyce,"Harrison Ford, Anne Archer, Thora Birch, Sean Bean, Patrick Bergin","Drama,Acción,Suspense,Crimen",6.676,/9IT7gnszrRthduYxCLqaIkM55Un.jpg,"Jack Ryan es un ex agente de la CIA. Salir de aquel mundillo, tan peculiar, donde el peligro y la acción forman parte del día a día, no ha sido una decisión fácil. Pero no se arrepiente porque ahora, por primera vez, tiene una vida familiar. Durante unas vacaciones en Londres, por casualidad, mientras pasean por la ciudad, son testigos de un atentado contra Lord Holmes, un distinguido miembro de la Familia Real Británica. En medio de la confusión, los gritos y las llamas, su entrenamiento en la CIA hace reaccionar a Ryan automáticamente. Sale a defender a Lord Holmes y al hacerlo, le salva la vida, aunque para ello tiene que matar a uno de los terroristas. El atentado es atribuido al I.R.A.",M
11202,Patton,1970-01-25,Franklin J. Schaffner,"George C. Scott, Karl Malden, Stephen Young, Michael Strong, Carey Loftin","Bélica,Drama,Historia",7.4,/rLM7jIEPTjj4CF7F1IrzzNjLUCu.jpg,"Biografía del general norteamericano George S. Patton, quien, tras vencer al mariscal alemán Rommel en el norte de África, condujo a sus tropas de manera imparable a través de Europa.",N
9845,Dance with the Devil,1997-10-31,Álex de la Iglesia,"Rosie Perez, Javier Bardem, Harley Cross, Aimee Graham, Screamin' Jay Hawkins","Acción,Suspense",6.5,/vTLLvoyWhDc23UjFujHx7X27pKz.jpg,"Romeo Dolorosa y su amante Perdita Durango rinden un siniestro culto, para el cual necesitan sacrificios humanos. En un itinerario físico-amoral con rumbo a Las Vegas secuestrarán a una pareja de jóvenes.",J
166214,Plaga zombie: zona mutante: revolución tóxica,2012-03-12,Pablo Parés,"Hernán Sáez, Berta Muñiz, Pablo Parés, Paulo Soria, Walter Cornás","Terror,Ciencia ficción,Comedia",5.7,/dKReb8xd1WR2EinjboW87zBmCyD.jpg,"Bill Johnson, John West y Max Giggs regresan en el tercer y último episodio de la ya clásica trilogía creada por FARSA Producciones, que a lo largo de casi 15 años se convirtió en objeto culto en todo el planeta. Tres días pasaron desde el avistamiento del primer ovni y sólo tres días les llevó a los invasores abducir a todos los habitantes del pueblo hasta dejarlo vacío. Un puñado de civiles logró organizarse, combatir las amenazas de los invasores, y realizar un plan para intentar salvar al planeta de la invasión zombie-alienígena.",N
646389,Plane,2023-01-11,Jean-François Richet,"Gerard Butler, Mike Colter, Tony Goldwyn, Yoson An, Evan Dane Taylor","Acción,Aventura,Suspense",6.898,/oJRsTQR47pyjSJCZYpOfbycpNBR.jpg,"En la noche de fin de año, el piloto experto Brodie Torrance (Gerard Butler) realiza un arriesgado aterrizaje cuando su avión, repleto de pasajeros, es alcanzado por un rayo. Perdidos en medio de una isla devastada por la guerra, Torrance se dará cuenta que sobrevivir al vuelo sólo ha sido el principio de una trepidante aventura llena de peligros. El piloto deberá usar todo su ingenio para llevar a los pasajeros a sus destinos sanos y salvos.",N
792,Platoon,1986-12-19,Oliver Stone,"Charlie Sheen, Willem Dafoe, Tom Berenger, Kevin Dillon, Forest Whitaker","Drama,Bélica,Acción",7.7,/m3mmFkPQKvPZq5exmh0bDuXlD9T.jpg,"Chris Taylor es un ingenuo joven estadounidense que, a su llegada a Vietnam, descubre que no sólo debe combatir contra los soldados vietnamitas sino también contra el miedo que le atormenta, el cansancio y la rabia que le invade. Mientras sus dos oficiales al mando libran su propia batalla personal, el conflicto, el caos y el odio hacen mella en Taylor, confundiendo su realidad e insensibilizándole ante el valor más preciado del ser humano... la vida.",M
941109,Play Dirty,2025-09-30,Shane Black,"Mark Wahlberg, LaKeith Stanfield, Rosa Salazar, Keegan-Michael Key, Chukwudi Iwuji","Crimen,Acción,Suspense",6.582,/ovZ0zq0NwRghtWI1oLaM0lWuoEw.jpg,"Un experto ladrón lleva a cabo el mayor robo de su vida. Parker, junto a Grofield, Zen y un equipo experto, se ven involucrados en un golpe que los enfrenta a la mafia de Nueva York en esta arriesgada misión.",H
1089,Point Break,1991-07-12,Kathryn Bigelow,"Keanu Reeves, Patrick Swayze, Lori Petty, Gary Busey, John C. McGinley","Acción,Suspense,Crimen",7.152,/tlbERIghrQ4oofqlbF7H0K0EYnx.jpg,"Johnny Utah, un joven agente del FBI, se infiltra en los ambientes del surf para desenmascarar a una banda de atracadores que, como sello de identidad, usan caretas de presidentes de los Estados Unidos durante sus golpes. Pero Johnny pronto se encapricha de la guapa Tyler y, además, conoce a Bodhi, el jefe de la banda, un hombre que vive al límite y que acaba ejerciendo una gran influencia sobre el joven policía.",H
1089,Point Break,1991-07-12,Kathryn Bigelow,"Keanu Reeves, Patrick Swayze, Lori Petty, Gary Busey, John C. McGinley","Acción,Suspense,Crimen",7.152,/tlbERIghrQ4oofqlbF7H0K0EYnx.jpg,"Johnny Utah, un joven agente del FBI, se infiltra en los ambientes del surf para desenmascarar a una banda de atracadores que, como sello de identidad, usan caretas de presidentes de los Estados Unidos durante sus golpes. Pero Johnny pronto se encapricha de la guapa Tyler y, además, conoce a Bodhi, el jefe de la banda, un hombre que vive al límite y que acaba ejerciendo una gran influencia sobre el joven policía.",O
76649,Pompeii,2014-02-18,Paul W. S. Anderson,"Kit Harington, Emily Browning, Adewale Akinnuoye-Agbaje, Kiefer Sutherland, Carrie-Anne Moss","Acción,Aventura,Historia,Romance,Drama",5.545,/dxxM3lLDjGRC50i5rhvfQziskAN.jpg,"El Monte del Vesubio, una de las zonas volcánicas más peligrosas del mundo, ha entrado en erupción. En una carrera por salvar la vida, un intrépido y valeroso esclavo de barco se entera de las noticias y hará todo lo posible por volver a casa y asegurarse de salvar a la dueña de su corazón y a su mejor amigo, un gran gladiador sin escapatoria del coliseo en el centro de la ciudad. Pero la batalla contra la madre naturaleza no será la única amenaza a la que se tenga que enfrentar por sacarlos vivos de allí, en su camino se cruzará con un senador romano sin conciencia ni corazón que ha mantenido al pueblo bajo su yugo.",G
37305,Pork Chop Hill,1959-05-29,Lewis Milestone,"Gregory Peck, Harry Guardino, Rip Torn, George Peppard, Carl Benton Reid","Drama,Historia,Bélica",6.692,/88LF3thfIx1BDqa5aErseoFXz58.jpg,"Guerra de Corea, abril de 1953. El teniente Clemons, líder de la compañía King de la infantería de los Estados Unidos, recibe la orden de recuperar Pork Chop Hill, una posición ocupada por un poderoso contingente del ejército chino, al tiempo que, a solo setenta millas de distancia, en las cercanías del pueblo de Panmunjom, se celebra una tensa conferencia de paz.",P
106,Predator,1987-06-12,John McTiernan,"Arnold Schwarzenegger, Carl Weathers, Kevin Peter Hall, Elpidia Carrillo, Bill Duke","Ciencia ficción,Acción,Aventura,Suspense",7.581,/k3mW4qfJo6SKqe6laRyNGnbB9n5.jpg,"Un comando de mercenarios es contratados por la CIA para rescatar a unos pilotos apresados por las guerrillas en la selva Centroamericana. La misión resulta satisfactoria, pero durante su viaje de regreso se dan cuenta de que algo está dándoles caza uno a uno, ese algo resulta ser un cazador alienígena que se queda con las calaveras de sus víctimas como trofeos",N
106,Predator,1987-06-12,John McTiernan,"Arnold Schwarzenegger, Carl Weathers, Kevin Peter Hall, Elpidia Carrillo, Bill Duke","Ciencia ficción,Acción,Aventura,Suspense",7.581,/k3mW4qfJo6SKqe6laRyNGnbB9n5.jpg,"Un comando de mercenarios es contratados por la CIA para rescatar a unos pilotos apresados por las guerrillas en la selva Centroamericana. La misión resulta satisfactoria, pero durante su viaje de regreso se dan cuenta de que algo está dándoles caza uno a uno, ese algo resulta ser un cazador alienígena que se queda con las calaveras de sus víctimas como trofeos",O
206487,Predestination,2014-08-28,Michael Spierig,"Ethan Hawke, Sarah Snook, Noah Taylor, Christopher Kirby, Madeleine West","Ciencia ficción,Suspense",7.413,/38Xr1JnV1ZcLQ55zmdSp6n475cZ.jpg,"En su último trabajo, un agente del tiempo debe dar caza a un escurridizo criminal. La persecución se convierte en una sorprendente exploración en las distintas épocas del tiempo.",H
766507,Prey,2022-08-05,Dan Trachtenberg,"Amber Midthunder, Dakota Beavers, Michelle Thrush, Stormee Kipp, Julian Black Antelope","Suspense,Acción,Ciencia ficción",7.647,/2FKjLRt7oK1bRRIrxgWmthbBdFh.jpg,"Ambientada hace 300 años en la Nación Comanche. Naru es una joven guerrera, feroz y altamente hábil, que se crió a la sombra de algunos de los cazadores más legendarios que deambulan por las Grandes Llanuras. Cuando el peligro amenaza su campamento, se dispone a proteger a su gente. La presa a la que acecha y, en última instancia, se enfrenta, resulta ser un depredador alienígena evolucionado con un arsenal técnicamente avanzado, lo que deriva en un enfrentamiento cruel y aterrador entre los dos adversarios.",M
523638,Prisoners of the Ghostland,2021-08-31,園子温,"Nicolas Cage, Sofia Boutella, Nick Cassavetes, Bill Moseley, 坂口拓","Acción,Fantasía,Suspense,Western,Terror",4.989,/j5HRzcvN1QXZLvwfc3NLxX8XQJY.jpg,"En la traicionera frontera de la ciudad de Samurai Town, un ladrón de bancos sin escrúpulos (Nicolas Cage) es liberado de la cárcel por un pudiente señor de la guerra conocido como The Governor (Bill Moseley) para que encuentre a Bernice (Sofia Boutella), su nieta adoptiva, que desaparecido sin dejar rastro. Para garantizar que cumpla su palabra, el ladrón es obligado a llevar puesto un traje de cuero que se autodestruirá en un periodo de cinco días. En su aventura buscará no sólo encontrar a la chica, sino también redimirse de sus pecados.",J
680,Pulp Fiction,1994-09-10,Quentin Tarantino,"John Travolta, Samuel L. Jackson, Uma Thurman, Bruce Willis, Ving Rhames","Suspense,Crimen,Comedia",8.48,/vQWk5YBFWF4bZaofAbv0tShwBvQ.jpg,"Jules y Vincent, dos asesinos a sueldo con muy pocas luces, trabajan para Marsellus Wallace. Vincent le confiesa a Jules que Marsellus le ha pedido que cuide de Mia, su mujer. Jules le recomienda prudencia porque es muy peligroso sobrepasarse con la novia del jefe. Cuando llega la hora de trabajar, ambos deben ponerse manos a la obra. Su misión: recuperar un misterioso maletín.",I
49524,R.I.P.D.,2013-07-18,Robert Schwentke,"Jeff Bridges, Ryan Reynolds, Kevin Bacon, Mary-Louise Parker, Stephanie Szostak","Fantasía,Acción,Comedia",5.864,/rS0kByPD4YF8pQ85KjzMdGiu7Xf.jpg,"Aunque Nick es un policía que acaba de morir asesinado, es reclutado para trabajar con Roy, un agente que murió hace cientos de años. Ambos forman parte del “Rest In Peace Department”, que se encarga de perseguir a los demonios que habitan en el mundo de los vivos y de mandarlos al infierno. A Nick le cuesta hacerse a la idea de su condición de muerto, y no acepta estar alejado de su esposa, a la que envía reiteradas señales para que perciba su presencia. Al menos, gracias a su empleo post mortem, el joven agente podrá trabajar en el caso de su propio asesinato.",N
513692,Raging Fire,2021-07-28,陳木勝,"Donnie Yen, 謝霆鋒, 秦嵐, 呂良偉, 任達華","Acción,Crimen,Suspense,Aventura,Misterio",7.152,/7JScpBnGCzcdqwAXTFd6So2E384.jpg,"Shan es un policía honrado que es admirado por todo el cuerpo por haber resuelto muchos casos. Un día, su pasado regresa para atormentarle
1369,Rambo: First Blood Part II,1985-05-22,George Pan Cosmatos,"Sylvester Stallone, Richard Crenna, Charles Napier, Steven Berkoff, Julia Nickson","Acción,Aventura,Suspense,Bélica",6.669,/fVwRtWqEPdsCH21BVDGqgkAQcff.jpg,"Rambo es excarcelado y enviado de vuelta al Vietnam con una nueva misión: averiguar el paradero de unos soldados norteamericanos desaparecidos. Tras saltar en paracaídas en la jungla, portando únicamente un cuchillo y un arco con flechas, se le dice que no ataque al enemigo y que sólo haga fotografías de reconocimiento. Pero el plan no saldrá como estaba previsto.",J
1369,Rambo: First Blood Part II,1985-05-22,George Pan Cosmatos,"Sylvester Stallone, Richard Crenna, Charles Napier, Steven Berkoff, Julia Nickson","Acción,Aventura,Suspense,Bélica",6.669,/fVwRtWqEPdsCH21BVDGqgkAQcff.jpg,"Rambo es excarcelado y enviado de vuelta al Vietnam con una nueva misión: averiguar el paradero de unos soldados norteamericanos desaparecidos. Tras saltar en paracaídas en la jungla, portando únicamente un cuchillo y un arco con flechas, se le dice que no ataque al enemigo y que sólo haga fotografías de reconocimiento. Pero el plan no saldrá como estaba previsto.",J
522938,Rambo: Last Blood,2019-09-18,Adrian Grünberg,"Sylvester Stallone, Paz Vega, Sergio Peris Mencheta, Adriana Barraza, Yvette Monreal","Acción,Suspense,Drama",6.537,/kTQ3J8oTTKofAVLYnds2cHUz9KO.jpg,"Después de luchar contra sus demonios durante décadas, John Rambo vive ahora en paz en su rancho familiar en Arizona, pero su descanso se ve interrumpido cuando Gabriela, la nieta de su ama de llaves María, desaparece después de cruzar la frontera con México con el propósito de conocer a su padre biológico. Rambo, que con los años se ha convertido para Gabriela en una verdadera figura paterna, emprende un desesperado y peligroso viaje para encontrarla.",K
146216,RED 2,2013-07-18,Dean Parisot,"Bruce Willis, John Malkovich, Mary-Louise Parker, Dan Jeannotte, Anthony Hopkins","Acción,Aventura,Comedia,Crimen,Suspense",6.53,/tbksijr6g340yFWRgI4JfwrtM9h.jpg,"El agente retirado de operaciones encubiertas la CIA, Frank Moses, vuelve a reunir a su peculiar equipo de élite para emprender la búsqueda a nivel global de un dispositivo nuclear portátil desaparecido. Por el camino tendrán que enfrentarse a un ejército de implacables asesinos, despiadados terroristas y oficiales del Gobierno enloquecidos por el poder
12289,Red Cliff,2008-07-10,吴宇森,"Tony Leung Chiu-Wai, 金城武, 张丰毅, 張震, 赵薇","Aventura,Drama,Historia,Acción,Bélica",7.108,/rSz4W70caojyBAIUaWQnifB8JXv.jpg,"En China, hacia el final de la Dinastía Han (208 d.C.) Cao Cao, el temible Primer Ministro (y gobernante de facto) convence al veleidoso Emperador Han de que declare la guerra a los reinos de Xu, al oeste y al este, y al reino de Wu, al sur. Su objetivo, según dice, es la unificar China por el bien del país, pero, en realidad, sus motivos son bastante más egoístas. Tras convencer al Emperador, Cao Cao lleva a su ejército de casi un millón de soldados a la guerra. Su primer objetivo es el Reino de Xu, de reciente creación, gobernado por el benevolente líder Liu Bei. Al llegar al Reino de Xu, las fuerzas de Cao Cao, superiores numéricamente, derrotan fácilmente al ejército de Liu Bei. Los ciudadanos de Xu huyen bajo la protección de las tropas de Liu Bei y de sus dos generales de mayor rango (y hermanos de sangre): Guan Yu y Zhang Fei, que se quedan atrás a riesgo de sus propias vidas para salvar a los campesinos que intentan escapar",I
9604,Red Heat,1988-06-17,Walter Hill,"Arnold Schwarzenegger, Jim Belushi, Peter Boyle, Ed O'Ross, Laurence Fishburne","Acción,Crimen",6.236,/AoJTHXmO01EZgT0p1YTsGBEQxLj.jpg,"Danko, un duro policía soviético, recibe la orden de viajar a los Estados Unidos en busca de unos delincuentes de su país que están introduciendo droga en la URSS. Cuando llega a Chicago descubre que debe trabajar junto a un agente americano de la brigada de narcóticos.",N
512195,Red Notice,2021-11-04,Rawson Marshall Thurber,"Dwayne Johnson, Ryan Reynolds, Gal Gadot, Ritu Arya, Chris Diamantopoulos","Acción,Comedia,Crimen",6.7,/lAXONuqg41NwUMuzMiFvicDET9Y.jpg,"Cuando la Interpol envía una ""Alerta roja"", significa que los departamentos de Policía de todo el mundo deben estar alerta para capturar a los criminales más buscados. Todas las alarmas saltan cuando un temerario robo une al mejor agente del FBI (Johnson) con dos criminales rivales entre sí (Gadot & Reynolds). Una coincidencia que hará que suceda lo impredecible.",J
13820,Repo Man,1984-03-02,Alex Cox,"Emilio Estevez, Harry Dean Stanton, Tracey Walter, Olivia Barash, Sy Richardson","Comedia,Ciencia ficción",6.644,/bjuu5UceuVUNUjnOC2fBzL3hZKC.jpg,"Otto, un joven que acaba de perder su trabajo, decide que quiere vivir todo tipo de aventuras. Casualmente, se verá implicado en una investigación del gobierno sobre una extraña sustancia que provoca extraños efectos en aquellos que la observan.",O
500,Reservoir Dogs,1992-09-02,Quentin Tarantino,"Harvey Keitel, Tim Roth, Michael Søren Madsen, Chris Penn, Steve Buscemi","Crimen,Suspense",8.11,/xi8Iu6qyTfyZVDVy60raIOYJJmk.jpg,"Una banda organizada formada por seis individuos es contratada para dar un golpe. Anteriormente varios de los miembros no se conocían entre sí, por lo que entre ellos usan nombres en clave. El objetivo: atracar una empresa para llevarse unos diamantes. Pero, antes de que suene la alarma, la policía ya está allí. Algunos mueren en el atraco, y el resto se reúne en el lugar convenido.",N
208974,"Retreat, Hell!",1952-02-17,Joseph H. Lewis,"Frank Lovejoy, Richard Carlson, Anita Louise, Russ Tamblyn, Nedrick Young","Drama,Bélica",6.5,/pctLnGQ4BFe6dtaum5i0ZKckFND.jpg,"En la batalla de la Reserva Chosin durante la Guerra de Corea, la Primera División de Infantería de Marina Estadounidense, muy mermada, pero mejor equipada que el enemigo, luchó contra fuerzas chinas durante el invierno de 1950. Aunque estaban rodeados, sin provisiones y soportando temperaturas congelantes, los infantes se reagruparon, atacaron a los chinos y les causaron muchísimas bajas mientras se retiraban hacia la costa.",M
663870,Riders of Justice,2020-11-19,Anders Thomas Jensen,"Mads Mikkelsen, Nikolaj Lie Kaas, Lars Brygmann, Nicolas Bro, Andrea Heick Gadeberg","Acción,Comedia,Drama,Suspense",7.279,/bjwKt3kqqmptTZwknUHi1nMb3Tq.jpg,"El militar Markus debe regresar a casa con su hija adolescente, Mathilde, cuando su esposa muere en un trágico accidente de tren. Todo parece ser a causa de la mala suerte, hasta que Otto, experto en matemáticas y también pasajero de tren siniestrado, aparece con sus dos excéntricos colegas, Lennart y Emmenthaler. Otto está convencido de que alguien está detrás de todo esto.",J
5548,RoboCop,1987-07-17,Paul Verhoeven,"Peter Weller, Nancy Allen, Dan O'Herlihy, Ronny Cox, Kurtwood Smith","Acción,Suspense,Ciencia ficción",7.366,/hHtOgGb3NihlyRATHlKPaFApbrd.jpg,"Parte del cuerpo de un policía asesinado, es utilizado para crear un «superpolicía» con cuerpo mecánico y cerebro humano. Aunque los científicos aseguran que el robot no tendrá remordimientos, éstos acabarán apareciendo en la memoria del humanoide.",G
5548,RoboCop,1987-07-17,Paul Verhoeven,"Peter Weller, Nancy Allen, Dan O'Herlihy, Ronny Cox, Kurtwood Smith","Acción,Suspense,Ciencia ficción",7.366,/hHtOgGb3NihlyRATHlKPaFApbrd.jpg,"Parte del cuerpo de un policía asesinado, es utilizado para crear un «superpolicía» con cuerpo mecánico y cerebro humano. Aunque los científicos aseguran que el robot no tendrá remordimientos, éstos acabarán apareciendo en la memoria del humanoide.",G
13809,RocknRolla,2008-09-04,Guy Ritchie,"Gerard Butler, Tom Wilkinson, Thandiwe Newton, Mark Strong, Idris Elba","Acción,Crimen,Suspense",6.949,/6mLXG2f7LBRpbZZgxsOFO5scgzd.jpg,"Cuando un mafioso ruso crea una estafa inmobiliaria que genera millones de libras, varios miembros del hampa de Londres empiezan a perseguir su parte del botín. Varios personajes sospechosos, entre ellos Mr One-Two, Stella la contable, y Johnny Quid, estrella del rock y drogadicto, tratan de reclamar su tajada.",O
11484,Rollerball,1975-06-25,Norman Jewison,"James Caan, John Houseman, Maud Adams, John Beck, Moses Gunn","Ciencia ficción,Drama",6.264,/cmcipEfexlhVLYQXqeSWp1YcsPY.jpg,"En el año 2018, el mundo se encuentra agrupado en seis corporaciones: Energia, Alimentación, Lujo, Vivienda, Comunicación y Transporte. La tranquilidad social es absoluta, pero la gente carece de libertad. Se desahogan con el Rollerball, un violento juego donde los jugadores corren peligro de muerte.",H
241554,Run All Night,2015-03-11,Jaume Collet Serra,"Liam Neeson, Joel Kinnaman, Ed Harris, Vincent D'Onofrio, Bruce McGill","Acción,Crimen,Suspense",6.438,/iGvSMoPbWZWDnIhh54yiq3sW7wH.jpg,"Al veterano mercenario Jimmy Conlon, conocido como El Cavatumbas, lo persiguen los crímenes del pasado, pero tambien el policía que le ha seguido la pista durante 30 años. Cuando se entera de que su hijo Mike corre peligro, Jimmy tiene que elegir entre el clan criminal al que ha pertenecido siempre y su familia, a la que había abandonado hace mucho tiempo. Sólo dispone de una noche para averiguar a quién debe su lealtad.",H
11893,Runaway Train,1985-11-15,Andréi Konchalovski,"Jon Voight, Eric Roberts, Rebecca De Mornay, Kyle T. Heffner, John P. Ryan","Acción,Suspense,Drama,Aventura",6.955,/yEvMuhIdwPhhEtikAihxUTM1u75.jpg,"Manny, el recluso más duro de una remota cárcel de Alaska, elabora un audaz plan y consigue evadirse con su compañero Buck. En un tren de mercancías, Manny y Buck van camino de la libertad
857,Saving Private Ryan,1998-07-24,Steven Spielberg,"Tom Hanks, Tom Sizemore, Edward Burns, Barry Pepper, Adam Goldberg","Bélica,Drama,Historia",8.232,/uqx37cS8cpHg8U35f9U5IBlrCV3.jpg,"Segunda Guerra Mundial, 1944. Tras el desembarco de los Aliados en Normandía, a un grupo de soldados americanos se le encomienda una peligrosa misión: poner a salvo al soldado James Ryan. Los hombres de la patrulla del capitán John Miller deben arriesgar sus vidas para encontrar a este soldado, cuyos tres hermanos han muerto en la guerra. Lo único que se sabe del soldado Ryan es que se lanzó con su escuadrón de paracaidistas detrás de las líneas enemigas.",N
94329,The Raid,2012-03-22,Gareth Evans,"Iko Uwais, Joe Taslim, Donny Alamsyah, Yayan Ruhian, Pierre Gruno","Acción,Suspense,Crimen",7.411,/hEDknINqAaEcdzw6u83hpXWvZeX.jpg,"Todo el mundo en Jakarta sabe que en los barrios bajos de la ciudad hay un edificio que sirve de refugio para los criminales más peligrosos de Indonesia. Algo así como una fortaleza del mal cuya leyenda crece día a día y a la que incluso la policía teme acercarse. Pese a ello, un grupo de fuerzas especiales de élite intentará derribar sus defensas y penetrar en sus entrañas. Pero la operación no sale según lo previsto, y los policías se encontrarán atrapados en el edificio, sin escapatoria posible y rodeados de asesinos y gángsters.",N
1419406,The Shadow's Edge,2025-08-16,杨子,"Jackie Chan, 张子枫, 梁家輝, 此沙, 文俊辉","Acción,Crimen,Drama,Suspense",8.285,/o25Tk1FYQi2BLk0OEAvx2h69QvB.jpg,"Unos astutos y traicioneros ladrones desafian a la Policía Judicial de Macao. La Policía, que se encontraba en una dura batalla, invita de nuevo al experto en rastreo Huang De Zhong, retirado desde hace muchos años, a unir fuerzas con la joven élite del Departamento de Investigación Criminal de la Policía Judicial. Bajo la colisión de las técnicas tradicionales de rastreo y la alta tecnología, la policía y los criminales luchan con ingenio y valentía, y se lanzan a un duelo entre el bien y el mal parecido al juego del gato y el ratón.",O
1419406,The Shadow's Edge,2025-08-16,杨子,"Jackie Chan, 张子枫, 梁家輝, 此沙, 文俊辉","Acción,Crimen,Drama,Suspense",8.285,/o25Tk1FYQi2BLk0OEAvx2h69QvB.jpg,"Unos astutos y traicioneros ladrones desafian a la Policía Judicial de Macao. La Policía, que se encontraba en una dura batalla, invita de nuevo al experto en rastreo Huang De Zhong, retirado desde hace muchos años, a unir fuerzas con la joven élite del Departamento de Investigación Criminal de la Policía Judicial. Bajo la colisión de las técnicas tradicionales de rastreo y la alta tecnología, la policía y los criminales luchan con ingenio y valentía, y se lanzan a un duelo entre el bien y el mal parecido al juego del gato y el ratón.",O
482,Shaft,1971-06-25,Gordon Parks,"Richard Roundtree, Moses Gunn, Charles Cioffi, Christopher St. John, Gwenn Mitchell","Crimen,Suspense,Drama,Acción",6.433,/7PSuOC3HI6Alf9NIlXppaxyfqqB.jpg,"El detective privado John Shaft recibe la visita de un policía que le pide información sobre un mafioso de Harlem llamado Bumpy. Poco después, será el mafioso quien solicita ayuda al detective para rescatar a su hija, que ha sido secuestrada por una banda rival. Shaft y un viejo amigo deciden investigar el asunto y se infiltran en el mundo del hampa para encontrar a la chica. Pero Shaft acaba averiguando que el gángster lo está utilizando.",K
664300,Shiva Baby,2021-03-26,Emma Seligman,"Rachel Sennott, Molly Gordon, Polly Draper, Danny Deferrari, Fred Melamed","Comedia,Drama",7.09,/4sdqVsT6SHqtbCYZS7bhVoEftlL.jpg,"En un funeral judío con sus padres, una estudiante universitaria se encuentra con su amante.",J
567604,Once Upon a Deadpool,2018-12-11,David Leitch,"Ryan Reynolds, Josh Brolin, Morena Baccarin, Julian Dennison, Zazie Beetz","Acción,Comedia,Aventura",7.1,/w6Jk8BHohhoKBUcxGeSyDQGWGWc.jpg,"Deadpool (Ryan Reynolds) le cuenta al actor Fred Savage (el niño de ""La Princesa Prometida"") algunas de sus aventuras, en un homenaje-parodia a dicha película de 1987 en la que el abuelo le contaba historias a Fred. 'Once Upon a Deadpool' es una revisión estrenada en cines de ""Deadpool 2"" adaptada a la calificación por edades PG-13, es decir: un reestreno navideño sin violencia, palabras malsonantes y otras características del film original de David Leitch, añadiéndose además nuevas escenas a la película.",K
43832,Only Angels Have Wings,1939-05-15,Howard Hawks,"Cary Grant, Jean Arthur, Richard Barthelmess, Rita Hayworth, Thomas Mitchell","Romance,Aventura,Drama",7.296,/lqcwiWancAkjtAQPHr9V3SfJjBM.jpg,"En un país sudamericano, situado en los Andes, mientras Cary Grant dirige un servicio de transporte aéreo de mercancías, Jean Arthur es una corista que está allí de vacaciones.",H
289720,Outcast,2014-09-26,Nick Powell,"Nicolas Cage, Hayden Christensen, 刘亦菲, 安志傑, Anoja Dias Bolt","Acción,Aventura",5.2,/efsgCTlofzIuysfokEp7hwQnUho.jpg,"Aventura romántica épica que traslada la historia a China en pleno siglo XII, donde un legendario guerrero ha decidido purificar su alma y enmendar sus pecados. En el camino en busca de la redención, se cruzará con una princesa en apuros que le ofrecerá la oportunidad de liberarse de su carga a cambio de su ayuda. El misterioso caballero emprenderá una misión suicida para plantarle cara al terrorífico y sanguinario hijo del emperador, causante de toda la muerte y el miedo que reina en la población. Brujería, amor y mucha acción, son los ingredientes de esta historia fantástica protagonizada por Hayden Christensen (Star Wars: Episodio VI - El retorno del Jedi, Aprendiz de caballero) y Nicolas Cage (Kick-Ass, La búsqueda: El diario secreto).",H
454227,Outlaw King,2018-09-06,David Mackenzie,"Chris Pine, Aaron Taylor-Johnson, Florence Pugh, Billy Howle, Sam Spruell","Acción,Historia,Bélica",6.831,/rT49ousKUWN3dV7UlhaC9onTNdl.jpg,"Una verdadera historia de David contra Goliat, de cómo Robert The Bruce, el gran rey escocés del siglo XIV, utilizó su astucia y valentía para intentar derrotar al ejército inglés de ocupación, mucho más numeroso y mejor equipado. Es la historia jamás contada de Roberto I Bruce, que en un año extraordinario pasó de ser un noble derrotado a un rey reticente, hasta convertirse en un héroe fugitivo. Obligado a entrar en batalla para salvar a su familia, su gente y su país de la tiránica ocupación inglesa, Roberto se apodera de la corona de la Escocia medieval y lidera a un grupo de hombres insurgentes para enfrentar la ira del ejército más fuerte del mundo conducido por el despiadado rey Eduardo I y su débil hijo, el príncipe de Gales",K
68728,Oz the Great and Powerful,2013-03-07,Sam Raimi,"James Franco, Mila Kunis, Rachel Weisz, Michelle Williams, Zach Braff","Fantasía,Aventura,Familia",5.9,/tkzfAUEKoUp4YFNbZV9hfpZOz0z.jpg,"Recrea los orígenes del Mago de Oz. Oscar Diggs (James Franco), un mago de circo de poca monta y de dudosa reputación, tiene que abandonar la polvorienta Kansas y trasladarse al brillante País de Oz. Está convencido de que a partir de ahora la fama y la fortuna le sonreirán. Pero, cuando las brujas Theodora (Mila Kunis), Evanora (Rachel Weisz) y Glinda (Michelle Williams) empiezan a dudar de su categoria como mago, entonces todo serán problemas para él. Si quiere triunfar, tendrá que averiguar cuanto antes quiénes son buenos y quiénes son malos.",I
68726,Pacific Rim,2013-07-11,Guillermo del Toro,"Charlie Hunnam, Rinko Kikuchi, Idris Elba, Max Martini, Clifton Collins Jr.","Acción,Ciencia ficción,Aventura",6.949,/8wo4eN8dWKaKlxhSvBz19uvj8gA.jpg,"Cuando legiones de monstruosas criaturas, denominadas Kaiju, comienzan a salir del mar, se inicia una guerra que acabará con millones de vidas y que consumirá los recursos de la humanidad durante interminables años. Para combatir a los Kaiju gigantes diseñan un tipo especial de arma: enormes robots, llamados Jaegers, que son controlados simultáneamente por dos pilotos cuyas mentes están bloqueadas en un puente neural. Pero incluso los Jaegers proporcionan poca defensa ante los incansables Kaiju. A punto de la derrota, las fuerzas que defienden a la humanidad no tienen otra elección que recurrir a dos insólitos héroes: un ex piloto acabado (Charlie Hunnam) y un aprendiz que todavía no se ha puesto a prueba (Rinko Kikuchi). Ambos se unen para traer a un legendario pero al parecer obsoleto Jaeger del pasado. Juntos, son la última esperanza de la humanidad frente al Apocalipsis que se avecina.",G
268896,Pacific Rim: Uprising,2018-03-21,Steven S. DeKnight,"John Boyega, Scott Eastwood, Cailee Spaeny, Jing Tian, Rinko Kikuchi","Acción,Fantasía,Ciencia ficción,Aventura",6.116,/nFWhttU8PM50t25NPdy7PE7rv3G.jpg,"Un futuro cercano. Después de la primera invasión que sufrió la humanidad, la lucha aun no ha terminado. El planeta vuelve a ser asediado por los Kaiju, una raza de alienígenas colosales que emergen desde un portal interdimensional, con el objetivo de destruir a la raza humana.  Ante esta nueva amenaza para la cual los humanos no están preparados, los Jaegers, robots gigantes de guerra pilotados por dos personas para sobrellevar la inmensa carga neural que conlleva manipularlos, ya no están a la altura de lo que se les viene encima. Será entonces cuando los supervivientes de la primera invasión, además de nuevos personajes como el hijo de Pentecost (John Boyega), tendrán que idear la manera de sorprender al enorme enemigo, apostando por nuevas estrategias defensivas y de ataque. Con la Tierra en ruinas e intentando reconstruirse, esta nueva batalla puede ser decisiva para el futuro.",K
12096,The Pink Panther,2006-02-10,Shawn Levy,"Steve Martin, Jean Reno, Kevin Kline, Beyoncé, Emily Mortimer","Comedia,Misterio,Crimen,Aventura,Familia",5.878,/57ViRkdsddHLK32W8Nf3ZPLSAu4.jpg,"Cuando el entrenador de un equipo de fútbol es asesinado en un estadio, su valioso anillo con el diamante Pantera Rosa es robado. El ambicioso Director Dreyfus asignará el caso al torpe Clouseau para que lo resuelva, nombrándole al mismo tiempo inspector. Sin embargo, su verdadera intención es distraer a la prensa mientras trata de resolver el mismo el caso.",M
1232569,Pinocchio: Unstrung,2026-07-22,Rhys Frake-Waterfield,"Jude Evan Lloyd, Cameron Bell, Richard Brake, Jessica Balmer, Jack Art Gray","Terror,Fantasía,Misterio",6.565,/eUJXk3bTvLBi5Zcb0BCedZU7lVL.jpg,"Gepetto le regala para el cumple de su nieto James un titere llamado Pinocho, aunque no sabian que estaria desquiciado, donde buscaria matar a quien fuera junto con su consciencia llamada Pepe Grillo para convertirse en un niño de verdad",M
285,Pirates of the Caribbean: At World's End,2007-05-19,Gore Verbinski,"Johnny Depp, Geoffrey Rush, Orlando Bloom, Keira Knightley, Jack Davenport","Aventura,Fantasía,Acción",7.277,/jGWpG4YhpQwVmjyHEGkxEkeRf0S.jpg,"Siguiendo la estela de lo sucedido en “Piratas del caribe: el cofre del hombre muerto”, encontramos a nuestros héroes Will Turner y Elizabeth Swann aliados con el capitán Barbossa, en una búsqueda desesperada para liberar al capitán Jack Sparrow de las manos de Davy Jones. Mientras, el terrorífico barco fantasma, el Holandés Errante, bajo el control de la Compañía de las Indias Orientales, causa estragos a lo largo de los Siete Mares. Will y Elizabeth, navegando en medio de la traición, la felonía y mares salvajes, deben seguir adelante rumbo a Singapur y enfrentarse al astuto pirata chino Sao Feng. Ahora, en los mismísimos confines de la tierra, todos ellos deben elegir un bando en la batalla final, ya que no sólo sus vidas y fortunas, sino también el futuro de la piratería clásica, pende de un hilo...",N
58,Pirates of the Caribbean: Dead Man's Chest,2006-07-06,Gore Verbinski,"Johnny Depp, Orlando Bloom, Keira Knightley, Jack Davenport, Bill Nighy","Aventura,Fantasía,Acción",7.39,/uXEqmloGyP7UXAiphJUu2v2pcuE.jpg,"Will Turner y Elizabeth Swann se van a casar, pero ambos son hechos prisioneros por Lord Cutler Beckett y acusados de haber liberado al capitán Jack Sparrow. Para salvar su vida, Will tendrá que encontrar a Jack y conseguir su misteriosa brújula. Esta esconde un gran poder, además de la clave de una deuda de sangre del pirata con un temible y siniestro Davy Jones, el legendario capitán del barco fantasma Holandés Errante.",N
166426,Pirates of the Caribbean: Dead Men Tell No Tales,2017-05-23,Joachim Rønning,"Johnny Depp, Javier Bardem, Geoffrey Rush, Brenton Thwaites, Kaya Scodelario","Aventura,Acción,Fantasía",6.665,/6lAPOAFYFWIO3SQRemEY2wInQMC.jpg,"El capitán Jack Sparrow se enfrentará a un grupo de piratas-fantasma comandados por una de sus viejas némesis, el terrorífico capitán Salazar, recién escapado del Triángulo de las Bermudas. La única posibilidad de Sparrow para salir con vida es encontrar el legendario Tridente de Poseidón, un poderoso artefacto que le da a su poseedor el control de los mares.",N
1865,Pirates of the Caribbean: On Stranger Tides,2011-05-15,Rob Marshall,"Johnny Depp, Penélope Cruz, Geoffrey Rush, Ian McShane, Kevin McNally","Aventura,Acción,Fantasía",6.6,/keGfSvCmYj7CvdRx36OdVrAEibE.jpg,"Cuando Jack Sparrow vuelve a encontrarse con una mujer a la que había conocido años atrás, no está seguro de si se trata de amor o si ella es una estafadora sin escrúpulos que lo está utilizando para encontrar la legendaria Fuente de la Juventud. A todo esto, Jack es capturado por el Venganza de la Reina Ana, el barco del temible pirata Barbanegra, que lo obliga a unirse a su tripulación, lo que le hará vivir una inesperada aventura en la que no sabe quién le inspira más miedo si Barbanegra o esa mujer que regresa del pasado.",N
22,Pirates of the Caribbean: The Curse of the Black Pearl,2003-07-09,Gore Verbinski,"Johnny Depp, Geoffrey Rush, Orlando Bloom, Keira Knightley, Jack Davenport","Aventura,Fantasía,Acción",7.834,/poHwCZeWzJCShH7tOjg8RIoyjcw.jpg,"El aventurero capitán Jack Sparrow recorre las aguas caribeñas. Pero su andanzas terminan cuando su enemigo, el capitán Barbossa le roba su barco, la Perla Negra, y ataca la ciudad de Port Royal, secuestrando a Elizabeth Swann, hija del gobernador. Will Turner, el amigo de la infancia de Elizabeth, se une a Jack para rescatarla y recuperar la Perla Negra. Pero el prometido de Elizabeth, comodoro Norrington, les persigue a bordo del HMS Impávido. Además, Barbossa y su tripulación son víctimas de un conjuro por el que están condenados a vivir eternamente, y a transformarse cada noche en esqueletos vivientes, en fantasmas guerreros.",N
257344,Pixels,2015-07-16,Chris Columbus,"Adam Sandler, Kevin James, Michelle Monaghan, Peter Dinklage, Josh Gad","Acción,Comedia,Ciencia ficción,Aventura,Fantasía",5.788,/d26S5EfVXLNxRXqyFy1yyl3qRq3.jpg,"Pixels cuenta como unos extraterrestres malinterpretan las imágenes de las máquinas recreativas como una declaración de guerra y deciden atacar la tierra, empleando dichos juegos como modelos para el asalto. El presidente de EEUU, Will Cooper (Kevin James), recurre entonces a su gran amigo de la infancia y campeón de las maquinitas de los años 80, Sam Brenner (Adam Sandler), quien actualmente trabaja como instalador de sistemas de home cinema, para encabezar un equipo de expertos jugadores de su época (Dinklage y Gad) cuya misión será derrotar a los extraterrestres y salvar al planeta. Monaghan interpreta al experto en armas del equipo.",H
61791,Rise of the Planet of the Apes,2011-08-03,Rupert Wyatt,"Andy Serkis, James Franco, Freida Pinto, John Lithgow, Brian Cox","Suspense,Acción,Drama,Ciencia ficción",7.354,/oqA45qMyyo1TtrnVEBKxqmTPhbN.jpg,"Will Rodman es un joven científico que está investigando con monos para obtener un tratamiento contra el alzheimer, una enfermedad que afecta a su padre. Uno de esos primates, al que llaman César, experimenta una evolución en su inteligencia tan notable que el protagonista decide llevárselo a su casa para protegerlo. Le ayudará una bella primatóloga llamada Caroline.",O
58431,Pride and Prejudice and Zombies,2016-02-04,Burr Steers,"Lily James, Sam Riley, Jack Huston, Bella Heathcote, Douglas Booth","Romance,Terror,Comedia,Suspense",6.2,/jsJlOhVHiz1xXr36616EI8tJ4b2.jpg,"Adaptación cinematográfica de la novela gráfica homónima de Seth Grahame-Smith, basada en el clásico literario de Jane Austen, que se desarrolla en un universo alternativo a la Regencia Británica de 1819, donde una plaga de zombies invaden la apacible población inglesa de Meryton.",H
670428,PG: Psycho Goreman,2020-09-11,Steven Kostanski,"Nita-Josee Hanna, Owen Myre, Matthew Ninaber, Steven Vlahos, Adam Brooks","Ciencia ficción,Comedia,Terror",6.036,/28Y3pxfkRZMhLsw4if6e3J0HD7Q.jpg,"Los hermanos Mimi y Luke resucitan sin saberlo a un antiguo señor supremo alienígena. Usando un amuleto mágico, obligan al monstruo a obedecer sus caprichos infantiles y atraen accidentalmente una galería de asesinos intergalácticos a los suburbios de una pequeña ciudad.",J
50401,Pursuit to Algiers,1945-10-26,Roy William Neill,"Basil Rathbone, Nigel Bruce, Marjorie Riordan, Rosalind Ivan, Morton Lowry","Misterio,Crimen,Suspense,Aventura,Romance",6.869,/gkhEUBlbiLULLJxSrbsYZdlwxdZ.jpg,"A bordo de un trasatlántico, Holmes y Watson cumplen una misión: escoltar al príncipe Nicolás, que es el heredero del trono
11620,Quo Vadis,1951-11-08,Mervyn LeRoy,"Robert Taylor, Deborah Kerr, Leo Genn, Peter Ustinov, Patricia Laffan","Drama,Historia,Romance",7.124,/dqF1dattMNiwGjPSphu2VSi558Q.jpg,"Cuando regresa a Roma, después de tres años en el campo de batalla, el general Marco Vinicio se enamora de Lygia. Pero ella es cristiana y sus creencias le impiden enamorarse de un guerrero. Aunque fue adoptada por un general retirado, jurídicamente es una esclava de Roma. Pero Marco consigue que el emperador Nerón se la ceda en pago por sus servicios.",K
427641,Rampage,2018-04-11,Brad Peyton,"Dwayne Johnson, Naomie Harris, Malin Akerman, Jeffrey Dean Morgan, Jake Lacy","Acción,Aventura,Ciencia ficción",6.466,/MGADip4thVSErP34FAAfzFBTZ5.jpg,"Davis Okoye es un especialista en primates de reconocido prestigio que mantiene un vínculo muy importante con un singular gorila albino llamado George, un animal que posee una inteligencia extraordinaria y al que lleva cuidando desde su nacimiento. Cuando este gorila es víctima de una peligrosa modificación genética, su ADN mutará rápidamente y de manera incontrolada. Será entonces cuando George crezca de forma exponencial y se convierta en un monstruo violento. Su tamaño, rapidez, agilidad y violencia estará fuera de control.  Pero este gorila no es el único animal que ha mutado, Okoye pronto descubrirá que hay otros animales que tienen el mismo problema, y que destruyen todo lo que encuentran a su paso. Para frenar esta amenaza y recuperar a su entrañable compañero, Okoye deberá enfrentarse a los responsables de esta mutación que está sembrando el pánico en el mundo, pues el primatólogo es el único capaz de frenar a estos monstruos y su amenaza.",K
333339,Ready Player One,2018-03-28,Steven Spielberg,"Tye Sheridan, Olivia Cooke, Ben Mendelsohn, Lena Waithe, T.J. Miller","Aventura,Acción,Ciencia ficción",7.586,/pU1ULUq8D3iRxl1fdX2lZIzdHuI.jpg,"Cuando el creador de una realidad virtual llamada OASIS muere, lanza un reto póstumo a todos sus usuarios para que busquen un huevo de pascua, que dará al que lo encuentre su fortuna y el control de su mundo.",K
848326,Rebel Moon - Part One: A Child of Fire,2023-12-15,Zack Snyder,"Sofia Boutella, Djimon Hounsou, Ed Skrein, Michiel Huisman, Bae Doona","Ciencia ficción,Acción,Aventura",6.214,/ui4DrH1cKk2vkHshcUcGt2lKxCm.jpg,"Cuando los crueles ejércitos del Mundomadre amenazan un poblado pacífico de una luna remota, una misteriosa forastera se convierte en su mejor baza para sobrevivir.",O
934632,Rebel Moon - Part Two: The Scargiver,2024-04-19,Zack Snyder,"Sofia Boutella, Djimon Hounsou, Ed Skrein, Michiel Huisman, Bae Doona","Ciencia ficción,Acción,Aventura",6.058,/95gnJZIk2rEkMO0Ch46x5CVjnms.jpg,"Los rebeldes se preparan para luchar contra las implacables fuerzas del Mundomadre mientras se forjan vínculos inquebrantables, surgen nuevos héroes y nacen las leyendas.",O
1284465,The Death of Robin Hood,2026-06-18,Michael Sarnoski,"Hugh Jackman, Jodie Comer, Bill Skarsgård, Murray Bartlett, Noah Jupe","Aventura,Drama,Acción",6.227,/13MmRwmG5NmaMfU8qNrtgGXisiD.jpg,"Robin Hood intenta lidiar con sus demonios tras una larga vida de crímenes y asesinatos. Cuando en una sangrienta batalla resulta herido de gravedad, es enviado a un misterioso castillo para que curen sus heridas. Allí conocerá a una mujer que le ofrecerá una última oportunidad de redención.",H
1284465,The Death of Robin Hood,2026-06-18,Michael Sarnoski,"Hugh Jackman, Jodie Comer, Bill Skarsgård, Murray Bartlett, Noah Jupe","Aventura,Drama,Acción",6.227,/13MmRwmG5NmaMfU8qNrtgGXisiD.jpg,"Robin Hood intenta lidiar con sus demonios tras una larga vida de crímenes y asesinatos. Cuando en una sangrienta batalla resulta herido de gravedad, es enviado a un misterioso castillo para que curen sus heridas. Allí conocerá a una mujer que le ofrecerá una última oportunidad de redención.",J
8367,Robin Hood: Prince of Thieves,1991-06-14,Kevin Reynolds,"Kevin Costner, Morgan Freeman, Mary Elizabeth Mastrantonio, Christian Slater, Alan Rickman","Acción,Aventura,Drama",6.854,/hbRnWUNJkKKVN5mkcuC5ooqjE4e.jpg,"Robin Hood regresa a su país de origen, cansado tras haber pasado los últimos cinco años luchando en las Cruzadas. A su vuelta se topa con el terror de la población ante el gobierno déspota del hermano Juan del rey Ricardo Corazón de León, un tirano que está en el poder, aprovechando la ausencia de éste. El guerrero, ante esta situación, jura defender a los pobres y para ello se une a las bandas de proscritos que han tomado el bosque de Sherwood como su único hogar libre.",N
254128,San Andreas,2015-05-27,Brad Peyton,"Dwayne Johnson, Alexandra Daddario, Carla Gugino, Ioan Gruffudd, Archie Panjabi","Acción,Drama,Suspense",6.25,/2Gfjn962aaFSD6eST6QU3oLDZTo.jpg,"La falla de San Andrés acaba cediendo ante las temibles fuerzas telúricas y desencadena un terremoto de magnitud 9 en California. Ante tal catástrofe, el piloto de helicóptero de búsqueda y rescate Ray y su ex esposa Emma viajan juntos desde Los Ángeles hasta San Francisco para salvar a su única hija, Blake. Pero su tortuoso viaje hacia el norte solamente es el comienzo del desomoronamiento de todo lo que creían firme en su vida.",H
354282,Science Fiction Volume One: The Osiris Child,2016-02-17,Shane Abbess,"Kellan Lutz, Daniel MacPherson, Isabel Lucas, Luke Ford, Rachel Griffiths",Ciencia ficción,5.616,/3sx69bH2n2tgvknvq2VROJ6lEXS.jpg,"Situada en una época de colonización interplanetaria, Sy Lombrok, un vagabundo con un oscuro pasado, formará una extraña alianza con Kane Sommerville, un teniente que trabaja para el contratista militar Exor. En una lucha contrarreloj, tendrán que rescatar a la hija de Kane, Indi (Teagan Croft), en medio de una inminente crisis global causada por Exor.",I
791155,Secret Headquarters,2022-08-12,Henry Joost,"Owen Wilson, Michael Peña, Walker Scobell, Momona Tamada, Keith L. Williams","Acción,Comedia,Ciencia ficción,Familia",6.311,/v6mvk0YC4o0PUdq82IbNRjIEEv3.jpg,"El joven Charlie Kincaid descubre la sede secreta del superhéroe más poderoso del mundo escondida debajo de su casa. Tras compartirlo con sus amigos, comienzan a pensar que el distanciado padre de Charlie podría tener una doble vida secreta.",M
582607,See You Yesterday,2019-05-03,Stefon Bristol,"Eden Duncan-Smith, Dante Crichlow, Stro, Marsha Stephanie Blake, Johnathan Nieves","Ciencia ficción,Drama,Aventura,Crimen,Acción",5.542,/d5uA1DdiWK5KH5yzyMfh1X3uXie.jpg,"Un trágico tiroteo de la policía hace que dos genios adolescentes, obsesionados con dominar el tiempo, se embarquen en una serie de arriesgados viajes al pasado.",K
16320,Serenity,2005-09-25,Joss Whedon,"Nathan Fillion, Summer Glau, Gina Torres, Alan Tudyk, Morena Baccarin","Ciencia ficción,Acción,Aventura,Suspense",7.359,/4sqUOaPFoP2W81mq1UYqZqf5WzA.jpg,"Siglo XXVI. Tras ganar la guerra Civil Galáctica, las dos grandes potencias mundiales, EE.UU. y China, se unen para formar un gobierno totalitario llamado Alianza Universal. El Capitán Malcolm Reynolds es un curtido veterano de la guerra que se gana la vida alquilando su nave, la Serenity y buscando trabajos al margen de la ley. Su única familia es una pequeña y leal tripulación de disidentes y rebeldes. Cuando Malcom embarca a dos nuevos pasajeros, un médico y su inestable hermana, que está dotada de poderes telepáticos, enseguida descubre que ambos son fugitivos de la Alianza y que ésta no se detendrá hasta dar con la chica. Y, en efecto, la tripulación de la Serenity se verá atrapada entre el poderoso ejército de la Alianza y los Ravers, salvajes bárbaros que vagan por los confines del espacio. Así las cosas, empiezan a darse cuenta de que quizá el mayor peligro se encuentra a bordo de la Serenity.",O
346,Seven Samurai,1954-04-26,Akira Kurosawa,"Toshirō Mifune, 志村喬, 稲葉義男, 宮口精二, 千秋実","Acción,Drama",8.5,/8podTebyeH6sn31atpdappdgaCE.jpg,"Una banda de forajidos atemorizan a los habitantes de un pequeño pueblo, saqueándolos periódicamente sin piedad. Para repeler estos ataques, los aldeanos deciden contratar a mercenarios. Finalmente, consiguen los servicios de 7 guerreros, 7 samurais dispuestos a defenderlos a cambio, tan solo, de cobijo y comida.",K
566525,Shang-Chi and the Legend of the Ten Rings,2021-09-01,Destin Daniel Cretton,"Simu Liu, Tony Leung Chiu-Wai, Awkwafina, Ben Kingsley, Meng'er Zhang","Acción,Aventura,Fantasía",7.485,/9f2Q0U3IOsLgrI2HkvldwSABZy5.jpg,"Adaptación cinematográfica del héroe creado por Steve Englehart y Jim Starlin en 1973, un personaje mitad chino, mitad americano, cuyo característico estilo de combate mezclaba kung-fu, nunchacos y armas de fuego.",J
594767,Shazam! Fury of the Gods,2023-03-15,David F. Sandberg,"Zachary Levi, Asher Angel, Jack Dylan Grazer, Rachel Zegler, Adam Brody","Comedia,Acción,Fantasía",6.386,/3GrRgt6CiLIUXUtoktcv1g2iwT5.jpg,"Billy Batson y sus hermanos adoptivos, que se transforman en superhéroes al decir ""¡Shazam!"", se ven obligados a volver a la acción y luchar contra las Hijas de Atlas, a quienes deben evitar que use un arma que podría destruir el mundo.",N
287947,Shazam!,2019-03-29,David F. Sandberg,"Zachary Levi, Mark Strong, Asher Angel, Jack Dylan Grazer, Adam Brody","Acción,Comedia,Fantasía",6.969,/xnopI5Xtky18MPhK40cZAGAOVeV.jpg,"Todos llevamos un superhéroe dentro, solo se necesita un poco de magia para sacarlo a la luz. Cuando Billy Batson, un niño de acogida de 14 años que ha crecido en las calles, grita la palabra 'SHAZAM!' se convierte en el Superhéroe adulto Shazam, por cortesía de un antiguo mago. Dentro de un cuerpo musculoso y divino, Shazam esconde un corazón de niño. Pero lo mejor es que en esta versión de adulto consigue realizar todo lo que le gustaría hacer a cualquier adolescente con superpoderes: ¡divertirse con ellos! ¿Volar? ¿Tener visión de rayos X? ¿Disparar un rayo con las manos? ¿Saltarse el examen de sociales? Shazam va a poner a prueba los límites de sus habilidades con la inconsciencia propia de un niño. Pero necesitará dominar rápidamente esos poderes para luchar contra las letales fuerzas del mal que controla el Dr. Thaddeus Sivana.",K
634429,Shin Ultraman,2022-05-13,Shinji Higuchi,"Takumi Saito, Masami Nagasawa, Hidetoshi Nishijima, 有岡大貴, 早見あかり","Acción,Ciencia ficción",7.471,/w6E7MiAdPh0qA9ZqGKWmD4X1GUH.jpg,"Un alienígena que busca justicia persigue a un criminal hasta un planeta llamado Tierra. Para expiar sus pecados decide ceder su poder a un humano que se convierte en un héroe llamado a proteger su mundo. Así es como nace ""The Ultra Man"", una reimaginación del famoso superhéroe japonés omnipresente en la TV de la década de los años 60.",N
11940,Sinbad and the Eye of the Tiger,1977-05-25,Sam Wanamaker,"Patrick Wayne, Jane Seymour, Taryn Power, Margaret Whiting, Patrick Troughton","Acción,Aventura,Familia,Fantasía",6.577,/kMP5bg26ac1FmNCamOC5WZece6N.jpg,"Cuando Simbad, intrépido marino y Príncipe de Bagdad, pone rumbo a Charnak para pedir al Príncipe Kassim la mano de su hermana Farah, descubre que Kassim es víctima de un hechizo de Zenobia, su diabólica madrastra. Para conjurar el maleficio, tendrá que emprender un peligroso viaje que nadie ha realizado nunca y que lo llevará a enfrentarse con monstruosas criaturas como el Minoton, un coloso de bronce, el troglodita gigante, el tigre con dientes de sable y un babuino casi humano.",J
447200,Skyscraper,2018-07-11,Rawson Marshall Thurber,"Dwayne Johnson, Neve Campbell, Chin Han, Roland Møller, Noah Taylor","Acción,Suspense,Aventura",6.304,/52ml62vClzrlqvXZq2FEW6UF6c1.jpg,"Will Sawyer, antiguo líder del Equipo de Rescate de Rehenes del FBI y veterano de guerra, ahora se encarga de evaluar la seguridad de los rascacielos. Durante un viaje de trabajo en China, se ve incriminado en el incendio del edificio más alto y seguro del mundo. Perseguido y a la fuga, Will deberá encontrar a los que le han tendido la trampa, limpiar su nombre y rescatar a su familia, atrapada en el interior del rascacielos… sin sucumbir a las llamas.",K
457943,Slaughterhouse Rulez,2018-10-31,Crispian Mills,"Finn Cole, Asa Butterfield, Hermione Corfield, Simon Pegg, Michael Sheen","Comedia,Terror,Acción,Fantasía",5.616,/y5VUfaAzRrYXOBKffZG4dfhTSvV.jpg,"Slaughterhouse es un internado de élite en el que se prepara a los jóvenes para el poder y la grandeza. Sin embargo, un inesperado acontecimiento sacudirá literalmente los cimientos de su mundo.",K
2668,Sleepy Hollow,1999-11-19,Tim Burton,"Johnny Depp, Christina Ricci, Miranda Richardson, Michael Gambon, Casper Van Dien","Fantasía,Suspense,Misterio,Terror",7.195,/1GuK965FLJxqUw9fd1pmvjbFAlv.jpg,"Durante la Guerra de Secesión Americana, un policía de Nueva York que utiliza avanzados métodos de investigación es enviado al pueblo de Sleepy Hollow para descubrir qué hay de verdad en la leyenda de un jinete sin cabeza que aterroriza a los habitantes del lugar. Una vez allí adopta la identidad de un profesor de escuela y se enamora de Katrina, que mantiene relaciones con uno de los hombres más conocidos del pueblo. Realidad y ficción se darán la mano en el momento menos pensado.",N
58595,Snow White and the Huntsman,2012-05-30,Rupert Sanders,"Kristen Stewart, Chris Hemsworth, Charlize Theron, Sam Claflin, Ian McShane","Aventura,Fantasía,Drama",5.981,/8HUa5kRubYbnAD5UVpnhTGGgMTW.jpg,"Versión oscura del cuento de los hermanos Grimm. Sólo una mujer (Kristen Stewart) supera en belleza a una reina tan malvada (Theron) que está dispuesta a acabar con ella. Pero la pérfida soberana ignora que el cazador (Chris Hemsworth) que debía haberla matado, no sólo le ha salvado la vida, sino que le ha enseñado a defenderse. Poco después, aparecerá en escena el Príncipe Azul (Sam Clafin) que queda hechizado por la belleza y el poder de Blancanieves.",G
348350,Solo: A Star Wars Story,2018-05-15,Ron Howard,"Alden Ehrenreich, Joonas Suotamo, Woody Harrelson, Emilia Clarke, Donald Glover","Ciencia ficción,Aventura,Acción",6.551,/4oD6VEccFkorEBTEDXtpLAaz0Rl.jpg,"Precuela de la saga Star Wars, en la que se conocerán los primeros pasos que dio el personaje de Han Solo, desde joven hasta convertirse en el antihéroe que vimos en ""Una nueva esperanza"", antes de que se encontrase con Luke y Obi-Wan en la cantina de Mos Eisley.",K
581389,Space Sweepers,2021-02-05,조성희,"송중기, 김태리, 유해진, 진선규, Richard Armitage","Drama,Fantasía,Ciencia ficción",7.031,/vOefWMYqC1S3aiCTD5MD8HeXl0Y.jpg,"En 2092, la tripulación de una nave basurero espacial llama Victory descubre un robot humanoide llamado Dorothy, un arma de destrucción masiva, y se ven envueltos en un negocio de alto riesgo.",J
967,Spartacus,1960-10-13,Stanley Kubrick,"Kirk Douglas, Laurence Olivier, Jean Simmons, Charles Laughton, Peter Ustinov","Historia,Drama,Aventura",7.535,/nqU4xAn3ygWA4fvXSBufRwdGhpr.jpg,"Hacia el año 75 antes de Cristo, un esclavo llamado Espartaco es vendido a una escuela de gladiadores donde le adiestran para combatir en la arena de los circos romanos. Pronto, Espartaco lidera una rebelión por el maltrato sufrido.",N
569094,Spider-Man: Across the Spider-Verse,2023-05-31,Kemp Powers,"Shameik Moore, Hailee Steinfeld, Brian Tyree Henry, Luna Lauren Vélez, Jake Johnson","Animación,Acción,Aventura,Ciencia ficción",8.35,/8Vt6mWEReuy4Of61Lnj5Xj704m8.jpg,"Tras reencontrarse con Gwen Stacy, el amigable vecindario de Spider-Man de Brooklyn al completo es catapultado a través del Multiverso, donde se encuentra con un equipo de Spidermans encargados de proteger su propia existencia. Pero cuando los héroes se enfrentan sobre cómo manejar una nueva amenaza, Miles se encuentra enfrentado a las otras Arañas y debe redefinir lo que significa ser un héroe para poder salvar a la gente que más quiere.",O
429617,Spider-Man: Far From Home,2019-06-28,Jon Watts,"Tom Holland, Jake Gyllenhaal, Samuel L. Jackson, Marisa Tomei, Jon Favreau","Acción,Aventura,Ciencia ficción",7.392,/4q2NNj4S5dG2RLF9CpXsej7yXl.jpg,"Peter Parker decide irse junto a MJ, Ned y el resto de sus amigos a pasar unas vacaciones a Europa. Sin embargo, el plan de Parker por dejar de lado sus superpoderes durante unas semanas se ven truncados cuando Nick Fury contacta con él para solicitarle ayuda para frenar el ataque de unas criaturas elementales que están causando el caos en el continente. En ese momento, Parker vuelve a ponerse el traje de Spider-Man para cumplir con su labor.",K
315635,Spider-Man: Homecoming,2017-07-05,Jon Watts,"Tom Holland, Michael Keaton, Robert Downey Jr., Marisa Tomei, Jon Favreau","Acción,Aventura,Ciencia ficción",7.333,/c24sv2weTHPsmDa7jEMN0m2P3RT.jpg,"Peter Parker comienza a experimentar su recién descubierta identidad como el superhéroe Spider-Man. Después de la experiencia vivida con los Vengadores, Peter regresa a casa, donde vive con su tía. Bajo la atenta mirada de su mentor Tony Stark, Peter intenta mantener una vida normal como cualquier joven de su edad, pero interrumpe en su rutina diaria el nuevo villano Vulture y, con él, lo más importante de la vida de Peter comenzará a verse amenazado.",K
324857,Spider-Man: Into the Spider-Verse,2018-12-06,Bob Persichetti,"Shameik Moore, Jake Johnson, Hailee Steinfeld, Mahershala Ali, Brian Tyree Henry","Animación,Acción,Aventura,Ciencia ficción",8.401,/iiZZdoQBEYBv6id8su7ImL0oCbD.jpg,"En un universo paralelo donde Peter Parker ha muerto, un joven de secundaria llamado Miles Morales es el nuevo Spider-Man. Sin embargo, cuando el líder mafioso Wilson Fisk construye el 'Super Colisionador' trae a una versión alternativa de Peter Parker que tratará de enseñar a Miles como ser un mejor Spider-Man. Pero no será el único Spider Man en entrar a este universo:  cuatro versiones alternativas buscan regresar a su universo antes de que toda la realidad se colapse.",K
634649,Spider-Man: No Way Home,2021-12-15,Jon Watts,"Tom Holland, Zendaya, Benedict Cumberbatch, Jacob Batalon, Jon Favreau","Acción,Aventura,Ciencia ficción",7.947,/1g0dhYtq4irTY1GPXvft6k4YLjm.jpg,"Peter Parker es desenmascarado y por tanto no es capaz de separar su vida normal de los enormes riesgos que conlleva ser un súper héroe. Cuando pide ayuda a Doctor Strange, los riesgos pasan a ser aún más peligrosos, obligándole a descubrir lo que realmente significa ser Spider-Man.",M
181812,Star Wars: The Rise of Skywalker,2019-12-18,J.J. Abrams,"Carrie Fisher, Mark Hamill, Daisy Ridley, Adam Driver, John Boyega","Aventura,Acción,Ciencia ficción",6.248,/db32LaOibwEliAmSL2jjDF6oDdj.jpg,"Los restos de la Resistencia se enfrentan una vez más a la Primera Orden, involucrando conflictos del pasado y del presente. Mientras tanto, el antiguo conflicto entre los Jedi y los Sith llegará a su clímax, lo que llevará a la saga de los Skywalker a un final definitivo.",K
181808,Star Wars: The Last Jedi,2017-12-13,Rian Johnson,"Mark Hamill, Carrie Fisher, Adam Driver, Daisy Ridley, John Boyega","Aventura,Acción,Ciencia ficción",6.736,/kOVEVeg59E0wsnXmF9nrh6OmWII.jpg,"La malvada Primera Orden se ha vuelto más poderosa y tiene contra las cuerdas a la Resistencia, liderada por la General Leia Organa. El piloto Poe Dameron encabeza una misión para intentar destruir un acorazado de la Primera Orden. Mientras tanto, la joven Rey tendrá que definir su futuro y su vocación, y el viejo jedi Luke Skywalker revaluar el significado de su vida.",G
37686,Super 8,2011-06-09,J.J. Abrams,"Joel Courtney, Elle Fanning, Riley Griffiths, Kyle Chandler, Noah Emmerich","Suspense,Ciencia ficción,Misterio",6.782,/pUWIjaMMYJjeBm5bJyE3mIXdQ62.jpg,"Año 1979, en un pequeño pueblo de Ohio. Joe Lamb (Joel Courtney) es un muchacho que ha perdido a su madre en un accidente y que vive con su padre policía (Kyle Chandler). Comenzado el verano, y mientras rueda una película de zombis en Super 8 con sus amigos -y sobre todo con la bella Alice Dainard (Elle Fanning)-, Joe observa cómo una camioneta se estrella contra un tren de mercancías, provocando su descarrilamiento y un terrible accidente. A partir de ese momento cosas extrañas e inexplicables comienzan a suceder en el pueblo.",M
193756,Lone Survivor,2013-12-24,Peter Berg,"Mark Wahlberg, Taylor Kitsch, Emile Hirsch, Ben Foster, Eric Bana","Bélica,Acción,Drama",7.43,/zaBIrloyhGK7iNTZMb3f9SARsl8.jpg,"Año 2005. A un equipo de élite de las fuerzas especiales SEAL del ejército norteamericano, liderados por Marcus Luttrell junto a otros tres soldados les es encomendada una peligrosa misión, la ""Operación red wing"": capturar o matar a un líder terrorista talibán, Admad Shad, que se esconde en una zona boscosa de Afganistán. La llegada al punto donde localizaron el objetivo se realizó sin problemas, pero pronto la situación se complicó hasta extremos inimaginables.",H
43012,Taras Bulba,1962-11-21,J. Lee Thompson,"Tony Curtis, Yul Brynner, Christine Kaufmann, Sam Wanamaker, Brad Dexter","Aventura,Romance,Historia,Bélica,Drama",6.28,/8bnn12yMugSBIKlrhSuCOVJKrgH.jpg,"Ucrania, siglo XVI. Mientras los polacos dominan las estepas cosacas, Andrei, hijo de Taras Bulba, un líder cosaco, debe elegir entre el amor por su familia y su pueblo y su pasión por una mujer polaca.",G
26325,Tarzan the Ape Man,1981-08-07,John Derek,"Bo Derek, Richard Harris, John Phillip Law, Miles O'Keeffe, Steve Strong","Acción,Aventura,Comedia",4.1,/nYoH03aBoyi4Bp0VXodrsc4JI6O.jpg,"Jane, una inglesa que llega a África en busca de su padre, encuentra en la selva a un hombre que ha crecido criado por los simios: Tarzán. El Rey de los Monos la defenderá del ataque de un león, de una serpiente pitón y, además, la rescatará de una primitiva tribu que la había secuestrado. Ella comenzará a sentir una fuerte atracción por Tarzán.",K
98566,Teenage Mutant Ninja Turtles,2014-08-07,Jonathan Liebesman,"Pete Ploszek, Alan Ritchson, Jeremy Howard, Noel Fisher, Megan Fox","Ciencia ficción,Acción,Aventura,Comedia",5.931,/azL2ThbJMIkts3ZMt3j1YgBUeDB.jpg,"Nueva York está en peligro debido a que Shredder y El Clan del Pie, dominan la ciudad y ejercen un férreo control sobre todo, incluyendo policía y políticos. Pero cuatro héroes, Leonardo, Michelangelo, Donatello y Raphael, saldrán de las alcantarillas y con la ayuda de la reportera April y su compañero Vern Fenwick intentarán salvar la ciudad.",G
15515,The 7th Voyage of Sinbad,1958-12-05,Nathan Juran,"Kerwin Mathews, Kathryn Grant, Torin Thatcher, Richard Eyer, Alec Mango","Acción,Aventura,Familia,Fantasía",6.9,/wZKfMySjut6QxLNTyMkzrCBZyxP.jpg,"Simbad emprende un peligroso viaje lleno de aventuras hacia la misteriosa isla del Coloso, con la intención de romper el maleficio lanzado por un diabólico mago contra la princesa de la que está enamorado. Para salvarla, deberá luchar contra innumerables monstruos míticos como el Cíclope devorador de hombres, un esqueleto que maneja un sable, un feroz pájaro bicéfalo llamado el Roc y un dragón que lanza llamaradas de fuego por la boca.",H
14506,The Adventures of Baron Munchausen,1988-12-07,Terry Gilliam,"John Neville, Eric Idle, Sarah Polley, Oliver Reed, Charles McKeown","Fantasía,Aventura,Comedia",6.978,/oiOwGRqwrKpg1EMUlPgRjVC49bn.jpg,"¿Quién es el Barón Munchausen?¿Un mentiroso?¿Un bribón?¿Un loco?¿O el más grande superhéroe que luchó y venció en los más disparatados combates?¿Será cierto que cabalgó por el aire en una bala de cañón, que acabó con un dragón de tres cabezas, que viajó a la luna y todo ello antes de desayunar...?",N
514921,The Aeronauts,2019-11-04,Tom Harper,"Eddie Redmayne, Felicity Jones, Tom Courtenay, Phoebe Fox, Himesh Patel","Aventura,Drama,Romance",6.805,/kZHnblqmTBUBgzYBIxWIz9txsEi.jpg,"Año 1862. La piloto Amelia Wren (Felicity Jones) y el científico James Glaisher (Eddie Redmayne) deciden embarcarse en un viaje para descubrir los secretos del cielo, volando en un globo aeroestático más alto de lo que nadie lo había hecho antes. Pero al llegar a las capas más altas de la atmósfera, ambos comienzan a tener problemas con el oxigeno y la altitud, viéndose forzados a luchar por su propia superviviencia.",K
488,The African Queen,1952-01-07,John Huston,"Humphrey Bogart, Katharine Hepburn, Robert Morley, Peter Bull, Theodore Bikel","Aventura,Romance,Bélica,Drama",7.3,/2Ypg0KhQfFYWILelvHGtSHHR0dk.jpg,"Durante la Primera Guerra Mundial, un capitán de barco con tendencia a la bebida y una estirada misionera huyen de las tropas alemanas en una ruinosa embarcación y se ven obligados a remontar un peligroso río. Son, a primera vista, dos seres antagónicos, incompatibles, pero la convivencia y, sobre todo, las penalidades que tendrán que afrontar juntos para sobrevivir harán cambiar radicalmente su relación.",K
102382,The Amazing Spider-Man 2,2014-04-16,Marc Webb,"Andrew Garfield, Emma Stone, Jamie Foxx, Dane DeHaan, Colm Feore","Acción,Aventura,Ciencia ficción",6.561,/bU7nTmvmy0h3VUP01v1T2imgH6N.jpg,"Peter Parker lleva una vida muy ocupada, compaginando su tiempo entre su papel como Spider-Man, acabando con los malos, y en el instituto con la persona a la que quiere, Gwen. Peter no ve el momento de graduarse. No ha olvidado la promesa que le hizo al padre de Gwen de protegerla, manteniéndose lejos de ella, pero es una promesa que simplemente no puede cumplir. Las cosas cambiarán para Peter cuando aparece un nuevo villano, Electro, y un viejo amigo, Harry Osborn, regresa, al tiempo que descubre nuevas pistas sobre su pasado.",G
35692,The Black Knight,1954-08-26,Tay Garnett,"Alan Ladd, Patricia Medina, André Morell, Harry Andrews, Peter Cushing","Acción,Aventura",6.409,/bMVzUJTHapgymAgzJgGNd3q6Bs9.jpg,"La acción transcurre en Camelot. Leonette, la hija de un conde, está enamorada de John, un intrépido caballero, pero su padre desaprueba esta relación. Un día los sorprende juntos, y John se ve obligado a huir. Pasado algún tiempo, unos vikingos asaltan el castillo, asesinando al Conde y a su famillia. Poco después, aparece en Inglaterra un caballero negro, que jura vengar la muerte del conde y los suyos. (FILMAFFINITY)",H
4933,The Buccaneer,1958-12-11,Anthony Quinn,"Yul Brynner, Claire Bloom, Charles Boyer, Inger Stevens, Charlton Heston","Aventura,Drama,Bélica,Historia",6.5,/hUUg1IuxuKl54eyQfyu5tCZhI1g.jpg,"Remake de 'Corsarios de Florida' (1938). En 1812, Estados Unidos y Gran Bretaña luchan por el dominio del territorio de Louisiana. La intervención en la contienda del pirata Laffitte podría ser decisiva, puesto que controla una pequeña isla de gran importancia estratégica. Pero Laffitte se encuentra ante un dilema: apoyar a los americanos, que es lo que realmente desea, o tomar partido por los ingleses, cuya superioridad militar es evidente. La lucha, en cualquier caso, será desigual.",H
481848,The Call of the Wild,2020-02-19,Chris Sanders,"Harrison Ford, Dan Stevens, Colin Woodell, Karen Gillan, Omar Sy","Aventura,Familia,Drama",7.505,/33VdppGbeNxICrFUtW2WpGHvfYc.jpg,"Cuenta la historia vibrante de Buck, un perro grande y de buen corazón, un cruce entre un San Bernardo y un Scotch Collie, cuya despreocupada vida de ocio se alteró repentinamente cuando fue robado de su hogar en el condado de Santa Clara, California y llevado a Dawson City, Yukon, a fines de la década de 1890 durante la fiebre del oro, cuando los fuertes perros de trineo tenían una gran demanda. Como un recién llegado al servicio de entrega del equipo de perros, Buck está teniendo el momento de su vida. Obligado a luchar para sobrevivir, finalmente es llevado por su último propietario, John Thornton, a la proximidad del Círculo Polar Ártico, en algún lugar entre Yukon y Alaska, donde depende progresivamente de sus instintos primarios, se deshace de las comodidades de la civilización y responde ""al llamado salvaje"", convirtiéndose en su propio maestro.",K
279278,The Caper of the Golden Bulls,1967-05-24,Russell Rouse,"Stephen Boyd, Yvette Mimieux, Giovanna Ralli, Vito Scotti, J.G. Devlin","Acción,Comedia,Crimen",6.3,/ejJA0IqX85ynQuCg72ykESCiCmB.jpg,Peter Churchman dejó de robar bancos hace mucho tiempo y ahora vive como un ciudadano rico y respetado en la costa mediterránea de ​​España. Pero entonces aparece su excompañera Ángela y lo chantajea para que la ayude a robar el Banco Nacional de Pamplona. Se rinde y desarrolla un plan brillante... ¿Será este el fin de su cómoda vida?.,J
42193,The Charge of the Light Brigade,1968-04-10,Tony Richardson,"Trevor Howard, Vanessa Redgrave, John Gielgud, Harry Andrews, Jill Bennett","Drama,Historia,Bélica",6.2,/ptEaZjVn6ilw4kYDrZz1gBaNhJL.jpg,"El capitán Nolan, procedente de la India, se incorpora al regimiento de Lord Cardigan. Considerado un oficial de inferior categoría por sus compañeros, Nolan mantendrá continuos enfrentamientos con Lord Cardigan a causa de su despótica actitud. En la guerra de Crimea (1854-1856), en pleno asedio de Sebastopol, tendrá lugar una terrible batalla. (FILMAFFINITY)",H
902,The City of Lost Children,1995-05-17,Jean-Pierre Jeunet,"Ron Perlman, Dominique Pinon, Judith Vittet, Daniel Emilfork, Jean-Claude Dreyfus","Fantasía,Ciencia ficción,Aventura",7.244,/9hXbsM3Of273RwXkQp74mVD0Gcm.jpg,"Sobre una plataforma marina perdida en la niebla, el malvado Krank envejece prematuramente, pues carece de una cualidad esencial: la facultad de soñar. Por esta razón, rapta a los niños de la ciudad para robarles sus sueños. Sus compañeros de infortunio son: Irvin, un cerebro que flota dentro de un acuario, la señorita Bismuth y una banda de clónicos. Al otro lado de la niebla, en la ciudad portuaria, se encuentra One, una fuerza de la naturaleza ingenua, pero extraordinariamente valiente, que busca a su hermano pequeño desaparecido.",N J
43800,The Corsican Brothers,1942-01-15,Gregory Ratoff,"Douglas Fairbanks Jr., Ruth Warrick, Akim Tamiroff, J. Carrol Naish, H.B. Warner","Aventura,Drama",7.0,/q3V3ImLPY4J14VzWdHoyWhpu97c.jpg,"El conde Franchi tiene dos hijos gemelos. Cuando el barón Colonna decide exterminar a la familia Franchi, el doctor Paoli escapa con los dos bebés.",M
11362,The Count of Monte Cristo,2002-01-23,Kevin Reynolds,"Jim Caviezel, Guy Pearce, Richard Harris, James Frain, Dagmara Dominczyk","Aventura,Drama,Historia,Acción",7.687,/ifMgDAUXVQLY4DeOu3VTTi55jSP.jpg,"El honrado e inocente Edmundo Dantes es traicionado por su mejor amigo y encerrado de por vida en las mazmorras del castillo de If. Con el paso de los años va cambiando y elabora los más despiadados planes de venganza. Tras una milagrosa fuga, Edmundo se convierte en el misterioso y acaudalado conde de Montecristo, y se introduce en los círculos de la nobleza francesa para llevar a cabo sus proyectos y conseguir vengarse de todos los que le traicionaron.",O
1232882,The Court Jester,2024-01-19,Jake Lewis,"Pauly Shore, Jesse Heiman, Tamra Brown, Ronan Arthur, Benji Aflalo","Comedia,Drama",7.0,/djxA9hhu0drAj9qtCpYSxhXng7M.jpg,,N
11570,The Crimson Pirate,1952-09-27,Robert Siodmak,"Burt Lancaster, Nick Cravat, Eva Bartok, Torin Thatcher, James Hayter","Aventura,Comedia",7.0,/lOSqs9ntb2wB7gveCx2l7cqC1nG.jpg,"Siglo XVIII. Todo un clásico del cine de piratas que narra las correrías de Burt Lancaster y su acrobático e inseparable compañero Cravat, unos temibles corsarios que aterrorizan a las tripulaciones de los barcos que navegan por el Mediterráneo.",M
18,The Fifth Element,1997-05-02,Luc Besson,"Bruce Willis, Milla Jovovich, Gary Oldman, Ian Holm, Chris Tucker","Ciencia ficción,Acción,Aventura",7.592,/8nx8sttha1Zidt73SbNncVfSwqk.jpg,"Cada 5.000 años se abre una puerta entre las dimensiones. En una dimensión existe el Universo y la vida. En la otra dimensión existe un elemento que no está hecho ni de tierra, ni de fuego, ni de aire, ni de agua, sino que es una anti-energía, la anti-vida: es el quinto elemento.",H
300673,The Finest Hours,2016-01-27,Craig Gillespie,"Chris Pine, Casey Affleck, Ben Foster, Eric Bana, Holliday Grainger","Acción,Drama,Historia,Suspense",6.598,/6UG91TJ4DKI6FGdqXZfDBeRZHX8.jpg,"En febrero de 1952, una de las peores tormentas que jamás haya sufrido la costa este de Nueva Inglaterra daña a un petrolero frente a la costa de Cabo Cod. En un pequeño bote salvavidas, enfrentándose al temporal y las gélidas temperaturas, cuatro miembros de la Guardia Costera se disponen a rescatar a los 30 marineros atrapados a bordo del buque que se está hundiendo.",H
11583,The First Great Train Robbery,1978-12-14,Michael Crichton,"Sean Connery, Donald Sutherland, Lesley-Anne Down, Peter Butterworth, Michael Elphick","Suspense,Aventura,Drama,Crimen",6.682,/4LqLUNoCwoPQNmrRuDZa0zC3hT8.jpg,"Pierce es un experto ladrón de mediados de siglo XIX y convence a dos compinches para robar 25.000 libras en oro de un tren en marcha. Sin embargo, antes de poder acercarse al botín, la banda criminal tendrá que conseguir hacerse con cuatro llaves que cuatro personas distintas tienen en su posesión.",G
101030,The Golden Blade,1953-08-12,Nathan Juran,"Rock Hudson, Piper Laurie, Gene Evans, George Macready, Kathleen Hughes","Aventura,Fantasía",6.7,/6hSZZ3Agf6XIy3cD2CAAwM0y3KA.jpg,"En el lejano oriente, el valiente Harun (Rock Hudson) intenta buscar venganza en Bagdad contra los asesinos de su padre. En el negocio de un comerciante griego, Harun ha adquierido una poderosa espada mágica que lo convierte en invencible. Cumpliendo su misión de venganza, se enamorará de la Princesa Khairuzan (Piper Laurie), la hija del Califa (Edgar Barrier), a quien quieren derrocar el visir Jafar (George Macready) y su hijo Hadi (Gene Evans).",H
9340,The Goonies,1985-06-07,Richard Donner,"Sean Astin, Josh Brolin, Jeff Cohen, Corey Feldman, Kerri Green","Aventura,Comedia,Familia",7.514,/eBU7gCjTCj9n2LTxvCSIXXOvHkD.jpg,"Mikey, un muchacho de trece años, que junto con su hermano mayor y sus amigos se hacen llamar 'Los Goonies', decide subir a jugar al desván de su casa, donde su padre guarda antigüedades. Allí, el grupo encuentra el mapa de un tesoro.",H
597922,The Greatest Beer Run Ever,2022-09-23,Peter Farrelly,"Zac Efron, Russell Crowe, Kyle Allen, Bill Murray, Jake Picking","Drama,Comedia,Bélica",7.481,/ggf37TpcKaxwguhvtNn6MQpyqBn.jpg,Chickie quiere ayudar a sus amigos en la guerra de Vietnam así que hace una locura: va a llevarles cerveza americana. Lo que comienza como un viaje con buenas intenciones rapidamente cambia la visión de Chickie sobre la vida.,M
774752,The Guardians of the Galaxy Holiday Special,2022-11-24,James Gunn,"Chris Pratt, Dave Bautista, Karen Gillan, Pom Klementieff, Vin Diesel","Comedia,Ciencia ficción,Aventura",7.083,/8dqXyslZ2hv49Oiob9UjlGSHSTR.jpg,"Con la misión de hacer que Quill tenga una Navidad inolvidable, los Guardianes se dirigen a la Tierra en busca del regalo perfecto.",N
79468,The Helicopter Spies,1968-05-23,Boris Sagal,"Robert Vaughn, David McCallum, Carol Lynley, Bradford Dillman, Lola Albright","Acción,Aventura,Crimen,Suspense",5.0,/gDZF6MsU3lfcEkLh3K2yg9GPucD.jpg,"Un malo, malisimo Luther Sebastian -Bradford Dillman- roba un “rayo mortifero” una poderosa arma láser conocida como el Prisma Termal, esto pondrá en jaque la seguridad mundial. Ahora los agentes Napoleón Solo -Robert Vaughn- y Ilya Kuryakin -David McCallum-su compañero ruso, se lanzarán a su caza para salvaguardar la paz mundial.",J
49051,The Hobbit: An Unexpected Journey,2012-12-12,Peter Jackson,"Martin Freeman, Ian McKellen, Richard Armitage, James Nesbitt, Ken Stott","Aventura,Fantasía,Acción",7.381,/yHA9Fc37VmpUA5UncTxxo3rTGVA.jpg,"Precuela de la trilogía ""El Señor de los Anillos"", obra de J.R.R. Tolkien. En compañía del mago Gandalf y de trece enanos, el hobbit Bilbo Bolsón emprende un viaje a través del país de los elfos y los bosques de los trolls, desde las mazmorras de los orcos hasta la Montaña Solitaria, donde el dragón Smaug esconde el tesoro de los Enanos. Finalmente, en las profundidades de la Tierra, encuentra el Anillo Único, hipnótico objeto que será posteriormente causa de tantas sangrientas batallas en la Tierra Media.",H
122917,The Hobbit: The Battle of the Five Armies,2014-12-10,Peter Jackson,"Ian McKellen, Martin Freeman, Richard Armitage, Orlando Bloom, Evangeline Lilly","Acción,Aventura,Fantasía",7.337,/xT98tLqatZPQApyRmlPL12LtiWp.jpg,"Después de haber recuperado el reino del Dragón Smaug, la Compañía ha desencadenado, sin querer, una potencia maligna. Un Smaug enfurecido vuela hacia la Ciudad del Lago para acabar con cualquier resto de vida. Obsesionado sobre todo con el reino recuperado, Thorin sacrifica la amistad y el honor para mantenerlo mientras que Bilbo intenta frenéticamente hacerle ver la razón por la que el hobbit toma una decisión desesperada y peligrosa. Pero hay aún mayores peligros por delante. Sin la ayuda aparente del mago Gandalf, su gran enemigo Sauron ha enviado legiones de orcos hacia la Montaña Solitaria en un ataque furtivo. Cuando la oscuridad se cierna sobre ellos, las razas de los Enanos, Elfos y Hombres deben decidir si unirse o ser destruidos. Bilbo se encontrará así en la batalla épica de los Cinco Ejércitos, donde el futuro de la Tierra Media está en juego.",H
57158,The Hobbit: The Desolation of Smaug,2013-12-11,Peter Jackson,"Ian McKellen, Martin Freeman, Richard Armitage, Benedict Cumberbatch, Orlando Bloom","Fantasía,Aventura,Acción",7.579,/xQYiXsheRCDBA39DOrmaw1aSpbk.jpg,"Tras sobrevivir al inicio de su inesperado viaje, la Compañía sigue hacia el este y se encuentra por el camino con Beorn, el cambiador de piel, y con un enjambre de Arañas gigantes en el peligroso monte Mirkwood. Tras evitar que los Elfos del Bosque los capturen, los Enanos prosiguen su viaje hacia Ciudad del Lago, y finalmente llegan a la Montaña Solitaria, donde tienen que enfrentarse al mayor de los peligros, una criatura más terrorífica que cualquier otra que pondrá a prueba no solo lo profundo de su valentía sino también los límites de su amistad y la sabiduría del viaje: el dragón Smaug.",H
463821,The House with a Clock in Its Walls,2018-09-15,Eli Roth,"Jack Black, Cate Blanchett, Owen Vaccaro, Kyle MacLachlan, Renée Elise Goldsberry","Comedia,Familia,Fantasía,Terror,Misterio",6.3,/qM66Hv4ByAxnilr0jaqCA9uOD4Y.jpg,"La historia cuenta el mágico y escalofriante relato de Lewis (Owen Vaccaro), un niño de 10 años quien, tras quedar huérfano, se muda a la vieja y rechinante casa de su tío, la cual tiene un misterioso reloj. Pronto, la aburrida y tranquila vida de su nuevo pueblo se ve interrumpida cuando accidentalmente, Lewis despierta a magos y brujas de un mundo secreto.",K
131631,The Hunger Games: Mockingjay - Part 1,2014-11-19,Francis Lawrence,"Jennifer Lawrence, Josh Hutcherson, Liam Hemsworth, Woody Harrelson, Elizabeth Banks","Ciencia ficción,Aventura,Suspense",6.814,/4FAA18ZIja70d1Tu5hr5cj2q1sB.jpg,"Katniss Everdeen se encuentra en el Distrito 13 después de destrozar los Juegos para siempre. Bajo el liderazgo de la comandante Coin y el consejo de sus amigos más leales, Katniss extiende sus alas mientras lucha por salvar a Peeta Mellark y a una nación alentada por su valentía...",K
131634,The Hunger Games: Mockingjay - Part 2,2015-11-18,Francis Lawrence,"Jennifer Lawrence, Josh Hutcherson, Liam Hemsworth, Woody Harrelson, Elizabeth Banks","Acción,Aventura,Ciencia ficción",6.897,/lImKHDfExAulp16grYm8zD5eONE.jpg,"La última entrega de 'Los Juegos del Hambre' nos muestra a una nación en guerra, en la que Katniss se enfrenta con uñas y dientes al presidente Snow. Con la ayuda de algunos amigos, entre ellos Gale, Finnick y Peeta, arriesgará la vida para salir del Distrito 13 y eliminar al presidente Snow.",K
101299,The Hunger Games: Catching Fire,2013-11-15,Francis Lawrence,"Jennifer Lawrence, Josh Hutcherson, Liam Hemsworth, Woody Harrelson, Elizabeth Banks","Aventura,Acción,Ciencia ficción",7.425,/vrQHDXjVmbYzadOXQ0UaObunoy2.jpg,"Tras vencer en los 74º Juegos del Hambre anuales, la joven Katniss Everdeen y su compañero Peeta Mellark regresan a casa. Atrás dejaron a sus amigos y su familia, teniendo ambos que participar en la 'gira de la victoria' por todos los distritos. Durante ese largo viaje, Katniss se da cuenta de que se está gestando una rebelión, pero en el Capitolio todo sigue igual y bajo estricto control del Presidente Snow, que está organizando los 75º Juegos del Hambre, denominados 'El Vasallaje de los Veinticinco': una competición especial con una inesperada novedad que cambiará Panem para siempre.",K
278927,The Jungle Book,2016-04-07,Jon Favreau,"Neel Sethi, Bill Murray, Ben Kingsley, Idris Elba, Scarlett Johansson","Aventura,Familia,Fantasía",6.879,/2Epx7F9X7DrFptn4seqn4mzBVks.jpg,"Después de ser abandonado en la selva, una familia de lobos cría al pequeño cachorro humano Mowgli. Gracias a la manada de lobos, sale adelante hasta ser capaz de enfrentarse por sí mismo a los peligros de la selva. Pero con la llegada del peligroso Shere Khan, Mowgli deja de ser bien recibido. Este temible tigre, resentido por las heridas que le ha ocasionado el hombre, ha prometido eliminar toda amenaza humana en la selva. Así que a Mowgli no le queda más remedio que abandonar el único hogar que ha conocido en toda su vida.  El pequeño niño humano emprenderá entonces un arriesgado y fascinante viaje de autodescubrimiento, para regresar junto a su especie, acompañado de la siempre fiel Bagheera, la pantera mentora del niño, y el despreocupado y divertido oso Baloo.  Esta nueva adaptación de El Libro de la selva de Rudyard Kipling, que combina acción real con escenarios fotorrealistas y animales generados por ordenador, corre a cargo de Disney.",M
454294,The Kid Who Would Be King,2019-01-16,Joe Cornish,"Louis Ashbourne Serkis, Dean Chaumoo, Tom Taylor, Rhianna Dorris, Denise Gough","Acción,Aventura,Fantasía,Familia",6.194,/kBuvLX6zynQP0sjyqbXV4jNaZ4E.jpg,"Alex es un niño británico de doce años cuyos problemas diarios pasan a un segundo plano cuando descubre la mítica espada Excalibur. Ahora, con la espada más poderosa de la historia en manos del estudiante más desvalido de Inglaterra, una aventura épica comienza toda vez que Alex y sus amigos tendrán que contener a una villana medieval de nombre Morgana, quien está empecinada en destruir el mundo.",K
980431,Avatar Aang: The Last Airbender,2026-07-24,Lauren Montgomery,"Eric Nam, Dave Bautista, Jessica Matten, Román Zaragoza, Steven Yeun","Animación,Aventura,Fantasía,Acción",9.153,/3sgnSfNT27Bx5O5ukr7B26mhEQq.jpg,"Cuando el Avatar Aang, el último maestro del aire del mundo, descubre un poder ancestral que podría salvar a su cultura de la extinción, él y sus amigos se lanzan a la búsqueda de ese poder antes de que caiga en malas manos.",K
9361,The Last of the Mohicans,1992-08-26,Michael Mann,"Daniel Day-Lewis, Madeleine Stowe, Jodhi May, Russell Means, Wes Studi","Historia,Bélica,Drama",7.383,/qzJMPWRtZveBkxXOv3ucWhoJuyj.jpg,"En 1757, a orillas del río Hudson, tropas francesas e inglesas luchan por el dominio de la región. Los ingleses reclutan a los granjeros asentados en esas tierras para formar un ejército capaz de enfrentarse a las tropas franco-indias. Hawkeye -Ojo de halcón- (Daniel Day-Lewis) es un hombre blanco adoptado por los indios mohicanos que vive con su padre (Russell Means) y su hermano Uncas (Eric Schweig). Tras rescatar de una emboscada de los hurones a Cora Munro (Madeleine Stowe) y a su hermana pequeña Alice (Jodhi May), hijas de un oficial británico, los tres deciden acompañarlas al fuerte inglés William Henry, que está siendo asediado por franceses y hurones. Allí les obligan a quedarse con un grupo de británicos que acaban de llegar de las colonias...",K
274854,The Last Witch Hunter,2015-10-21,Breck Eisner,"Vin Diesel, Rose Leslie, Elijah Wood, Ólafur Darri Ólafsson, Julie Engelbrecht","Acción,Aventura,Fantasía",6.026,/dS9YdnJkxtKE2PKCSsxTaO7Jpf5.jpg,"Kaulder es un cazador de brujas que resulta inmortal tras recibir una maldición de la todopoderosa Reina Bruja. En el mundo actual sigue defendiendo a los humanos del mal que traen estos seres sobrenaturales. Belvial, un hechicero muy poderoso, es uno de sus mayores enemigos. Atormentado por la pérdida de su familia, Kaulder es además el último miembro de su casta de cazadores de brujas.",H
8698,The League of Extraordinary Gentlemen,2003-07-11,Stephen Norrington,"Sean Connery, Naseeruddin Shah, Shane West, Peta Wilson, Stuart Townsend","Fantasía,Acción,Suspense,Ciencia ficción",6.017,/kdAuVFP63XXxnb983ry2pLCKd9S.jpg,"En la Inglaterra victoriana, un malvado comete sus fechorías con la intención de provocar una guerra mundial. Intentando evitarlo, las autoridades reclutarán a un grupo de valientes con una peculiaridad: todos son héroes literarios. La extraordinaria Liga de Quatermain  está compuesta por el capitán Nemo, la vampiresa de Drácula Mina Harker, el hombre invisible Rodney Skinner, el agente del servicio secreto americano Sawyer, Dorian Gray, y el Dr. Jekyll / Mr. Hyde. El enigmático M, es quien recluta a la Liga. Los miembros de la Liga son contumaces individualistas, forajidos de hecho, con pasados en los que hay luces y sombras y singulares dones que les han reportado alegrías y penalidades a la par. Ahora deben aprenden a confiar los unos en los otros y trabajar como equipo por el bien y la esperanza de la civilización, con poca preparación y ningún tiempo que perder.",K
644613,The Legend of Tomiris,2019-10-01,Ақан Сатаев,"Almira Tursyn, Еркебұлан Дайыров, Әділ Ахметов, Aizhan Lighg, Azamat Satybaldy","Historia,Bélica,Drama",6.893,/kuf43UoklIhv4xYfDhc2MIE4ViX.jpg,"Esta es la historia de la vida de la gran reina de la estepa, la legendaria Tomiris. Ella está destinada a convertirse en una hábil guerrera, sobrevivir a la pérdida de personas cercanas y unir a las tribus escita / saka bajo su autoridad.",J
1656,The Legend of Zorro,2005-10-24,Martin Campbell,"Antonio Banderas, Catherine Zeta-Jones, Adrian Alonso, Julio Oscar Mechoso, Nick Chinlund","Acción,Aventura,Western",6.12,/93iEBX1QbsxAv8eSybe8lhLXY1A.jpg,"Tras ayudar con su espada a que California se convierta en el estado número 31 de la Unión, el Zorro debe cumplir la promesa que le hizo a su mujer Elena: abandonar su identidad secreta y llevar una vida normal como Alejandro de la Vega.",O
8587,The Lion King,1994-06-15,Roger Allers,"Matthew Broderick, Moira Kelly, Jeremy Irons, Nathan Lane, Ernie Sabella","Animación,Familia,Drama",8.25,/sKCr78MXSLixwmZ8DyJLrpMsd15.jpg,"La sabana africana es el escenario en el que tienen lugar las aventuras de Simba, un pequeño león que es el heredero del trono. Sin embargo, se ve forzado a exiliarse al ser injustamente acusado de la muerte de su padre. Durante su destierro, hará buenas amistades y, finalmente, regresará para recuperar lo que legítimamente le corresponde.",K
447277,The Little Mermaid,2023-05-18,Rob Marshall,"Halle Bailey, Jonah Hauer-King, Melissa McCarthy, Javier Bardem, Noma Dumezweni","Aventura,Familia,Fantasía,Romance",6.25,/ym1dxyOk4jFcSl4Q2zmRrA5BEEN.jpg,"Ariel es una joven y soñadora sirena, hija del Rey Tritón, que está cansada de su vida como princesa bajo el mar. Su mayor deseo es abandonar el fondo marino y tener una vida normal y apacible en la superficie. La bruja Úrsula descubre su anhelo y, por eso, a cambio de su preciosa voz le ofrece un cuerpo totalmente humano. Ariel acepta, movida por su pasión por conocer el mundo terrestre y porque está enamorada de un apuesto príncipe humano. Pero las cosas no serán fáciles para Ariel, ya que la bruja Úrsula esconde oscuras intenciones.",O
57201,The Lone Ranger,2013-07-03,Gore Verbinski,"Johnny Depp, Armie Hammer, Tom Wilkinson, William Fichtner, Helena Bonham Carter","Acción,Aventura,Western",6.133,/yDuJGq8biNMW7zM3w95UaDJv0KG.jpg,"Estamos ante una prometedora producción repleta de aventuras, no exentas de humor, en la que el popular cowboy enmascarado, que nació como un relato radiofónico, tomará un rostro y una apariencia renovada por completo. Tonto, es un nativo americano, curtido en mil batallas, que narra los increíbles relatos que convirtieron a John Reid, en el brazo ejecutor de la ley, toda una leyenda de los Estados Unidos. Esta insólita pareja se verá obligada a trabajar unida y a luchar contra la codicia y el crimen en una época en la que todavía prima la ley del más fuerte.",G
120,The Lord of the Rings: The Fellowship of the Ring,2001-12-18,Peter Jackson,"Elijah Wood, Ian McKellen, Viggo Mortensen, Sean Astin, Ian Holm","Aventura,Fantasía,Acción",8.445,/6oom5QYQ2yQTMJIbnvbkBL9cHo6.jpg,"En la Tierra Media, el Señor Oscuro Saurón creó los Grandes Anillos de Poder, forjados por los herreros Elfos. Tres para los reyes Elfos, siete para los Señores Enanos, y nueve para los Hombres Mortales. Secretamente, Saurón también forjó un anillo maestro, el Anillo Único, que contiene en sí el poder para esclavizar a toda la Tierra Media. Con la ayuda de un grupo de amigos y de valientes aliados, Frodo emprende un peligroso viaje con la misión de destruir el Anillo Único. Pero el Señor Oscuro Sauron, quien creara el Anillo, envía a sus servidores para perseguir al grupo. Si Sauron lograra recuperar el Anillo, sería el final de la Tierra Media.",M H
122,The Lord of the Rings: The Return of the King,2003-12-17,Peter Jackson,"Elijah Wood, Ian McKellen, Viggo Mortensen, Sean Astin, Andy Serkis","Aventura,Fantasía,Acción",8.506,/rCzpDGLbOoPwLjy3OAm5NUPOTrC.jpg,"Las fuerzas de Saruman han sido destruidas, y su fortaleza sitiada. Ha llegado el momento de que se decida el destino de la Tierra Media, y por primera vez en mucho tiempo, parece que hay una pequeña esperanza. La atención del señor oscuro Sauron se centra ahora en Gondor, el último reducto de los hombres, y del cual Aragorn tendrá que reclamar el trono para ocupar su puesto de rey. Pero las fuerzas de Sauron ya se preparan para lanzar el último y definitivo ataque contra el reino de Gondor, la batalla que decidirá el destino de todos. Mientras tanto, Frodo y Sam continuan su camino hacia Mordor, a la espera de que Sauron no repare en que dos pequeños Hobbits se acercan cada día más al final de su camino, el Monte del Destino.",M H
121,The Lord of the Rings: The Two Towers,2002-12-18,Peter Jackson,"Elijah Wood, Ian McKellen, Viggo Mortensen, Sean Astin, Andy Serkis","Aventura,Fantasía,Acción",8.429,/5VTN0pR8gcqV3EPUHHfMGnJYN9L.jpg,"La Compañía del Anillo se ha disuelto. El portador del anillo Frodo y su fiel amigo Sam se dirigen hacia Mordor para destruir el Anillo Único y acabar con el poder de Sauron. Mientras, y tras la dura batalla contra los orcos donde cayó Boromir, el hombre Aragorn, el elfo Legolas y el enano Gimli intentan rescatar a los medianos Merry y Pipin, secuestrados por los ogros de Mordor. Por su parte, Saurón y el traidor Sarumán continúan con sus planes en Mordor, en espera de la guerra contra las razas libres de la Tierra Media.",M H
112198,What's in a Name,2012-04-25,Alexandre de La Patellière,"Patrick Bruel, Valérie Benguigui, Charles Berling, Guillaume de Tonquédec, Judith El Zein",Comedia,7.323,/w5JWQo7ArqmoegKYiQbv8TeAJmg.jpg,"Vicent, cuarentón y triunfador, va a ser padre por primera vez. Invitado a cenar a casa de Élizabeth y Pierre, su hermana y su marido, se encuentra con Claude, un amigo de la infancia. Mientras esperan a Anna, la joven esposa de Vincent, entre el buen humor le hacen preguntas sobre su próxima paternidad. Pero cuando le preguntan si ya ha elegido un nombre para el niño, su sorprendente respuesta provoca el caos.",M
209350,Le Week-End,2013-10-04,Roger Michell,"Jim Broadbent, Lindsay Duncan, Jeff Goldblum, Olly Alexander, Brice Beaugier","Comedia,Drama",6.193,/l5tYBFH0GhWGRbff4AXQXUoieZB.jpg,"Narra la historia de Nick y Meg, una pareja de maduros profesores británicos, con los hijos ya independizados, que deciden regresar a la romántica París muchos años después de su luna de miel para intentar revitalizar su matrimonio.",G
30163,The Fugitives,1986-12-17,Francis Veber,"Pierre Richard, Gérard Depardieu, Jean Carmet, Maurice Barrier, Jean Benguigui",Comedia,6.799,/dmrVlsTFOW6RRUpEANVpiOytHFK.jpg,"Recién salido de la cárcel, Lucas decide cambiar de vida y ser un respetable ciudadano. Pero cuando entra en un banco es secuestrado por un atracador. Sin embargo, la policía piensa, dados sus antecedentes, que Lucas está implicado en el atraco. Años después el propio Veber dirigiría un remake en Hollywood de esta película con Martin Short y Nick Nolte.",I
55124,Unen canto con humor,1999-01-30,Carlos Núñez Cortés,"Jorge Maronna, Marcos Mundstock, Daniel Rabinovich, Carlos López Puccio, Carlos Núñez Cortés",Comedia,7.5,/hBp2VnVM8jZqPzWgJJBk5kopVho.jpg,"Estrenado el 9 de junio de 1994  en el Teatro Astengo, de Rosario, Argentina. Última función el 31 de enero de 1999, en el Teatro Auditorium, de Mar del Plata, Argentina. PROGRAMA: 1 - El regreso del indio 2 - Manuel Darío 3 - Así hablaba Sali Baba 4 - El negro quiere bailar 5 - San Ictícola de los peces 6 - A la playa con Mariana 7 - Perdónala 8 - Fronteras de la ciencia 9 - Vote a Ortega.  Instrumentos estrenados en este espectáculo: Bajo Barríltono Ferrocalíope. Grabado en el Teatro Auditorium, Mar del Plata, Argentina, 30 de Enero de 1999",H
260312,The Yellow Eyes of Crocodiles,2014-04-09,Cécile Telerman,"Emmanuelle Béart, Julie Depardieu, Patrick Bruel, Alice Isaaz, Jacques Weber",Drama,5.799,/rRhLaXepn0Bib67NLmHhvOnxQcw.jpg,"Dos hermanas. Una, Joséphine, historiadora especializada en el siglo XII, enfrentada a las dificultades de la vida. La otra, Iris, bella y con una vida parisiense fútil y acomodada. Una noche, durante una cena cualquiera, se jacta de escribir una novela. Atrapada por su mentira, persuade a su hermana, abandonada por su marido y ahogada en deudas, de escribir la novela que ella firmará, pero pudiendo quedarse ella el dinero. El éxito del libro cambiará su relación y sus vidas para siempre.",H
623856,Let Them All Talk,2020-12-10,Steven Soderbergh,"Meryl Streep, Lucas Hedges, Gemma Chan, Dianne Wiest, Candice Bergen","Comedia,Drama",5.588,/4mhZqZ7nXL6Dj6PKZSseJxv1qXZ.jpg,"Una famosa autora junta a sus amigos para divertirse y cerrar viejas heridas en un crucero, con su sobrino allí para hablar con las chicas y enamorarse de una joven agente literaria.",J
193893,Let's Be Cops,2014-08-13,Luke Greenfield,"Jake Johnson, Damon Wayans Jr., Rob Riggle, Nina Dobrev, James D'Arcy",Comedia,6.466,/pf4FoUr2phn5WyZjU7rLXSiW1Ve.jpg,"Podría parecer que esta es la última película sobre las aventuras de dos compañeros policía, pero hay un problema, ninguno de los dos lo es. Cuando los dos amigos se disfrazan de agentes de la ley para una fiesta de disfraces se convierten en la sensación del barrio. Al ver el inmenso poder que les ofrecen estos uniformes los dos compañeros deciden aprovecharse al máximo de esta nueva situación de autoridad. Pero cuando estos dos héroes de nuevo cuño se ven enredados en una trama mafiosa de la vida real deberán decidir si poner sus placas falsas en acción o faltar a su deber como falsos policías.",G
31773,Libeled Lady,1936-10-09,Jack Conway,"Jean Harlow, William Powell, Myrna Loy, Spencer Tracy, Walter Connolly","Comedia,Romance",7.283,/mu2zGdHZJ9IASvnQktjGLZ4kU13.jpg,"Cuando Loy, una diva social, calumnia al periodista Tracy, éste decide contraatacar implicando en el asunto a su prometida y al desafortunado Powell, un famosísimo pescador deportivo. El plan de Tracy incluye un matrimonio improvisado, una falsa seducción, la pesca de la trucha, puñetazos, promesas rotas...",J
583,Life of Brian,1979-08-17,Terry Jones,"Graham Chapman, John Cleese, Terry Gilliam, Eric Idle, Terry Jones",Comedia,7.764,/lSSA64WF0M0BXnjwr2quMh6shCl.jpg,"Delirante y divertidísima comedia que relata, a golpe de carcajada, la vida de un desastre de hombre, contemporáneo de Jesucristo, que es confundido por el pueblo con un mesías. Que nadie se confunda: ""Life of Brian"" no es una amalgama de escenas absurdas que hacen reír, es una brillante sátira que desborda con un humor maravillosamente inteligente. Obra capital de los geniales Monty Python, su gozosa visión está llena de memorables gags que la encumbran como una de las mejores parodias de la historia del cine.",N
9072,Little Man,2006-08-31,Keenen Ivory Wayans,"Marlon Wayans, Shawn Wayans, Kerry Washington, John Witherspoon, Tracy Morgan","Comedia,Crimen",5.941,/9KzPw1VN0pMBnq1KIqBaLI8LAB7.jpg,"Tras salir de prisión, el enano criminal Calvin Sims se une a su hermano Percy, el imbécil, para robar un enorme y costoso diamante de una joyería para el mafioso Walken. La policía los persigue, y Calvin esconde la piedra en el bolso de la ejecutiva Vanessa Edwards, cuyo esposo, Darryl Edwards, desea tener un hijo. Percy convence a Calvin de que se vista como un bebé y lo dejen frente a la casa de los Edwards para entrar y recuperar el diamante. Darryl y Vanessa se quedan con Calvin durante el fin de semana y deciden adoptarlo, mientras Walken amenaza a Darryl para recuperar la piedra.",H
9678,Little Nicky,2000-11-10,Steven Brill,"Adam Sandler, Patricia Arquette, Harvey Keitel, Rhys Ifans, Tommy Lister Jr.","Comedia,Fantasía",5.836,/AudA8gnTWSBWXBHSBHnr3HHUXXM.jpg,"Tras diez mil años de duro trabajo, Satanás está deseando retirarse, pero ninguno de sus hijos es lo bastante malvado para sustituirlo. Los mayores, Cassius y Adrian, cansados de la tiranía de su padre, deciden marcharse a Nueva York para instaurar su propio reino infernal. Nicky, el más pequeño y tonto, conseguirá evitar la sucesión encarnándose en un hombre.",J
100270,Game of Werewolves,2011-10-07,Juan Martínez Moreno,"Carlos Areces, Luis Zahera, Mabel Rivera, Gorka Otxoa, Secun de la Rosa","Comedia,Terror",5.818,/5dGT0IyOpEFVwVrQuxFRTFsD3n1.jpg,"En 1910, en Arga, un pequeño pueblo gallego, una maldición cae sobre la malvada marquesa de Mariño: al cumplir los diez años, su hijo se convierte en un hombre-lobo. Cien años después, Tomás (Gorka Otxoa), un escritor fracasado que es el último descendiente varón de los Mariño, regresa al pueblo convencido de que van a nombrarlo hijo adoptivo de Arga. En realidad, los vecinos piensan sacrificarlo en una oscura ceremonia para acabar con el reinado de terror del hombre-lobo que lleva un siglo sembrando el pánico en la comarca. De no llevarse a cabo la inmolación del último de los Mariño en la fecha exacta, una segunda maldición de consecuencias más terribles, caería sobre el pueblo.",I
459992,Long Shot,2019-05-02,Jonathan Levine,"Charlize Theron, Seth Rogen, O'Shea Jackson Jr., June Diane Raphael, Ravi Patel","Comedia,Romance",6.703,/1F9AItQ6fhrfhBVQlmC8ReOQAFG.jpg,"Cuando Fred Flarsky (Seth Rogen) se reencuentra inesperadamente con el primer amor de su vida, que ahora es una de las mujeres más influyentes del mundo, Charlotte Field (Charlize Theron), logra llamar su atención gracias a su peculiar sentido del humor y a su visión idealista del mundo y de la política. Mientras se prepara para aspirar a la presidencia del país, Charlotte contrata a Fred para que sea el encargado de escribir sus discursos. Sin embargo, Fred se va a encontrar como un pez fuera del agua en el equipo de élite de Charlotte.",K
144789,I'm So Excited!,2013-03-08,Pedro Almodóvar,"Antonio Banderas, Penélope Cruz, Coté Soler, Antonio de la Torre, Hugo Silva",Comedia,5.687,/9EzUcIprNb7JR4pNBSQXmljIMjr.jpg,"Un grupo de pasajeros viajan en avión a Ciudad de México. Sin embargo, un severo problema en el vuelo provoca que todos ellos sientan que su muerte se acerca, de ahí que saquen a relucir diversos aspectos de sus vidas. Comedia coral y picante ambientada a bordo de un avión cuya tripulación es un tanto excéntrica.",H
468702,"On Tuesdays, Orchids",1941-04-06,Francisco Múgica,"Mirtha Legrand, Enrique Serrano, Juan Carlos Thorry, Felisa Mary, Zully Moreno",Comedia,6.857,/eJJ3hImC7IqW69pX0Kbef1HuO5.jpg,,M
386827,Love Is All You Need?,2016-03-05,Kim Rocco Shields,"Briana Evigan, Tyler Blackburn, Emily Osment, Ana Ortiz, Jenica Bergere",Drama,5.902,/yvuja5tbEBPZCQRVUwSzxnVv9hb.jpg,"Ubicada en un mundo donde la homosexualidad es la norma, una pequeña ciudad de Indiana se ve sacudida hasta su núcleo cuando Jude, el mariscal de campo estrella del equipo de fútbol universitario local, se enreda con Ryan, un estudiante de periodismo deportivo. Cuando es expuesto a la pareja recta, líder religioso de gran alcance de la comunidad comienza una cruzada vitriólica contra todos los heterosexuales.",I
8051,Punch-Drunk Love,2002-10-11,Paul Thomas Anderson,"Adam Sandler, Emily Watson, Philip Seymour Hoffman, Luis Guzmán, Mary Lynn Rajskub","Romance,Drama,Comedia",7.105,/htYp4yqFu4rzBEIa6j9jP8miDm3.jpg,"Barry (Adam Sandler) es un tipo solitario y poco sociable que fue educado entre siete hermanas. La sobreprotección que se le dispensó desde niño le ha impedido enamorarse. Un día descubre un fallo en un concurso y gana miles de millas en billetes de avión. Viajando, conoce a una misteriosa mujer (Emily Watson) con la que inicia una romántica aventura. (FILMAFFINITY)",M
333348,Love the Coopers,2015-11-12,Jessie Nelson,"Diane Keaton, John Goodman, Ed Helms, Amanda Seyfried, Alan Arkin","Comedia,Familia,Drama",6.005,/fPW1BHZhUEViOmDAHFfyLezoQdI.jpg,"Cuando cuatro generaciones del clan de los Copper se reúnen para la celebración de las vísperas de navidad, una serie de inesperados visitantes y eventos improbables dan vuelta la noche de cabeza, lo que lleva a todos a un sorprendente descubrimiento de los vínculos familiares y el espíritu de las fiestas.",H
40894,Lover Come Back,1961-12-20,Delbert Mann,"Rock Hudson, Doris Day, Tony Randall, Edie Adams, Jack Oakie","Comedia,Romance",6.991,/uY5MvhzoH25LMTgEjRR2XtGLdMi.jpg,"Jerry Webster y Carol Templeton se dedican a la publicidad, aunque trabajan para diferentes agencias. Molesta por los métodos empleados por Jerry (alcohol y mujeres) para conseguir los contratos, Carol intenta echarlo de la profesión. Para evitarlo, Jerry camela a la chica que iba a testificar contra él, convirtiéndola en la estrella de un anuncio para televisión, de una importante marca, que acaba de conseguir.",H
535408,Luciano Mellera: Infantiloide,2018-07-06,Jan Suter,Luciano Mellera,Comedia,7.45,/9emFHHAdyfDGbZ2lPzgyyPFheJi.jpg,,K
34866,Mafioso,1962-10-24,Alberto Lattuada,"Alberto Sordi, Norma Bengell, Carmelo Oliviero, Gabriella Conti, Ugo Attanasio","Crimen,Drama,Comedia",7.567,/5Bj9iA1HIaLi5GVb1N5oUfidkwL.jpg,"Antonio Badalamenti es un honrado siciliano que trabaja y vive en Milán. Llegada la época estival, decide pasar sus vacaciones en Calenzano, su pueblo natal, situación que aprovecha el director de su empresa para enviar un paquete a Don Vincenzo, el jefe de la mafia local. A partir de ese momento el protagonista se verá implicado en los turbios negocios de la mafia",J
264999,Magic Mike XXL,2015-07-01,Gregory Jacobs,"Channing Tatum, Matt Bomer, Joe Manganiello, Kevin Nash, Adam Rodriguez","Comedia,Drama",6.147,/jkuCNd3wOmf4sDlZ89HEt8jmsqr.jpg,"Después de quemar la noche con sus incombustibles amigos strippers, la estrella Magic Mike tendrá que valorar si puede vivir para siempre siguiendo este estilo de vida. Elegir entre el dinero fácil y cambiar completamente de oficio (con algo más de ropa) vuelve a ser de nuevo un dilema en su vida. Hasta que lo tenga del todo claro, su show sigue enloqueciendo a las mujeres de todas las edades, que hacen cola por entrar en su club nocturno y deleitarse con sus performances sensuales que dejarán a más de una con la boca abierta y los bolsillos vacios. Mientras su vida personal parece complicarse por momentos Mike deberá hacer lo que mejor sabe si quiere salir de todos sus líos: bailar y crear un espectáculo desinivido y diferente.",H
812583,Wake Up Dead Man: A Knives Out Mystery,2025-11-26,Rian Johnson,"Daniel Craig, Josh O'Connor, Glenn Close, Josh Brolin, Mila Kunis","Suspense,Misterio,Comedia",7.209,/iV9LM8aUb83BjCCx2RUnKE5sSQg.jpg,El detective Benoit Blanc se une a un joven y honesto sacerdote para investigar un crimen totalmente imposible en la iglesia de un pequeño pueblo con una oscura historia.,H
638965,Mandibles,2021-05-19,Quentin Dupieux,"Grégoire Ludig, David Marsais, Adèle Exarchopoulos, India Hair, Roméo Elvis","Comedia,Fantasía",6.325,/8YtLJ9xcEHDpE1vsB5fy6PINERZ.jpg,Dos amigos ingenuos descubren una mosca gigante en el maletero de un automóvil y deciden domesticarla para ganar dinero con ella.,J
848763,Más respeto que soy tu madre,2022-09-08,Marcos Carnevale,"Diego Peretti, Florencia Peña, Guillermo Arengo, Ángela Torres, Agustín Battioni",Comedia,6.427,/tFL9IuEwA35xmG3kSKFEWxWJDaz.jpg,"Una familia tipo de Mercedes, provincia de Buenos Aires, compuesta por una madre que intenta sostener a la familia, compuesta por un marido repartidor de pizzas
389995,I Married a Dumbass,2016-03-17,Juan Taratuto,"Adrián Suar, Valeria Bertuccelli, Gerardo Romano, Norman Briski, Alan Sabbagh","Comedia,Romance",5.2,/rWo38m3XwcbOeArt2UOixPtkoB9.jpg,"Fabián Brando y Florencia Córmik son actores. El es el más renombrado del país y ella es una completa desconocida. Durante el rodaje de un film inician un fogoso romance que, casi sin noviazgo mediante, termina en casamiento. Durante la luna de miel Florencia se da cuenta de que se casó con un idiota irrecuperable. Cuando Fabián se entera lo que ella piensa de él, idea un plan que sólo podrá llevar a cabo con la ayuda del guionista de sus películas más exitosas.",M
85437,My First Wedding,2011-09-01,Ariel Winograd,"Natalia Oreiro, Daniel Hendler, Imanol Arias, Martín Piroyansky, Muriel Santa Ana","Romance,Comedia",5.944,/qFvSOU90Q1pypRjOV6vmDdZlT7I.jpg,"El día de su boda, Adrián, nervioso, comete un pequeño error que pretende ocultar a Leonora, su novia, para evitar problemas. Pero lejos de evitarlos, complica más las cosas y la fiesta corre el riesgo de terminar muy mal, al igual que el futuro matrimonio de la pareja.",I
567965,Misbehaviour,2020-03-12,Philippa Lowthorpe,"Keira Knightley, Gugu Mbatha-Raw, Jessie Buckley, Keeley Hawes, Phyllis Logan","Drama,Historia,Comedia",6.368,/o1SoYYvxG4bWTXp4wNWt5sKQf1E.jpg,"Año 1970. El certamen de Miss Mundo se celebra en Londres presentado por Bob Hope, leyenda de la comedia estadounidense. En ese momento Miss Mundo es el programa de televisión más visto en el planeta, con más de 100 millones de espectadores. En pleno directo el recién creado Movimiento de Liberación de Mujeres invade el escenario e interrumpe la retransmisión afirmando que los concursos de belleza degradan a las mujeres. Así, de la noche a la mañana, el Movimiento se hace famoso... Al reanudarse el programa, la elección de la ganadora provoca un nuevo gran revuelo: no es la favorita sueca, sino Miss Grenada, la primera mujer negra en ser coronada Miss Mundo. En cuestión de horas, una audiencia global fue testigo de la expulsión del patriarcado del escenario y del nacimiento del nuevo ideal de belleza occidental.",K
102144,Mister 880,1950-09-29,Edmund Goulding,"Burt Lancaster, Dorothy McGuire, Edmund Gwenn, Millard Mitchell, Minor Watson","Comedia,Crimen,Romance",7.237,/aEYs8GpSqpssqPWaIS9XXOBeY8o.jpg,"El capitán es un hombre  encantador querido por todos sus vecinos. Lo que ellos no saben es que él también es el señor 880 , un falsificador que ha logrado sorprendentemente eludir el servicio secreto durante 20 años",J
37853,Mister Roberts,1955-07-10,John Ford,"Henry Fonda, James Cagney, William Powell, Jack Lemmon, Betsy Palmer","Comedia,Drama,Bélica",7.03,/5B8Gc1N2S3CDWHBzm0VxaMPTyzJ.jpg,"Ensign Pulver es miembro de la tripulación de un buque mercante norteamericano que navega por las aguas del Pacífico durante la Segunda Guerra Mundial. A lo largo de la travesía, la convivencia no es fácil, sobre todo, porque los oficiales están enfrentados entre sí.",G
53581,Money from Home,1953-12-31,George Marshall,"Dean Martin, Jerry Lewis, Marjie Millar, Pat Crowley, Richard Haydn","Comedia,Música",6.0,/pokwiDJO8U2DjfNcDaQIA4QeRTG.jpg,"Un timador profesional, está desesperado porque tiene que pagar una deuda de juego a un mafioso de Nueva York. Para salir del problema, pide ayuda a su primo, un apasionado de los animales: el plan consiste en dopar al caballo My Sheba para que gané una importante carrera. Pero, cuando Nelson conoce a la bella propietaria de Sheba, se enamora de ella, y Virgil, por su parte, se encariña con el animal. Ahora les interesa más que nunca la victoria de Sheba y para conseguirla recurrirán a los planes más descabellados",M
762,Monty Python and the Holy Grail,1975-04-03,Terry Jones,"Graham Chapman, John Cleese, Eric Idle, Terry Gilliam, Terry Jones","Aventura,Comedia,Fantasía",7.804,/7nTkHjETdGMYK1phHwDbPsrzbYl.jpg,"El rey Arturo y sus caballeros reciben un encargo divino: partir en búsqueda del Santo Grial, para lo cual deberán luchar contra enemigos muy diversos: malignos caballeros rivales, bestias sanguinarias (que solo son visibles como dibujo animado), groseros caballeros franceses fortificando un castillo en Inglaterra, brujas, adivinos mefistofélicos, Scotland Yard, y hasta un conejo asesino y carnívoro (que muere destruido por una cómica reliquia traída de las Cruzadas: la ""Santa Granada de Mano de Antioquia"").",N
282268,Monty Python Live (Mostly),2014-07-20,Eric Idle,"John Cleese, Terry Gilliam, Eric Idle, Terry Jones, Michael Palin","Comedia,Música,Documental",7.131,/q1m6bwNJujUBFB0ZdAKXSJRD8OW.jpg,"Por primera vez en más de tres décadas, los legendarios cómicos Monty Python se darán cita este año para una actuación juntos y en vivo. La emisión desde el O2 Arena de Londres denominada ""Monty Python Live (mostly)"" (Monty Python en vivo [más o menos]) se retransmitirá en los cines de todo el mundo el domingo 20 de julio. Con una edad que en conjunto solo suma los 358 años, John Cleese, Terry Gilliam, Eric Idle, Terry Jones y Michael Palin volverán a representar algunos de sus mejores momentos, dándoles un toque de modernidad y centrado en la actualidad, sin dejar de ser Pythonesco. Monty Python se han ganado a pulso el título de unos de los mejores cómicos del mundo. Han sido influencia de toda una generación y han revolucionado el mundo de la comedia. (FILMAFFINITY)",K
4543,Monty Python's The Meaning of Life,1983-03-31,Terry Jones,"Terry Gilliam, Graham Chapman, John Cleese, Eric Idle, Terry Jones",Comedia,7.31,/9yavZ9WgEZIpWi2EbVW8At9RPdo.jpg,"Conjunto de episodios que muestran de forma disparatada los momentos más importantes del ciclo de la vida. Desde el nacimiento a la muerte, pasando por asuntos como la filosofía, la historia o la medicina, todo tratado con el inconfundible humor de los populares cómicos ingleses.",M
80446,Mortadelo & Filemon: Mission: Save the Planet,2008-01-25,Miguel Bardem,"Edu Soto, Pepe Viyuela, Berta Ojea, Janfri Topera, Mariano Venancio","Comedia,Fantasía,Familia",4.574,/zYQubTGO92TtOWQ9YHqWUfgtwdl.jpg,"El planeta se enfrenta a una gran amenaza. Coincidiendo con una gran sequía, un grupo de malhechores se propone eliminar las reservas de agua que quedan en la tierra. Los mejores agentes secretos del mundo se reúnen urgentemente, pero no cuentan con ninguna pista. Para empeorar las cosas, el malvado Botijola (Carlos Santos) planea atentar contra esa reunión, para acabar así con todos los agentes. Su intención es convertir la bebida que lleva su nombre en el sustituto del agua. Sin embargo, hay dos cosas con las que Botijola no contaba. Por un lado, Bacterio, antes de ser secuestrado, escondió las piezas de su invento en distintos momentos históricos, utilizando la máquina del tiempo. Por otro, hay dos de los agentes internacionales que no han acudido a la reunión saboteada, ellos van a convertirse en la única esperanza del mundo.",G
32294,Mr. Blandings Builds His Dream House,1948-03-25,H. C. Potter,"Cary Grant, Myrna Loy, Melvyn Douglas, Reginald Denny, Sharyn Moffett",Comedia,6.952,/smKM575W3FLvWHna5YaWWeN5po8.jpg,"El publicista Jim Blandings, casado y con dos hijas, está harto de los ruidos, las prisas y las tensiones de Manhattan. Por eso, decide comprar una casa de campo en Connecticut
11971,Much Ado About Nothing,1993-05-07,Kenneth Branagh,"Emma Thompson, Kenneth Branagh, Kate Beckinsale, Denzel Washington, Michael Keaton","Drama,Comedia,Romance",6.956,/tvltGP6vYOkHdURag0jPSjhPUAV.jpg,"El Príncipe Don Pedro de Aragón (Denzel Washington) regresa victorioso de una batalla acompañado de su hermano bastardo Don Juan (Keanu Reeves), de Benedicto (Kenneth Branagh) y de Claudio (Robert Sean Leonard), un joven florentino que ha sido colmado de honores por el gran valor mostrado en el campo de batalla. Son recibidos con gran regocijo por el caballero Leonato, que vive con su hija Hero (Beckinsale) y su sobrina Beatriz (Emma Thompson) en una paradisíaca villa de la campiña siciliana (Mesina). En el siglo XV, Sicilia formaba parte de los dominios de la Corona de Aragón, lo que explica el nombre de alguno de los personajes.",G
57544,Dying of Laughter,1999-03-11,Álex de la Iglesia,"Santiago Segura, El Gran Wyoming, Álex Angulo, Carla Hidalgo, Eduardo Gómez",Comedia,6.4,/9pTnAwFOUt5NSOcKkeuNW46cwws.jpg,"""Muertos de Risa"" es un drama humano que parece un chiste. Sus protagonistas son Nino y Bruno, dos humoristas condenados al éxito más estruendoso en una España marcada por los cambios sociopolíticos, la televisión, las canciones del verano y las modas que vienen y van. Como todo no puede ser perfecto, Nino y Bruno pronto descubren que, cuanto más se odian, más éxito tienen, y cuanto más éxito tienen, más se odian.",H
4203,Women on the Verge of a Nervous Breakdown,1988-03-25,Pedro Almodóvar,"Carmen Maura, Antonio Banderas, Julieta Serrano, María Barranco, Rossy de Palma","Comedia,Drama",7.389,/3Mw74Vdc5xpoKQ3exlJuolyGYb6.jpg,"Pepa e Iván son actores de doblaje. Él es un mujeriego empedernido y, después de una larga relación, rompe con Pepa: le deja un mensaje en el contestador pidiéndole que le prepare una maleta con sus cosas. Al quedarse sola, Pepa no soporta vivir en una casa llena de recuerdos y decide alquilarla. Mientras espera que Iván vaya a recoger la maleta, la casa se le va llenando de gente extravagante de la que aprenderá muchas cosas sobre la soledad y la locura.",G
514999,Murder Mystery,2019-05-25,Kyle Newacheck,"Adam Sandler, Jennifer Aniston, Luke Evans, Terence Stamp, Gemma Arterton","Comedia,Misterio,Crimen",6.251,/bSMSO9xupd4R4vwTPqigHn2quLN.jpg,"Unos recién casados estadounidenses que visitan Europa en su luna de miel, quedan atrapados en el misterio de un asesinato después de presenciar un crimen.",K
96432,My Friend Irma,1949-10-14,George Marshall,"Marie Wilson, Diana Lynn, Dean Martin, Jerry Lewis, John Lund","Comedia,Romance",6.8,/o7mNkoLDstiYPUELgaRD5jXPtmA.jpg,"Una secretaria de Nueva York, rubia, muy sexy, pero algo tonta, se empeña en ayudar a un par de cómicos amigos suyos a encontrar trabajo.",N
9353,Nacho Libre,2006-06-16,Jared Hess,"Jack Black, Ana de la Reguera, Héctor Jiménez, Darius Rose, Moisés Arias","Comedia,Acción,Familia",6.538,/kh7B91bMl2lZ0mH9WhPfaNUIEQH.jpg,"Ignacio (Jack Black) es un luchador gordo con un socio de equipo. Su madre era una misionera de Escandinavia y su padre era diácono de México. Murieron cuando Ignacio era pequeño. Creciendo como huérfano en un monasterio mexicano se convirtió en el cocinero del orfanato. Ignacio soñaba con convertirse en un luchador, pero la prohibición de la lucha en el monasterio no se lo permitía. Como en el orfanato la comida era escasa, a Nacho se le ocurrió un plan para conseguir el dinero para los huérfanos, ir a competir en la lucha libre, pero debe tener cuidado con la hermana Encarnación (Ana de la Reguera) con quien tiene mucho en común. Ignacio decide finalmente ser un luchador.",O
154227,Unseen + Untold: National Lampoon's Animal House,2003-08-24,,,Documental,6.667,/iCo7xLOXFzmf8bwHU4h7IkfkSF9.jpg,,J
5825,National Lampoon's Christmas Vacation,1989-11-30,Jeremiah S. Chechik,"Chevy Chase, Beverly D'Angelo, Juliette Lewis, Johnny Galecki, John Randolph",Comedia,7.231,/oat42hUw8XzKYUmfy0YLAxYd484.jpg,"Clark Griswold, movido por un generoso y sentimental espíritu navideño, quiere sorprender a toda su familia con una gran fiesta. La suerte no suele acompañarlo y esta vez no va a ser diferente... Una sucesión de disparatados desastres convertirán la esperadísima sorpresa de Clark en un verdadero caos.",N
195589,Neighbors,2014-05-08,Nicholas Stoller,"Seth Rogen, Zac Efron, Rose Byrne, Dave Franco, Christopher Mintz-Plasse",Comedia,6.178,/sN1RU08CMi8xkRIibremh3AOdgw.jpg,"Aparentemente, Mac Radner y su esposa Kelly han hecho realidad el sueño americano: acaban de tener una niña adorable y se han comprado una preciosa casa en las afueras. La pareja de treintañeros está convencida de que ha adquirido el aplomo necesario para la vida de adultos, pero estos exjuerguistas van a enfrentarse a un reto inesperado. Cuando Mac y Kelly descubren que sus nuevos vecinos son los miembros de la fraternidad Delta Psi Beta, con el carismático presidente Teddy Sanders a la cabeza, intentan estar a la altura de la situación y parecer más colegas que adultos. Pero las juergas de los chicos adquieren proporciones épicas y a la pareja no le queda más remedio que poner un poco de orden. La guerra entre vecinos escala a la velocidad del rayo a medida que el matrimonio se las ingenia para que expulsen a los universitarios, y estos últimos, para hacer perder la poca cordura que les queda a los nuevos padres.",G
1196412,I Can't Live Without You,2024-08-15,Santiago Requejo,"Adrián Suar, Paz Vega, Eva Santolaria, Ramón Barea, Raúl Fernández de Pablo","Comedia,Romance",6.7,/ohtCcB46D3ki1FGoh1QvA1R14sk.jpg,"Carlos (Adrián Suar) es un consultor que lleva toda la vida enganchado al móvil del trabajo contestando emails, atendiendo llamadas y haciendo continuos video-meetings sin importarle el día y la hora que sea. Su nombramiento como socio está muy cerca y ahora más que nunca debe demostrar su total compromiso con la empresa. Sin embargo, para su mujer Adela (Paz Vega), la situación ha llegado a ser enfermiza, así que harta de ser siempre el segundo plato y aprovechando que sus hijos se han ido de erasmus, decide dejarle y comenzar una nueva vida. Ahora que Adela se ha ido de casa, Carlos hará todo lo posible para recuperarla, incluso apuntarse a una novedosa terapia que ha encontrado en internet. Una terapia para adictos a los móviles.",O
215323,I Don't Know Whether to Slit My Wrists or Leave Them Long,2013-08-23,Manolo Caro,"Luis Gerardo Méndez, Zuria Vega, Ludwika Paleta, Luis Ernesto Franco, Raúl Méndez",Comedia,6.732,/6I4piF3k4Ul6tdHCTdg57zVn1Al.jpg,"La trama inicia con el estruendoso ruido de dos disparos, uno por un posible homicidio y el otro por suicidio. El primero, porque Nora le apunta con una pistola a su esposo Aarón, a quien le reclama su infidelidad, y el segundo porque Félix cae en depresión por carecer del apoyo de su novia y no volver a jugar futbol soccer. A partir de este momento la historia se remonta ocho meses antes.",H
454467,Noelle,2019-11-12,Marc Lawrence,"Anna Kendrick, Shirley MacLaine, Bill Hader, Kingsley Ben-Adir, Julie Hagerty","Familia,Comedia,Fantasía",6.6,/ljxeeVQJra8O4slFsmmnf5NgFx4.jpg,"es una comedia navideña ambientada en el Polo Norte, en una época en la que Santa se prepara para retirarse y transmitir los reinados a su hijo Nick Claus. Sin embargo, el estrés de su futuro papel comienza a afectar a Nick, que no siente tan arraigado el espíritu navideño como los demás miembros de su familia.",J
26670,Noises Off...,1992-03-20,Peter Bogdanovich,"Carol Burnett, Michael Caine, Denholm Elliott, Julie Hagerty, Marilu Henner",Comedia,7.2,/rrRNSwC0sfQUs0g9MVmDaJdP4Pg.jpg,Lloyd Fellow dirige a un grupo teatral se las ve y las desea para representar una función que está peligrando a causa de los conflictos personales surgidos entre sus heterogéneos y excéntricos actores y actrices.,H
143839,Nothing But the Best,1964-03-10,Clive Donner,"Alan Bates, Denholm Elliott, Millicent Martin, Harry Andrews, Pauline Delaney",Comedia,6.042,/3v1Lofl5c3JUcQScV90HTFkxb4x.jpg,,O
17106,Numb,2007-04-30,Harris Goldberg,"Matthew Perry, Lynn Collins, Kevin Pollak, Bob Gunton, Helen Shaver","Comedia,Drama,Romance",5.898,/tH8olC1mCnxqqby8xdNOiy15B1q.jpg,"Hudson Milbank es un exitoso guionista de Hollywood que repentina y extrañamente se encuentra sin sentimientos emocionales. Intenta doctor tras doctor y se encoge después de encogerse, pero nada funciona. El Golf Channel, las clases de ejercicios para lesbianas y una vertiginosa variedad de píldoras lo ayudan a pasar el día, pero no resuelven su problema del todo. Su compañero de escritura intenta todo para que vuelva a la normalidad, pero no es hasta que Hudson conoce a Sara que encuentra una verdadera motivación para mejorar y para comenzar a sentir de nuevo. Del escritor de Deuce Bigalow, viene NUMB, una comedia romántica que sigue a un hombre inusual que busca un amor extraño.",H
1203236,Nutcrackers,2024-09-05,David Gordon Green,"Ben Stiller, Linda Cardellini, Homer Janson, Ulysses Janson, Arlo Janson","Drama,Comedia",5.855,/ynVqSbqVTvvLka3nDc23iUaKeIM.jpg,"Justo después de cerrar el mayor acuerdo de su carrera profesional, Mike se ve obligado a hacer un paréntesis en su vida de soltero en la gran ciudad e irse a una granja de un pueblo de Ohio para ayudar a sus sobrinos, que acaban de quedarse huérfanos, a encontrar un nuevo hogar.",O
348537,Spanish Affair 2,2015-11-20,Emilio Martínez Lázaro,"Dani Rovira, Clara Lago, Berto Romero, Karra Elejalde, Carmen Machi","Comedia,Romance,Familia",5.523,/jOM2VjDlu6h4hFvmG2BMHPEU9Vz.jpg,"Las alarmas de Koldo se encienden cuando se entera de que su hija Amaia, tras romper con Rafa, se ha enamorado del catalán Pau y, ante tal ""sacrilegio"", cruza la frontera de Euskadi y pone rumbo a Sevilla para convencer a Rafa de que deben viajar a Cataluña al precio que sea. El objetivo es rescatarla de los brazos del joven y de su entorno.",H
236737,Spanish Affair,2014-03-14,Emilio Martínez Lázaro,"Clara Lago, Dani Rovira, Carmen Machi, Karra Elejalde, Alberto López","Comedia,Romance",6.644,/9212udpJsvp01Cb5RkoKEpchtpX.jpg,"Rafa es un joven señorito andaluz que no ha tenido que salir jamás de su Sevilla natal para conseguir lo único que le importa en la vida: el fino, la gomina y las mujeres. Hasta que un día todo cambia cuando aparece la primera mujer que se resiste a sus encantos: Amaia, una vasca. Decidido a conquistarla, Rafa viaja hasta un pueblo de la Euskadi profunda, donde para que Amaia le haga algo de caso deberá hacerse pasar por vasco. Rafa pasará entonces a llamarse Antxon, nombre euskera al que decide además acompañar de unos cuantos apellidos vascos: Arguiñano, Igartiburu, Erentxun, Gabilondo, Urdangarin, Otegi, Zubizarreta y… Clemente.",G
10317,Our Brand Is Crisis,2015-09-11,David Gordon Green,"Sandra Bullock, Anthony Mackie, Billy Bob Thornton, Zoe Kazan, Scoot McNairy","Comedia,Drama",5.866,/tE7oaFegUgfBC0FMZbHdwB9I1lC.jpg,"Adaptación del documental homónimo de 2005, centrado en las estrategias políticas de Estados Unidos en Sudamérica.",H
587792,Palm Springs,2020-07-10,Max Barbakow,"Andy Samberg, Cristin Milioti, J.K. Simmons, Peter Gallagher, Meredith Hagner","Comedia,Romance,Ciencia ficción",7.338,/gnAfqiV7yO3Jq9IntTmwkcaICqc.jpg,"Cuando el desenfadado Nyles y su reticente dama de honor Sarah tienen la oportunidad de encontrarse en una boda de Palm Springs, las cosas se complican al verse incapaces de escapar del lugar y el uno del otro",K
88042,Parental Guidance,2012-12-25,Andy Fickman,"Billy Crystal, Bette Midler, Marisa Tomei, Tom Everett Scott, Bailee Madison",Comedia,5.961,/815zxi87kTUvleFHjnE5SNzWmVZ.jpg,"Artie y Diane Decker, un matrimonio en edad de jubilación que, tendrá que desempolvar el manual de cómo educar a los niños. Su hija, pide ayuda a Artie para que se encargue de sus tres hijos mientras ella permanece fuera de la ciudad por motivos de trabajo. Una propuesta a la que, por el bien de su relación, el abuelo no puede negarse.  El matrimonio pasará así unos días con sus nietos, intentando educarles lo mejor posible, aunque no será nada fácil. El estilo de vida que llevan, lleno de estrés por las tareas del colegio entran en conflicto con sus ideales y la casa pierde su anterior tranquilidad para siempre. Artie y Diane tendrán que aprender técnicas novedosas para aplicarse ellos mismos y poder así transmitírselas a sus nietos.",I
22829,Paris When It Sizzles,1964-03-01,Richard Quine,"William Holden, Audrey Hepburn, Grégoire Aslan, Raymond Bussières, Christian Duvaleix","Romance,Comedia",6.266,/aojHngnnK0kTYjvCwtlfAj8xf4B.jpg,"Un productor de Hollywood encarga al escritor Richard Benson (William Holden) el guión de su última película. Benson se instala en un apartamento de París, pero, en vez de escribir, se dedica a la buena vida. Cuando se da cuenta de que sólo le quedan dos días para acabar el trabajo, contrata a Gabrielle (Audrey Hepburn) como secretaria para poder cumplir el encargo.",H
256961,Paul Blart: Mall Cop 2,2015-04-16,Andy Fickman,"Kevin James, Raini Rodriguez, Neal McDonough, Daniella Alonso, Eduardo Verástegui","Acción,Comedia,Familia",5.173,/qML63w7vgspicwLK6xXGLK17cM0.jpg,"Esta vez seguimos a Paul Blart hasta Las Vegas, donde va a acudir a una Expo de Guardias de Seguridad junto con su hija adolescente, antes de que esta se marche a la universidad. Con lo que Blart no cuenta es que van a atracar el casino donde se encuentra tanto su hija como él, desencadenando situaciones hilarante y teniendo que demostrar todo lo que ha aprendido en su formacón.",K
63857,Too Bad She's Bad,1954-12-28,Alessandro Blasetti,"Vittorio De Sica, Sophia Loren, Marcello Mastroianni, Giorgio Sanna, Mauro Sacripanti","Romance,Comedia",6.863,/fSqZsMmM7FzpfJ7bLB8UKFDBFlo.jpg,"Paolo conduce en su taxi a la encantadora Lina y a sus tres amigos a la playa, pero se da cuenta de que lo que ellos pretenden es robarle su vehículo. Ella le enreda con explicaciones confusas y le lleva a conocer a Sopriano, su padre. Paolo piensa que se trata de una familia honrada, hasta que descubre que la pitillera de oro que ella le ha dado había sido sustraída, que Sopriano se ha apropiado de una maleta en la estación y que padre e hija son carteristas en los autobuses. Paolo los denuncia a la Policía, pero ellos se las arreglan para distorsionar los hechos y parecer que son inocentes. Desesperado, Paolo propone a Lina que abandone la vida de ladrona...",N
264729,Off Course,2015-03-03,Nacho G. Velilla,"Yon González, Julián López, Blanca Suárez, Malena Alterio, Úrsula Corberó","Romance,Comedia",6.302,/mhZWzcIvU5ind2q56qDDoDwKZv1.jpg,"Hugo y Braulio, dos jóvenes con formación universitaria pero sin futuro en España, deciden en embarcarse en un viaje a Alemania para comenzar allí una nueva vida, tal como se muestra en el programa de televisión ""Españoles por el mundo"". Pero cuando llegan al país germano se dan cuenta de que nada es fácil en la vida y descubrirán que sobrar en un sitio no significa encajar en otro.",J
114150,Pitch Perfect,2012-09-28,Jason Moore,"Anna Kendrick, Anna Camp, Brittany Snow, Skylar Astin, Rebel Wilson","Comedia,Música,Romance",7.266,/gsFoJk9g8W3zgaipRrrURk7LbiF.jpg,"Beca es de esas chicas que prefiere escuchar lo que sale de sus auriculares a lo que puede decirle alguien. Al llegar a la universidad no tiene cabida en ningún grupo, pero la obligan a unirse a uno que jamás habría escogido, formado por chicas malas, chicas buenas y chicas raras que solo comparten una cosa: lo bien que suenan cuando están juntas. Beca quiere que el grupo de canto acústico salga del tradicional mundo musical y llegue a alcanzar armonías nuevas y sorprendentes. Las chicas deciden escalar puestos en el despiadado mundo del canto a cappella universitario. Su intento puede acabar siendo lo mejor que han hecho. O, quizá, su mayor locura. Probablemente sea una mezcla de ambas cosas.",K
2609,"Planes, Trains and Automobiles",1987-11-26,John Hughes,"Steve Martin, John Candy, Laila Robins, Michael McKean, Dylan Baker",Comedia,7.252,/fwi2cET87xArJCb8MdbWq2BZO3n.jpg,"Un vendedor de cortinas de ducha y un estirado agente de publicidad tienen asientos contiguos en el vuelo que les lleva a casa para celebrar el Día de Acción de Gracias. Pero el avión, luego el tren y posteriormente el automóvil en el que viajan sufrirán muchos percances y los dos personajes, que mantienen una tensa relación, tendrán que colaborar juntos para poder llegar a casa a tiempo.",J
554241,Playing with Fire,2019-11-08,Andy Fickman,"John Cena, Keegan-Michael Key, John Leguizamo, Tyler Mane, Brianna Hildebrand","Familia,Comedia",6.569,/nBLPIpReSatt1zcgVzSVzq5e581.jpg,"Cuando el superintendente de bomberos, Jake Carson (John Cena) y su equipo de élite de expertos bomberos (Keegan-Michael Key, John Leguizamo y Tyler Mane) acuden al rescate de tres hermanos (Brianna Hildebrand, Christian Convery y Finley Rose Slater) durante un incendio forestal, se dan cuenta rápidamente de que ninguna capacitación podría prepararlos para su trabajo más desafiante hasta el momento: ser niñeras. Incapaces de localizar a los padres de los niños, los bomberos tienen sus vidas, trabajos e incluso su cuartel de bomberos de cabeza y aprenden rápidamente que los niños, como los incendios, son salvajes e impredecibles.",K
19414,Please Don't Eat the Daisies,1960-03-31,Charles Walters,"Doris Day, David Niven, Janis Paige, Spring Byington, Richard Haydn","Comedia,Familia,Romance",6.157,/neSCV9m8R1ykTqicd53fdwQgQnJ.jpg,"Un crítico teatral y su familia (mujer, cuatro hijos y un perro) se ven obligados a abandonar Nueva York, al vencer su contrato de alquiler, y buscar una casa en las afueras lejos del bullicio de la gran ciudad. El problema es que el cambio de ambiente afecta a las relaciones familiares.",M
19955,I Do,2006-11-01,Eric Lartigau,"Alain Chabat, Charlotte Gainsbourg, Bernadette Lafont, Wladimir Yordanoff, Louise Monot","Comedia,Romance",6.364,/gIGigsvqqdNjcBcjDoatjO1ychU.jpg,"Para tranquilizar a su ansiosa familia, Luis contrata a Emma, la hermana de un compañero de trabajo, para simular que tiene una relación amorosa. El plan es sencillo: el día de la boda, Emma lo dejará plantado, causándole un desgarrador sufrimiento. De este modo espera conseguir que tanto su madre como sus hermanas renuncien a la idea de casarlo.",H
114,Pretty Woman,1990-03-23,Garry Marshall,"Julia Roberts, Richard Gere, Ralph Bellamy, Jason Alexander, Laura San Giacomo","Romance,Comedia",7.44,/oVKX1Pt1q7jXTkTk51mu2S0sAB0.jpg,"Un acaudalado y frío hombre de negocios conoce en Hollywood Boulevard a una joven y atractiva prostituta a la que alquila durante una semana para que sea su acompañante en sus cenas con los clientes. Para ello la chica se verá sometida a todo un cambio de look tras el que nadie podrá ver, a simple vista, que es una chica de la calle.",O
121826,Quartet,2012-12-26,Dustin Hoffman,"Maggie Smith, Tom Courtenay, Billy Connolly, Pauline Collins, Michael Gambon","Drama,Comedia,Romance",6.495,/lDg2DfB5MuEoUeRFQqzBFVoWGep.jpg,"Un grupo de viejos amigos que viven en una especie de residencia para cantantes de ópera retirados organizan cada año, coincidiendo con el aniversario de Giuseppe Verdi, un concierto para recaudar fondos que les permitan mantener la casa en que viven. Los problemas surgen con la llegada de un nuevo residente que resucita una antigua rivalidad entre dos divos.",I
714869,Serial (Bad) Weddings 3,2021-12-21,Philippe de Chauveron,"Christian Clavier, Chantal Lauby, Ary Abittan, Medi Sadoun, Frédéric Chau","Romance,Comedia",6.306,/jN0xIYBgkfSWIMqhJlQMyPY29ti.jpg,"Para los 40 años de matrimonio de Claude y Marie Verneuil, sus cuatro hijas deciden organizar una gran fiesta sorpresa en la casa familiar de Chinon e invitar a los padres de cada uno de los yernos allí, durante unos días.",H
787781,Quiz Lady,2023-09-09,Jessica Yu,"Awkwafina, Sandra Oh, Will Ferrell, Jason Schwartzman, Holland Taylor",Comedia,6.702,/tqKiprkTUfXWi8bOjCl0lHtCwod.jpg,"Una hilarante y emotiva comedia protagonizada por Awkwafina, Sandra Oh, Jason Schwartzman, Holland Taylor, Tony Hale y Will Ferrell acerca de una familia disfuncional y el concurso que podría ser la clave para su salvación. En la película, Anne, una joven brillante pero apática y obsesionada con los concursos de preguntas, y su desastrosa hermana Jenny deben trabajar juntas para cubrir las deudas de su madre. Cuando el querido perrito de Anne es secuestrado, las hermanas se embarcan en un alocado viaje a través del país para conseguir el dinero de la única forma que saben: convirtiendo a Anne en la campeona inigualable de un concurso de preguntas.",O
21921,Richard Pryor: Here and Now,1983-10-28,Richard Pryor,"Richard Pryor, Paul Mooney","Comedia,Documental,Película de TV",6.722,/rgTgRmiMVbpWp9asrEvjj8Xdhwx.jpg,,J
22975,Richard Pryor: Live in Concert,1979-01-26,Jeff Margolis,"Richard Pryor, Jennifer Lee Pryor",Comedia,7.417,/zguG43yzPkiiNOyR9P1HglVNYOl.jpg,,J
21923,Richard Pryor: Live on the Sunset Strip,1982-03-12,Joe Layton,"Richard Pryor, Gene Cross, Julie Hampton, Jesse Jackson","Comedia,Documental",7.429,/rK9eAYCr68dwv1mw4weaJu6Lx3W.jpg,,J
1208476,Ricky Gervais: Armageddon,2023-12-01,John L. Spencer,Ricky Gervais,Comedia,7.086,/rnT1Aq92RdhlYMIikuwnwNMaOGu.jpg,Ricky Gervais se despacha a gusto con la corrección política y el exceso de sensibilidad en un especial de comedia sobre el fin de la humanidad que rompe con los tabúes.,O
508933,Ricky Gervais: Humanity,2018-03-13,John L. Spencer,Ricky Gervais,Comedia,7.658,/vXNvvb9RUXSZS08PvXxLtA9wrfV.jpg,"Ricky Gervais vuelve a los escenarios en Londres con sus mordaces monólogos en los que trata temas como el envejecimiento, su trabajo en los Globos de Oro, ser un engreído y la perspectiva de ser padre.",J
973164,Ricky Gervais: SuperNature,2022-05-24,John L. Spencer,Ricky Gervais,Comedia,7.386,/ry2HDP5KyEV3R7htXlFAeQbbXgf.jpg,"Con su característico sentido del humor totalmente negro, Ricky Gervais sube al escenario en el London Palladium en este provocativo especial de comedia stand-up.",M
13386,I'm Starting from Three,1981-03-05,Massimo Troisi,"Massimo Troisi, Fiorenza Marchegiani, Lino Troisi, Deddi Savagnone, Vincent Gentile",Comedia,7.6,/lS0X9KScgkUbhiu6lOHBya8z9R2.jpg,"Gaetano, un joven napolitano, decide dejar la casa, el trabajo y los amigos, para buscar otros momentos de la vida y conocer a otras personas. Va a Florencia, a casa de su tía.",H
26621,Robin Williams: Weapons of Self Destruction,2009-12-06,Marty Callner,Robin Williams,"Comedia,Documental,Película de TV",7.449,/kjEElgEFtAtyadUt8JayBLUw5Sf.jpg,,H
1011570,Rodrigo Marques: King of Uncouth,2022-09-06,Fabio Ock,Rodrigo Marques,Comedia,5.9,/miA6VI6fUANcvlQ4avvM7mCCldT.jpg,,M
804,Roman Holiday,1953-08-26,William Wyler,"Gregory Peck, Audrey Hepburn, Eddie Albert, Hartley Power, Harcourt Williams","Romance,Comedia,Drama",7.9,/8lI9dmz1RH20FAqltkGelY1v4BE.jpg,"Durante una visita a Roma, Ana, la joven princesa de un pequeño país centroeuropeo que detesta sus obligaciones y desea pasar inadvertida, se escapa de palacio para visitar la ciudad de incógnito. Así conoce a Joe, un periodista americano que busca una exclusiva y finge desconocer su verdadera identidad. La pareja vivirá entonces unas jornadas inolvidables.",J
732434,Rose Matafeo: Horndog,2020-08-20,Barbara Wiltshire,Rose Matafeo,Comedia,6.222,/uCTtr1pAqvfInfiL2YBuZteVjEm.jpg,,N
1390010,Rose Matafeo: On and On and On,2024-12-18,Barbara Wiltshire,Rose Matafeo,Comedia,4.35,/nZ0G7S55FebArv5YwoBjIRbHW0W.jpg,Rose Matafeo reflexiona sobre las dificultades de los finales y los bucles aparentemente interminables que conforman nuestras vidas.,P
397422,Rough Night,2017-06-15,Lucia Aniello,"Scarlett Johansson, Jillian Bell, Zoë Kravitz, Ilana Glazer, Kate McKinnon","Drama,Comedia",5.691,/i66xbL1C6FEWDm2KoX11DHmP4Rz.jpg,"Cinco amigas alquilan una casa frente a la playa de Miami para celebrar una despedida de soltera, pero la fiesta llega demasiado lejos y el stripper contratado acaba muerto.",J
28124,Seems Like Old Times,1980-12-19,Jay Sandrich,"Goldie Hawn, Chevy Chase, Charles Grodin, Robert Guillaume, Harold Gould","Comedia,Romance",6.268,/5gslMsppM01WafyogPpHevrMeGg.jpg,"Nick Gardenia es un escritor que, mientras trabaja en una novela en su retiro de la playa, es secuestrado por dos rateros que le obligan a robar un banco por ellos. Nick sólo puede recurrir a su ex-mujer, Glenda. Como Glenda es una apasionada de los animales abandonados, no puede negarse a ayudarle. El problema está en ocultarle de su marido, un hombre muy severo y que es el fiscal del distrito.",K
4939,Send Me No Flowers,1964-10-14,Norman Jewison,"Rock Hudson, Doris Day, Tony Randall, Paul Lynde, Hal March","Comedia,Romance",6.774,/hBnLdDRU4pDaY6WtmDJGNlY5yzj.jpg,"George Kimball es un hombre hipocondríaco que, convencido de que una enfermedad va a acabar con su vida, decide arreglar sus asuntos para cuando llegue el día fatal. Su principal preocupación será buscarle un nuevo marido a su encantadora esposa Judy. Así que, con la ayuda de su vecino y mejor amigo Arnold, comienza a buscar candidatos idóneos...",H
225886,Sex Tape,2014-07-17,Jake Kasdan,"Cameron Diaz, Jason Segel, Rob Corddry, Ellie Kemper, Rob Lowe",Comedia,5.407,/u2h7UnSHrbAA5WBoKhdH1rlDZfz.jpg,"Cuando Jay (Jason Segel) y Annie (Cameron Diaz) entablaron relación, la atracción entre ambos era muy intensa. Diez años y dos hijos después, se dan cuenta de que hay que reavivar la llama de la pasión. Deciden entonces grabarse en vídeo mientras mantienen una maratoniana sesión sexual de tres horas. El problema surge cuando descubren que el vídeo ha sido enviado por error a sus amigos y familiares.",G
747,Shaun of the Dead,2004-04-09,Edgar Wright,"Simon Pegg, Nick Frost, Kate Ashfield, Lucy Davis, Dylan Moran","Terror,Comedia",7.546,/dgXPhzNJH8HFTBjXPB177yNx6RI.jpg,"La vida de Shaun es un callejón sin salida. Se pasa la vida en la taberna local con su amigo íntimo Ed, discute con su madre y descuida a su novia, Liz. Cuando Liz le deja plantado. Shaun decide, finalmente, poner su vida en orden. Tiene que reconquistar el corazón de su novia, enmendar sus relaciones con su madre y enfrentarse a las responsabilidades de un adulto.",H
34016,She's Out of My League,2010-03-11,Jim Field Smith,"Jay Baruchel, Alice Eve, T.J. Miller, Nate Torrence, Mike Vogel","Romance,Comedia",6.511,/mpYHjyPX0DAxbsnWKmSK5jZ1s4T.jpg,"Kirk (Jay Baruchel, ""Tropic Thunder"") es un tipo normal y corriente, que no suele tener éxito con las chicas, que se queda sorprendido cuando un día una chica despampanante muestra interés en él. Kirk no puede creer en la suerte que está teniendo. A pesar de que está estancado en un trabajo sin futuro como guardia de seguridad del aeropuerto, contra todo pronóstico, Molly (Alice Eve), una chica con éxito y escandalosamente guapa, se enamora de él. Kirk está aturdido. También lo están sus amigos, su familia y hasta su ex-novia. Ahora tiene que encontrar la manera de hacer que la relación funcione, a pesar de que él es el primero en admitir que ella está totalmente ""fuera de su liga"".",H
29859,The Adventure of Sherlock Holmes' Smarter Brother,1975-12-14,Gene Wilder,"Gene Wilder, Madeline Kahn, Marty Feldman, Dom DeLuise, Leo McKern","Comedia,Crimen,Misterio",5.98,/mggqC6NsD3sYxDzcnzr0MIjuxUL.jpg,"Tras décadas enteras viviendo a la sombra de su famosísimo hermano Sherlock, el detective Sigerson Holmes (Gene Wilder) se enfrenta a un caso singular que lo arrastra por un disparatado laberinto de identidades falsas, documentos robados, códigos secretos... Y traseros al aire. Una farsa llena de pistas falsas con un conocido reparto en el que destacan Madeline Kahn en el papel de una seductora cantante, Marty Feldman como el asistente de ojos saltones y Dom DeLuise en el papel de una estrella de la Ópera convertido en chantajista.",J
245906,She's Funny That Way,2015-04-22,Peter Bogdanovich,"Owen Wilson, Imogen Poots, Kathryn Hahn, Will Forte, Rhys Ifans","Comedia,Romance",5.9,/2FiZVfwz27bvMROkud3dlFyE8uA.jpg,"Arnold (Owen Wilson) tiene una vida perfecta: está felizmente casado, tiene dos hijos y un magnífico trabajo como director teatral en Broadway. Pero todo cambia cuando contrata los servicios de Izzy (Imogen Poots), una joven y prometedora actriz que alterna su discreta carrera artística con servicios nocturnos de compañía. El flechazo es tan profundo que Arnold decide ayudarla económicamente para que se centre en el mundo de la interpretación. El plan se torna en pesadilla cuando Izzy consigue un papel en la obra que dirige Arnold, en la que también participa su mujer, y que se convierte en un trío imposible.",H
378064,A Silent Voice: The Movie,2016-09-17,山田尚子,"Miyu Irino, Saori Hayami, Aoi Yuki, Kensho Ono, 金子有希","Animación,Drama,Romance",8.4,/ndlHzeb0WwdorqDzikjuQg9Lxw1.jpg,"Shōko, una niña con discapacidad auditiva, es víctima de acoso en su escuela, siendo Shōya su principal agresor. Cuando ella se cambia de colegio, él sufre el rechazo de sus compañeros y queda aislado. Años después, intenta enmendar su error y hacer las paces con Shōko.",J
46283,The Sisters,2005-04-23,Arthur Allan Seidelman,"Elizabeth Banks, Maria Bello, Erika Christensen, Steven Culp, Tony Goldwyn",Drama,5.068,/5zhk4DhSwF8rATE4J7iZD05u1jd.jpg,"Después de la muerte de su padre, tres hermanas y un hermano tienen que luchar codo con codo para sacar adelante a la familia, a pesar de tener personalidades diametralmente opuestas.",H
11006,Smokey and the Bandit,1977-05-27,Hal Needham,"Burt Reynolds, Sally Field, Jerry Reed, Mike Henry, Paul Williams","Acción,Aventura,Comedia",7.01,/w4RqNZtVHB5Uzlnl6zQlMHft7QI.jpg,"Bandit, el camionero rey de la carretera, se enfrenta a todo un reto, recoger un camión de cerveza en Texarkana, el lugar más cercano donde se puede vender legalmente esa bebida, y conducirlo a través del país hasta Atlanta en solo 48 horas. ¿La recompensa? ¡80.000 dólares! ¿El resultado? La persecución y los accidentes de coches más salvajes jamás vistos. ¿El motivo? Un sheriff de Texas, Buford T. Justice alias ""Smokey"", obsesionado con capturar al escurridizo Bandit, desde que la novia de su hijo lo abandonara por el rey de la carretera.",N
373569,Snatched,2017-05-03,Jonathan Levine,"Amy Schumer, Goldie Hawn, Tom Bateman, Christopher Meloni, Wanda Sykes","Acción,Comedia",5.335,/gsleO1KultziWltEAngAEZkxQhf.jpg,"Incitada por su novio, Emily convence a su madre para ir a un viaje juntas a Ecuador. Pero una vez allí ambas mujeres son secuestradas, comenzando una aventura salvaje en el que su vínculo como madre e hija se fortalecerá mientras intentan escapar.",M
239,Some Like It Hot,1959-03-19,Billy Wilder,"Tony Curtis, Jack Lemmon, Marilyn Monroe, George Raft, Pat O'Brien","Comedia,Romance,Crimen",8.077,/hVIKyTK13AvOGv7ICmJjK44DTzp.jpg,"Época de la Ley Seca (1920-1933). Joe y Jerry son dos músicos del montón que se ven obligados a huir después de ser testigos de un ajuste de cuentas entre dos bandas rivales. Como no encuentran trabajo y la mafia los persigue, deciden vestirse de mujeres y tocar en una orquesta femenina. Joe para conquistar a Sugar Kane, la cantante del grupo, finge ser un magnate impotente
43128,Sons of the Desert,1933-12-29,William A. Seiter,"Stan Laurel, Oliver Hardy, Mae Busch, Dorothy Christy, Charley Chase",Comedia,7.072,/4ojrxP6qiyDOQ5jHQlh7Yn59wJt.jpg,"Stan y Ollie se comprometen a asistir a una convención de los “Hijos del Desierto” que coincide con un viaje a las montañas planeado por el matrimonio Hardy. Ollie simula una enfermedad que exige un viaje por mar. Mientras él y Stan disfrutan de la convención, el barco tropieza con una catástrofe.",J
379686,Space Jam: A New Legacy,2021-07-08,Malcolm D. Lee,"LeBron James, Don Cheadle, Cedric Joe, Jeff Bergman, Gabriel Iglesias","Familia,Comedia,Aventura,Animación,Ciencia ficción",6.62,/5bFK5d3mVTAvBCXi5NPWH0tYjKl.jpg,"Secuela de la cinta original de 1996, Space Jam, protagonizada por Michael Jordan. En esta segunda parte, la super estrella de la NBA es LeBron James, quien queda atrapado junto a su hijo Dom en un extraño lugar, un espacio digital de una fuerza todopoderosa y malvada conocida como A.I. Para volver a casa y poner a salvo a su hijo, el jugador de baloncesto deberá unir fuerzas con Bugs Bunny, Lola Bunny y el resto de personajes de los Looney Tunes para enfrentarse en un partido de baloncesto a los campeones digitalizados por inteligencia artificial.",J
957,Spaceballs,1987-06-24,Mel Brooks,"Bill Pullman, Rick Moranis, Mel Brooks, John Candy, Daphne Zuniga","Comedia,Ciencia ficción",6.89,/kNbaxEsnCyWBTfANVPHayujBsxp.jpg,"La princesa Vespa (Daphne Zuniga) decide huir justo antes de su boda con el príncipe Valium (JM J. Bullock), para ello se lleva a su robot Dot Matrix (Lorene Yarnell) y una pequeña nave espacial. Ante esto su padre, el rey Roland de Druidia (Dick Van Patten) ofrece una recompensa a quien encuentre a su hija. La recompensa interesa mucho a Lone Starr (Bill Pullman) y a su ayudante Vomito Barf (John Candy) que deben mucho dinero a un delincuente llamado Pizza el Hutt (Dom DeLuise). En su huida la princesa Vespa es interceptada por la nave del malvado Lord Casco Oscuro (Rick Moranis) que trabaja para el presidente del planeta Spaceballs (Mel Brooks), que ansía el aire puro del planeta Druidia. Lone Starr, con la ayuda del maestro Yogurt (Mel Brooks), que le enseña a usar la suerte, debe rescatar a la princesa y acabar con los Spaceball",N
355008,Special Correspondents,2016-04-22,Ricky Gervais,"Ricky Gervais, Eric Bana, Vera Farmiga, Kelly Macdonald, Benjamin Bratt",Comedia,5.788,/sQPkqwW4qh5fKbSI8V12wc8ZMlJ.jpg,"Un periodista radiofónico y su técnico, que se inventan noticias falsas haciendo creer a la audiencia que están retransmitiendo desde Ecuador cuando lo están haciendo desde Manhattan, deciden inventarse su propio secuestro en el país sudamericano durante una revuelta. Pero cuando la opinión pública norteamericana comienza a magnificar la desaparición de los reporteros, se verán obligados a ir de verdad a Ecuador... Remake de la película francesa ""Envoyés très spéciaux¨",H
9080,Spies Like Us,1985-12-06,John Landis,"Chevy Chase, Dan Aykroyd, Steve Forrest, Donna Dixon, Bruce Davison","Comedia,Aventura",6.193,/s0Sx8nd9Irq0aCPbsN78s0DYVlG.jpg,"Chevy Chase y Dan Aykroyd son dos ingenuos funcionarios de los servicios de espionaje norteamericanos que son utilizados como anzuelo para despistar a los agentes rusos, mientras los americanos tratan de llevar a cabo una astuta operación",H
190469,Redirected,2014-01-10,Emilis Vėlyvis,"Vinnie Jones, Scot Williams, Gil Darnell, Vytautas Šapranauskas, Aurimas Meliešius","Acción,Comedia,Crimen,Suspense",5.84,/kA6lnOcfyd5EnSqgv4dRwKYvvo4.jpg,"Cuatro amigos ingleses que se dedican a robar se quedan tirados en Lituania. Para volver a casa tropiezan con graves dificultades: las diferencias culturales, el trato con criminales, prostitutas, policías corruptos y cerveza barata.",H
265195,Wild Tales,2014-08-21,Damián Szifron,"Ricardo Darín, Leonardo Sbaraglia, Érica Rivas, Oscar Martínez, Rita Cortese","Drama,Suspense,Comedia",7.871,/vimbRR5XdkMj7CqnzVN92Cla8jN.jpg,"La desigualdad, la injusticia y la exigencia del mundo en que vivimos producen que muchas personas se estresen o se depriman. Algunas explotan. Esta es una película sobre ellos. Vulnerables ante una realidad que súbitamente se altera y se torna impredecible, los protagonistas cruzan la delgada frontera que divide a la civilización de la barbarie. Una traición amorosa, el retorno de un pasado reprimido, o la violencia contenida en un detalle cotidiano, se presentan para impulsarlos al vértigo de perder los estribos, al innegable placer de perder el control.",H
649609,Renfield,2023-04-07,Chris McKay,"Nicholas Hoult, Nicolas Cage, Awkwafina, Ben Schwartz, Shohreh Aghdashloo","Comedia,Fantasía,Terror",6.436,/p6yUjhvNGQpFZilKwOKbxQ1eHlo.jpg,"En este moderno y monstruoso relato sobre el fiel ayudante de Drácula, Renfield se ve obligado a procurarle víctimas a su amo y hacer todo aquello que este le ordene, por inmoral que sea. Pero ahora, tras siglos de servidumbre, Renfield está listo para descubrir si hay vida lejos de la alargada sombra del Príncipe de las Tinieblas. ¿El problema? Que no sabe cómo romper esa relación de dependencia.",N
331354,Requirements to Be a Normal Person,2015-06-04,Leticia Dolera,"Leticia Dolera, Manuel Burque, Miki Esparbé, Alexandra Jiménez, David Verdaguer",Comedia,6.399,/vujRsKU37cPAyRlILCZNgOXuKxk.jpg,"María es una chica de 30 años, peculiar y con un objetivo esencial en su vida: convertirse en una persona normal, por lo que tiene que ponerse manos a la obra y descubrir en qué consiste eso exactamente.  Sin embargo, está en un momento de su vida terrible, en el que nada parece encajar además de que no tiene trabajo, la acaban de echar del piso donde vive por no poder pagar el alquiler, la relación con su familia no es muy buena y su vida romántica es inexistente desde hace ya un tiempo.  Cuando va a una entrevista de trabajo le preguntan “¿Qué tipo de persona se considera?” y ella responde “un persona normal”, pero cuando le vuelven a preguntar “¿Qué es para ti una persona normal?”, crece en su interior una gran inquietud.  Después de hacer una lista con todos los requisitos fundamentales para serlo, se da cuenta de que no cumple ninguno, por lo que se propone hacer todo lo posible para cumplirlos.",H
17696,Robin and the 7 Hoods,1964-06-24,Gordon Douglas,"Frank Sinatra, Dean Martin, Sammy Davis Jr., Bing Crosby, Peter Falk","Comedia,Crimen",6.2,/1jqQdHnuIDaHB3owOb3BcD5xZgX.jpg,"En Chicago, en la época de la Ley Seca, al morir un ”reputado” gánster, su sucesor se las tiene que ver con el mejor amigo y colaborador del difunto. Éste tiene un plan para hacerse con el control del negocio del juego y el licor que al mismo tiempo le dará una reputación en toda la ciudad como defensor de los desheredados.",H
636565,Rose Island,2020-12-09,Sydney Sibilia,"Elio Germano, Matilda De Angelis, Fabrizio Bentivoglio, François Cluzet, Tom Wlaschiha","Comedia,Aventura",7.039,/6Q5cfHddcKyC4KBKOzZeQ5hI55N.jpg,"Basada en la historia real de Giorgio Rosa y la pequeña nación que fundó en 1968 junto a la costa de Rimini, que encarnaba los sueños y aspiraciones de una generación.",J
1124566,Sentimental Value,2025-08-20,Joachim Trier,"Renate Reinsve, Stellan Skarsgård, Inga Ibsdotter Lilleaas, Elle Fanning, Anders Danielsen Lie","Drama,Comedia",7.5,/wXzYLJ0Mfho0KwGPjbEnqO4EtxJ.jpg,"Una exploración íntima y conmovedora de la familia, los recuerdos y el poder reconciliador del arte.",J
384677,Set It Up,2018-06-15,Claire Scanlon,"Zoey Deutch, Glen Powell, Lucy Liu, Taye Diggs, Joan Smalls","Romance,Comedia",6.909,/7omfwqiiMld9EnUps3Uk9YZLy6g.jpg,"Dos adictos al trabajo tienen a sus respectivos ayudantes al borde del colapso, así que estos se alían para conseguir que sus agobiantes jefes se enamoren.",K
214758,"Easy Sex, Sad Movies",2014-10-16,Alejo Flah,"Ernesto Alterio, Quim Gutiérrez, Marta Etura, Julieta Cardinali, Luis Luque",Comedia,5.532,/eIj1pPOifipNLqqNQfGRHs7DBcO.jpg,"Buenos Aires, Argentina. Pablo, un guionista, es contratado para escribir una nueva comedia romántica.",H
125253,Elegant Beast,1962-12-26,川島雄三,"若尾文子, 船越英二, 浜田ゆう子, 高松英郎, 川畑愛光","Drama,Crimen",7.3,/sRHVQ63Z9J9jVMHRYn7xsTX5ukQ.jpg,"Minoru, empleado de Highlight Productions, es acusado de haber robado millones de yenes de su empresa, un dinero que estaba destinado a sobornos. A su vez, su hermana Tomoko vive mantenida por un famoso escritor de novela erótica, que le he dado un gran apartamento que aprovechan sus padres para instalarse cómodamente sin trabajar. Por su parte, Yukie, la amante de Minoru, ha aprovechado los desfalcos para construir un lujoso hotel, en el cual también ha invertido dinero conseguido de un recaudador de impuestos corrupto.",N
891699,Silent Night,2023-11-30,吴宇森,"Joel Kinnaman, Kid Cudi, Harold Torres, Catalina Sandino Moreno, Valeria Santaella","Acción,Suspense,Crimen,Drama",6.141,/tlcuhdNMKNGEVpGqBZrAaOOf1A6.jpg,"Es Nochebuena y un padre es testigo de la muerte de su hijo cuando este queda atrapado en un fuego cruzado entre bandas. Roto de dolor y sin voz, debido a una herida profunda que afecta a sus cuerdas vocales, decidirá someterse a un estricto entrenamiento para vengar su muerte.",J
505015,Empowered,2018-03-02,Santiago Segura,"Maribel Verdú, Diego Martín, Toni Acosta, Rafael Spregelburd, Bárbara Santa-Cruz",Comedia,5.881,/4LFikd2pUj8NO8pqnMTGxqQxaA9.jpg,"Paz tiene una vida aparentemente perfecta. Tiene trabajo, pareja, amigas… pero algo falla. Se siente angustiada y agobiada, hay algo que no funciona. En su desesperación acudirá a la consulta de un “sanador” indio Amil Narayan, que le ofrece la solución a sus problemas: una poción a base de plantas milenarias para liberar su tensión. La poción parece más potente de lo esperado. Paz se encuentra con un resultado sorprendente, convirtiéndose, tras ingerir accidentalmente todo el frasco, en una mujer ""sin filtro""... Remake de la comedia ""Sin filtro"" del chileno Nicolás López. Primera película dirigida por Segura fuera de la saga ""Torrente"".",J
158782,Sofia and the Stubborn Man,2012-08-03,Andrés Burgos Vallejo,"Carmen Maura, Gustavo Angarita, Constanza Duque, Julián Arango, Carlos-Manuel Vesga","Comedia,Romance",5.9,/wiPqw651cdhJBJ8tNhHTUQVvIAf.jpg,"Una anciana vive en un tranquilo pueblo de los Andes y nunca ha visto el mar. Durante muchos años su marido le ha prometido llevarla al mar Caribe, pero los planes siempre se frustran por diferentes motivos.",N
943000,A Stasi Comedy,2022-05-19,Leander Haußmann,"David Kross, Antonia Bill, Christopher Nell, Deleila Piasko, Jörg Schüttauf",Comedia,5.0,/rO3qWE61DP4nHY95CqBeASZHwTo.jpg,"¿Una comedia sobre el servicio secreto de la RDA? Sí, una comedia sobre el servicio secreto de la RDA. Situaciones absurdas, enredos y una bonita historia de amor son las claves de esta cinta basada en hechos reales. Berlín, 2022. La familia de Ludger le ha preparado una sorpresa por su cumpleaños: su expediente como policía de la Stasi (servicio secreto de la RDA), en el que encuentran información comprometida.Un filme divertidísimo que demuestra la poca sofisticación del servicio secreto de la RDA a través de la historia de Ludger, quien, de joven, en la década de 1970, se infiltró en ambientes juveniles simpatizantes de Occidente. La vida bohemia, la libertad y la desinhibición que le ofrecen estas comunidades hacen que el joven se acabe olvidando de su cometido.",N
227300,Stretch,2014-10-14,Joe Carnahan,"Patrick Wilson, Kevin Bigley, Chris Pine, Jessica Alba, Ray Liotta","Acción,Comedia,Suspense",6.191,/pLmIFQu2fFB6YkYuYzBotKMFGqZ.jpg,"Comedia de acción centrada en un chófer (Patrick Wilson, 'Watchmen') que, debido a su obsesiva afición por el juego, se ve amenazado por un peligroso corredor de apuestas al que le debe una cuantiosa suma de dinero. Con el fin de saldarlas, acepta un extraño trabajo que consiste en llevar en limusina a un multimillonario cliente para que venda su agenda de contactos criminales. El conductor, desesperado por ganar dinero, hará todo lo que su viajero le mande en lo que será una de las noches más raras de su vida.",H
534366,Florianópolis Dream,2018-11-15,Ana Katz,"Mercedes Morán, Gustavo Garzón, Andréa Beltrão, Marco Ricca, Manuela Martínez","Drama,Comedia",6.094,/AscIgBtL0wcCr5auNu5W4q0TjIw.jpg,,M
59881,Taking Off,1971-03-28,Miloš Forman,"Lynn Carlin, Buck Henry, Georgia Engel, Tony Harvey, Audra Lindley","Música,Comedia,Drama",6.914,/2UXNQy39AqER8Y5LjuZcA1pliwq.jpg,"Cuando una adolescente se escapa de casa, sus padres se esfuerzan por encontrarla. En estas circunstancias, llegan a conocer a otros matrimonios que se encuentran en idéntica situación.",M
103,Taxi Driver,1976-02-09,Martin Scorsese,"Robert De Niro, Jodie Foster, Cybill Shepherd, Harvey Keitel, Peter Boyle","Crimen,Drama",8.1,/ekstpH614fwDX8DUln1a2Opz0N8.jpg,"Para sobrellevar el insomnio crónico que sufre después de su regreso de Vietnam, Travis decide trabajar como taxista nocturno. Como individuo tiene poco contacto con la gente, pero observa la violencia y desolación en la que se hunde la ciudad de Nueva York. Travis anota en su diario todas sus impresiones, hasta que un día decide pasar a la acción.",K
613096,"I Love You, Stupid",2020-01-24,Laura Mañá,"Quim Gutiérrez, Natalia Tena, Alfonso Bassave, Alba Ribas, Ernesto Alterio",Comedia,6.373,/ceKh9Qd00EZg5uT2OnLOskL94kr.jpg,"A Marcos (Quim Gutiérrez) le ha dejado su novia justo cuando iba a pedirle matrimonio, le han echado del trabajo y vuelve a vivir con sus padres. Su vida se ha convertido de repente en un desastre, de los grandes. Con semejante panorama Marcos está decidido a reinventarse y triunfar, pero no tiene ni idea de por dónde empezar. Por eso acude al lugar donde todo se encuentra: Internet. Mientras trata de aplicar los consejos de un youtuber, Marcos se cruzará con una antigua amiga del colegio, una nueva jefa, su exnovia, unos colegas muy intensos y un montón de dudas existenciales...",J
51993,Terri,2011-07-01,Azazel Jacobs,"Jacob Wysocki, John C. Reilly, Creed Bratton, Olivia Crocicchia, Bridger Zadina","Comedia,Drama",6.34,/ng3K9EeuBFn82kN4XgpOKQgx6Fd.jpg,"Narra la relación entre Terri, un adolescente inadaptado con sobrepeso, y el director de su colegio (John C. Reilly), un tipo locuaz y altruista que se interesa por él.",M
2759,"The Adventures of Priscilla, Queen of the Desert",1994-08-10,Stephan Elliott,"Hugo Weaving, Guy Pearce, Terence Stamp, Bill Hunter, Sarah Chadwick","Drama,Comedia",7.3,/rSkhcbHkk23fR3qhYJestqtamWK.jpg,"Tres artistas de cabaret que viven en Sidney son contratadas para actuar durante cuatro semanas en un hotel de Alice Springs, en medio del desierto rojo de Australia. Les espera una gran aventura, pero una cosa es atravesar el país en autobús, dejando atrás todos sus problemas, y otra llegar a su destino sanas y salvas. Sobre todo si Felicia y Mitzi son reinas del drag y Benardette transexual. Inician así un periplo de dos semanas, con música sonando a toda pastilla y el autocar repleto de un llamativo vestuario y zapatos de plataforma.",
354548,Queen of the Desert,2012-10-27,Alex Kelly,Starlady Nungari,Documental,10.0,/vr83mUJYOXH6G4xXqXEXY9mYSGh.jpg,,"P J"""
152790,The Angriest Man in Brooklyn,2014-05-23,Phil Alden Robinson,"Robin Williams, Mila Kunis, Peter Dinklage, Melissa Leo, Hamish Linklater","Drama,Comedia",5.634,/v0tiYRNhMYbefWlgWFmbhXiOwjr.jpg,"Una doctora que está haciendo una sustitución le comunica por error a un paciente que le quedan 90 minutos de vida. La médico trata de localizar desesperadamente a este hombre, que se ha lanzado en una absurda aventura por la ciudad en la que tratará de enmendar todos los errores que ha cometido en su vida.",G
284,The Apartment,1960-06-21,Billy Wilder,"Jack Lemmon, Shirley MacLaine, Fred MacMurray, Ray Walston, Jack Kruschen","Comedia,Drama,Romance",8.182,/hhSRt1KKfRT0yEhEtRW3qp31JFU.jpg,C.C. Baxter es un modesto pero ambicioso empleado de una compañía de seguros de Manhattan. Está soltero y vive solo en un discreto apartamento que presta ocasionalmente a sus superiores para sus citas amorosas. Tiene la esperanza de que estos favores le sirvan para mejorar su posición en la empresa. Pero la situación cambia cuando se enamora de una ascensorista que resulta ser la amante de uno de los jefes que usan su apartamento.,M
90563,The April Fools,1969-05-28,Stuart Rosenberg,"Jack Lemmon, Catherine Deneuve, Peter Lawford, Jack Weston, Myrna Loy","Drama,Comedia,Romance",5.917,/99MXK0a8wyrK3qd695DcgLhdqhr.jpg,"Un broker de Wall Street, casado y aburrido, se enamora de una bella mujer, pero la relación parece imposible, especialmente porque ella también está casada y precisamente con el jefe de él.",N
115,The Big Lebowski,1998-03-06,Joel Coen,"Jeff Bridges, John Goodman, Julianne Moore, Steve Buscemi, David Huddleston","Comedia,Crimen",7.834,/3bv6WAp6BSxxYvB5ozKFUYuRA8C.jpg,"El Nota es un hombre fracasado y en paro que un día es confundido con otra persona con su mismo nombre. Dos matones irrumpen en su apartamento y destrozan su alfombra creyendo que están ante Jeff Lebowski un millonario de Pasadena. El primer error de El Nota es visitar a su opulento tocayo con la esperanza de que le reponga su vieja alfombra.Sin embargo, nuestro reticente héroe y su compinche Water se ven atrapados en un thriller con toques humorísticos muy al estilo de los hermanos Coen donde se mezclan la extorsión, la traición, la decepción, el chantaje, el sexo y las drogas.",N
18851,The Cat and the Canary,1939-10-27,Elliott Nugent,"Bob Hope, Paulette Goddard, John Beal, Douglass Montgomery, Gale Sondergaard","Comedia,Terror,Misterio",6.9,/np28IFNSYQCGkMkab9tLFaGb3K6.jpg,"Veinte años después de la muerte de un excéntrico multimillonario su familia es llamada para la lectura de su testamento. De hecho, se trata de una grabación hecha de él mismo realizada antes de su muerte, donde nombra como su heredera a su familiar más lejano. La única condición impuesta es que mantenga la mente sana, pero por la noche la aparición de fantasmas hará que todos empiecen a dudar de su cordura.",N
4538,The Darjeeling Limited,2007-09-07,Wes Anderson,"Owen Wilson, Adrien Brody, Jason Schwartzman, Amara Karan, Wallace Wolodarsky","Aventura,Drama,Comedia",7.14,/oSW5OVXTulaIXcoNwJAp5YEKpbP.jpg,"Tres hermanos americanos que llevaban un año sin hablarse, deciden hacer un viaje en tren por la India, con la intención de encontrarse a ellos mismos y conectar con los demás. En resumen, para volver a ser hermanos, como solían serlo. Pero, por varias razones, su aventura espiritual se tuerce rápidamente.",J
10722,The Day of the Beast,1995-10-20,Álex de la Iglesia,"Álex Angulo, Santiago Segura, Armando De Razza, Terele Pávez, Nathalie Seseña","Terror,Comedia,Acción",7.252,/zSyv4UqdJIjyGZ5xBrpENET8MI.jpg,"Un sacerdote cree haber encontrado el mensaje secreto del Apocalipsis según San Juan: El Anticristo nacerá el 25 de diciembre de 1995 en Madrid. Para detener este nacimiento satánico, el cura se une a un joven aficionado al death metal, José María, intentando por todos los medios descubrir en qué parte de Madrid tendrá lugar el apocalíptico evento. Con la ayuda del profesor Cavan, que presenta un programa de televisión sobre el mundo esotérico y sobrenatural, el cura y José Mari invocan al diablo en una extraña ceremonia.",H
535581,The Dead Don't Die,2019-05-15,Jim Jarmusch,"Bill Murray, Adam Driver, Chloë Sevigny, Tilda Swinton, Caleb Landry Jones","Comedia,Drama,Terror",5.438,/fgGzTEoNxptCRtEOpOPvIEdlxAq.jpg,"En la pacífica localidad de Centerville pasa algo raro. Los animales se empiezan a comportar de forma extraña, las horas de luz solar cambian de forma impredecible y la luna vigila permanentemente desde el horizonte. Los científicos están preocupados y los informativos dan noticias desconcertantes. Y es que, una extraña invasión está a punto de suceder en la que los muertos ya no está muertos y se levantarán de sus tumbas. Los habitantes de Centerville, liderados por Ronald Peterson y Cliff Robertson, deberán detener esta amenaza y luchar para sobrevivir.",J
18499,The Decline of the American Empire,1986-06-19,Denys Arcand,"Dominique Michel, Dorothée Berryman, Louise Portal, Pierre Curzi, Rémy Girard","Comedia,Drama",6.672,/yiB0npZSO1MZ6UwAVKOgOuJEyYt.jpg,"Uno de los grandes éxitos del cine canadiense de los años ochenta. El director francófono -natural de Quebec- Denys Arcand retrata dos grupos, uno de hombres y otro de mujeres, que hablan de sexo, de sus fantasías, sus fustraciones, sus intimidades...",J
43801,The Devil and Miss Jones,1941-04-11,Sam Wood,"Jean Arthur, Robert Cummings, Charles Coburn, Edmund Gwenn, Spring Byington","Comedia,Romance",7.6,/spGm2v3Jpg5l5xZS9xjKYNrLYF1.jpg,"Un magnate se encubre para buscar agitadores en una tienda por departamentos, pero se involucra en sus vidas.",N
645689,The Duke,2021-07-23,Roger Michell,"Jim Broadbent, Helen Mirren, Fionn Whitehead, Anna Maxwell Martin, Matthew Goode","Comedia,Drama,Historia",6.947,/zXlj7NgSWg0NbK2zfUh0nbGZVuz.jpg,"En 1961, un taxista de 60 años robó el retrato de Goya del duque de Wellington de la National Gallery de Londres. Fue el primer (y sigue siendo el único) robo en la historia de la Galería. Lo que sucedió a continuación se convirtió en algo legendario.",M
3053,The Fearless Vampire Killers,1967-11-13,Roman Polanski,"Jack MacGowran, Roman Polanski, Alfie Bass, Jessie Robins, Sharon Tate","Comedia,Terror",6.941,/nqk9oTXRaukSyhFAwBGGgEnLl43.jpg,"El doctor Abronsius y su ayudante Alfred, viajan por Transilvania para confirmar una teoría que afirma la existencia real de los vampiros y que tropieza con el escepticismo de sus colegas de la Universidad de Könisberg. Se detienen en una posada, cuyas paredes y ventanas están cubiertas de ristras de ajos, pero tanto los parroquianos como el posadero afirman que no existe ningún castillo por los alrededores y justifican la presencia de los ajos como un motivo ornamental típico de la región. El rapto de la hija del posadero y la vampirización de éste proporcionan a los protagonistas pistas suficientes para llegar al castillo.",M
542178,"The French Dispatch of the Liberty, Kansas Evening Sun",2021-10-21,Wes Anderson,"Benicio del Toro, Adrien Brody, Tilda Swinton, Léa Seydoux, Frances McDormand","Drama,Comedia",7.008,/6JXR3KJH5roiBCjWFt09xfgxHZc.jpg,"Una carta de amor al mundo del periodismo, ambientada en el contexto de la redacción de un periódico americano en el París del siglo XX, con tres historias interconectadas entre sí.",J
987,The Front Page,1974-11-01,Billy Wilder,"Jack Lemmon, Walter Matthau, Susan Sarandon, Vincent Gardenia, David Wayne",Comedia,7.299,/r4RtbJk8wVyZ1yk6yBZjzGD4ANU.jpg,"Chicago 1929. Ewan Williams, convicto del asesinato de un policía, espera en la cárcel el momento de su ejecución. Mientras tanto, en la sala de prensa del Tribunal Supremo, un grupo de periodistas espera el indulto o la confirmación de la sentencia. Hiddy Johnson, el cronista de sucesos del Chicago Examiner, que tendría que cubrir la información, está a punto de contraer matrimonio y abandonar su trabajo
14605,The Ghost Breakers,1940-06-21,George Marshall,"Bob Hope, Paulette Goddard, Richard Carlson, Paul Lukas, Anthony Quinn","Comedia,Terror,Misterio",6.5,/zytHhgTgPuHNdKFxeyznHa6BkA.jpg,"Después de que la intrépida trabajadora Mary Carter se convierta en la nueva dueña de una mansión, presuntamente encantada, ubicada en Black Island, cerca de la costa cubana, un extraño le advierte de que se mantenga alejada del castillo. Sin desanimarse, Mary zarpa hacia Cuba con un polizón en su baúl, Larry Lawrence, un locutor de radio que ayuda a Mary a llegar al fondo de la magia vudú, los zombis y los fantasmas que parecen maldecir la propiedad fantasmal.",N
120467,The Grand Budapest Hotel,2014-02-26,Wes Anderson,"Ralph Fiennes, F. Murray Abraham, Tony Revolori, Adrien Brody, Willem Dafoe","Comedia,Drama",8.026,/eWdyYQreja6JGCzqHWXpWHDrrPo.jpg,"El Sr. Gustave H., un legendario conserje de un famoso hotel europeo de entreguerras, entabla amistad con Zero Moustafa, un joven empleado al que convierte en su protegido. La historia trata sobre el robo y la recuperación de una pintura renacentista de valor incalculable y sobre la batalla que enfrenta a los miembros de una familia por una inmensa fortuna. Como telón de fondo, los levantamientos que transformaron Europa durante la primera mitad del siglo XX.",G
390043,The Hitman's Bodyguard,2017-08-16,Patrick Hughes,"Ryan Reynolds, Samuel L. Jackson, Gary Oldman, Salma Hayek Pinault, Élodie Yung","Acción,Comedia,Crimen,Suspense",6.895,/5CGjlz2vyBhW5xHW4eNOZIdgzYq.jpg,"El prestigioso guardaespaldas Michael Bryce (Ryan Reynolds) recibe un nuevo cliente: un asesino a sueldo, Darius Kincaid (Samuel L. Jackson), que debe testificar en un juicio en La Haya contra un cruel dictador (Gary Oldman).",M
228194,The Hundred-Foot Journey,2014-08-06,Lasse Hallström,"Helen Mirren, Manish Dayal, Om Puri, Charlotte Le Bon, Rohan Chand","Drama,Comedia",7.268,/1vFhSr7INoulu18smHqicft05i8.jpg,"Hassan Haji conoce el mundo de la restauración desde muy pequeño, cuando su abuelo regentaba el restaurante justo debajo de su casa en la ciudad de Bombay. Cada día el olor a curry y a especias subía para llenar toda la casa de ese aroma tan peculiar y agradable. Ahora es su nieto, Hassan, quien dirige el restaurante, pero una inesperada tragedia le empuja a él y a su familia a buscar un nuevo local para el negocio y una casa en un pueblo de los Alpes franceses.",H
20324,The Importance of Being Earnest,1952-06-02,Anthony Asquith,"Michael Redgrave, Michael Denison, Edith Evans, Joan Greenwood, Dorothy Tutin",Comedia,7.2,/ahHp1nOjLTWBdLCofxjLYMVqqgs.jpg,"Para Jack, el nombre de Ernesto significa poder vivir a su aire, en la ciudad, lejos del campo, donde está Ernesto, su irreverente hermano, al cual ha de vigilar continuamente. En realidad esto sólo es una treta para poder escapar del campo siempre que le apetezca, ya que Jack y Ernesto son una misma persona. Todo va bien hasta que un día su mejor amigo va atando cabos y descubre que Ernesto no existe. La situación se complica cuando su prometida le confiesa que lo que más le atrae de él, es su nombre.",K
14886,The Last Detail,1973-12-11,Hal Ashby,"Jack Nicholson, Otis Young, Randy Quaid, Clifton James, Carol Kane","Drama,Comedia",7.029,/zQoNkO99qfaBjh5aoA0pKau1prp.jpg,"Dos apuestos oficiales de la marina tienen que escoltar a un marinero hasta la prisión naval de New Hampshire, donde tendrá que cumplir una condena de ocho años por una falta trivial. Durante el viaje los tres tendrán la oportunidad de conocerse y de compartir experiencias y situaciones que les llevarán a cuestionarse su visión de la vida.",N
667739,The Man from Toronto,2022-12-23,Patrick Hughes,"Kevin Hart, Woody Harrelson, Kaley Cuoco, Jasmine Mathews, Lela Loren","Acción,Aventura,Comedia",6.411,/uTCfTibqtk4f90cC59bLPMOmsfc.jpg,Un caso de identidad equivocada obliga a un empresario inepto a colaborar con el asesino conocido como el «Hombre de Toronto» para sobrevivir.,M
32568,The Man in the White Suit,1951-08-07,Alexander Mackendrick,"Alec Guinness, Joan Greenwood, Cecil Parker, Michael Gough, Ernest Thesiger","Comedia,Ciencia ficción",6.886,/laTLoNZB7Ar3ZDoQmspBDVa5mbC.jpg,"Sydney Stratton es un joven investigador que, tras arduos esfuerzos, consigue inventar un tejido tan revolucionario que no se puede romper ni manchar. Sin embargo, a la alegría inicial pronto le sigue la decepción, pues tanto los empresarios como los trabajadores de la industria textil llegan a un acuerdo para impedir la fabricación y difusión del nuevo tejido. La razón es obvia, los primeros temen la ruina de sus empresas y los segundos la pérdida de sus puestos de trabajo.",H
3109,The Quiet Man,1952-07-21,John Ford,"John Wayne, Maureen O'Hara, Victor McLaglen, Barry Fitzgerald, Ward Bond","Romance,Comedia,Drama",7.326,/u3B1hVKHE56yBRoxF3Nk9uxHdYN.jpg,"Después de matar a su oponente durante un combate, un boxeador decide volver a su Irlanda natal para dejar atrás su pasado. Nada más llegar, se enamora de Mary Kate Danaher, una mujer muy temperamental, y decide casarse con ella a pesar de que su hermanastro se opone al matrimonio.",G
64382,The Reluctant Debutante,1958-08-14,Vincente Minnelli,"Rex Harrison, Kay Kendall, John Saxon, Sandra Dee, Angela Lansbury","Comedia,Romance",6.7,/prqscm98H6Ybt5AD8JvIhOgqXFO.jpg,Jimmy Broadbent (Rex Harrison) quiere introducir a su joven hija (Sandra Dee) en los salones de la alta sociedad londinense para que pueda conocer jóvenes solteros y ricos. Pero a la chica ese ambiente le resulta demasiado aburrido. Sus padres se quedan horrorizados cuando se enteran de que está saliendo con el batería de un grupo de rock.,J
228108,The Road Within,2014-10-24,Gren Wells,"Robert Sheehan, Dev Patel, Zoë Kravitz, Robert Patrick, Kyra Sedgwick","Comedia,Drama",6.81,/1lkp87orcl6IjrdJJTJPnY2gEoc.jpg,"A pesar de su juventud y su aparente buena salud, Vicent se encuentra padeciendo el Síndrome de Tourrete. Después de la muerte de su madre se queda bajo el mando de su padre, una persona de quien hace muchos años no sabía nada y que de la noche a la mañana aparece. El problema es que el padre de Vicent es un político, por lo que es una persona ocupada, más ahora que se encuentra en época de elecciones.",J
20334,The Shop Around the Corner,1940-01-12,Ernst Lubitsch,"Margaret Sullavan, James Stewart, Frank Morgan, Joseph Schildkraut, Sara Haden","Comedia,Drama,Romance",8.059,/dZ1aEzGYRiqJwPfjS6VL7wUkHmF.jpg,"Alfred Kralik es el tímido jefe de vendedores de Matuschek y Compañía, una tienda de Budapest. Todas las mañanas, los empleados esperan juntos la llegada de su jefe, Hugo Matuschek. A pesar de su timidez, Alfred responde al anuncio de un periódico y mantiene un romance por carta. Su jefe decide contratar a una tal Klara Novak en contra de la opinión de Alfred. En el trabajo, Alfred discute constantemente con ella, sin sospechar que es su corresponsal secreta.",J
118007,The Skeleton of Mrs. Morales,1960-05-26,Rogelio A. González,"Arturo de Córdova, Amparo Rivelles, Elda Peralta, Guillermo Orea, Rosenda Monteros","Comedia,Crimen,Terror",7.956,/tiEk8dT46cK2KVFxITIqm0kT3iD.jpg,"El matrimonio entre Gloria y Pablo Morales es un infierno. La mujer atormenta a su esposo con sus celos, quejas y un extremo puritanismo que raya en la obsesión. Como Gloria no quiere separarse y Pablo ya no sabe qué hacer, la situación se ha tornado insostenible. Un día, Pablo anuncia a sus conocidos que Gloria se ha ido a Guadalajara a visitar a una tía. Sin embargo, en su laboratorio de taxidermista, Pablo conserva un esqueleto al que trata como si fuese su mujer.",J
244772,The Skeleton Twins,2014-06-05,Craig Johnson,"Bill Hader, Kristen Wiig, Luke Wilson, Ty Burrell, Boyd Holbrook",Drama,6.642,/lDygTdg1KlrVJVzqsFL515uGzSe.jpg,"Después de eludir la muerte el mismo día, los distanciados gemelos Milo y Maggie se reúnen para encontrar una explicación razonable del negativo rumbo de sus vidas.",G
401246,The Square,2017-08-25,Ruben Östlund,"Claes Bang, Elisabeth Moss, Dominic West, Terry Notary, Christopher Læssø",Drama,6.74,/kKBHo6WnRnUJ5qvWFWd3Fne9bKE.jpg,"Christian, mánager de un museo de arte contemporáneo, se encarga de una exhibición titulada ""The Square"" en la que hay una instalación que fomenta valores humanos y altruistas. Cuando contrata a una agencia de relaciones públicas para difundir el evento, la publicidad produce malestar en el público.",H
10707,The Squid and the Whale,2005-10-05,Noah Baumbach,"Jeff Daniels, Laura Linney, Jesse Eisenberg, Owen Kline, William Baldwin","Comedia,Drama",6.952,/9NbXn1NMdfGM491V3EFjZADR9SX.jpg,"Park Slope, Brooklyn, 1986. Cuando Walt Berkman, un influenciable chico de 16 años, finge que es suya la canción de Pink Floyd ""Hey You"" y la canta en un acto del instituto, tenía muy claros sus motivos. ""Sentía que podía haberla escrito yo, así que el hecho de que ya estuviera escrita no dejaba de ser un mero tecnicismo."" Al mismo tiempo, su hermano Frank, de doce años, bebe cerveza y habla sin pudor de la vida sexual de su madre. Ambos simplemente reaccionan ante la bomba que ha estallado en el seno de su apacible vida familiar: sus padres, Bernard –otrora un prometedor escritor y ahora un profesor de mediana edad- y Joan –una prometedora escritora que va a publicar un libro- anuncian que se separan. Los cimientos familiares se tambalean. Walt y Frank se enfrentan a lo que es repartirse los fines de semana y al desbarajuste de pasar una noche con uno y otra noche con otro.",M
9890,The Stepford Wives,2004-06-10,Frank Oz,"Nicole Kidman, Matthew Broderick, Bette Midler, Glenn Close, Christopher Walken","Comedia,Ciencia ficción,Terror",5.682,/ygr0Wlmm1KmE16TUefNitIscVBG.jpg,"Joanna Eberhart (Kidman) y su marido (Broderick), buscando una vida perfecta, se mudan al acomodado barrio de Stepford (Connecticut). A Joanna le intriga tanto que todas las esposas sean tan complacientes con sus maridos que, con la ayuda de una vecina bastante anticonvencional (Bette Midler), empezará a hacer indagaciones.",K
36614,The Sum of Us,1994-07-28,Kevin Dowling,"Jack Thompson, Russell Crowe, John Polson, Deborah Kennedy, Joss Moroney","Comedia,Drama,Romance",6.756,/4rBI4KISTuMCsWGb0kurWxKjqPQ.jpg,"En Sydney, Harry Mitchell trabaja como conductor de un transbordador, es viudo y un empedernido bebedor de cerveza. Su única preocupación es encontrar una mujer para acabar definitivamente con su soledad. Su hijo Jeff es fontanero, jugador de rugby, también bebedor de cerveza y gay. Los dos buscan el amor por caminos diferentes.",J
15318,The Taste of Tea,2004-07-17,石井克人,"坂野真弥, 佐藤貴広, Tadanobu Asano, 手塚理美, Tatsuya Gashûin","Comedia,Drama,Fantasía",7.539,/j4PqyrYfGFkCxuXmQ2FPD36kB0Q.jpg,"El sabor del té es un homenaje al cine costumbrista clásico japonés, donde la familia es la base de creación de historias mínimas. Aquí tenemos a los Haruno, conformada por un abuelo ex dibujante y con mente de niño, un hijo que es odontólogo pero practica la hipnosis con sus pacientes y su familia, su esposa, una ex artista de animación que quiere retomar su carrera, el cuñado, que es un ingeniero de sonido y sus hijos, un joven enamorado de su compañera de colegio que intenta conquistarla a través del milenario juego del Go y la pequeña niña que tiene como ""amiga"" imaginaria a su yo gigante de la cual quiere deshacerse.",J
43313,The Teahouse of the August Moon,1957-01-14,Daniel Mann,"Marlon Brando, Glenn Ford, Eddie Albert, Paul Ford, 京マチ子",Comedia,6.239,/v2G1Vh14X9NslrHR9zGlGoV1i4M.jpg,"Adaptación de una obra de Broadway. Después de la Segunda Guerra Mundial, al capitán Fisby se le encomienda la misión de enseñar los beneficios de la democracia y el comercio en la ciudad de Okinawa.",N
594,The Terminal,2004-06-17,Steven Spielberg,"Tom Hanks, Catherine Zeta-Jones, Stanley Tucci, Chi McBride, Diego Luna","Comedia,Drama",7.354,/cPB3ZMM4UdsSAhNdS4c7ps5nypY.jpg,"Viktor Navorski es un inmigrante balcánico que, al estallar la guerra en su país y quedar anulado su pasaporte, se encuentra involuntariamente exiliado en un aeropuerto de los Estados Unidos.",J
244458,The Voices,2014-01-19,Marjane Satrapi,"Ryan Reynolds, Gemma Arterton, Anna Kendrick, Jacki Weaver, Ella Smith","Comedia,Crimen,Terror,Fantasía",6.265,/weY5OVSFmxvA3D4lfyhgvugklEh.jpg,"Jerry vive en un piso con la única compañía de su perro Bosco y de su gato Mr. Whiskers. Hasta aquí todo parece normal, pero cuando conoce a la bella Fiona, nuestro protagonista llega a su casa y no duda en contarle a sus animales de compañía sobre el encuentro. Evidentemente, ellos contestan.",H
6069,The Witches of Eastwick,1987-06-12,George Miller,"Jack Nicholson, Cher, Susan Sarandon, Michelle Pfeiffer, Veronica Cartwright","Comedia,Fantasía,Terror",6.544,/p5OivnZuXfy5E3BKKFIeSidmwys.jpg,"En la pequeña y tranquila población de Eastwick, Nueva Inglaterra, viven Jane (Sarandon), Sukie (Pfeiffer) y Alexandra (Cher), tres modernas y aburridas mujeres. Hartas de esperar al hombre capaz de satisfacerlas, una noche de lluvia se reúnen, e inocentemente, invocan al hombre perfecto. Pronto las tres mujeres descubren sus extraordinarios poderes cuando llega a la ciudad el misterioso Daryl Van Horne (Nicholson), un personaje tan diabólico como seductor.",H
106646,The Wolf of Wall Street,2013-12-25,Martin Scorsese,"Leonardo DiCaprio, Jonah Hill, Margot Robbie, Matthew McConaughey, Kyle Chandler","Crimen,Drama,Comedia",8.027,/kW9LmvYHAaS9iA0tHmZVq8hQYoq.jpg,"Película basada en hechos reales del corredor de bolsa neoyorquino Jordan Belfort. A mediados de los años 80, Belfort era un joven honrado que perseguía el sueño americano, pero pronto en la agencia de valores aprendió que lo más importante no era hacer ganar a sus clientes, sino ser ambicioso y ganar una buena comisión. Su enorme éxito y fortuna le valió el mote de ""El lobo de Wall Street"". Dinero. Poder. Mujeres. Drogas. Las tentaciones abundaban y el temor a la ley era irrelevante. Jordan y su manada de lobos consideraban que la discreción era una cualidad anticuada
42989,The Wrong Arm of the Law,1963-03-17,Cliff Owen,"Peter Sellers, Lionel Jeffries, Bernard Cribbins, Nanette Newman, Davy Kaye","Crimen,Comedia",6.7,/8OjnowuacvM0n7sItBw3xNflPfS.jpg,"Pearly Gates (Peter Sellers), jefe de una banda de ladrones de guante blanco de Londres, decide organizar un espectacular robo usando como tapadera una tienda de alta costura, pero un trío de inoportunos policías les arrebatan el botín. Lo mismo le ocurre a la banda del Nervios. Lo que las dos bandas ignoran es que el trío en cuestión lo forman unos gángsters australianos que se disfrazan de policías para robar a los ladrones.",M
157841,The Young and Prodigious T.S. Spivet,2013-10-16,Jean-Pierre Jeunet,"Kyle Catlett, Helena Bonham Carter, Judy Davis, Callum Keith Rennie, Niamh Wilson","Aventura,Drama,Familia",6.878,/pmr4h0ZLguYsvxaVmjS0bguLcnB.jpg,"T. S. Spivet es un genio de diez años que vive en un rancho de Montana con su peculiar familia. Su gran talento para la cartografía pronto tiene recompensa: una institución científica le concede un prestigioso premio y, con la única compañía de una maleta, se dispone a recorrer el país para plasmarlo en mapas.",G
38023,The Young in Heart,1938-07-06,Richard Wallace,"Janet Gaynor, Douglas Fairbanks Jr., Roland Young, Billie Burke, Minnie Dupree",Comedia,6.6,/ecimQFwdSBQTNwdznb1d2EMuYLh.jpg,"Los Carleton son una familia que, durante años, se ha dedicado al engaño y la estafa de poca monta, pero un día su suerte cambia y tienen que huir de Montecarmelo para no ir a la cárcel. En Londres conocen a una anciana, Doña Fortuna, con quien entablan una relación de amistad. Doña Fortuna está sola en el mundo y posee una gran fortuna, parece la victima perfecta de una estafa... o no?",N
11896,Throw Momma from the Train,1987-12-11,Danny DeVito,"Danny DeVito, Billy Crystal, Kim Greist, Anne Ramsey, Kate Mulgrew","Comedia,Crimen,Suspense",6.157,/fwcIsCwTwF8AXNxvNkrZ5dZlGPz.jpg,"Larry es un escritor a quien su ex esposa le ha robado la novela en la que había invertido toda una vida, logrando con ella un éxito que ni él había llegado a soñar. Owen es un aspirante a novelista de misterio, totalmente dominado por su insufrible madre, que solicita su consejo para mejorar sus creaciones. Larry sugiere a Owen que estudie la obra de Alfred Hitchcock, su técnica para desarrollar un argumento de misterio. Pero lo que Owen entiende es que, al igual que en ""Extraños en un tren"", intercambiarán crímenes. Owen deberá asesinar a la ex esposa de Larry y éste a la madre de Owen.",N
800939,Ticket to Paradise,2022-09-08,Ol Parker,"Julia Roberts, George Clooney, Kaitlyn Dever, Billie Lourd, Maxime Bouttier","Drama,Comedia,Romance",6.403,/1tzERH50P5c2mFWtLbgixzLZS1L.jpg,Una pareja divorciada se une y viaja a Bali para evitar que su hija cometa el mismo error que creen que cometieron hace 25 años.,M
198,To Be or Not to Be,1942-03-06,Ernst Lubitsch,"Carole Lombard, Jack Benny, Robert Stack, Felix Bressart, Lionel Atwill","Comedia,Bélica,Romance",7.815,/dDQRpEoyjHT4fzw9cNklIvZuXYg.jpg,"Las tropas de Hitler invaden Varsovia. En la ciudad, una compañía de teatro que iba a representar una obra, se ve obligada a sustituirla por Hamlet. Mientras, la esposa del actor principal empieza a flirtear con un apuesto oficial.",N
1440098,Drawn Together,2026-09-09,Óscar Pedraza,"Ester Expósito, Hugo Diego Garcia, Pablo Molinero, Lluís Homar, Joaquín Ferreira","Romance,Suspense",6.665,/umlft1ztFbUcnHf960pXJocjpdv.jpg,"Parte 1 de la saga Enfrentados. Marfil, hija de un poderoso empresario español, ve cómo su vida en Nueva York da un vuelco al ser secuestrada y liberada sin explicación. Su padre contrata a Sebastian Moore como guardaespaldas y, forzados a pasar cada minuto juntos, surgirá una irremediable atracción en un mundo donde nada es lo que parece. Basada en la novela de Mercedes Ron, saga Culpables",J
1440098,Drawn Together,2026-09-09,Óscar Pedraza,"Ester Expósito, Hugo Diego Garcia, Pablo Molinero, Lluís Homar, Joaquín Ferreira","Romance,Suspense",6.665,/umlft1ztFbUcnHf960pXJocjpdv.jpg,"Parte 1 de la saga Enfrentados. Marfil, hija de un poderoso empresario español, ve cómo su vida en Nueva York da un vuelco al ser secuestrada y liberada sin explicación. Su padre contrata a Sebastian Moore como guardaespaldas y, forzados a pasar cada minuto juntos, surgirá una irremediable atracción en un mundo donde nada es lo que parece. Basada en la novela de Mercedes Ron, saga Culpables",J
374475,Toni Erdmann,2016-07-14,Maren Ade,"Sandra Hüller, Peter Simonischek, Michael Wittenborn, Thomas Loibl, Trystan Pütter","Comedia,Drama",6.948,/rDiSyVUxXnk0IiALGMWni2UJZSb.jpg,"Inès trabaja en una gran empresa alemana establecida en Bucarest. Su vida está perfectamente organizada hasta que su padre Winfried llega de improvisto y le pregunta ”¿eres feliz?”. Tras su incapacidad para responder, sufre un profundo cambio. Ese padre que a veces estorba y que la avergüenza un poco le va a ayudar a dar nuevamente sentido a su vida gracias a un personaje imaginario: el divertido Toni Erdmann.",H
120845,Tonight or Never,1931-01-04,Mervyn LeRoy,"Gloria Swanson, Melvyn Douglas, Alison Skipworth, Ferdinand Gottschalk, Boris Karloff","Comedia,Romance",6.2,/vOHkTjJWiW0kgSe2PBvvG2raC6D.jpg,"La húngara Nella Vago (Gloria Swanson) es una diva de ópera cuyo agente insiste en que sus representaciones carecen de pasión, una situación que sólo podría cambiar si la propia Vago tuviera una verdadera experiencia amorosa. En un viaje de vuelta a Budapest, Vago descubre que su novio, el Conde Albert von Granac, tiene una aventura. El ánimo y la titubeante carrera de Vago recibirán entonces un gran impulso gracias a la relación de la diva con el apuesto Jim Fletcher (Melvyn Douglas). (FILMAFFINITY)",M
5052,Topkapi,1964-09-02,Jules Dassin,"Μελίνα Μερκούρη, Peter Ustinov, Maximilian Schell, Robert Morley, Jess Hahn","Comedia,Crimen,Aventura",6.469,/pPlJbEkiDjt8opos6Qg0GWLiuSS.jpg,"Elizabeth Lipp y su amante Walter Harper, se alían para realizar uno de los robos más sonados. Llevarse la maravillosa daga del museo de Topkapi, en Estambul, una gran riqueza de precio incalculable. Para el plan, cuentan con la ayuda del atolondrado Arthur y otros compinches que idearán un plan para deslizarse por el museo sin ser vistos. El único camino es entrar a través de la cúpula del edificio.",G
8056,Train of Life,1998-09-16,Radu Mihăileanu,"Lionel Abelanski, Rufus, Clément Harari, Agathe de La Fontaine, Michel Muller","Drama,Comedia,Bélica",7.343,/noaTajcBzCfkR3bvxvd5stv3ds5.jpg,"Durante la Segunda Guerra Mundial (1939-1945), con el objetivo de huir de los nazis y evitar el exterminio, un grupo de judíos de un pueblo de Europa del Este organiza un convoy simulando que se trata de un tren de prisioneros. Algunos de ellos no tendrán más remedio que hacerse pasar por soldados nazis.",N
497828,Triangle of Sadness,2022-09-18,Ruben Östlund,"Harris Dickinson, Charlbi Dean, Dolly de Leon, Woody Harrelson, Zlatko Burić","Comedia,Drama",7.005,/k9eLozCgCed5FGTSdHu0bBElAV8.jpg,"Tras la Semana de la moda, Carl y Yaya, pareja de modelos e influencers, son invitados a un yate en un crucero de lujo. Mientras que la tripulación brinda todas las atenciones necesarias a los ricos invitados, el capitán se niega a salir de su cabina, a pesar de la llegada inminente de la célebre cena de gala. Los eventos toman un giro inesperado y el equilibrio de poder se invierte cuando se levanta una tormenta que pone en peligro el confort de los pasajeros.",N
7446,Tropic Thunder,2008-08-09,Ben Stiller,"Ben Stiller, Robert Downey Jr., Jack Black, Jay Baruchel, Brandon T. Jackson","Acción,Comedia,Bélica",6.728,/zAurB9mNxfYRoVrVjAJJwGV3sPg.jpg,"En la selva del sureste de Asia se rueda una superproducción sobre la guerra de Vietnam en la que intervienen varias estrellas: Kirk Lazarus, un actor que ha ganado tres Oscar
37165,The Truman Show,1998-06-04,Peter Weir,"Jim Carrey, Laura Linney, Noah Emmerich, Natascha McElhone, Holland Taylor","Comedia,Drama",8.159,/vuza0WqY239yBXOadKlGwJsZJFE.jpg,"Truman Burbank es un hombre corriente y algo ingenuo que ha vivido toda su vida en uno de esos pueblos donde nunca pasa nada. Sin embargo, de repente, unos extraños sucesos le hacen sospechar que algo anormal está ocurriendo. Todos sus amigos son actores, toda su ciudad es un plató, toda su vida está siendo filmada y emitida como el reality más ambicioso de la historia.",H
400579,Tully,2018-05-04,Jason Reitman,"Charlize Theron, Mackenzie Davis, Ron Livingston, Mark Duplass, Asher Miles Fallica","Comedia,Drama",6.773,/wDI4YXBXolMYi15Qx2kClvdSERM.jpg,"Marlo (Charlize Theron) es una madre con tres hijos, el último recién nacido, que recibe un inesperado regalo de parte de su hermano Craig (Mark Duplass): una niñera para que le ayude por las noches. Al principio le parece una extravagancia, pero Marlo acaba teniendo una relación única con Tully (Mackenzie Davis), una joven niñera amable, sorprendente y, en ocasiones, difícil.",K
246403,Tusk,2014-09-19,Kevin Smith,"Michael Parks, Justin Long, Genesis Rodriguez, Haley Joel Osment, Johnny Depp","Comedia,Terror",5.5,/pA2SgITmH0lzet9Nn5cxeinRKMv.jpg,"“¡No quiero morir en Canadá!”, suplica Wallace Bryton, un popular podcaster que cruza la frontera de Canadá para entrevistar a Howard Howe, que una vez fue salvado por una morsa. Misántropo extremo, Howe secuestrará a Wallace para sacarle su lado más “animal”.",H
54561,An Average Little Man,1977-03-17,Mario Monicelli,"Alberto Sordi, Shelley Winters, Vincenzo Crocitti, Romolo Valli, Paolo Paoloni","Drama,Comedia",7.941,/m4qBTPE1VjqBqNOhZ76nL6wVEuP.jpg,"Drama triste y cruel sobre un modesto funcionario ministerial próximo a la jubilación. Su único deseo en la vida es lograr que su hijo entre a trabajar en el mismo ministerio que él. Para conseguirlo recurre a todos los medios a su alcance, llega incluso a hacerse masón. Pero, cuando parece que todo va por buen camino, el azar se cruza en su vida.",J
43750,Under the Yum Yum Tree,1963-10-23,David Swift,"Jack Lemmon, Carol Lynley, Edie Adams, Imogene Coca, Paul Lynde","Comedia,Romance",6.063,/20oQRYfHaSfGGCOKBEh1M1CpgCc.jpg,"Adan Hogan es dueño de unos lujosos apartamentos que alquila a bajo precio, pero sólo a chicas atractivas que pueda conquistar. Robin, alquila un apartamento con la intención de vivir allí quince días con su novio de un modo experimental, para intentar resolver una cuestión de incompatibilidad de caracteres.",K
613090,"Live Twice, Love Once",2019-09-06,Maria Ripoll,"Inma Cuesta, Oscar Martínez, Mafalda Carbonell, Nacho López, Isabel Requena","Comedia,Drama",7.469,/5ACJu8n3KaJSzM5nmGaA5q6VkH3.jpg,"Emilio, su hija Julia y su nieta Blanca emprenden un viaje disparatado y a la vez revelador. Antes de que a Emilio le falle la memoria definitivamente, la familia le ayudará a buscar al amor de su juventud. En el camino encontrarán la oportunidad de una vida nueva y sin trampas. Decisiones discutibles y contratiempos los llevará a enfrentarse a los engaños sobre los que han montado sus vidas. ¿Será posible vivir dos veces?",K
209415,Living Is Easy with Eyes Closed,2013-10-31,David Trueba,"Javier Cámara, Natalia de Molina, Francesc Colomer, Ramon Fontserè, Rogelio Fernández","Drama,Comedia",6.753,/xnKaQnNGFjM8hRZpdARABWYwR7a.jpg,"Antonio es un profesor que utiliza las canciones de The Beatles para enseñar inglés en la España de 1966. Cuando se entera de que su ídolo John Lennon está en Almería rodando una película, decide viajar hasta allí para conocerle. En su ruta recoge a Juanjo, un chico de 16 años que se ha fugado de casa, y a Belén, una joven de 21 que también aparenta estar escapando de algo.",N
219,Volver,2006-03-17,Pedro Almodóvar,"Penélope Cruz, Carmen Maura, Lola Dueñas, Blanca Portillo, Yohana Cobo","Comedia,Drama,Romance",7.461,/m1ZUDGTFtVGE3zjTvF8OiQ9um5e.jpg,"El fantasma de la abuela Irene (Carmen Maura) se aparece a sus hijas Raimunda (Penélope Cruz) y Sole (Lola Dueñas), a su nieta Paula (Yohana Cobo), a la tía de las hijas (Chus Lampreave) e incluso a una vecina (Blanca Portillo) en el pueblecito de La Mancha donde viven. La abuela ha vuelto para atar los cabos que le quedaron sueltos en vida.",N
276843,What We Did on Our Holiday,2014-09-26,Andy Hamilton,"Rosamund Pike, David Tennant, Billy Connolly, Ben Miller, Amelia Bullmore",Comedia,6.663,/79erD2M6Tj9He4GSXiW0TjlQHkg.jpg,"Doug y Abi son dos padres normales que tienen tres hijos encantadores aunque muy excéntricos. Cuando el estrés de ser padres pone en peligro su estabilidad mental y su matrimonio, deciden realizar un viaje a Escocia con sus hijos. Allí participarán en una gran reunión familiar y se reencontrarán con Gordie, el increíblemente extravagante padre de Doug. Sin embargo, lo que prometían ser unas vacaciones para la reconciliación pronto se convierte en un campo de minas no exento de situaciones hilarantes en el que rencores familiares, malentendidos y egos maltrechos conforman el orden del día. Cuando los niños precipitan un giro inesperado en los acontecimientos, la familia se ve obligada a aparcar sus diferencias y a colaborar, pues de lo contrario corren el riesgo de perder aquello que más aprecian.",H
246741,What We Do in the Shadows,2014-06-19,Jemaine Clement,"Jemaine Clement, Taika Waititi, Jonny Brugh, Cori Gonzalez-Macuer, Stu Rutherford","Comedia,Terror",7.541,/a2rD3i3DBMeYbA34rBv6z3B9S3a.jpg,"Viago, Deacon y Vladislav son tres vampiros que comparten piso en Nueva Zelanda. Hacen lo posible por adaptarse a la sociedad moderna: pagan el alquiler, se reparten las tareas domésticas e intentan que les inviten a entrar en los clubs. Una vida normal, salvo por una pequeña diferencia: son inmortales y tienen que alimentarse de sangre humana. Cuando su compañero del sótano, Petyr, convierte en vampiro a Nick, nuestros protagonistas deberán enseñarle como funciona todo en su recién estrenada vida eterna.",H
691422,When You Finish Saving the World,2023-01-20,Jesse Eisenberg,"Julianne Moore, Finn Wolfhard, Billy Bryk, Alisha Boe, Jack Justice","Drama,Comedia",5.8,/pZyeoBDQJFPGfd0Mu8XIElGBjZz.jpg,"Evelyn y su inconsciente hijo Ziggy buscan sustitutos el uno para el otro, ya que Evelyn trata desesperadamente de criar a un adolescente sin pretensiones en su refugio, mientras que Ziggy se desvive por una joven brillante en la escuela.",N
405177,"Where'd You Go, Bernadette",2019-08-16,Richard Linklater,"Cate Blanchett, Billy Crudup, Kristen Wiig, Judy Greer, Laurence Fishburne","Comedia,Drama",6.555,/BziuuZULnGmTRLthEty1QdKSEo.jpg,"Bernadette Fox (Cate Blanchett) es una mujer de Seattle que lo tiene todo: un marido que la adora y una hija brillante. Cuando desaparece sin dejar rastro de forma inesperada, su familia se embarca en una aventura emocionante para resolver el misterio de dónde puede haber ido Bernadette. Adaptación del libro homónimo de Maria Semple.",K
252512,While We're Young,2015-03-27,Noah Baumbach,"Ben Stiller, Naomi Watts, Adam Driver, Amanda Seyfried, Charles Grodin","Comedia,Drama",6.007,/rdYXGeK3OZjBrd2R8A1sSS0Kxcq.jpg,"Jamie (Adam Driver) y Darby (Amanda Seyfried) forman una joven pareja de espíritu libre que ayudará a un serio documentalista, Josh (Ben Stiller), y a su mujer Cornelia Srebnick (Naomi Watts) a liberarse de sus prejuicios.",H
279641,Whiskey Tango Foxtrot,2016-03-04,Glenn Ficarra,"Tina Fey, Margot Robbie, Billy Bob Thornton, Martin Freeman, Josh Charles","Comedia,Drama,Bélica",6.319,/wAxhQsY63VY6eF3EilXTkX0YRoU.jpg,"Adaptación de las memorias de Kim Barker, 'The Taliban Shuffle', que básicamente cuenta sus primeros años como periodista en Afganistán y Pakistán tras su llegada en 2002, sus experiencias y el desafío enorme que supone ser mujer en tiempos de guerra en esas zonas.",H
515195,Yesterday,2019-06-26,Danny Boyle,"Himesh Patel, Lily James, Sophia Di Martino, Ellise Chappell, Meera Syal","Comedia,Fantasía,Música,Romance",6.684,/9fYka5CQt9nrb6LOtKicysUf9NA.jpg,"Ayer todo el mundo conocía a Los Beatles. Hoy Jack es el único que recuerda sus canciones. Este músico que malvive en una pequeña localidad costera de Inglaterra, se ha resignado a renunciar a sus sueños. Pero tras un misterioso apagón en todo el mundo, se despierta en una línea de tiempo alternativa donde nunca existieron Los Beatles. Entonces será su oportunidad de hacerse inmensamente famoso al ritmo de las míticas canciones del cuarteto de Liverpool, eso sí, se arriesgará a perder a Ellie, su musa y el amor de su vida.",J
1698443,"Yo, Narciso",2026-08-13,Adrián Suar,"Adrián Suar, Natalia Oreiro, Julieta Zylberberg, Sofía Morandi, Mariano Saborido","Comedia,Romance",6.5,/3qe9gaT7jpKVJJ6UtM9Pr5jm3Hq.jpg,,mi mujer y mi mujer muerta
703451,Your Place or Mine,2023-02-10,Aline Brosh McKenna,"Reese Witherspoon, Ashton Kutcher, Zoë Chao, Jesse Williams, Wesley Kimmel","Romance,Comedia",6.246,/3oFfY1HpzJDlRzKSCBF2sA5mb9U.jpg,"Cuando los dispares Debbie y Peter se intercambian las casas por una semana, lo que descubren sobre sus vidas podría hacer que se planteen ser mucho más que amigos.",N
1098006,Fountain of Youth,2025-05-19,Guy Ritchie,"John Krasinski, Natalie Portman, Eiza González, Domhnall Gleeson, Arian Moayed","Aventura,Fantasía,Misterio",6.234,/4iWjGghUj2uyHo2Hyw8NFBvsNGm.jpg,"Un genio cazatesoros reúne a un equipo para una misión que cambiará vidas. Pero para esquivar y superar los obstáculos que se encontrará, necesitará a alguien más listo que él: su distanciada hermana.",H
11030,Zelig,1983-07-15,Woody Allen,"Woody Allen, Mia Farrow, Patrick Horgan, John Buckwalter, Marvin Chatinover",Comedia,7.428,/bfs67JaV4B5xVBvtXd3O4R7nk9G.jpg,"Falso documental sobre Leonard Zelig, un hombre que asombró a los Estados Unidos de los años 20 con su increíble capacidad para adaptarse a la gente que le rodea.",M
121455,Bad Luck,1960-04-04,Andrzej Munk,"Bogumił Kobiela, Maria Ciesielska, Helena Dąbrowska, Barbara Lass, Krystyna Karkowska","Comedia,Drama",6.829,/ledMwPZhHPwoboJyB2h1RQZfSFV.jpg,"Jan Piszczyk está en dependencias policiales. Le han pedido que cuente la historia de su vida, una vida marcada por la mala suerte. Así narra los sucesos que le han marcado durante casi tres décadas, en la Polonia fascista, en la II guerra mundial y ocupación alemana, y en el comunismo.",M
49020,Submarine,2011-03-18,Richard Ayoade,"Noah Taylor, Paddy Considine, Craig Roberts, Yasmin Paige, Sally Hawkins","Drama,Comedia,Romance",7.355,/nbzXX3CYtKUBrPeMcG7PVoLQHXB.jpg,"Oliver Tate (Craig Roberts) es un peculiar joven de 15 años que tiene dos objetivos: impedir que su madre deje a su padre y encontrarse a sí mismo aunque sea a través de una chica, Jordana.",H
760329,The Smashing Machine,2025-10-01,Benny Safdie,"Dwayne Johnson, Emily Blunt, Ryan Bader, Bas Rutten, Олександр Усик","Drama,Historia,Acción",6.4,/cwwvrdYeIrARXdiv09GIO6XWK5l.jpg,"A finales de los 90, el prometedor artista marcial mixto Mark Kerr aspira a convertirse en el mejor luchador del mundo. Sin embargo, también debe luchar contra su adicción a los opioides y una relación inestable con su novia Dawn.",O
747188,Asteroid City,2023-06-08,Wes Anderson,"Jason Schwartzman, Scarlett Johansson, Tom Hanks, Jeffrey Wright, Tilda Swinton","Comedia,Drama",6.462,/hfo7pvL9Fys7rocfL4VOzw9qDEQ.jpg,"En 1955, colegiales y padres de todo el país se reúnen para un concurso escolar dedicado a la observación de fenómenos astronómicos (Junior Stargazer Convention) que se lleva a cabo en una ciudad ficticia del desierto estadounidense llamada Asteroid City. La convención se verá espectacularmente interrumpida por eventos que cambian el mundo.",O
921636,The Out-Laws,2023-07-07,Tyler Spindel,"Adam Devine, Nina Dobrev, Pierce Brosnan, Ellen Barkin, Julie Hagerty","Romance,Acción,Comedia",5.985,/5dliMQ2ODbGNoq0hlefdnuXQxMw.jpg,"Owen Browning (Adam Devine) es un estirado director de banco que está a punto de casarse con Parker, el amor de su vida. En la semana en la que se va a celebrar su boda, su banco es asaltado por los infames Ghost Bandits, y Owen sospecha que estos viles delincuentes son en realidad sus futuros suegros, que acaban de llegar a la ciudad.",O
924054,Let the Dance Begin,2023-04-05,Marina Seresesky,"Darío Grandinetti, Mercedes Morán, Jorge Marrale, Pastora Vega, Agostina Pozzi","Comedia,Romance,Drama,Música",7.591,/39PwnUTPbDjeNS6Yg5FP7kJqEGE.jpg,"Carlos y Margarita fueron la pareja de tango más famosa y reconocida de su época. Hoy, poco y nada queda de ese esplendor. Junto a su inseparable amigo Pichuquito, la pareja inicia un viaje desde la ciudad de Carlos Gardel hasta el pie de la Cordillera de los Andes en busca de respuestas, que los enfrentará a sus recuerdos, a sus miedos, pero sobre todo a sus verdaderos deseos.",O
723919,Theater Camp,2020-03-31,Nick Lieberman,"Ben Platt, Noah Galvin, Molly Gordon, Natalie Margolin, Tyrone Mitchell Henderson",Comedia,10.0,/3lThzQ3pCMxlD0DjA55Zm498HTb.jpg,,O
41973,"Thelonious Monk: Straight, No Chaser",1988-10-25,Charlotte Zwerin,"Jimmy Cleveland, Thelonious Monk, John Coltrane, Nellie Monk, Samuel E. Wright","Documental,Música",7.4,/8My1tlPk7Bz5Q6hzIpNZShDj37T.jpg,,M
943930,Tin & Tina,2023-03-24,Rubin Stein,"Milena Smit, Jaime Lorente, Carlos González Morollón, Anastasia Russo, Teresa Rabal","Terror,Suspense,Misterio",5.941,/gwVAb3hMYl5F68mvKGl2eqDOj0G.jpg,"Cuando Lola pierde los bebés que estaba esperando, también pierde su fe en Dios. Con la esperanza de recuperarla, acude junto a su marido Adolfo a un convento de monjas donde conocen a Tin y Tina, dos angelicales hermanos de siete años por los que Lola se siente extrañamente atraída. Aunque Adolfo no siente lo mismo, deciden adoptarlos. Con el paso del tiempo Lola empieza a caer en una espiral de sospecha y obsesión con los niños y sus macabros juegos religiosos.",J
164120,Tropicália,2012-09-14,Marcelo Machado,"Rogério Duarte, Gilberto Gil, Caetano Veloso, Tom Zé, Sérgio Dias","Música,Documental",7.1,/mCfgx49za24oJropADfERZA01De.jpg,,H
420624,"Tsunami, un océano de gente",2016-10-10,Maximiliano Díaz,"Carlos Alberto Solari, Mario Pergolini, Fundamentalistas del aire acondicionado","Documental,Música",8.5,/mNSvGxtAT2FdYhctVH6P80z9J5f.jpg,"El Indio Solari habla por primera vez en una mano a mano en cámara con Mario Pergolini. Una producción original de Vorterix grabada el 12 de Marzo en su último show histórico de Tandil, donde convocó a más de 200 mil personas. Además de la entrevista, el documental muestra imágenes nunca vistas de cómo es su show por dentro.",K
723124,The Monopoly of Violence,2020-09-30,David Dufresne,"Arié Alimi, Myriam Ayad, Ludivine Bantigny, Benoît Barret, Taha Bouhafs",Documental,7.275,/s6JOPaXECRXIkVYZqWdUeWzMm3u.jpg,"Con la llegada de las nuevas tecnologías, toda brutalidad puede ser registrada. Un documental feroz y sobrecogedor, nominado a los Premios César, sobre el monopolio de la violencia y los excesos policiales en la Francia de Macron.
 Las últimas manifestaciones en Francia y la represión policial con que se respondieron (un escenario perfectamente trasladable a nuestro país) propician este documental reflexivo, nominado a los Premios César, que pone sobre la mesa del debate público el famoso “monopolio de la violencia” en manos del estado del que hablaba Max Weber. Una más que oportuna propuesta dialéctica que incorpora a la discusión el nuevo papel de los dispositivos móviles como generadores de contrarelatos a las retóricas oficiales.",J
157803,Unbreakable: The Western States 100,2012-11-22,J.B. Benna,"Kilian Jornet, Hal Koerner, Anton Krupicka, Geoff Roes",Documental,7.7,/5roIXRVRHxgBlIsk2pSvESBztCB.jpg,,G
804013,Under the Volcano,2021-03-20,Gracie Otto,"Sting, Jimmy Buffett, Stewart Copeland, Mark Knopfler, Nick Rhodes","Documental,Música",6.9,/iVlOOpvFCddoLYc0R5lm0UsHjeU.jpg,La historia de AIR Studios Montserrat de George Martin y la isla que cambió la música para siempre.,J
857731,Untold: Caitlyn Jenner,2022-08-24,Crystal Moselle,"Caitlyn Jenner, Burt Jenner, Tom Brokaw, Johnny Carson, Walter Cronkite",Documental,6.781,/gSOXqj8HLTMzdifHOOQnbjgVEVr.jpg,El improbable viaje de Caitlyn Jenner hacia la gloria olímpica fue inspirador. Pero el camino para abrazar su verdadero yo resultó aún más desafiante.,J
857732,Untold: Crime & Penalties,2021-08-31,Chapman Way,"Richard Brosal, James Galante, A.J. Galante, Ed Adams, Jeff Waterman","Documental,Crimen",7.095,/zKXmY2UYtCrhBZfzgmDgpteWyV4.jpg,"¿Qué sucede cuando un magnate de la basura, vinculado con la mafia ,compra un equipo de hockey de ligas menores y pone a su hijo adolescente años a cargo? Un éxito rotundo, disparatado pero breve, que termina en una investigación del FBI.Esta es la historia de los Danbury Trashers, un equipo de hockey de la UHL comprado por James Galante, un jefe de la mafia, y dirigido por su hijo de 17 años, A.J. Galante nombró a su hijo presidente y gerente general del equipo, el cual era conocido por su juego violento y al mismo tiempo exitoso..
 Cuarta parte en la antología de documentales deportivos ‘Al descubierto’ (‘Untold’).",J
857729,Untold: Deal with the Devil,2021-08-17,Laura Brownson,"Christy Martin, Mike Tyson, Deirdre Gogarty, Lisa Holewyne, Laila Ali",Documental,6.915,/gjjM0z1tRY5S4KjxXVNp7BRTOxG.jpg,"Christy Martin rompió límites y narices a medida que ascendía en el mundo del boxeo, pero su personalidad pública desmentía demonios personales, abusos y una amenaza a su vida.",J
857497,Untold: Malice at the Palace,2021-08-10,Floyd Russ,"Jermaine O'Neal, Stephen Jackson, Metta Sandiford-Artest, Reggie Miller, Donnie Walsh","Documental,Crimen",7.25,/bjvxSGfghSNTgfVDf3nQ4sJCVJX.jpg,"Personajes clave de un infame incidente de 2004 entre jugadores y fanáticos en un partido de la NBA en Michigan analizan la pelea, sus consecuencias y su legado duradero.",J
834027,Val,2021-07-23,Leo Scott,"Val Kilmer, Jack Kilmer, Mercedes Kilmer, Joanne Whalley, Kevin Bacon",Documental,7.226,/vWJKmfmjpkFeTbUGep6t7w5TexA.jpg,"Durante más de 40 años, Val Kilmer, uno de los actores más volubles y / o incomprendidos de Hollywood, ha estado documentando su propia vida y su oficio a través de películas y videos. Ha acumulado miles de horas de metraje, desde películas caseras de 16 mm hechas con sus hermanos hasta el tiempo que pasó en papeles icónicos para películas de gran éxito como Top Gun, The Doors, Tombstone y Batman Forever. Este documental crudo, salvajemente original e inquebrantable revela una vida vivida hasta los extremos y una mirada llena de corazón, a veces hilarante, sobre lo que significa ser un artista y un hombre complejo.",M
294959,Valley Uprising,2014-09-01,Nick Rosen,"Peter Sarsgaard, Royal Robbins, Warren Harding, John Bachar, Ron Kauk","Aventura,Documental,Historia",7.732,/9wjZdG4K1zkKmlh5DS2xxiEEVPK.jpg,"En los sombríos campamentos del valle de Yosemite, los alpinistas crearon un estilo de vida contracultural de beatniks vagabundos y fiestas salvajes que chocaba con los valores conservadores del Servicio de Parques Nacionales. Y en las paredes, generación tras generación han superado los límites de la escalada, compitiendo entre sí por la supremacía en los acantilados de Yosemite. ""Valley Uprising"" es la historia fascinante e inolvidable de esta atrevida tradición de escalada en roca en el Parque Nacional de Yosemite: medio siglo de lucha contra las leyes de la gravedad y las leyes de la tierra.",J
74482,Vinicius de Moraes,2005-11-01,Miguel Faria Jr.,"Camila Morgado, Ricardo Blat, Vinicius de Moraes, Yamandu Costa, Ferreira Gullar","Documental,Música",6.324,/sCrB21RM0vnqPmmz1PHXqoxE8AF.jpg,"Para celebrar la vida y la obra de un creador polifacético – dramaturgo, poeta, socio de los nombres más importantes de la música pop brasileña y, sobre todo, un personaje ilustrado de la historia cultural brasileña - el director Miguel Faria Jr. reunió un elenco incomparable de socios, cantantes, amigos e imágenes raras de archivo que recuerdan su genial sencillez con la espontaneidad, el humor y la libertad de quien charla en la mesa de un bar, exactamente como disfrutaría el eterno Vinicius.",H
190834,Viramundo,2013-05-08,Pierre-Yves Borgeaud,"Gilberto Gil, Vusi Mahlasela, Peter Garrett, Paul Hanmer",Documental,5.8,/iaO3mLCtUNXRSBCHOZpv6Sm3bvl.jpg,,H
47813,Waking Sleeping Beauty,2009-09-05,Don Hahn,"Don Hahn, Roy Edward Disney, Michael Eisner, Jeffrey Katzenberg, Peter Schneider",Documental,7.2,/hywGLq5tMOuKwXfOhYUzoqNNAnU.jpg,"Ópera prima de Don Hahn, uno de los productores más importantes de Disney. Documental que analiza el periodo que va de 1984 a 1994, en el que se filmaron obras como “¿Quién engañó a Robert Rabbit“, “La Sirenita“, “Aladdín“, “Pesadilla antes de Navidad"" o ""El rey león"". Cuenta con testimonios de grandes personalidades de los estudios Walt Disney como el director Tim Burton, el productor John Lasseter, el desaparecido Roy Edward Disney, que fue quien renovó la producción animada y lideró el imperio. Queda patente que la producción animada no es ajena a las luchas por el poder entre los productores ejecutivos.",G
617773,Western Stars,2019-10-25,Thom Zimny,"Bruce Springsteen, Patti Scialfa","Música,Documental",7.01,/aT5lsPynkYhDgFZH48jdNLobnZY.jpg,"El incomparable Bruce Springsteen interpreta su último álbum aclamado por la crítica y reflexiona sobre la vida, el rock y el sueño americano, en esta película de concierto íntimo y personal codirigida por Thom Zimny y el mismo Springsteen.",J
318044,"What Happened, Miss Simone?",2015-01-22,Liz Garbus,"Nina Simone, Lisa Simone, Dick Gregory, Stanley Crouch, Elisabeth Henry-Macari","Música,Documental",7.397,/8XpM91NVq6IyCnDkiWf4xjHpewK.jpg,"Documental sobre la vida de la legendaria cantante y activista de los derechos civiles Nina Simone. Incluye extractos de más de cien horas de entrevistas de audio con la artista nunca escuchados hasta este documental, así como imágenes inéditas de conciertos suyos, cartas y una entrevista con la hija de Simone, Lisa Simone Kelly.",M
836919,"Who Are You, Charlie Brown?",2021-06-24,Michael Bonfiglio,"Lupita Nyong'o, Tyler James Nathan, Terry McGurrin, Isabella Leo, Holly Gorski","Documental,Animación",6.886,/kqQfs98qAEwirmuZM48JH6ydQjb.jpg,"Admiradores de la pandilla Peanuts como Drew Barrymore, Kevin Smith y Al Roker cuentan en este documental narrado por Lupita Nyong'o cómo les influyó la obra de Charles M. Schulz. Además, Carlitos vive su propia aventura en una nueva historia animada.",J
53079,Who Is Harry Nilsson (And Why Is Everybody Talkin' About Him?),2010-10-26,John Scheinfeld,"Harry Nilsson, Richard Perry, Doug Hoefer, Jimmy Webb, Micky Dolenz","Documental,Música",7.119,/uh3jCuKCd50EwBYPSUMG9rK9v6y.jpg,,J
56224,Z Channel: A Magnificent Obsession,2004-05-16,Xan Cassavetes,"Quentin Tarantino, Robert Altman, Jim Jarmusch, Paul Verhoeven, Alexander Payne","Historia,Documental",7.1,/mhEUVtXc08I8hZSbexWnilXga1p.jpg,,M
353047,Zappa,2020-11-27,Alex Winter,"Frank Zappa, Mike Keneally, Pamela Des Barres, Lonnie Lardner, Patrice Zappa","Música,Documental",7.257,/qQVsDHZ2JZ4dEtAZVMmZqfH4xpG.jpg,"Con la ayuda de más de 10,000 fanáticos dedicados de Zappa, este es el proyecto documental definitivo largamente esperado de Alex Winter que documenta la vida y carrera del enigmático e innovador estrella de rock Frank Zappa. Alex también utiliza en esta imagen miles de horas de videos, fotos, audio, escritura y todo lo demás cuidadosamente digitalizados de los archivos privados de Zappa. Estas crónicas nunca antes se habían presentado a una audiencia pública, hasta ahora.",J
610596,ZZ Top: That Little Ol' Band from Texas,2019-08-13,Sam Dunn,"Frank Beard, Billy Gibbons, Dusty Hill, Joshua Homme, Billy Bob Thornton","Documental,Música",7.5,/jN4lG0lLre6wWECSmW0x1hHgZgt.jpg,La historia de cómo tres jóvenes chalados se convirtieron en uno de los grupos más aclamados del planeta.,N
1005428,Sergio Leone: The Italian Who Invented America,2022-10-20,Francesco Zippel,"Quentin Tarantino, Frank Miller, Giuseppe Tornatore, Damien Chazelle, Clint Eastwood",Documental,7.382,/sRGp6TYdZ7NmvVSgI5Itw6Jylen.jpg,"Un homenaje mundial de varios artistas al legendario director italiano Sergio Leone, pionero en el género western y famoso por la creación del subgénero ""speghetti western"".",K
998776,Johnny Cash: The Redemption of an American Icon,2022-12-05,Ben Smallbone,"Johnny Cash, Alice Cooper, Tim McGraw, Jimmie Allen, Marty Stuart","Música,Documental",6.833,/aGZFi9dbxKRy0a8zABUn9ZobW51.jpg,,K
717082,Stan Lee,2023-06-10,David Gelb,"Stan Lee, Joan Lee, Flo Steinberg, Warren Storob, Julius Schwartz",Documental,7.152,/iWBOKF0yl7pHK9y8fqRIBqf9fOJ.jpg,"Marvel Studios y director David Gelb nos presentan ""STAN LEE"", el documental oficial sobre Stan “The Man” Lee y su periplo hasta convertirse en un referente del mundo del cómic y de la cultura pop: desde su infancia como Stanley Lieber hasta el ascenso meteórico de Marvel Comics. A partir de material de archivo personal, ""STAN LEE"" cuenta la historia de Stan Lee con las propias palabras del autor.",O
1115091,Rock Hudson: All That Heaven Allowed,2023-06-20,Stephen Kijak,"Rock Hudson, Joe Carberry, Tim Turner, Lee Garlington, Paul Garlington",Documental,5.7,/2sgWVNX4oAyFnGnCDFMvWTsst4B.jpg,"La biografía del famoso actor Rock Hudson se examina en esta investigación sobre Hollywood y la identidad LGBTQ+, desde su carácter público de 'donjuán' hasta su vida privada como homosexual.",O
1115145,Enter the Slipstream,2023-04-20,Ted Youngs,"Jonathan Vaughters, Rigoberto Urán, Dani Martinez, Sergio Higuita, Tejay van Garderen",Documental,7.0,/7SAqronzifFHJZbQYbVPdOt8qEI.jpg,,O
977341,The Fire Within: A Requiem for Katia and Maurice Krafft,2024-05-09,Werner Herzog,"Werner Herzog, Maurice Krafft, Katia Krafft",Documental,7.8,/i1LgOPrUq40dvCVo5oWX0XNqoQa.jpg,"Werner Herzog rinde homenaje a los Krafft, una pareja de vulcanólogos franceses que falleció en las faldas del Monte Unzen, a través de las más de 200 horas de grabación que nos legaron.",O
997124,Cafrune,2022-07-07,Julián Giulianelli,,Documental,3.0,/nM0E6gsQ4ero0kQ4ybaZhYgGDCi.jpg,"En 1978, Jorge Cafrune, folclorista argentino, encontró su temprana muerte de manera trágica. Un gaucho que cantaba como vivía, y una búsqueda para recorrer una vida casi mística.",O
1139087,Once Upon a Studio,2023-09-24,Dan Abraham,"Chris Diamantopoulos, Kaitlyn Robrock, Tony Anselmo, Bill Farmer, Jim Cummings","Animación,Familia,Fantasía,Drama,Comedia",8.253,/aiy3G1cYWV3LgKZHY6a3jL8bjYL.jpg,Los queridos personajes de los 100 años de Disney Animation tienen un reencuentro inolvidable.,O
1174725,Race to the Summit,2023-10-04,Nicholas de Taranto,"Ueli Steck, Dani Arnold","Documental,Acción,Aventura",6.877,/hTLtWIEQzJcW1KtnbH5Zvip0FfE.jpg,Dani Arnold batió el récord de velocidad de Ueli Steck al escalar el Eiger en 2011. Así comenzó su duelo por las seis caras norte más importantes de los Alpes.,O
76406,Tokyo-Ga,1985-04-24,Wim Wenders,"笠智衆, 厚田雄春, Werner Herzog, Chris Marker",Documental,7.085,/xegKL9C46PqyUEik3s9Py3W2Ina.jpg,"Wim Wenders se acerca hasta el universo creador y el paisaje vital de Yasujiro Ozu, uno de los pilares fundamentales del cine japonés. Pero el realizador alemán no se limita a reflejar lo que inspiró a Ozu, sino también a radiografiar un país en continua metamorfosis.",O
1168709,Einstein and the Bomb,2024-02-16,Anthony Philipson,"Aidan McArdle, Andrew Havill, Rachel Barry, Helena Westerman, Leo Ashizawa","Documental,Drama",6.2,/hWRKHXKfu2WJGICdVpKZ0jEKsbp.jpg,¿Qué pasó cuando Einstein huyó de la Alemania nazi? Este docudrama usa imágenes de archivo y sus propias palabras para sumergirse en la mente de un genio atormentado.,O
1226841,The Greatest Night in Pop,2024-01-19,Bao Nguyen,"Lionel Richie, Bruce Springsteen, Dionne Warwick, Kenny Loggins, Huey Lewis","Documental,Música",7.877,/jDz4wFujk94tQP9Sx6EMKDULvkn.jpg,Las mayores estrellas de la música se reunieron en enero de 1985 para grabar ‘We Are the World’. Este documental se cuela entre los bastidores del histórico evento.,O
334495,The Barkley Marathons: The Race That Eats Its Young,2014-10-26,Annika Iltis,"Lazarus Lake, Jared Campbell","Documental,Historia",7.408,/1ugzwqaN5mcIgigfI1J3T1Zedym.jpg,,O
1515847,Rui Carlos,2025-07-15,Margarida Paias,"David Peixeiro, Daniel Carvalho, João Lopes, Diogo Caeiro, Afonso Morgado",Drama,0.0,/8Td4q3Og1MyzvvYwJNjroM6zl5z.jpg,,O
520789,The Accountant of Auschwitz,2018-04-29,Matthew Shoychet,"Oskar Gröning, Bill Glied, Hedy Bohm, Thomas Walther, Kai Feldhaus","Documental,Historia,Crimen",6.852,/4uriaKkq1DgIZcBVRjJcU1xqs7Z.jpg,"Documental sobre el juicio a Oskar Gröning, conocido como ""el contable de Auschwitz"", que comenzó cuando él tenía 94 años de edad.",O
1318668,500 Days of Escobar,2023-12-03,Simón Hernández,"Pablo Escobar, César Gaviria, María Victoria Henao, Virginia Vallejo","Documental,Crimen",7.3,/AoEl04jghs9APnpBKzDg37nZQnc.jpg,La persecución de 500 días de Pablo Escobar en Colombia se detalla a través de entrevistas e imágenes de archivo en este documental sobre crímenes.,O
1188412,Eddie Murphy : Hollywood's Black King,2023-11-03,Antoine Coursat,"Eddie Murphy, Aline Afanoukoé",Documental,6.6,/kmbfB1CS54UySYDVCxi1x6ITd4Y.jpg,"Eddie Murphy ha sido un pionero que revolucionó la imagen de los afroamericanos y abrió muchas puertas para su comunidad. Este documental repasa su trayectoria desde el icono popular de los años 80 y 90 hasta su regreso después de un paréntesis de 25 años, mostrando a un hombre que nunca ha dejado de desafiar a Estados Unidos en sus problemas de identidad.",O
1247031,Federer: Twelve Final Days,2024-06-10,Asif Kapadia,"Roger Federer, Rafael Nadal, Новак Ђоковић, Andy Murray, Mirka Federer",Documental,7.304,/kunqcryDeYZxBg4ESat2We5qRtD.jpg,Sigue los últimos 12 días de la carrera de un tenista considerado el mejor de la historia mientras juega su último torneo.,O
923403,The Beatles: Get Back - The Rooftop Concert,2022-01-30,Peter Jackson,"John Lennon, Paul McCartney, George Harrison, Ringo Starr, Billy Preston","Música,Documental",8.0,/4MPsj31FTnfXg1NO93lzr3PqNuE.jpg,Presenta el último concierto de The Beatles como grupo que se llevó a cabo en un tejado de Savile Row en Londres.,O
1143710,Lang Lang Plays Disney,2023-09-15,Oliver Murray,"Lang Lang, André de Ridder, Gina Alice Redlinger, Alfie Boe, Wang Xiao","Música,Documental",6.357,/5y7UlJGConbahwKgQQ9fQZyB8QX.jpg,"El pianista Lang Lang, reconocido mundialmente, y la música más icónica de Disney se juntan en este concierto exclusivo de una noche en el Royal Albert Hall. Con segmentos musicales y documentales, esta película abre las puertas íntimamente a este viaje musical extraordinario, hablando de su amor por Disney desde su infancia en China.",O
57406,Leonard Cohen: I'm Your Man,2006-11-24,Lian Lunson,"Leonard Cohen, Martha Wainwright, Rufus Wainwright, Beth Orton, Jarvis Cocker","Documental,Música",6.391,/5b2G1junuUkQn5MtMDXobzHUbDZ.jpg,"Compositor de canciones
485157,Barbra: The Music ... The Mem'ries ... The Magic!,2017-11-22,Barbra Streisand,"Barbra Streisand, Martin Erlichman, James Brolin, Jamie Foxx",Música,7.071,/5DyY92fWXrAoutY2vAatMnt2rPq.jpg,,O
135,Bob Dylan – Don't Look Back,1967-05-17,D. A. Pennebaker,"Bob Dylan, Albert Grossman, Bob Neuwirth, Joan Baez, Alan Price","Documental,Música",7.365,/2kd5XfH2MhFlChq7DkjxWBLoYPF.jpg,"Aclamado documental filmado por D.A. Pennebaker que cubre principalmente la gira británica ofrecida por Bob Dylan en la primavera de 1965, cuando el trobador folk americano, de nombre real Robert Allen Zimmerman, contaba sólo 23 años. La gira de Dylan, de apenas 3 semanas, es documentada detallada por una cámara que le sigue allí donde va, del aeropuerto al hotel, mostrando conversaciones y conciertos, además de contar con la aparición de otros artistas como Joan Baez, Donovan o Alan Price. Un documental que con el tiempo ha agrandado su importancia e influencia. (FILMAFFINITY)",O
384316,1945: The Savage Peace,2015-05-24,Peter Molloy,"Michael Pennington, Christa Ronke, Marianne Becker, Meda Mládek, Stanislava Zverinova","Documental,Historia,Película de TV",7.625,/zqLiBL3Z9hI5lQSihu0aWiJW4BY.jpg,"En 1945, después del final de la Segunda Guerra Mundial y la caída del régimen nazi, los derrotados, fueron maltratados atrozmente, especialmente aquellos alemanes étnicos que habían vivido pacíficamente durante siglos en los países vecinos de Alemania, como Checoslovaquia y Polonia. Una desgarradora historia de venganza contra civiles inocentes, la historia de actos tan crueles como la ocupación nazi durante los años de guerra.",O
26317,Man with a Movie Camera,1929-05-12,Дзига Вертов,Михаил Кауфман,Documental,7.842,/5YRofW7fL9jYBRK7hmFpvnosZyu.jpg,"Un cámara deambula con una cámara colgada del hombro, documentando la vida urbana con una deslumbrante inventiva.",O
1688652,Gary,2026-05-05,Christopher Storer,"Ebon Moss-Bachrach, Jon Bernthal, Marin Ireland, Gillian Jacobs, Nation Sage Henrikson","Drama,Comedia",6.6,/jtMuKwlOl4IzpB5fWn9RT9uyy6E.jpg,"Dos amigos emprenden un viaje de trabajo, pero se topan con retos inesperados al intentar cumplir su misión. A medida que solucionan problemas y conectan con los lugareños, la experiencia les deja una huella imborrable y les ofrece una nueva perspectiva de su amistad.",O
78997,Jimi Hendrix: Voodoo Child,2010-09-18,Bob Smeaton,"Bootsy Collins, Jimi Hendrix, Mitch Mitchell, Noel Redding",Documental,7.222,/5Rp8HGOUAESou43csle9OI7pZAt.jpg,,O
31147,Tom Petty and the Heartbreakers: Runnin' Down a Dream,2007-10-14,Peter Bogdanovich,"Tom Petty, Ron Blair, Mike Campbell, George Drakoulias, Johnny Cash","Documental,Música",7.717,/9mdIZkWQ1rGy3pTTDOHzx6DhY5X.jpg,,O
827484,In the Court of the Crimson King: King Crimson at 50,2022-10-19,Toby Amies,"Robert Fripp, Adrian Belew, Bill Bruford, Mel Collins, Michael Giles","Documental,Música",7.235,/qTW48wsLoDub3A9bmQ2EL2eEZuq.jpg,,
827484,In the Court of the Crimson King: King Crimson at 50,2022-10-19,Toby Amies,"Robert Fripp, Adrian Belew, Bill Bruford, Mel Collins, Michael Giles","Documental,Música",7.235,/qTW48wsLoDub3A9bmQ2EL2eEZuq.jpg,,"O"""
124346,Eric Clapton - Nothing But The Blues,2022-06-30,Scooter Weintraub,"Eric Clapton, Martin Scorsese, Dave Bronze, Chris Stainton, Andy Fairweather Low","Música,Documental",7.571,/xZYYRd1WiZHRbi1J5KRikv6j2lv.jpg,"Eric Clapton habla sobre quién lo ha influenciado a lo largo de su carrera, con clips de actuaciones de Howlin' Wolf, Buddy Guy, Muddy Waters, B.B. King, etc. Filmado por el director Martin Scorcese, este documental se transmitió una vez en las estaciones de PBS, pero nunca se lanzó oficialmente. por razones que aún no están claras. Se programó un lanzamiento planificado en video casero para principios del verano de 1995, y Warner / Reprise produjo un número limitado de copias anticipadas para su uso como promoción.",O
129794,Pelotazo nacional,1993-05-28,Mariano Ozores Puchol,"Andoni Ferreño, Arancha del Sol, Antonio Ozores, Juanjo Menéndez, Óscar Ladoire",Comedia,6.0,/u4nQ3eXSVFOEP3bZoRWeqEtmc8t.jpg,"Un grupo de estafadores de edad avanzada montan una empresa dedicada a la compra-venta de terrenos para la construcción, pero las cosas no les saldrán como esperaban.",una historia verdadera
116305,Gimme the Power,2012-06-01,Olallo Rubio,"Sergio Arau, Olallo Rubio, Juan Villoro, Fernanda Tapia, Francisco Ayala","Documental,Música",7.9,/udVe0sp0Xds7ch6QYvZWEU1Hoi6.jpg,"Dirigido por Olallo Rubio, el documental reúne las opiniones de cada uno de los integrantes de la banda (Tito Fuentes, Miky Huidobro, Randy Ebright y Paco Ayala) sobre la perspectiva que tienen de México y los problemas sociopolíticos que vive en las últimas décadas.  Asimismo, se incluyen opiniones de diversas personalidades del periodismo y activismo –entre ellos Juan Villoro- sobre su visión acerca de la influencia que ha tenido Molotov en la sociedad, específicamente en su movimiento de protesta.  El documental se estrenó oficialmente el 1 de junio de 2012 en cines seleccionados.",O
1214506,Will & Harper,2024-09-12,Josh Greenbaum,"Will Ferrell, Harper Steele, Tim Meadows, Seth Meyers, Kristen Wiig","Documental,Comedia",7.326,/1xbYcoEb9gqezNnLgjWcZI5Hlsl.jpg,"Cuando Harper, un buen amigo de Will Ferrell, sale del armario como mujer trans, inician un viaje por carretera para que Harper se presente al mundo como ella misma.",O
1292585,Hayao Miyazaki and the Heron,2024-10-10,Kaku Arakawa,"Hayao Miyazaki, 鈴木敏夫, 高畑勲, 本田雄, Masaki Suda",Documental,7.8,/geGABpb3tkV3GqoD9mQvMqzHcBl.jpg,La leyenda de la animación Hayao Miyazaki se enfrenta a los problemas de la mortalidad y la creatividad durante los siete años de producción de ‘El chico y la garza’.,O
458725,Dirtbag: The Legend of Fred Beckey,2017-05-26,Dave O'Leske,"Fred Beckey, Conrad Anker, Reinhold Messner, Ed Viesturs, Yvon Chouinard",Documental,7.8,/b7K8O1SoWgjw047nBYfzmyUXik3.jpg,,O
557800,At the Heart of Gold: Inside the USA Gymnastics Scandal,2019-05-03,Erin Lee Carr,"Simone Biles, McKayla Maroney, Aly Raisman, Jordyn Wieber, Rachael Denhollander",Documental,7.1,/a3t1RktaXBTfNmwzuIoTC4rpuJj.jpg,"En 2016, la gimnasia de Estados Unidos se vio convulsionada tras descubrir que el doctor Larry Nassar había estado abusando de algunas atletas durante años. Este documental se centra en el escándalo, su tapadera y lo que sucedió después.",O
75901,The Conquest of Everest,1953-12-09,George Lowe,"Meredith Edwards, Edmund Hillary, Tenzing Norgay","Documental,Drama,Historia",7.2,/cDVEzpEZngamnUGXcSQyQjDjz20.jpg,,O
1007698,Feeling It,2022-11-17,Fernando León de Aranoa,"Joaquín Sabina, Jimena Coronado, Joan Manuel Serrat, Leiva, José Tomás",Documental,7.313,/lLXkjfouAr219ip130bVNCdkTJz.jpg,"Retrato de Joaquín Sabina sin bombín, hecho a muy pocos centímetros de su piel, con nocturnidad y alevosía, por su amigo, el cineasta Fernando León de Aranoa. Un relato como su voz, áspero, directo y sin ecualizar, que cuenta sin atenuantes la intimidad del artista, sus bambalinas, su cara B. Que comienza cuando baja del escenario, que le acompaña en lo cotidiano, y así en lo inesperado: en la risa y en el drama. Sintiéndolo mucho es el resultado de trece años de rodaje juntos, y recorre todos los escenarios de Joaquín Sabina, públicos y privados, luminosos y ocultos. Un paseo por las claves de su vida y de su trabajo: por lo que le mueve, por lo que le inspira, por lo que le duele, desarrollado siempre a partir de situaciones vivas, compartidas, entre músico y cineasta.",O
1036573,The Last of the Sea Women,2024-09-08,Sue Kim,"Jang Soon-duk, Kang Joo-hwa, Woo Jeong-min, Lee Geum-ok, Jeong Young-ae",Documental,7.196,/4a75Q8ebNNqAQ8Mm4n863Gl9dOS.jpg,"En las costas de la isla de Jeju, un férreo grupo de buceadoras surcoreanas lucha por salvar su cultura, que está desapareciendo, de inminentes amenazas.",O
1320637,Am I Racist?,2024-09-13,Justin Folk,"Matt Walsh, Robin DiAngelo, Regina Jackson, Saira Rao, Regan Byrd","Comedia,Documental",6.211,/a0nfgpeRMORStotrouLoOBr00Pc.jpg,"Matt Walsh se adentra en el mundo de la diversidad, la equidad y la inclusión. Prepárese para sorprenderse por lo lejos que llegan los activistas raciales y por lo mucho más lejos que Matt Walsh llegará para exponer las estafas, descubriendo absurdos que lo harán reír.",O
5780,Torn Curtain,1966-07-14,Alfred Hitchcock,"Paul Newman, Julie Andrews, Lila Kedrova, Hansjörg Felmy, Tamara Toumanova",Suspense,6.6,/7XC1l9eP2TBYMEdA4KRUqKAFmbm.jpg,"Michael Armstrong es un científico norteamericano que viaja a la Alemania Oriental con Sarah Sherman, su novia y secretaria. Una vez allí, actúa como si fuera un desertor con el fin de obtener datos sobre la tecnología nuclear soviética. Pero, precisamente cuando consigue la información que buscaba, es descubierto. La pareja deberá afrontar entonces todo tipo de situaciones peligrosas hasta que consigue huir del país.",O
1294765,Here to Climb,2024-06-17,Ricki Stern,"Sasha DiGiulian, Cedar Wright, Alex Honnold, Lynn Hill, Angela VanWiemeersch",Documental,4.3,/yxWxiXzt7qToDAdZohHXSLQIqqU.jpg,,O
1076708,Music by John Williams,2024-11-01,Laurent Bouzereau,"John Williams, Steven Spielberg, J.J. Abrams, Emanuel Ax, Kate Capshaw","Documental,Música",8.041,/dIZ3SzuT3YuAWX1fjdxDevbwQBX.jpg,"Sus inolvidables bandas sonoras constituyen una parte esencial de algunas de las películas más veneradas de nuestros tiempos en una carrera que abarca varias décadas. Observa y escucha la historia del propio John Williams acompañada por opiniones de cineastas, músicos y otras personas a las que ha inspirado, junto con imágenes que no conocías de cómo hizo historia en el cine.",O
951029,Look into My Eyes,2024-09-06,Lana Wilson,"Per Erik Borja, Eugene Grygo, Nikenya Hall, Phoebe Hoffman",Documental,5.4,/mp1UYL6Z8A5aMbQQKxyWPWwNJkU.jpg,"Este documental sigue a siete videntes de Nueva York, personas muy distintas unidas por su don. A través de sus sesiones, intentan conectar a sus clientes con el más allá, buscando enlaces con seres queridos fallecidos o quizás solo explorando emociones profundas. Un viaje fascinante entre lo espiritual y lo humano.",O
1363674,The Pursuit Of Perfection,2023-12-26,Narinrat Intasamakul,"Punyanuch Chuenwongse, Narinrat Intasamakul",Drama,0.0,/1vQCAoCsgrUwtWAKxPnro2DaqTg.jpg,,O
1174891,The Life and Deaths of Christopher Lee,2024-08-09,Jon Spira,"Christopher Lee, Joe Dante, Peter Jackson, John Landis, Harriet Walter",Documental,7.5,/657xnGtHIP4OQfTpnAA2Cx1h65l.jpg,"Aristocráticas raíces italianas, una estrecha relación familiar con Ian Fleming, novelista de James Bond, experiencias bélicas en el ejército británico y finlandés, aventuras de caza de nazis en la posguerra y una carrera paralela como cantante de rock heavy metal. Y uno de los actores más emblemáticos de todos los tiempos.",O
1360677,The Devil's Climb,2024-10-17,Renan Öztürk,"Alex Honnold, Tommy Caldwell","Documental,Aventura",7.649,/qjecaspP70FPUL8G6TxzKYplDw3.jpg,"Los escaladores Alex Honnold y Tommy Caldwell emprendieron una atrevida expedición para enfrentarse al formidable Devils Thumb de Alaska. Luchando contra duras condiciones y picos desalentadores, superan sus límites físicos y mentales, mientras su profunda amistad enfrenta la prueba más dura hasta el momento.",O
784846,Happy Birthday Mr Bean,2021-01-10,Ian Thompson,"Rowan Atkinson, Richard Curtis, Tony Robinson, Howard Goodall, Angus Deayton","Documental,Comedia",7.8,/AvfbXDo7Ad0uDN9ahPKZPzdvrFr.jpg,,N
9473,"South Park: Bigger, Longer & Uncut",1999-06-24,Trey Parker,"Trey Parker, Matt Stone, Mary Kay Bergman, Isaac Hayes, Jesse Brant Howell","Animación,Comedia",7.291,/tS0PedvA2mFO9VCHYwQpaU1K36U.jpg,"Cuando los estudiantes de la escuela primaria de South Park, Stan, Kyle, Cartman y Kenny, deciden entrar a escondidas a ver una película canadiense no apta para menores, su vocabulario sufre un cambio brutal. La indignación de los padres, tras el devastador impacto que sufren sus inocentes y jóvenes mentes al ver la película, da lugar a una incondicional guerra entre Estados Unidos y Canadá. Inesperadamente, los chicos se ven inmersos en una crisis debiendo arriesgar sus vidas en nombre de la libertad de expresión.",Stronger
965405,Turn Every Page - The Adventures of Robert Caro and Robert Gottlieb,2022-12-30,Lizzie Gottlieb,"Robert Caro, Robert Gottlieb, Ethan Hawke, Conan O'Brien, David Remnick",Documental,7.111,/loewdmfNcZJ5FXLjkufVncrUjfj.jpg,,
965405,Turn Every Page - The Adventures of Robert Caro and Robert Gottlieb,2022-12-30,Lizzie Gottlieb,"Robert Caro, Robert Gottlieb, Ethan Hawke, Conan O'Brien, David Remnick",Documental,7.111,/loewdmfNcZJ5FXLjkufVncrUjfj.jpg,,"N"""
565718,David Crosby: Remember My Name,2019-07-19,A.J. Eaton,"David Crosby, Jan Dance, Graham Nash, Stephen Stills, Neil Young","Documental,Música",7.0,/ukX2FulY6ZYLnNYIclixLVOVZB1.jpg,"Creías que lo conocías. Conoce a David Crosby ahora en este retrato de un hombre con todo menos un retiro fácil en mente. Con inquebrantable honestidad, autoexamen, arrepentimiento, miedo, exuberancia y una creencia inquebrantable en la familia y la naturaleza transformadora de la música, Crosby comparte su viaje a menudo desafiante.",N
11194,Touching the Void,2003-09-05,Kevin Macdonald,"Brendan Mackey, Nicholas Aaron, Ollie Ryall, Joe Simpson, Richard Hawking","Documental,Acción,Aventura,Drama",7.572,/fsydA5H8FSDaYlYWddfMpMpDUX.jpg,"En 1985 dos amigos montañeros, Joe Simpson y Simon Yates, se encuentran escalando una montaña remota en los Andes -concretamente la cima del Siula Grande, un pico peruano de 21.000 pies de altura- cuando, cerca de la cumbre, uno de ellos se rompe una pierna. El otro intenta ayudarlo a bajar a un lugar seguro, pero las cosas no resultan tan fáciles.",O
1167027,The Remarkable Life of Ibelin,2024-03-08,Benjamin Ree,"Mats Steen, Robert Steen, Trude Steen, Mia Steen, Lisette Roovers","Documental,Animación",8.098,/1FkHH0g2CFPvREqwQy74vJyEnnY.jpg,Esta película recrea la vida secreta de un joven jugador de World of Warcraft cuyos amigos virtuales contactaron con su familia tras su fallecimiento.,O
499555,John McEnroe: In the Realm of Perfection,2018-07-11,Julien Faraut,"John McEnroe, Mathieu Amalric, Jacques Pernod, Cédric Quignon-Fleuret, Nicolas Thibault",Documental,6.113,/oUR6b9jhxGOK8PnKmkhBg3KlIIY.jpg,"En 1984, John McEnroe llegaba invicto a la final del Roland Garros, donde se enfrentaba a Ivan Lendl.El entonces mejor tenista mundial estallaba contra los cámaras, amenazándoles con agredirles con su raqueta. Este partido se convertiría en un gran golpe para McEnroe.  Este documental sobre el mítico tenista John McEnroe está dirigido por Julien Faraut. Mathieu Amalric (El gran hotel Budapest) pone la voz para la narración. Faraut ha producido este biopic a partir de los archivos que encontró en el Instituto Nacional de Deporte en París.",
499555,John McEnroe: In the Realm of Perfection,2018-07-11,Julien Faraut,"John McEnroe, Mathieu Amalric, Jacques Pernod, Cédric Quignon-Fleuret, Nicolas Thibault",Documental,6.113,/oUR6b9jhxGOK8PnKmkhBg3KlIIY.jpg,"En 1984, John McEnroe llegaba invicto a la final del Roland Garros, donde se enfrentaba a Ivan Lendl.El entonces mejor tenista mundial estallaba contra los cámaras, amenazándoles con agredirles con su raqueta. Este partido se convertiría en un gran golpe para McEnroe.  Este documental sobre el mítico tenista John McEnroe está dirigido por Julien Faraut. Mathieu Amalric (El gran hotel Budapest) pone la voz para la narración. Faraut ha producido este biopic a partir de los archivos que encontró en el Instituto Nacional de Deporte en París.","O"""
1156649,Mountain Queen: The Summits of Lhakpa Sherpa,2024-07-26,Lucy Walker,"Lhakpa Sherpa, Shiny Dijmarescu, Sunny Dijmarescu",Documental,7.603,/5BK1B6JQRxnLEc4vZyrUojdIiCq.jpg,"En este documental, una alpinista nepalí lo arriesga todo para escalar el Everest a fin de darle a sus hijas una vida mejor, y de paso bate un récord.",O
859350,Hold Your Fire,2021-11-13,Stefan Forbes,"Nicole Cyrille, Shuaib Raheem, Harvey Schlossberg",Documental,6.5,/msZPwuZoqhVjbykOGesH8ymaACR.jpg,"En 1973, cuatro jóvenes afroamericanos que robaban armas para defenderse en Brooklyn fueron acorralados por la policía de Nueva York. Un tiroteo violento mató a un oficial de policía, comenzando el asedio de rehenes más largo en la historia de la policía de Nueva York. La política de 130 años de la policía de Nueva York era dar un ultimátum y luego responder con fuerza letal. ¿Podría el visionario psicólogo policial Harvey Schlossberg convencer a sus superiores de hacer lo impensable: negociar con ""criminales"" y salvar a doce rehenes de un baño de sangre inminente? En una película nunca antes vista y entrevistas apasionantes con sobrevivientes, HOLD YOUR FIRE descubre lo que realmente sucedió en este evento histórico con el potencial de revolucionar la policía estadounidense.",O
1044050,Finding Michael,2023-02-21,Tom Beard,"Spencer Matthews, Nims Purja, Bear Grylls, Vogue Williams",Documental,5.647,/2kQsTvmeNLacvVDlITX7HoYnLYm.jpg,"En 1999, Michael Matthews se convirtió en el británico más joven en alcanzar la cima del monte Everest. Sin embargo, tres horas después de hacer cumbre, desapareció y jamás lo encontraron. Veintitrés años después, su hermano, el emprendedor y presentador Spencer Matthews, emprende un viaje para encontrarlo. Con la ayuda de Nims Purja, el poseedor del récord de los 14 ochomiles, el equipo de rescate se enfrenta a desafíos extremos y a las duras inclemencias del tiempo.",P
1230242,Bray Wyatt: Becoming Immortal,2024-03-31,Steve Conoscenti,"Windham Rotunda, Mark Calaway, Taylor Rotunda, Mike Rotunda, Barry Windham",Documental,7.143,/a6OhBod23e2i3XbEkPgpXupEb5q.jpg,"La historia detrás de uno de los personajes más venerados y misteriosos en la historia de la WWE y el hombre mismo, Windham Rotunda, nunca ha sido documentada, hasta ahora.",P
575513,Reel Rock 13,2018-11-01,Zachary Barr,"Conrad Anker, Claire Buhrfeind, Jimmy Chin, Savannah Cummins, Alex Honnold",Documental,7.4,/mKJZV2fxFYcw8DioFScwRYJZqii.jpg,,O
1294134,The Mountain Within Me,2024-08-23,Polly Steele,Ed Jackson,Documental,7.0,/mRwlV2K8RKj9bJxPqVmEtjd1zAC.jpg,"Ed Jackson es un antiguo atleta que entrenaba al más alto nivel, pero en abril de 2017 sufrió un grave accidente en el que se rompió el cuello y una grave lesión medular. Esto le dejó paralizado de cuello para abajo y los médicos le dijeron que nunca volvería a caminar. Cuando se enfrentó a lesiones que le cambiaron la vida, Ed Jackson aprovechó su determinación para crear un futuro para sí mismo, y para su familia, que la mayoría creía imposible. Este documental sigue a Ed y a su esposa Lois en un extraordinario viaje a través del pasado y el presente, en el que se sinceran sobre su futuro y el impacto de vivir con una discapacidad. Y muestra el viaje de Ed en su recuperación, desde las alturas mentales y físicas de Snowdonia, los Alpes y el Himalaya hasta los desafíos que alteran su vida más cerca de casa.",P
977326,Elton John: Never Too Late,2024-11-15,R.J. Cutler,"Elton John, Bernie Taupin, Dua Lipa, John Lennon, David Furnish","Documental,Música",6.509,/zFvflqdWsrKLwh28VgOurgRlnPe.jpg,"Elton John hace un repaso de su vida y de los primeros años de su increíble carrera en este viaje emocional que recorre toda su trayectoria. Mientras prepara su último concierto en Estados Unidos, en el Dodger Stadium, Elton nos hace echar la vista atrás y recuerda su lucha por superar adversidades, abusos y adicciones para convertirse en el icono que es hoy.",P
489471,The Dawn Wall,2017-11-01,Josh Lowell,"Tommy Caldwell, John Branch, Kevin Jorgeson, Mike Caldwell, Terry Caldwell","Documental,Aventura",8.022,/bZQCNGb1II5eWASBhEgJBGxOPUM.jpg,"El legendario escalador Tommy Caldwell, secuestrado hace años en Kirguistán, intenta superar un bajo estado anímico escalando 900 metros de por la cara más escarpada de una legendaria roca: la Dawn Wall de El Capitan.",O
1236419,Piece by Piece,2024-10-10,Morgan Neville,"Pharrell Williams, Chad Hugo, Gwen Stefani, Kendrick Lamar, Timbaland","Animación,Música,Documental",7.151,/fmOPcP8WRvm8cok4Hz3REwD7rlJ.jpg,"Sigue esta autobiografía en la que Pharrell Williams muestra su proceso imaginativo y creativo utilizando Lego, a medida que construye modelos de Lego que representan su desarrollo artístico. Cada construcción refleja un hito creativo diferente.",O
8908,Maradona by Kusturica,2008-05-28,Emir Kusturica,"Diego Maradona, Manu Chao, Emir Kusturica",Documental,6.323,/r0JzNHSQNL7ya96bnGSroSNRUwf.jpg,"Un documental sobre la estrella del fútbol argentino Diego Maradona, considerado por muchos como el mejor jugador moderno del mundo.",O
947763,Endurance,2024-10-14,Natalie Hewit,"Mensun Bound, John Shears, Nicolas Vincent, Dan Snow, Ernest Shackleton",Documental,7.097,/7LPRuJ7pSxUB559ac8SS5mdElz8.jpg,"Un siglo después de que el Endurance de Shackleton se hundiera bajo el hielo, varios exploradores descubren el legendario pecio y nos cuentan una fascinate historia de supervivencia.",O
76360,6 Days to Air: The Making of South Park,2011-10-09,Arthur Bradford,"Trey Parker, Matt Stone, Bill Hader, Anne Garefino, Frank C. Agnone II","Documental,Película de TV,Comedia",7.571,/itnA0QZio9kzgI3jy1dTwQfutCg.jpg,,O
1214539,Soundtrack to a Coup d'Etat,2024-09-11,Johan Grimonprez,"Patrice Lumumba, Louis Armstrong, Никита Хрущёв, Dizzy Gillespie, Andrée Blouin","Documental,Historia,Música",7.72,/q1hCILtwHBmSZ8TTmRiBKlMp2ic.jpg,El jazz y la descolonización se entrelazan en esta montaña rusa histórica que reescribe el episodio de la Guerra Fría que llevó a los músicos Abbey Lincoln y Max Roach a colarse en el Consejo de Seguridad de la ONU en protesta por el asesinato de Patrice Lumumba.,P
113030,El vendedor de ilusiones,1971-01-01,José María Zabalza,"Marta Baizán, Tony Escudero, Rafael Farina",,10.0,,El vendedor de ilusiones es un personaje que reparte optimismo y esperanza entre la gente. En una estación de ferrocarril fantástica pasea entre los pasajeros que esperan la llegada del tren.  En sus conversaciones surgen diferentes conflictos a los que con su particular mirada aporta entusiasmo e ilusión. Entre la gente conoce a una joven con la que se relaciona de manera muy especial pero con la llegada del tren deberán separarse.,
1279717,Illusions for Sale: The Rise and Fall of Generation Zoe,2024-05-22,Matías Gueilburt,"Leonardo Cositorto, Maximiliano Batista, Juliana Companys, Sergio Vaudagnotto, Javier Smaldone",Documental,6.9,/7zLpmoY2F24PSlHcksyaqpegZQm.jpg,"Este documental sigue el ascenso y la caída de la Generación Zoe, una red de coaching espiritual que esconde la estafa más inusual en la historia de Argentina.","P"""
505500,"Kilian Jornet, Path to Everest",2018-03-01,Jaume Martí,"Kilian Jornet, Emelie Forsberg, Horia Colibășanu, Bruno Brunod, Vivian Bruchez",Documental,7.211,/1X4r4OUgKTdDtpr54Ua0YvtQvBN.jpg,"Kilian Jornet, el mejor corredor de montaña de la historia, escribió cuando era niño una lista de todas las carreras que le gustaría ganar y todas las montañas que soñaba escalar. En mayo de 2017 tachó la última cima de la lista al completar un histórico doble ascenso al Everest solo, sin oxígeno y de una sola tirada. Fue el colofón del proyecto Summits of My Life, que durante cinco años le ha llevado a recorrer picos espectaculares alrededor del planeta acompañado por un pequeño grupo de alpinistas. Este trabajo repasa el camino que ha llevado a Kilian Jornet hasta la cima más alta del mundo, descubriendo a su paso su cara más íntima.",P
1421461,Ladies & Gentlemen... 50 Years of SNL Music,2025-01-27,Questlove,"Lorne Michaels, Jane Curtin, Conan O'Brien, Kenan Thompson, Maya Rudolph","Música,Documental,Película de TV",7.714,/wiIfy2MXau1VPdi6z0Z0oYYT7ne.jpg,"Las actuaciones musicales han sido parte de “Saturday Night Live” desde su primer episodio en octubre de 1975. Este documental celebra los 50 años del programa, recordando las más legendarias, y los cameos y sketches de los cantantes más importantes de las últimas décadas. Este especial de dos horas cuenta con la participación de estos artistas como Bad Bunny, Miley Cyrus, Billie Eilish, Dua Lipa o Mick Jagger.",P
147778,Showrunners: The Art of Running a TV Show,2014-10-17,Des Doyle,"Joss Whedon, J.J. Abrams, Steven S. DeKnight, Ronald D. Moore, Jane Espenson",Documental,6.4,/kWEPPZKsF3OFNZgyEoFc56I3VOr.jpg,,P
257026,The Irish Pub,2013-10-04,Alex Fegan,"Liam Aherne, Willie Aherne, Bobby Blackwell, Ray Blackwell, Tom Breen",Documental,7.867,/5OthHcaUOCuggpTUDRn2zBnCDE3.jpg,,P
272563,Tour du Faso,2014-05-29,Wilm Huygen,"ABDOUL AZIZ NIKIEMA, RASMANE OUEDRAOGO, MAHAMADI SAWADOGO, WAHAB ABDOUL SAWADOGO, HAMIDOU YAMEOGO",Documental,6.5,/fvfxtVCVywBKFmvXNW8pDEbQYTl.jpg,,P
812389,Sergio Mendes in the Key of Joy,2021-01-18,John Scheinfeld,"Sérgio Mendes, Quincy Jones, John Legend, will.i.am, Herb Alpert","Documental,Música",7.7,/sJzSJIgXv2NDQolj1h0BMz2hvEz.jpg,,P
1090446,Remembering Gene Wilder,2024-03-15,Ron Frank,"Gene Wilder, Mel Brooks, Harry Connick Jr., Ben Mankiewicz, Peter Ostrum",Documental,7.381,/an4vLen1DopBky1BGNe0akgg4ol.jpg,,O
519010,Pain and Glory,2019-03-22,Pedro Almodóvar,"Antonio Banderas, Asier Etxeandia, Leonardo Sbaraglia, Nora Navas, Julieta Serrano",Drama,7.4,/2kg9rw0qVT0YCtUFXopcJsnDHAK.jpg,"Salvador Mallo, un director de cine en su ocaso, vive varios reencuentros. Algunos de ellos físicos, otros recordados: su infancia en los años 60
141,Donnie Darko,2001-01-19,Richard Kelly,"Jake Gyllenhaal, Jena Malone, James Duval, Drew Barrymore, Beth Grant","Fantasía,Drama,Misterio",7.8,/j2AtZFsflxiluaNtajMTI0Avm8C.jpg,"Donnie es un chico americano dotado de gran inteligencia e imaginación. Tras escapar milagrosamente de una muerte casi segura, comienza a sufrir alucinaciones que lo llevan a actuar como nunca hubiera imaginado y a descubrir un mundo insólito a su alrededor, pues en sus visiones un gran conejito lo manipula para cometer una serie de crímenes.",H
1554,Down by Law,1986-09-20,Jim Jarmusch,"Tom Waits, John Lurie, Roberto Benigni, Nicoletta Braschi, Ellen Barkin","Crimen,Drama,Comedia",7.359,/4IyxoUQ7BB5kcSd7gASe2dTyWu7.jpg,"Tres hombres muy diferentes se conocen al compartir celda en una cárcel de Louisiana. Zack es un DJ
535544,Downton Abbey,2019-09-12,Michael Engler,"Hugh Bonneville, Laura Carmichael, Jim Carter, Raquel Cassidy, Brendan Coyle","Drama,Romance,Historia",7.16,/pWt1iRuhNpeVDNP2QiUT2C5OiBt.jpg,"Año 1927. La familia Crawley y su carismática servidumbre se preparan para el momento más crucial de sus vidas. Una visita del rey y la reina de Inglaterra desatará una situación de escándalo, romance e intriga que pondrá en peligro el futuro de Downton... Continuación de la aclamada serie televisiva, 'Downton Abbey'.",K
820446,Downton Abbey: A New Era,2022-04-27,Simon Curtis,"Hugh Bonneville, Maggie Smith, Jim Carter, Michelle Dockery, Elizabeth McGovern","Drama,Romance",7.224,/r5n4CLoIjUcnT3shWDi6MHdJ25a.jpg,"Violet, la condesa viuda de Grantham, ha heredado una villa en el sur de Francia de un viejo amigo. Mientras tanto, un cineasta obtiene el permiso de Mary para rodar una película en Downton Abbey. Robert piensa que tener actores y actrices dando vueltas, maquillados, es una idea terrible, pero otros miembros de la familia, y los sirvientes, están encantados con la idea. Para perderse la ""película espantosa"" de Mary, como la llama Robert, algunos miembros de la familia viajan al sur de Francia para resolver el misterio de por qué el amigo de Violet le dejó una villa. Secuela de la adaptación cinematográfica de la popular serie.",M
200505,Draft Day,2014-04-11,Ivan Reitman,"Kevin Costner, Jennifer Garner, Denis Leary, Chadwick Boseman, Frank Langella",Drama,6.717,/bnl2ocjS1io4UCPhjoFuPKmJ9bf.jpg,"Sonny Weaver Jr. (Costner), director general de los Browns de Cleveland, intenta fichar al número uno para su equipo de fútbol americano. La decisión que va a tomar implica sacrificios que pueden afectar a su vida personal y profesional y, además, puede significar un gran cambio en la vida de un grupo de jóvenes que sueñan con jugar en la NFL.",G
758866,Drive My Car,2021-08-18,濱口竜介,"Hidetoshi Nishijima, 三浦透子, 岡田将生, Reika Kirishima, 박유림",Drama,7.438,/6BkE8l4NK4fWw0PLrE9oGY6feuH.jpg,"Pese a no ser capaz de recuperarse de un drama personal, Yusuke Kafuku, actor y director de teatro, acepta montar la obra 'Tío Vania' en un festival de Hiroshima. Allí, conoce a Misaki, una joven reservada que le han asignado como chófer. A medida que pasan los trayectos, la sinceridad creciente de sus conversaciones les obliga a enfrentarse a su pasado.",J
359483,Adidas Vs. Puma: The Brother's Feud,2016-03-25,Oliver Dommenget,"Ken Duken, Torben Liebrecht, Christopher Gareisen, Martin Hentschel, David C. Bunners",Drama,6.986,/6t2VO9KePtkG5ndZ8j7eNE52zWh.jpg,"En los años 20, los hermanos Dassler se dedican a fabricar zapatillas deportivas. Tras la Segunda Guerra Mundial, la relación entre ellos se deteriora hasta el punto de convertirse en rivales.",O
5622,And the Ship Sails On,1983-10-07,Federico Fellini,"Freddie Jones, Barbara Jefford, Victor Poletti, Peter Cellier, Elisa Mainardi","Comedia,Drama",7.172,/hqBbo7xppiVX5IEgHEKPBEkxQDX.jpg,"Primera Guerra Mundial (1914-1918). En julio de 1914, un barco de lujo zarpa desde Italia con los restos mortales de la famosa cantante de ópera Tetua. En el barco van sus amigos, famosos cantantes de ópera, y todo tipo de gente exótica. La vida a bordo es dulce, pero el tercer día surge un problema: hay que salvar a unos refugiados serbios, que han huido de la guerra y se encuentran perdidos en el mar.",J
220,East of Eden,1955-04-10,Elia Kazan,"James Dean, Julie Harris, Raymond Massey, Richard Davalos, Jo Van Fleet",Drama,7.524,/xv1MZVIop0SQqwLUymgE5eb2LFl.jpg,"Un granjero californiano tiene dos hijos, Cal y Aron, de caracteres muy diferentes, pero ambos compiten por el cariño de su padre. La situación de Cal se complica cuando averigua que, en realidad, su madre no sólo no está muerta, sino que además regenta un local de alterne.",K
220,East of Eden,1955-04-10,Elia Kazan,"James Dean, Julie Harris, Raymond Massey, Richard Davalos, Jo Van Fleet",Drama,7.524,/xv1MZVIop0SQqwLUymgE5eb2LFl.jpg,"Un granjero californiano tiene dos hijos, Cal y Aron, de caracteres muy diferentes, pero ambos compiten por el cariño de su padre. La situación de Cal se complica cuando averigua que, en realidad, su madre no sólo no está muerta, sino que además regenta un local de alterne.",O
624,Easy Rider,1969-06-26,Dennis Hopper,"Peter Fonda, Dennis Hopper, Jack Nicholson, Antonio Mendoza, Phil Spector","Aventura,Drama",7.047,/3H3vwPGX6EbBRffIVHp3eHHcjka.jpg,"Dos jóvenes motoristas de Los Ángeles emprenden un viaje hacia Nueva Orleáns. Cruzan todo el país con la intención de descubrir América. Después de vender cocaína a un hombre de Los Ángeles, Billy y Wiatt (alias Capitán América) asisten a la fiesta del Mardî Gras. Pronto reanudan el viaje y se van encontrando con personajes de lo más estrafalario, entre ellos un ranchero y su familia, o un autoestopista de una comuna hippie, antes de ser arrestados en un pueblecito por parar sin un permiso. Su compañero de celda, un abogado borracho, les hace un gran favor sacándoles de la cárcel y luego decide unirse a ellos.",K
162,Edward Scissorhands,1990-12-07,Tim Burton,"Johnny Depp, Winona Ryder, Dianne Wiest, Anthony Michael Hall, Kathy Baker","Fantasía,Drama,Romance",7.72,/e0FqKFvGPdQNWG8tF9cZBtev9Em.jpg,"Érase una vez... un castillo donde vivía un inventor que dedicó parte de su vida a crear una criatura perfecta a la que llamó Edward. Pero el inventor murió de repente y dejó incompleta su creación, ya que en vez de dedos tenía unas horribles manos con hojas de tijera. El pobre Edward vivía sólo en el castillo hasta que una encantadora joven, que trabajaba para la firma Avon, lo llevó a su casa junto con su familia. Pero una criatura tan especial como Edward no estaba preparada para vivir en una ciudad tan extravagante y falsa como Suburbia.",J
12832,A Woman in Berlin,2008-10-23,Max Färberböck,"Nina Hoss, Евгений Сидихин, Juliane Köhler, August Diehl, Irm Hermann","Drama,Bélica,Historia",6.635,/cwbKC2wJHYCYJky2eRMDIp4lwv1.jpg,"Adaptación al cine de un diario escrito por una mujer alemana. En Berlín, en los últimos meses de la Segunda Guerra Mundial (1939-1945), una mujer vive escondida en el sótano de un edificio en ruinas. Su encierro coincide con la llegada de las tropas del Ejército Rojo, que tomaron la ciudad, la saquearon y violaron impune e indiscriminadamente a las mujeres.",M
1621552,Facing El Chapo,2026-08-21,Chava Cartas,"Alfonso Herrera, Noé Hernández, Héctor Kotsifakis, Paola Fernández, Gerardo Trejoluna","Crimen,Acción,Suspense",8.792,/iwCeOpuBtuTP1kLosqgniey5OvX.jpg,"2016, estado de Sinaloa. Dos policías mexicanos, durante un control rutinario en las últimas horas de su turno, detienen un coche robado y se encuentran cara a cara con uno de los delincuentes más peligrosos del mundo: el Chapó Guzmán, patrón del temible Cártel de Sinaloa.",M
29264,The Exterminating Angel,1962-05-16,Luis Buñuel,"Silvia Pinal, Jacqueline Andere, Claudio Brook, Enrique Rambal, José Baviera","Comedia,Drama,Fantasía",7.915,/9uvzmyPGoNRvRQIaNBFAegavkHr.jpg,"Después de una cena en la mansión de los Nóbile, los invitados descubren que, por razones inexplicables, no pueden salir del lugar. Al prolongarse la situación durante varios días, la cortesía en el trato deja paso al más primitivo y brutal instinto de supervivencia. Una parábola sobre la descomposición de una clase social encerrada en sí misma.",M
502350,The Tree of Blood,2018-10-31,Julio Medem,"Álvaro Cervantes, Úrsula Corberó, Najwa Nimri, Patricia López Arnaiz, Daniel Grao",Drama,6.389,/nkzXnom4u7i3PxkuQyFf5rvHyHs.jpg,"Una joven pareja viaja hasta un antiguo caserío vasco que perteneció a su familia. Allí escribirán la historia común de sus raíces familiares, creando así un gran árbol genealógico bajo el que yace una historia repleta de secretos y tragedias.",J
437036,The Motive,2017-11-17,Manuel Martín Cuenca,"Javier Gutiérrez, María León, Adelfa Calvo, Adriana Paz, Tenoch Huerta Mejía",Drama,6.2,/2GOG0cLhVVnRVyOd3j7AEEpTsh.jpg,"Álvaro se separa de su mujer, Amanda, una exultante escritora de best‐sellers, y decide afrontar su sueño: escribir una gran novela. Pero es incapaz
660637,Dance of the Forty One,2020-11-19,David Pablos,"Alfonso Herrera, Emiliano Zurita, Fernando Becerril, Mabel Cadena, Paulina Álvarez Muñoz","Drama,Historia",7.8,/kSTx45wWsu2KJGpnNfXWEhP8wzx.jpg,"Ciudad de México, noviembre de 1901. La policía realiza  una redada en un vivienda particular donde se está celebrando una fiesta secreta. Entre los asistentes se encuentra el yerno del presidente Porfirio Díaz.",J
8267,The Pope's Toilet,2007-05-21,César Charlone,"César Troncoso, Virginia Méndez, Virginia Ruiz, Mario Silva, Jose Arce","Drama,Comedia",7.1,/6Zhshgt1l323HmHp812wHFKQDVm.jpg,"Es el año 1988 y el Papa Juan Pablo II va a visitar Melo, una pobre comunidad fronteriza de Uruguay. El Pontífice empezará su gira por Latinoamérica en esta pequeña ciudad en la que se espera a más de 50.000 visitantes. Los más modestos están convencidos de que esta visita será milagrosa para el alma y la cartera
42502,The Brute,1953-02-05,Luis Buñuel,"Pedro Armendáriz, Katy Jurado, Rosita Arenas, Andrés Soler, Paco Martínez","Drama,Crimen",7.0,/pNsN20zJS70uQdVwvlO3RlnLksN.jpg,"El dueño de un edificio de viviendas decide poner en la calle a sus inquilinos para vender el solar. La negativa de los afectados a desalojar sus casas hace que el casero, asesorado por su amante, contrate a un matón: el Bruto.",M
47582,Castle of Purity,1973-05-10,Arturo Ripstein,"Claudio Brook, Rita Macedo, Arturo Beristáin, Diana Bracho, Gladys Bermejo",Drama,7.362,/hVKJ4QaXzs7L3DG3vujnnAmGVpM.jpg,"Gabriel Lima (Claudio Brook), es un padre austero y bipolar y está decidido a salvar a su familia de los males del mundo de la única manera que le parece plausible: encerrarlos en una realidad distópica dentro de las cuatro paredes de su propia mansión. Él es el único que puede salir, mientras que los tres hijos y su esposa solo pueden moverse de una habitación a otra del ""castillo"", castigados si es necesario por un tiempo decidido por su dios/torturador. La película es tanto una alegoría política, que se refiere a las limitaciones de la libertad en un sistema dictatorial, como una alegoría existencial que se refiere a las consecuencias aberrantes en la mente humana de una vida urbana.",N
319995,The Club,2015-05-28,Pablo Larraín,"Alfredo Castro, Roberto Farías, Antonia Zegers, Marcelo Alonso, Jaime Vadell","Drama,Misterio,Suspense",6.886,/2I3Jorx96I4dRevKlKDMkCFhQ1R.jpg,"Bajo la atenta mirada de una mujer que los cuida, cuatro sacerdotes fugitivos viven en una pequeña casa de un pueblo costero. Todos ellos cometieron actos que los atormentan y se encuentran en este retirado hogar para olvidar sus pecados.",H
542,The Crime of Padre Amaro,2002-10-01,Carlos Carrera,"Gael García Bernal, Ana Claudia Talancón, Sancho Gracia, Angélica Aragón, Luisa Huertas","Drama,Romance",6.642,/4uNrNM368GS85qKHKDjDOZHZXVO.jpg,"Amaro Viera, joven sacerdote recién salido del seminario, se convierte en asistente del padre Benito, párroco de un pequeño pueblo. El eclesiástico no es precisamente un modelo a seguir, puesto que mantiene relaciones con una mujer y no duda en hacer tratos con narcotraficantes para conseguir dinero para su iglesia. El padre Amaro, intentando huir del comportamiento de su superior, tendrá que poner a prueba su carrera como sacerdote tras conocer a Amelia, la muchacha más hermosa de la ciudad.",M
260253,The Airship,1994-07-22,Pablo Dotta,"Ricardo Espalter, Laura Schneider, Marcelo Buquet, Gonzalo Cardoso, Eduardo Miglionico","Drama,Historia,Crimen,Comedia",5.45,/gd5bUm8gdjpg9slKQ2QCKVOU7af.jpg,"El Montevideo de los años 90 es visitado por una francesa que llega tras los pasos del laureado escritor Juan Carlos Onetti y de los escasos fragmentos de una historia nacional enigmática. Está interesada en encontrar fotos del día en que el presidente Baltasar Brum se suicidó en presencia de la prensa, y por las de un Zeppelin sobrevolando la ciudad, por los años 1930. Un fotógrafo la intenta ayudar y ambos se verán envueltos en una misteriosa intriga. ¿Es posible inventar las imágenes de un país sin memoria?",M
764443,The Employer and the Employee,2021-08-12,Manolo Nieto,"Nahuel Pérez Biscayart, Justina Bustos, Cristian Borges, Fátima Quintanilla, Jean Pierre Noher",Drama,6.5,/fxZaDmLvUKcHPwtXAQCObZYfRjX.jpg,"El patrón es un joven familia burguesa, practica una vida moderna y no encaja con el estereotipo tradicional de productor rural. Pero tiene una gran preocupación: la salud de su bebé. El empleado es aun más joven que él y tiene la necesidad urgente de un trabajo propio para sustentar a su nueva familia. Sobreviene la tragedia: El bebé del empleado muere en un accidente en el tractor.",O
4495,The Spirit of the Beehive,1973-10-08,Víctor Erice,"Ana Torrent, Fernando Fernán Gómez, Teresa Gimpera, Isabel Tellería, Laly Soldevila","Drama,Fantasía",7.641,/ueefcFKn9qoAQqjSWY6H9xjjLU2.jpg,"Ocurrió en un pueblo castellano a mediados de los años cuarenta, es decir, en plena postguerra. Un domingo, Isabel y Ana, dos hermanas de ocho y seis años respectivamente, vieron la película ""El Doctor Frankenstein"". A la pequeña le causó tal impresión que no dejaba de hacer preguntas sobre el monstruo a su hermana mayor. Cierto día, la familia se dio cuenta de que Ana había desaparecido de la casa. Y mientras todo el pueblo la buscaba, ella consiguió ver a Frankenstein reflejado en las aguas del río por la luz de la luna. Y desde entonces lo sigue invocando",M
47383,The Man Next Door,2009-11-13,Mariano Cohn,"Rafael Spregelburd, Daniel Aráoz, Eugenia Alonso, Inés Budassi, Loren Acuña","Drama,Suspense,Comedia",6.68,/wMx6TUb9pltfRkj3YboYLxUL2Hp.jpg,"Leonardo, diseñador industrial, famoso, políglota, snob y soberbio, vive con su mujer y su hija preadolescente en una casa famosa por haber sido diseñada por Le Corbusier. En la casa de al lado vive Víctor, posible vendedor de autos usados, rústico, prepotente, vulgar a más no poder.",M
268641,The Realm of Fortune,1986-11-28,Arturo Ripstein,"Ernesto Gómez Cruz, Blanca Guerra, Alejandro Parodi, Zaide Silvia Gutiérrez, Socorro Avelar",Drama,5.326,/oLwyHyOCKOX1pqBHkOm20Uh4Dxc.jpg,"El humilde pregonero Dionisio Pinzón recibe un gallo dorado moribundo al cual logra revivir con sus cuidados. De feria en feria, de pueblo en pueblo, la suerte de Dionisio va cambiando. El gallero Lorenzo Benavides y su amante, la cantante ""Caponera"", intentan comprarle el gallo a Dionisio sin éxito. Con el paso del tiempo, Dionisio se verá envuelto en la vorágine del azar, haciendo de ""la Caponera"" su talismán.",M
115693,Lute: Forge On or Die,1987-09-19,Vicente Aranda,"Imanol Arias, Victoria Abril, Antonio Valero, Carlos Tristancho, Diana Peñalver",Drama,5.78,/oONiv6etDkhjPfmzPjHInEDPg8p.jpg,"Un hombre humilde recorre Extremadura con su hijo, Eleuterio Sánchez, más conocido como el Lute. Éste roba unas gallinas y es condenado a seis meses de cárcel. Años más tarde, se ve involucrado en un atraco a una joyería en el que muere un vigilante. El Lute es juzgado por ello y condenado a muerte, pena que le es conmutada por la de cadena perpetua. Finalmente, durante un traslado en tren, logrará fugarse, convirtiéndose en el hombre más buscado de España.",M
21043,The Method,2005-09-22,Marcelo Piñeyro,"Eduardo Noriega, Najwa Nimri, Eduard Fernández, Pablo Echarri, Ernesto Alterio","Drama,Suspense",6.736,/8ZZRnXToWcPXlyKG0JND3RAfpmn.jpg,"Siete aspirantes a un puesto ejecutivo se presentan a la prueba de selección de personal de una empresa multinacional, situada en un rascacielos de Madrid. Sus personalidades son de lo más dispar: el triunfador, el agresivo, la mujer insegura, el crítico, el indeciso. En un clima de tensa competitividad, el miedo y las dudas se irán apoderando de los participantes, que caen en un estado de paranoia tal que llegan a sospechar que están siendo observados por cámaras o que, entre ellos, puede haber un psicólogo infiltrado que ya los está evaluando. Esta atmósfera claustrofóbica pone de manifiesto la falta de escrúpulos de los aspirantes.",M
873794,The Radio Amateur,2021-09-20,Iker Elorrieta,"Falco Cabo, Usue Álvarez, Jaime Adalid, Peio Arnaez, Arantxa Galindez",Drama,5.5,/vhh0y9Te5ynh7wlTbuWtqCGQVEP.jpg,"Tras la muerte de su madre, Nicolás, un joven autista de 30 años, decide volver a su ciudad natal. Quiere cumplir una misión, salir a alta mar en dos días. Allí conoce a Ane, su única amiga de la infancia, y solicita su ayuda. Pero las barreras de Niko a la hora de comunicarse no se lo pondrán fácil. Resulta que no todo el mundo está en la misma onda.",N
1490430,The Holy Office,2025-10-11,Cristián Sánchez,"Benjamín Gallo, Valentina Yañez R., Luciana Echeverría, José Diez, Luis Dubó","Comedia,Misterio",0.0,/fW8BbD8ryX0Ko9e9XLSfVDuumoD.jpg,,M
886755,The Substitute,2022-10-20,Diego Lerman,"Juan Minujín, Bárbara Lennie, Alfredo Castro, Rita Cortese, María Merlino","Drama,Crimen",5.86,/9Owqybiw5tLtNti3hFUBPd4CTTK.jpg,"Lucio, un prestigioso profesor de literatura en la universidad, toma un curso en una escuela del barrio donde creció, en los suburbios de Buenos Aires. Allí intentará ayudar a su padre a salvar a Dilan, un estudiante perseguido por un grupo de narcos.",N
110393,White Elephant,2012-05-16,Pablo Trapero,"Ricardo Darín, Jérémie Renier, Martina Gusmán, Federico Barga, Walter Jakob",Drama,6.456,/aAUQfrFww2C2qdCEB8YtOqgNiil.jpg,"Gerónimo es un hombre de 45 años devastado por un suceso trágico. Su amigo Julián intenta sacarlo a flote animándolo a participar en el proyecto de un poblado marginal de los alrededores de Buenos Aires. Los dos son sacerdotes católicos que decidieron dedicar su vida a los más pobres: Gerónimo en el Tercer Mundo y Julián en Argentina. Mientras trabajan en Villa Virgen, Gerónimo empieza a cuestionarse si la Iglesia es la institución adecuada para proteger a los más débiles. Julián, por su parte, decide que el mejor camino para cambiar las condiciones de vida de los necesitados es la política. El contrapunto lo representa Luciana, una abogada atea, que tiene una perspectiva distinta sobre las reformas sociales.",O
360139,Elis,2016-11-24,Hugo Prata,"Andréia Horta, Gustavo Machado, Caco Ciocler, Zé Carlos Machado, Lúcio Mauro Filho",Drama,7.208,/yucOU7hj0lA7YvCbUAbGYjbVfmM.jpg,,O
4518,Elizabeth,1998-09-13,Shekhar Kapur,"Cate Blanchett, Joseph Fiennes, Geoffrey Rush, Christopher Eccleston, John Gielgud","Drama,Historia",7.161,/qEk48VLOdibXFVIEzE9ETZUBcCs.jpg,"Inglaterra 1554. Tras la muerte de la reina María Tudor, que ha dejado al país sumido en un estado de inestabilidad financiera y crisis religiosa, sube al trono Isabel I (Cate Blanchett). Popularmente se la conoce como ""La Reina Virgen"", aunque por su participación en el reparto del botín obtenido tras los ataques de Drake a las costas españolas, tanto peninsulares como coloniales, es también conocida como ""La Reina Pirata"".",O
4517,Elizabeth: The Golden Age,2007-09-09,Shekhar Kapur,"Cate Blanchett, Laurence Fox, Clive Owen, Geoffrey Rush, Tom Hollander","Drama,Historia,Romance",6.706,/oBQ64TyPEINgVpwKWriv3QsIDJb.jpg,"Cuenta la historia de una época, la historia de la lucha de una mujer para controlar el amor, aplastar a sus enemigos y consolidarse en el trono de Inglaterra. La reina Isabel I Tudor debe enfrentarse a la traición en el seno de su familia y a sangrientas conspiraciones para arrebatarle el trono. Isabel es consciente de cómo beneficia a la monarquía inglesa el hecho de que el Rey de Inglaterra sea, al mismo tiempo, el jefe supremo de la Iglesia Anglicana, después de haber roto Enrique VIII toda relación con Roma (Acta de Supremacía de 1534). Sin embargo, el poderoso rey español Felipe II está decidido a restaurar el catolicismo en Inglaterra con la ayuda de su ejército y su invicta armada.",K
22013,Elmer Gantry,1960-07-07,Richard Brooks,"Burt Lancaster, Jean Simmons, Arthur Kennedy, Dean Jagger, Shirley Jones",Drama,7.296,/5vd031r08rrfSMqtB9UarwqCUOz.jpg,"Elmer Gantry (Burt Lancaster) es un hombre atractivo, oportunista y extremadamente inmoral. El día en el que asiste, por casualidad, a una reunión religiosa se da cuenta de lo fácil que es ganar dinero como predicador y se convierte a la religión Evangélica. Junto con la hermana Sharon Falconer (Jean Simmons), Elmer pronuncia unos estremecedores sermones que le permiten conseguir fama y dinero. Sin embargo, un periodista (Arthur Kennedy) sigue sus pasos para desenmascararlo. La situación se complica aún más cuando reaparece en su vida una antigua amiga (Shirley Jones), que hará que Gantry se tenga que enfrentar a su turbio pasado.",M
614934,Elvis,2022-06-22,Baz Luhrmann,"Austin Butler, Tom Hanks, Olivia DeJonge, Helen Thomson, Richard Roxburgh","Música,Historia,Drama",7.44,/qBOKWqAFbveZ4ryjJJwbie6tXkQ.jpg,"La película explora la vida y la música de Elvis Presley a través del prisma de su relación con el coronel Tom Parker, su enigmático manager. La historia profundiza en la compleja dinámica que existía entre Presley y Parker que abarca más de veinte años, desde el ascenso de Presley a la fama hasta su estrellato sin precedentes, en el contexto de la revolución cultural y la pérdida de la inocencia en Estados Unidos. Y en el centro de ese periplo está Priscilla Presley, una de las personas más importantes e influyentes en la vida de Elvis.",M
556678,Emma.,2020-02-13,Autumn de Wilde,"Anya Taylor-Joy, Johnny Flynn, Josh O'Connor, Callum Turner, Mia Goth","Comedia,Romance,Drama",7.004,/uHpHzbHLSsVmAuuGuQSpyVDZmDc.jpg,"Guapa, inteligente y rica, la joven Emma Woodhouse es una reina sin rival en su pequeño pueblo. Nueva adaptación de la novela de Jane Austen publicada en 1815 sobre la vida de la joven Emma.",K
24402,Emmanuelle,1974-06-25,Just Jaeckin,"Sylvia Kristel, Alain Cuny, Marika Green, Daniel Sarky, Jeanne Colletin","Drama,Romance",5.977,/aUYDbpjBtn7BaRokrzSJZbByJtl.jpg,"Una jovencita recién casada viaja a Bangkok a reunirse con su marido, un diplomático francés. En el viaje es iniciada al sexo por una hermosa adolescente y guiada por un hombre maduro en los placeres de la carne, y aprende a materializar sus fantasías sexuales más secretas, animada por su esposo.",O
31943,Emperor of the North,1973-05-23,Robert Aldrich,"Lee Marvin, Ernest Borgnine, Keith Carradine, Charles Tyner, Malcolm Atterbury","Aventura,Drama,Acción,Suspense",6.836,/r4i03RQmF50o6T4tP5mhWgPZAGg.jpg,"Oregón, 1933. Entre los vagabundos sin trabajo que, durante la Gran Depresión, se desplazan de un estado a otro viajando clandestinamente en los trenes, el número uno es ""El emperador del norte"" (Marvin), llamado así por su astucia para burlar a los ferroviarios. Dos hombres aspiran a arrebatarle el título, pero para ello tendrán que llegar a Portland en el tren de Sack (Borgnine), un sádico e implacable maquinista. Inspirada en las aventuras de Jack London.",J
814757,Empire of Light,2022-12-09,Sam Mendes,"Olivia Colman, Micheal Ward, Toby Jones, Colin Firth, Tom Brooke","Drama,Romance",6.61,/h84SnIQF91Gz2Fv1OpMJ3245t4i.jpg,"Una historia de amor ambientada en y alrededor de un antiguo cine, en la costa sur de Inglaterra en la década de 1980.",N
10110,Empire of the Sun,1987-12-09,Steven Spielberg,"Christian Bale, John Malkovich, Miranda Richardson, Nigel Havers, Joe Pantoliano","Drama,Historia,Bélica",7.506,/gEaCzjwHoPgyQFcwHql7o5YLHAU.jpg,"Cuando, en diciembre de 1941, el ejército japonés ocupa Shanghai, la privilegiada vida de James Graham, un niño inglés de clase alta, toca a su fin. Es separado de sus padres y confinado en un campo de concentración próximo a un aeropuerto militar chino. En un ambiente dominado por la tristeza y la miseria se verá obligado a madurar prematuramente, y eso condicionará su visión del mundo.",O
61072,In This Tricky Life,2001-05-26,Beatriz Flores Silva,"Mariana Santángelo, Silvestre, Josep Linuesa, Andrea Fantoni, Rodrigo Speranza",Drama,5.382,/mbLGA9OKgzsMkvXYGlJX8jwiUtm.jpg,"Montevideo, Uruguay. En este drama cómico, Elisa, de 27 años, sueña con abrir su propia peluquería en uno de los barrios ricos de la capital uruguaya. Un poco rebelde, un día, Elisa se muda de la casa de su madre con sus dos hijos y rompe con García, su jefe y su amante, quienes la enfurecieron al no querer casarse. Entonces, en el espacio de veinticuatro horas, Elisa se encuentra sin techo, sin hombre, sin trabajo y sin dinero. Su mejor amiga Loulou le encuentra un trabajo, en el burdel dirigido por Doña Jacqueline. Y sin darse cuenta realmente, Elisa se desliza hacia la prostitución, que la lleva a Barcelona. Se enamora, es explotada, se involucra en guerras de travestis y, mientras tanto, solo sueña con ganar suficiente dinero para su pequeño salón de belleza en casa.",O
428886,England Is Mine,2017-08-04,Mark Gill,"Jack Lowden, Jessica Brown Findlay, Simone Kirby, Peter McDonald, Jodie Comer",Drama,5.759,/ue3Zh4YRyJgQXj39tq8smr0iqOa.jpg,"Biopic del cantante británico Morrissey. La película narra los comienzos del artista cuando solo era conocido como Steven Morrisey (Jack Lowden). Un día eso cambiará cuando conozca a Johnny Marr, un joven cantante que está comenzando, y se una a él para formar la banda 'The Smith'. Con este grupo Morrisey alcanzó uno de sus mayores éxitos y comenzó su carrera en solitario.",K
743048,Wandering Heart,2021-10-14,Leonardo Brzezicki,"Leonardo Sbaraglia, Miranda de la Serna, Eva Llorach, Iván González, Alberto Ajaka",Drama,6.217,/elpPt87ULQvaERjZ5DFYRQD7wOl.jpg,Un verano caótico en Argentina y Brasil se convierte en un punto de inflexión en la vida de un hombre destrozado y su hija adolescente.,J
10734,Escape from Alcatraz,1979-06-22,Don Siegel,"Clint Eastwood, Patrick McGoohan, Roberts Blossom, Jack Thibeau, Fred Ward","Drama,Suspense",7.503,/uORr2GXQnyqgBOg6tVsRCJD2qxc.jpg,"Bahía de San Francisco, 18 de enero de 1960. Frank Lee Morris es trasladado a Alcatraz, una prisión de máxima seguridad situada en una isla rocosa. A pesar de que nadie ha conseguido nunca evadirse de allí, Frank y otros reclusos empiezan a preparar minuciosamente un plan de fuga.",H
502425,Escape from Pretoria,2020-03-06,Francis Annan,"Daniel Radcliffe, Daniel Webber, Ian Hart, Mark Leonard Winter, Nathan Page","Drama,Historia,Suspense",7.168,/8GGS0jkFFCnmdStvZED6NL6V7gd.jpg,"Sudáfrica, 1978. Tim Jenkin y Stephen Lee, dos activistas políticos blancos, miembros del Congreso Nacional Africano, encarcelados por el régimen del apartheid, ponen en marcha un plan para escapar de la infame prisión de Pretoria.",K
91487,State of Siege,1972-12-30,Costa Gavras,"Yves Montand, Renato Salvatori, O.E. Hasse, Jacques Weber, Jean-Luc Bideau","Suspense,Drama",7.158,/mNBMnsL0Gai5QaYI3EM8Jp6q5or.jpg,"Philip M. Santore es secuestrado junto a dos personalidades: un cónsul y un agregado diplomático. ¿Quién es ese hombre, ""experto en comunicaciones"", que ha trabajado en varios países de Iberoamérica, en los que poco después se han producido rebeliones que han llevado al poder a militares extremistas?",J
38,Eternal Sunshine of the Spotless Mind,2004-03-19,Michel Gondry,"Jim Carrey, Kate Winslet, Kirsten Dunst, Mark Ruffalo, Elijah Wood","Ciencia ficción,Drama,Romance",8.089,/5MwkWH9tYHv3mV9OdYTMR5qreIz.jpg,"Una mujer usa los servicios de una empresa para borrar de su memoria todo recuerdo de su ex pareja. Ofendido, el hombre intenta hacer lo mismo que ella, pero el proceso no sucede según lo esperado y el protagonista debe atravesar la gigantesca marea de recuerdos de su propio cerebro para recomponer las cosas.",M
131186,Europa Camping,1992-03-13,Szőke András,"Badár Sándor, Horváth János, Szőke András",Comedia,9.0,/brtNl6hx3ZoeRfDPhadMBOGrh4p.jpg,,N
264660,Ex Machina,2015-01-21,Alex Garland,"Domhnall Gleeson, Alicia Vikander, Oscar Isaac, Sonoya Mizuno, Corey Johnson","Drama,Ciencia ficción",7.57,/dmJW8IAKHKxFNiUnoDR7JfsK7Rp.jpg,"Nathan, un programador multimillonario con fama de ermitaño, selecciona a Caleb, un joven empleado de su empresa, para que pase una semana con él en un lugar remoto en las montañas con el objetivo de realizar un test en el que está involucrada su última creación: Ava, un robot-mujer en el que la inteligencia artificial lo es todo.",H
20156,Exotica,1994-09-29,Atom Egoyan,"Bruce Greenwood, Mia Kirshner, Don McKellar, Sarah Polley, Victor Garber",Drama,6.6,/pWcJdcIHjL3P6NaEJKeV6ONfAMV.jpg,"Un solitario inspector de Hacienda acude cada noche al club de striptease Exótica, en las afueras de Toronto, para ver bailar a Christina, una sensual joven que se desnuda para el público masculino ante la mirada de su exnovio, el disc-jockey del local.",M
345,Eyes Wide Shut,1999-07-16,Stanley Kubrick,"Tom Cruise, Nicole Kidman, Sydney Pollack, Marie Richardson, Rade Šerbedžija","Drama,Suspense,Misterio",7.486,/knEIz1eNGl5MQDbrEAVWA7iRqF9.jpg,"William Harford es un respetable médico neoyorquino cuya vida parece ir muy bien: está casado con una preciosa mujer, tiene una hija y tiene un trabajo que le gusta. Pero, al día siguiente de asistir a una fiesta, su esposa Alice le habla de unas fantasías eróticas y de cómo estuvo a punto de romper su matrimonio por un desconocido. Abrumado por esta confesión, acaba entrando en un local, donde un antiguo compañero le habla de una congregación secreta dedicada al hedonismo y al placer sin límites. A partir de entonces un mundo dominado por el sexo y el erotismo se abre ante él.",J
1714,Fahrenheit 451,1966-09-07,François Truffaut,"Julie Christie, Oskar Werner, Cyril Cusack, Anton Diffring, Jeremy Spenser","Drama,Ciencia ficción",7.112,/k2CTpexoS9MO9lKVFfnzwVdJuM.jpg,"En el futuro, el gobierno mantiene el control de la opinión pública proscribiendo la literatura y manteniendo un grupo de ejecutores, conocidos como «bomberos», para realizar las necesarias quemas de libros. El bombero Montag comienza a cuestionar la moralidad de su vocación…",K
5961,Fanny and Alexander,1982-12-17,Ingmar Bergman,"Pernilla Allwin, Bertil Guve, Jan Malmsjö, Ewa Fröling, Gunn Wållgren","Fantasía,Drama,Misterio",7.765,/sTFnRP5GdDjR8P35CZ9UUDaiUSz.jpg,"Fanny y Alexander son dos hermanos que pertenecen a la pintoresca familia Ekdahl, a principios de siglo XX. Sus padres, Oscar y Emilie, son el director y la actriz principal de la compañía local de teatro, respectivamente. Tras la repentina muerte de Oscar, Emilie se vuelve a casar con un predicador autoritario que les obliga a mantener una vida ascética. ""Fanny y Alexander"" fue mimada por la crítica y consiguió cuatro Oscars en la edición de 1984: dirección artística, fotografía, vestuario y película de habla no inglesa.",I
809140,Father Stu,2022-04-13,Rosalind Ross,"Mark Wahlberg, Mel Gibson, Jacki Weaver, Teresa Ruiz, Malcolm McDowell",Drama,7.104,/pLAeWgqXbTeJ2gQtNvRmdIncYsk.jpg,"La historia real de un boxeador convertido en sacerdote. Cuando una lesión pone fin a su carrera como boxeador amateur, Stuart Long se muda a Los Ángeles en busca de dinero y fama. Mientras se las arregla como empleado de un supermercado, conoce a Carmen, una maestra de escuela dominical que parece inmune a su encanto de chico malo. Decidido a ganársela, el agnóstico de toda la vida comienza a ir a la iglesia para impresionarla. Sin embargo, un accidente de motocicleta lo deja preguntándose si puede usar su segunda oportunidad para ayudar a otros, lo que lo lleva a darse cuenta de que está destinado a ser un sacerdote católico.",M
1186209,Zavoli racconta Fellini,1964-04-01,Sergio Zavoli,"Sergio Zavoli, Federico Fellini",,0.0,,,K
393457,Fences,2016-12-16,Denzel Washington,"Denzel Washington, Viola Davis, Stephen McKinley Henderson, Jovan Adepo, Russell Hornsby",Drama,6.894,/8NvnB8aeWQvBEz2ruN4g313j991.jpg,"En los años 50, un padre afroamericano lucha contra los prejuicios raciales mientras trata de sacar adelante a su familia en una serie de eventos fundamentales en su vida para él y para los suyos.",M
365620,Ferrari,2023-12-14,Michael Mann,"Adam Driver, Penélope Cruz, Shailene Woodley, Gabriel Leone, Sarah Gadon","Historia,Drama",6.363,/LyCOcGqOTyTmaXu2TK8LfGveIb.jpg,"Verano de 1957. El expiloto de carreras Enzo Ferrari está en crisis. La bancarrota acecha a la empresa que él y su esposa, Laura, construyeron de la nada diez años atrás. Su tormentoso matrimonio se encuentra en medio de una gran crisis, mientras lidian con la muerte de su hijo. En esta crucial etapa, Ferrari tomará decisiones arriesgadas apostándolo todo en una única carrera que atraviesa 1.000 millas a lo largo de toda Italia: la Mille Miglia.",O
309,The Celebration,1998-06-19,Thomas Vinterberg,"Ulrich Thomsen, Henning Moritzen, Thomas Bo Larsen, Paprika Steen, Birthe Neumann",Drama,7.692,/ibWzFsS6Z7cTEKJIE738URYS4Mo.jpg,"Los Klingenfeldt, una familia de la alta burguesía danesa, se disponen a celebrar el sesenta cumpleaños del patriarca, un hombre de trayectoria y reputación intachable. Sin embargo, sus tres hijos, aunque muy diferentes entre sí, están dispuestos a aprovechar la ocasión para sacar a relucir los trapos sucios de la familia.",J
522402,Finch,2021-11-04,Miguel Sapochnik,"Tom Hanks, Caleb Landry Jones, Oscar Avila, Lora Martinez-Cunningham, Marie Wagenman","Ciencia ficción,Drama,Aventura",7.82,/eEJtzD1F05xDipFEDY98CTH5yZn.jpg,"En un mundo devastado, Finch es un inventor con la misión de encontrar un hogar para él y su familia. Acompañado de su querido perro y de un robot que él mismo creó, se embarca en una bonita y emocionante aventura.",J
790459,Fingernails,2023-10-27,Χρήστος Νίκου,"Jessie Buckley, Riz Ahmed, Jeremy Allen White, Luke Wilson, Christian Meer","Romance,Ciencia ficción,Drama",5.927,/q04g3un61aeBoheQEso7enM28AF.jpg,"¿Cómo puedes estar seguro de haber encontrado el amor verdadero? Imagina una prueba que pudiera zanjar esta pregunta para siempre, comparando las uñas de cada persona. ¿Querrías saber el resultado? ¿Lo aceptarías?",O
558582,First Cow,2020-03-06,Kelly Reichardt,"John Magaro, Orion Lee, Toby Jones, Ewen Bremner, Scott Shepherd","Drama,Western",7.0,/yS41crZ1i0fFxCQbuL7I1Y1VBwm.jpg,"Narra la historia de un cocinero contratado por una expedición de cazadores de pieles, en el estado de Oregón, en la década de 1820. También la de un misterioso inmigrante chino que huye de unos hombres que le persiguen, y de la creciente amistad entre ambos en un territorio hostil.",K
26617,Five Easy Pieces,1970-09-12,Bob Rafelson,"Jack Nicholson, Karen Black, Susan Anspach, Lois Smith, Ralph Waite",Drama,7.1,/sUEzamvvoTIhPIVhfZw3pUEo6bY.jpg,"Robert Dupea, que fue un niño prodigio como pianista, trabaja en unas explotaciones petrolíferas. Cuando vuelve a ver a su hermana, convertida en una famosa pianista, decide volver a sus orígenes y al camino que abandonó.",K
626332,Flamin' Hot,2023-03-11,Eva Longoria,"Jesse Garcia, Annie Gonzalez, Emilio Rivera, Vanessa Martinez, Dennis Haysbert","Drama,Historia",7.957,/a7KyFMPXj0iY4EoLq1PIGU1WJPw.jpg,"La inspiradora historia de Richard Montañez, el conserje de Frito Lay que usó su legado y costumbres mexicoamericanos para convertir los famosos Cheetos picantes en un aperitivo que revolucionó el sector alimentario y se convirtió en un fenómeno de la cultura pop mundial.",N
35227,Foolish Wives,1922-01-11,Erich von Stroheim,"Erich von Stroheim, Rudolph Christians, Miss DuPont, Maude George, Mae Busch","Drama,Suspense",6.477,/esdMep54xAUYUE4CCktAh2Rh3gk.jpg,"Un vividor se hace pasar en Montecarlo por un respetable conde ruso, e intenta seducir a una distinguida dama norteamericana que pasa sus vacaciones con su marido, un destacado diplomático. Jean Renoir declaró que ver esta película fue determinante en su futura carrera como cineasta.",M
1788,Footloose,1984-02-17,Herbert Ross,"Kevin Bacon, Lori Singer, John Lithgow, Dianne Wiest, Chris Penn","Drama,Romance",6.693,/9JEDjBCXCx3eKTSkXwispf0UN3O.jpg,"Cuenta la historia de un chico que llega a un pueblo en el que el fundamentalista Shaw Moore ha prohibido el baile. El joven, que además de rebelde es un entusiasta de la música, intentará por todos los medios acabar con esa prohibición, mientras se enamora de la hija de Moore.",N
27854,For Whom the Bell Tolls,1943-07-12,Sam Wood,"Gary Cooper, Ingrid Bergman, Akim Tamiroff, Arturo de Córdova, Vladimir Sokoloff","Bélica,Romance,Historia,Drama,Aventura",6.523,/uoNTHrpeOgIuWsC5Eucx5Sp483D.jpg,"El estadounidense Robert Jordan (Gary Cooper), apodado ""El inglés"", que lucha en la guerra Civil Española (1936-1939) dentro de la Brigada Lincoln, es un experto en acciones especiales detrás de las líneas enemigas: ha volado trenes, redes eléctricas, depósitos de armas... En vísperas de una gran ofensiva, el mando republicano le encarga la destrucción de un puente, la principal arteria logística del ejército de Franco. María (Ingrid Bergman), una joven salvada del pelotón de ejecución, y Pilar, la esposa de Pablo, un hombre rudo y testarudo, participarán en la operación y mantendrán el espíritu de lucha hasta el final de la contienda",H
265189,Force Majeure,2014-08-15,Ruben Östlund,"Johannes Bah Kuhnke, Lisa Loven Kongsli, Clara Wettergren, Vincent Wettergren, Kristofer Hivju",Drama,6.832,/zyDLs6CIT8XmKj5s3wxH46GCsiu.jpg,"Una familia pasa las vacaciones de invierno en los Alpes. El sol brilla y las pistas están magníficas, pero cuando almuerzan en un restaurante, se produce una avalancha. Los clientes del restaurante se asustan, Ebba, la madre, llama a su esposo Tomas para que le ayude e intenta salvar a sus hijos, pero Tomas ha huido para salvar su vida… La avalancha se detiene delante del restaurante, sin ocasionar daños, y sin embargo, el universo familiar se ha resquebrajado. Persiste una duda sobre el padre, y Tomas busca desesperadamente recuperar su lugar de patriarca de la familia.",O
359724,Ford v Ferrari,2019-11-13,James Mangold,"Matt Damon, Christian Bale, Jon Bernthal, Caitríona Balfe, Josh Lucas","Drama,Historia,Acción",8.007,/dR1Ju50iudrOh3YgfwkAU1g2HZe.jpg,Se centra en un excéntrico y decidido equipo americano de ingenieros y diseñadores liderados por el visionario automovilístico Carroll Shelby y su conductor británico Ken Miles. Henry Ford II y Lee Iacocca les dan la misión de construir desde cero un nuevo automóvil con el fin de derrocar el dominio de Ferrari en el Campeonato del Mundo de Le Mans de 1966.,K
13,Forrest Gump,1994-06-23,Robert Zemeckis,"Tom Hanks, Robin Wright, Gary Sinise, Sally Field, Mykelti Williamson","Comedia,Drama,Romance",8.461,/Cw4hIUIAmSYfK9QfaUW5igp9La.jpg,"Forrest Gump es un chico con deficiencias mentales no muy profundas y con alguna incapacidad motora que, a pesar de todo, llegará a convertirse, entre otras cosas, en un héroe durante la Guerra del Vietnam. Su persistencia y bondad le llevarán a conseguir una gran fortuna, ser objeto del clamor popular y a codearse con las más altas esferas sociales y políticas del país. Siempre sin olvidar a Jenny, su gran amor desde que era niño.",K
87492,Foxcatcher,2014-11-14,Bennett Miller,"Steve Carell, Channing Tatum, Mark Ruffalo, Sienna Miller, Vanessa Redgrave","Drama,Suspense",6.648,/w6Sl079QtUcQ9dVQ2RP6aN9NBXx.jpg,"Cuando Mark Schultz, medallista de oro olímpico, es invitado por el rico heredero John du Pont para instalarse en su magnífica residencia familiar y ayudarle a crear un campo de entrenamiento de alto nivel, con el fin de preparar un equipo para los Juegos Olímpicos de Seúl de 1988, Schultz dice que sí inmediatamente. Allí espera tener la posibilidad de concentrarse en su entrenamiento y dejar de quedar siempre detrás de su hermano Dave.",H
1633,Fried Green Tomatoes,1991-12-27,Jon Avnet,"Kathy Bates, Jessica Tandy, Mary-Louise Parker, Mary Stuart Masterson, Cicely Tyson","Drama,Comedia",7.7,/g71l1vbJwyAAYk8zKCkIQQ58qcb.jpg,"Evelyn, una mujer madura que vive frustrada por su gordura y por la incomprensión de su marido, conoce en un asilo a Ninny, una anciana que le va contando poco a poco una dramática historia ocurrida en su pueblo, en Alabama. La trama gira en torno a la gran amistad entre dos mujeres y al misterioso asesinato del marido de una de ellas.",K
43258,Friendly Persuasion,1956-10-30,William Wyler,"Gary Cooper, Dorothy McGuire, Anthony Perkins, Richard Eyer, Robert Middleton","Drama,Bélica",6.643,/mhsdObvFHoOfgaKAVJUOeK3LiOP.jpg,"Jess Birdwell es el patriarca de una familia de cuáqueros, una secta cristiana que se niega a participar en las guerras. Su hijo Josh desea adherirse al pacifismo familiar pero, temiendo ser tomado por un cobarde, se alista en el ejército, lo que provoca el disgusto de su madre.",O
11426,From Here to Eternity,1953-08-28,Fred Zinnemann,"Burt Lancaster, Montgomery Clift, Deborah Kerr, Frank Sinatra, Donna Reed","Bélica,Romance,Drama",7.26,/sP3T6hTkTMCksUXb0wzzOgbXIfk.jpg,"Al soldado Prewitt están a punto de concederle un traslado con el que abandonará Pearl Harbour. Pero el nuevo capitán Holmes le retiene con el pretexto de que es un gran boxeador. Los romances y los abusos están al orden del día en una base despreocupada por la Segunda Guerra Mundial. Sin embargo, el ataque japonés al enclave es inminente.",K
600,Full Metal Jacket,1987-06-26,Stanley Kubrick,"Matthew Modine, Adam Baldwin, Vincent D'Onofrio, R. Lee Ermey, Dorian Harewood","Drama,Bélica",8.119,/kMKyx1k8hWWscYFnPbnxxN4Eqo4.jpg,"Un grupo de reclutas se prepara en Parish Island, centro de entrenamiento de la marina Norteamericana. Allí está el sargento Hartmann, duro e implacable, cuya única misión en la vida es endurecer el cuerpo y el alma de los novatos, para que puedan defenderse del enemigo. Pero no todos los jóvenes soportan igual sus métodos...",K N
228150,Fury,2014-10-15,David Ayer,"Brad Pitt, Shia LaBeouf, Logan Lerman, Michael Peña, Jon Bernthal","Bélica,Drama,Acción",7.545,/pfte7wdMobMF4CVHuOxyu6oqeeA.jpg,"Abril de 1945. Al mando del veterano sargento Wardaddy, un pelotón de cinco soldados americanos a bordo de un carro de combate -el Fury- ha de luchar contra un ejército nazi al borde de la desesperación, pues los alemanes saben que su derrota estaba ya cantada por aquel entonces.",G
11646,Gallipoli,1981-08-13,Peter Weir,"Mel Gibson, Mark Lee, Bill Kerr, Harold Hopkins, Charles Lathalu Yunipingu","Bélica,Historia,Drama",7.05,/un7VCqTmjrq3u75mQ204a8tofD4.jpg,"Primera Guerra Mundial, 1915. Reza la leyenda del filme: ""De un lugar del que nunca has oído hablar llega una historia que nunca olvidarás"". Dos amigos australianos, ambos atletas, deciden alistarse para ir a la guerra y les toca luchar contra los turcos en la batalla de Gallipoli.",K
783,Gandhi,1982-12-01,Richard Attenborough,"Ben Kingsley, Candice Bergen, Edward Fox, John Gielgud, Trevor Howard","Drama,Historia",7.557,/rOXftt7SluxskrFrvU7qFJa5zeN.jpg,"Después de defender los derechos de los ciudadanos africanos en Sudáfrica, Gandhi, considerando que también los hindúes son ciudadanos de segunda clase en su propia tierra, los incita a sublevarse contra el Imperio Británico mediante la doctrina de la no-violencia.",K N
13528,Gaslight,1944-05-04,George Cukor,"Charles Boyer, Ingrid Bergman, Joseph Cotten, May Whitty, Angela Lansbury","Suspense,Drama,Misterio,Crimen",7.5,/gXKszCl5Q1KrgWRWpPcqn94CP58.jpg,"En la Inglaterra victoriana, una bella mujer (Ingrid Bergman) se casa con un famoso pianista (Charles Boyer). La felicidad desaparece cuando en la casa, donde años atrás se cometió un asesinato, la mujer empieza a oír extraños e inexplicables ruidos
734365,Gatica multitudes,1993-12-29,Sergio Gabriel Raczko,Leonardo Favio,Documental,0.0,/oGojcTMGyljgoLdR88ceFicGtI0.jpg,,el Mono
239566,Get On Up,2014-08-01,Tate Taylor,"Chadwick Boseman, Nelsan Ellis, Dan Aykroyd, Viola Davis, Lennie James","Drama,Música,Historia",6.776,/dVbGeU5agxFGcJnL5hk4uO8W7i2.jpg,"Basada en la extraordinaria trayectoria del padrino del soul, la película se adentra sin temor en la música, la vida y los estados de ánimo de James Brown, guiando al público en un viaje desde la dura infancia del cantante hasta que se convierte en una de las figuras más influyentes del siglo XX.",G
1393326,Ghost in the Cell,2026-04-16,Joko Anwar,"Abimana Aryasatya, Bront Palarae, Dimas Danang, Endy Arfian, Lukman Sardi","Terror,Comedia,Suspense",7.185,/gF6Ijrq5bixh4qemCuroRwXtbBc.jpg,"En una conocida prisión, una fuerza invisible comienza a matar brutalmente a los reclusos, obligando a las bandas enemigas y a los guardias corruptos a trabajar juntos mientras intentan sobrevivir al creciente derramamiento de sangre.",J
1712,Giant,1956-11-08,George Stevens,"Elizabeth Taylor, Rock Hudson, James Dean, Carroll Baker, Jane Withers","Drama,Western",7.6,/h5RRYPVVuHzd7QOJyP5Dsi8J9XZ.jpg,"Jordan ""Bick"" Benedict, un joven terrateniente, llega a su inmenso rancho de Texas con su flamante esposa Leslie Benedict, una rica y bella muchacha del Este. No tardan mucho en descubrir que pertenecen a mundos radicalmente opuestos y que los separa un abismo. Jett Rink es un arrogante y joven empleado de los Benedict que tiene la suerte de encontrar petróleo en unas tierras que le ha dejado en su testamento Luz, la hermana de Jordan
565720,Give Me Liberty,2019-07-24,Kirill Mikhanovsky,"Chris Galust, Lauren 'Lolo' Spencer, Максим Стоянов, Дарья Екамасова, Steve Wolski","Comedia,Drama",6.507,/dua9PHGjGE8dmnYyp6CyfFUbO0Y.jpg,,K
9504,Glengarry Glen Ross,1992-09-10,James Foley,"Al Pacino, Jack Lemmon, Alec Baldwin, Alan Arkin, Ed Harris","Crimen,Drama,Misterio",7.329,/zcaEDx8KlVfh4vKfMNLhiSi5Oz4.jpg,"En una empresa inmobiliaria, de la ciudad de Chicago y en plena, depresión económica, Blake (Alec Baldwin) en vista que sus nuevas técnicas comerciales, no son bien acogidas, entre sus comerciales, les lanza un reto a todos sus empleados, el mejor vendedor será recompensado con un 'Cadillac', al segundo con un 'juego de cuchillos' y el último simplemente será 'despedido'. Desde entonces se irá abriendo una brecha entre ellos, cada uno reacciona de distinta forma a este reto, todos empiezan a tenderse trampas y en pensar la manera, de vender o no ser, el peor vendedor, incluyendo, el robo de las ""fichas"" o ""tarjetas de presentación"" de los clientes, para conseguir el éxito.",H
9665,Glory,1989-12-15,Edward Zwick,"Matthew Broderick, Denzel Washington, Cary Elwes, Morgan Freeman, Jihmi Kennedy","Drama,Historia,Bélica",7.491,/pGDzBjZvzmSCIEduQBfESLMiwtp.jpg,"A principios de la Guerra de Secesión, el ejército del norte se mostraba reticente a dar armas a los negros. El heroico comportamiento del regimiento de Massachusetts, formado por soldados afroamericanos y oficiales blancos, resultó decisivo para que la Unión abriera las puertas a 180.000 soldados negros.",N
1219576,Goebbels and the Führer,2024-07-11,Joachim A. Lang,"Robert Stadlober, Fritz Karl, Franziska Weisz, Sascha Göpel, Katia Fellin","Historia,Drama",6.605,/wn6y23glGFpUzdSJE8TWvvrcMFd.jpg,"Joseph Goebbels, el Ministro de Propaganda en la Alemania nazi, acompaña a Hitler durante siete años que van desde 1938 hasta 1945. Mientras Hitler está en la cima de su poder, Goebbels es el creador de las imágenes de multitudes ondeando banderas y de varias películas antisemitas. Tras la derrota en Stalingrado y la situación cada vez más desesperada a finales de 1944, Goebbels planea el acto de propaganda más radical, su última puesta en escena.",O
770,Gone with the Wind,1939-12-15,Victor Fleming,"Vivien Leigh, Clark Gable, Olivia de Havilland, Leslie Howard, Hattie McDaniel","Drama,Bélica,Romance",7.904,/lNz2Ow0wGCAvzckW7EOjE03KcYv.jpg,"Georgia, 1861. En la elegante mansión sureña de Tara, vive Scarlett O'Hara, la joven más bella, caprichosa y egoísta de la región. Ella suspira por el amor de Ashley, pero él está prometido con su prima, la dulce y bondadosa Melanie. Corren todavía tiempos felices en Tara, pero por poco tiempo, porque la Guerra de Secesión (1861-1865) está a punto de estallar. En la última fiesta, celebrada antes del comienzo de las hostilidades entre el norte y el sur, Scarlett conoce al simpático, cínico y apuesto Rhett Butler, un vividor arrogante y aventurero, que sólo piensa en sí mismo y que no tiene ninguna intención de participar en el conflicto. Lo que él desea es hacerse rico y conquistar el corazón de la hermosa Scarlett.",J O
801,"Good Morning, Vietnam",1987-12-23,Barry Levinson,"Robin Williams, Forest Whitaker, Tom T. Tran, จินตหรา สุขพัฒน์, Bruno Kirby","Comedia,Drama,Bélica",7.301,/sreISlFUn5TyR41QNjlfAdX5SEW.jpg,"Vietnam. 1965. Un pinchadiscos de la radio, Adrian Cronauer, es enviado a Saigón para trabajar en la emisora del ejército norteamericano. En contraste con sus aburridos antecesores, Cronauer es pura dinamita, sus comentarios irreverentes, sus tacos e improperios y sus críticas al vicepresidente, le hacen ganarse el aprecio de las tropas. Sin embargo su superior el teniente Hauk no es de la misma opinión.",I
489,Good Will Hunting,1997-12-05,Gus Van Sant,"Matt Damon, Robin Williams, Ben Affleck, Stellan Skarsgård, Minnie Driver",Drama,8.166,/z2FnLKpFi1HPO7BEJxdkv6hpJSU.jpg,"Will es un joven rebelde con una inteligencia asombrosa, especialmente con las matemáticas. El descubrimiento de su talento por parte de los académicos le obligará a elegir entre seguir con su vida de siempre -un trabajo fácil, buenos amigos, muchas cervezas y alguna bronca- o aprovechar sus grandes cualidades intelectuales en alguna universidad. Sólo los consejos de un solitario y bohemio profesor le ayudará a decidirse.",J
12480,Water Drops on Burning Rocks,2000-03-15,François Ozon,"Bernard Giraudeau, Malik Zidi, Ludivine Sagnier, Anna Thomson","Drama,Romance,Comedia",6.4,/vLVw61zytiTHjkY9du24vghEzMH.jpg,"Francia /// Alemania, años setenta. Léopold, un cincuentón, seduce a Franz, un joven de 19 años. Franz se enamora y se va a vivir con Leopold, pero un día sucede algo sin importancia en lo que no están de acuerdo.",H
509364,By the Grace of God,2019-02-20,François Ozon,"Melvil Poupaud, Denis Ménochet, Swann Arlaud, Éric Caravaca, François Marthouret",Drama,7.152,/6Cu4SFT0UlYnr6lLydo65cb742y.jpg,"Alexandre vive en Lyon con su esposa e hijos. Por casualidad, se entera de que el sacerdote que abusó de él en un campamento de verano cuando era niño, sigue trabajando con menores. En busca de justicia, Alexandre se lanzará a un combate al que se unen François y Emmanuel, otras víctimas del sacerdote, con el fin de liberarse de sus sufrimientos a través de la palabra. Pero las repercusiones y consecuencias de sus testimonios no dejarán a nadie indemne.",K
49047,Gravity,2013-10-03,Alfonso Cuarón,"Sandra Bullock, George Clooney, Ed Harris, Orto Ignatiussen, Phaldut Sharma","Ciencia ficción,Suspense,Drama",7.171,/kZ2nZw8D681aphje8NJi8EfbL1U.jpg,"Durante un paseo espacial rutinario, dos astronautas sufren un grave accidente y quedan flotando en el espacio. Una es la doctora Ryan Stone, una brillante ingeniera en su primera misión espacial en la Shuttle. Su acompañante es el veterano astronauta Matt Kowalsky. Durante el paseo algo sale mal y ocurre el desastre: el shuttle queda destrozado, dejando a Ryan y Matt completamente solos, momento a partir del cual intentarán por todos los medios volver a la Tierra.",G
199753,Tom and Jerry's Giant Adventure,2013-08-04,Spike Brandt,"Garrison Keillor, Paul Reubens, Grey DeLisle, Jacob Bertrand, Thomas F. Wilson","Animación,Comedia,Familia,Fantasía",5.885,/pwMfAavFAysc9cQELGerQErmQhE.jpg,"Tom y Jerry son los asistentes de Jack, el joven propietario de un parque de atracciones, el cual está pasando por unos momentos complicados, hasta que unas judías mágicas le dan la oportunidad de cambiar su situación. Tom y Jerry tienen que conseguir una oca dorada para salvar el parque. Adaptación libre de ""Jack y las judías mágicas"".",I
301528,Toy Story 4,2019-06-19,Josh Cooley,"Tom Hanks, Tim Allen, Annie Potts, Tony Hale, Keegan-Michael Key","Familia,Comedia,Animación,Aventura",7.5,/w9kR8qbmQ01HwnvK4alvnQ2ca0L.jpg,"Woody siempre ha tenido claro cuál es su labor en el mundo y cuál es su prioridad: cuidar a su dueño, ya sea Andy o Bonnie. Sin embargo, Woody descubrirá lo grande que puede ser el mundo para un juguete cuando Forky se convierta en su nuevo compañero de habitación. Los juguetes se embarcarán en una aventura de la que no se olvidarán jamás.",K
77950,Turbo,2013-07-11,David Soren,"Ryan Reynolds, Paul Giamatti, Michael Peña, Samuel L. Jackson, Luis Guzmán","Animación,Familia",6.282,/inTKQni4YW8syrfgnXHwzmNeSo4.jpg,"Turbo es un caracol de jardín con un sueño imposible: convertirse en el caracol más rápido del mundo. Cuando un extraño accidente le da el poder de la súper-velocidad, Turbo intentará cumplir su sueño. Primero se hará amigo de una peculiar pandilla de caracoles callejeros tuneados y obsesionados con la velocidad, y allí Turbo aprenderá que nadie llega a tener éxito por sí solo. Así que coloca su corazón y su concha en la línea de salida dispuesto a ayudar a sus colegas a lograr sus sueños, antes de intentar alcanzar su sueño imposible: ganar las 500 millas de Indianápolis.",G
1398911,East of Wall,2025-08-15,Kate Beecroft,"Tabatha Zimiga, Porshia Zimiga, Scoot McNairy, Jennifer Ehle, Jesse Thorson","Drama,Western",5.833,/1OsdhvbLNLUJEi9vqQCyhAXsaRX.jpg,"Tras la muerte de su esposo, Tabatha, una joven entrenadora de caballos, lucha contra la inseguridad financiera y un dolor sin resolver mientras brinda refugio a unos adolescentes descarriados en su rancho en ruinas en las Tierras Baldías.",K
511817,Wendell & Wild,2022-10-21,Henry Selick,"Lyric Ross, Keegan-Michael Key, Jordan Peele, Sam Zelaya, James Hong","Animación,Comedia,Fantasía,Aventura,Terror",6.583,/5dsX6UAHqkQz1kiV8bs8SvjyVNa.jpg,Dos malévolos demonios hacen un trato con una adolescente fanática del punk para escapar del Inframundo y hacer realidad sus sueños en la Tierra de los Vivos.,N
856,Who Framed Roger Rabbit,1988-06-22,Robert Zemeckis,"Bob Hoskins, Christopher Lloyd, Joanna Cassidy, Charles Fleischer, Kathleen Turner","Fantasía,Animación,Comedia,Crimen",7.541,/lYfRc57Kx9VgLZ48iulu0HKnM15.jpg,"Hollywood, 1947. Eddie Valiant, un detective de poca monta, ha sido contratado para encontrar pruebas que demuestren que Marvin Acme, magnate del negocio de los artículos de broma y dueño de Toontown, está rondando a Jessica Rabbit, mujer fatal y esposa de la superestrella del Marron Cartoon, Roger Rabbit. Cuando Acme aparece asesinado, todas las pruebas apuntan a Roger, y el siniestro y ambicioso Juez Doom está decidido a condenarlo como sea. Roger suplica a Valiant que le ayude a encontrar al verdadero culpable, pero el asunto se irá complicando a medida que Eddie va descubriendo, escándalo tras escándalo, que la propia existencia de Toontown corre peligro.",J
441130,Wolfwalkers,2020-10-26,Tomm Moore,"Honor Kneafsey, Eva Whittaker, Sean Bean, Simon McBurney, Tommy Tiernan","Animación,Familia,Aventura,Fantasía",8.177,/vqGiNbdc2sDwsnivMMYzwAoSSu6.jpg,"La joven Robyn viaja a Irlanda con su padre para participar en una cacería de lobos. Todo se complica cuando conoce a Mebh, una niña misteriosa que vive en el bosque y de la que dicen que por las noches, junto a su tribu nómada, se transforma en lobo.",J
400157,Wonder Park,2019-03-13,Dylan Brown,"Brianna Denski, Norbert Leo Butz, Ken Hudson Campbell, Mila Kunis, John Oliver","Comedia,Animación,Aventura,Familia,Fantasía",6.593,/8KomINZhIuJeB4oB7k7tkq8tmE.jpg,"June es una niña optimista y alegre que un día descubre un parque de atracciones llamado ""Wonderland"" escondido en el bosque. Allí conoce a una serie de divertidos animales que le explican que el parque, su hogar durante muchos años, está prácticamente en ruinas. Sólo June, con la ayuda de su imaginación y de sus nuevos amigos, podrá arreglarlo para salvar así a los animales que en él habitan, llevando de vuelta la magia a un lugar de ensueño.",K
462883,Woody Woodpecker,2017-10-05,Alex Zamm,"Eric Bauza, Timothy Omundson, Thaila Ayala, Graham Verchere, Jordana Largy","Comedia,Familia,Animación",6.589,/cSo4vsBdzTNJG24VYgAkGgeYkAs.jpg,"Lance Walters es un abogado divorciado que decide irse a vivir con su hijo y su nueva novia a una casa de ensueño en un bosque situado en las montañas. Sin embargo, allí descubrirá que para construir su hogar deberá cortar un árbol en el que vive un pájaro carpintero, contra el que empezará una guerra para decidir quién se quedará con el lugar.",G
159774,Zip & Zap and the Marble Gang,2013-10-04,Oskar Santos,"Claudia Vega, Javier Gutiérrez, Álex Angulo, Marcos Ruiz, Santi Ugalde","Aventura,Comedia,Familia",5.91,/wyAFRbO8WpxG8he8wW3sWUnFyxf.jpg,"Zipi y Zape, dos traviesos mellizos, son internados en el Esperanza, un colegio donde los juegos están prohibidos. Allí fundarán el Club de la Canica, la resistencia infantil que desafiará la autoridad de los adultos. Gracias a su inteligencia, su valentía y su inquebrantable fe en la amistad, Zipi y Zape y el resto del club descubrirán un misterioso secreto que se oculta en el colegio y vivirán la aventura más emocionante de sus vidas.",K
454549,Zombillénium,2017-10-18,Arthur de Pins,"Fily Keita, Emmanuel Curtil, Maelys Ricordeau, Alexis Tomassian, Arthur de Pins","Comedia,Animación,Fantasía",7.0,/97OrQruLLUKo3nuOXlb0p3b5c4Z.jpg,"Nadie lo sabe pero Zombillenium es un parque de atracciones habitado por auténticos monstruos. Para evitar que Héctor, un humano, revele la auténtica identidad de sus empleados, el Director Vampiro del parque se ve obligado a contratarle. Para volver a ver a su hija, Héctor hará todo lo posible por escapar de sus colegas Zombis, Hombres-Lobo y Vampiros… ¿Se convertirá este padre desesperado en la principal atracción de Zombillenium?",K
269149,Zootopia,2016-02-11,Byron Howard,"Ginnifer Goodwin, Jason Bateman, Idris Elba, Jenny Slate, Nate Torrence","Animación,Aventura,Familia,Comedia",7.765,/hlK0e0wAQ3VLuJcsfIYPvb4JVud.jpg,"La moderna metrópoli mamífera de Zootrópolis es una ciudad absolutamente única. Está compuesta de barrios con diferentes hábitats como la lujosa Plaza Sahara, el Distrito Selva Tropical y el gélido Distrito Tundra. Es un crisol donde los animales de cada entorno conviven, un lugar donde no importa lo que seas. De hecho puedes ser cualquier cosa, desde un elefante enorme hasta la musaraña más diminuta. Pero cuando llega la optimista agente Judy Hopps, descubre que ser la primera conejita de un cuerpo policial compuesto de animales duros y enormes no es nada fácil. Pero está decidida a demostrar su valía y se mete de cabeza en un caso, a pesar de que eso significa trabajar con Nick Wilde, un zorro parlanchín y estafador, para resolver el misterio.",H
9479,The Nightmare Before Christmas,1993-10-09,Henry Selick,"Danny Elfman, Chris Sarandon, Catherine O'Hara, William Hickey, Glenn Shadix","Fantasía,Animación,Familia",7.84,/oQffRNjK8e19rF7xVYEN8ew0j7b.jpg,"Cuando Jack Skellington, el Señor de Halloween, descubre la Navidad, se queda fascinado y decide mejorarla. Sin embargo, su visión de la festividad es totalmente contraria al espíritu navideño. Sus planes incluyen el secuestro de Santa Claus y la introducción de cambios bastante macabros. Sólo su novia Sally es consciente del error que está cometiendo.",O
976573,Elemental,2023-06-14,Peter Sohn,"Leah Lewis, Mamoudou Athie, Ronnie del Carmen, Shila Ommi, Wendi McLendon-Covey","Animación,Comedia,Familia,Romance",7.591,/4Y1WNkd88JXmGfhtWR7dmDAo1T2.jpg,"En una ciudad donde los residentes del fuego, el agua, la tierra y el aire viven juntos, una joven apasionada y un chico que se deja llevar por la corriente descubrirán algo elemental: cuánto tienen en común.",O
8587,The Lion King,1994-06-15,Roger Allers,"Matthew Broderick, Moira Kelly, Jeremy Irons, Nathan Lane, Ernie Sabella","Animación,Familia,Drama",8.25,/sKCr78MXSLixwmZ8DyJLrpMsd15.jpg,"La sabana africana es el escenario en el que tienen lugar las aventuras de Simba, un pequeño león que es el heredero del trono. Sin embargo, se ve forzado a exiliarse al ser injustamente acusado de la muerte de su padre. Durante su destierro, hará buenas amistades y, finalmente, regresará para recuperar lo que legítimamente le corresponde.",O
1022796,Wish,2023-11-13,Fawn Veerasunthorn,"Ariana DeBose, Chris Pine, Alan Tudyk, Angelique Cabral, Victor Garber","Animación,Familia,Fantasía,Aventura",6.218,/nesuSdJakNkf0zs7OfoasB6Clxf.jpg,"Asha y una pequeña bola de energía ilimitada llamada Star demuestran que cuando la voluntad de un ser humano valiente se conecta con la magia de las estrellas, pueden suceder cosas maravillosas.",O
20352,Despicable Me,2010-07-08,Chris Renaud,"Steve Carell, Jason Segel, Russell Brand, Julie Andrews, Will Arnett","Animación,Comedia,Crimen,Ciencia ficción,Familia",7.262,/b1BT309QWjtFUlJPLmXmrcHOWEL.jpg,"En una alegre urbanización con cuidados jardines rodeados por verjas de madera pintadas de blanco y llenos de rosales, sobresale una casa negra con el césped amarillento. Los vecinos ignoran que debajo de la vivienda hay un enorme escondite secreto. Allí está Gru, rodeado por un pequeño ejército de lacayos, planeando el mayor robo de toda la historia. ¡Va a hacerse con la luna!",O
93456,Despicable Me 2,2013-06-26,Chris Renaud,"Steve Carell, Kristen Wiig, Benjamin Bratt, Miranda Cosgrove, Dana Gaier Ellis","Animación,Comedia,Familia,Ciencia ficción",6.9,/5Fh4NdoEnCjCK9wLjdJ9DJNFl2b.jpg,"La película de animación de los estudios Universal, giraba en torno a una apacible y colorida población en la que vivía el malvado Gru. Ayudado por su batallón de Minions, unos pequeños seres de color amarillo, intentaron robar la Luna, aunque no todo acabó como esperaban. Tres niñas curiosas y algo traviesas se cruzaron en su camino, entorpeciéndole todos sus planes y conviertiendo su objetivo en una alocada hazaña interestelar.  Ahora, 'Gru, mi villano favorito 2', narra una nueva aventura en la que Gru volverá a estar acompañado de simpáticos humanoides.",O
324852,Despicable Me 3,2017-06-15,Pierre Coffin,"Steve Carell, Kristen Wiig, Trey Parker, Miranda Cosgrove, Dana Gaier Ellis","Acción,Animación,Comedia,Familia,Aventura",6.5,/e72KCMHNkbZ6USRJmABeqwmaJ5n.jpg,"A Gru lo han despedido. Se ha quedado sin trabajo porque ha dejado escapar al supervillano Balthazar Bratt, estrella infantil de los años 80 que con la llegada de la pubertad lo perdió todo y ha estado creando el caos en todo el planeta.  Además, Gru va a conocer a su hermano gemelo Dru y tendrá que decidir si está listo para continuar la tradición familiar de dedicarse al crimen, y unirse a el para llevar a cabo un último golpe. Aunque ha dejado esa vida atrás… ¿volverá a convertirse Gru en un villano?",O
1011985,Kung Fu Panda 4,2024-03-02,Mike Mitchell,"Jack Black, Awkwafina, Viola Davis, Dustin Hoffman, Bryan Cranston","Animación,Comedia,Aventura,Acción,Familia",6.994,/kDp1vUBnMpe8ak4rjgl3cLELqjU.jpg,"Po se prepara para ser el líder espiritual del Valle de la Paz, buscando un sucesor como Guerrero Dragón. Mientras entrena a un nuevo practicante de kung fu, enfrenta al villano llamado ""el Camaleón"", que evoca villanos del pasado, desafiando todo lo que Po y sus amigos han aprendido.",O
748783,The Garfield Movie,2024-04-30,Mark Dindal,"Chris Pratt, Samuel L. Jackson, Hannah Waddingham, Ving Rhames, Nicholas Hoult","Aventura,Animación,Comedia,Familia",6.949,/p6AbOJvMQhBmffd0PIv0u8ghWeY.jpg,"El mundialmente famoso Garfield, el gato casero que odia los lunes y que adora la lasaña, está a punto de vivir una aventura ¡en el salvaje mundo exterior! Tras una inesperada reunión con su largamente perdido padre – el desaliñado gato callejero Vic – Garfield y su amigo canino Odie se ven forzados a abandonar sus perfectas y consentidas vidas al unirse a Vic en un hilarante y muy arriesgado atraco.",O
519182,Despicable Me 4,2024-06-20,Chris Renaud,"Steve Carell, Kristen Wiig, Will Ferrell, Sofía Vergara, Miranda Cosgrove","Animación,Comedia,Acción,Ciencia ficción,Familia",7.0,/wWba3TaojhK7NdycRhoQpsG0FaH.jpg,"Gru, Lucy y las niñas -Margo, Edith y Agnes- dan la bienvenida a un nuevo miembro en la familia: Gru Junior, que parece llegar con el propósito de ser un suplicio para su padre. Gru tendrá que enfrentarse en esta ocasión a su nueva némesis Maxime Le Mal y su sofisticada y malévola novia Valentina, lo que obligará a la familia a tener que darse a la fuga. Cuarta entrega de 'Gru, mi villano favorito'.",O
1022789,Inside Out 2,2024-06-11,Kelsey Mann,"Amy Poehler, Maya Hawke, Kensington Tallman, Liza Lapira, Tony Hale","Animación,Aventura,Comedia,Familia",7.539,/vpnVM9B6NMmQpWeZvzLvDESb2QY.jpg,"Riley entra en la adolescencia y el Cuartel General de su cabeza sufre una repentina reforma para hacerle hueco a algo totalmente inesperado propio de la pubertad: ¡nuevas emociones! Alegría, Tristeza, Ira, Miedo y Asco, con años de impecable gestión a sus espaldas (según ellos...) no saben muy bien qué sentir cuando aparece con enorme ímpetu Ansiedad. Y no viene sola: le acompañan envidia, vergüenza y aburrimiento.",O
508883,The Boy and the Heron,2023-07-14,Hayao Miyazaki,"山時聡真, Masaki Suda, 柴咲コウ, あいみょん, Yoshino Kimura","Animación,Fantasía,Drama",7.384,/aISxbDBgdeiPRbhVyfGP7a4LYk5.jpg,La película muestra el crecimiento psicológico de un adolescente a través de interacciones con sus amigos y su tío. Está basada en el libro de 1937 del mismo nombre escrito por Genzaburo Yoshino.,O
408,Snow White and the Seven Dwarfs,1937-12-21,David Hand,"Adriana Caselotti, Lucille La Verne, Harry Stockwell, Roy Atwell, Pinto Colvig","Fantasía,Animación,Familia",7.128,/3VAHfuNb6Z7UiW12iYKANSPBl8m.jpg,"La malvada madrastra de la princesa Blancanieves decide deshacerse de ella porque no puede soportar que la belleza de la joven sea superior a la de ella. Sin embargo, Blancanieves consigue salvarse y se refugia en la cabaña de los siete enanitos. A pesar de todo, su cruel madrastra consigue encontrarla y la envenena con una manzana. Pero la princesa no está muerta, sólo dormida, a la espera de que un príncipe azul la rescate.",O
1184918,The Wild Robot,2024-09-12,Chris Sanders,"Lupita Nyong'o, Pedro Pascal, Kit Connor, Bill Nighy, Stephanie Hsu","Familia,Animación,Ciencia ficción,Aventura",8.3,/wTnV3PCVW5O92JMrFvvrRcV39RU.jpg,"Esta aventura épica cuenta la historia de una robot, Rozzum 7-1-3-4, ""Roz"" para abreviar, que naufraga en una isla inhabitada y debe aprender a adaptarse a los entornos rigurosos construyendo relaciones con los animales de la isla y convirtiéndose en la madre adoptiva de una cría de ganso huérfana.",O
11319,The Rescuers,1977-06-22,Wolfgang Reitherman,"Bob Newhart, Eva Gabor, Geraldine Page, Joe Flynn, Jeanette Nolan","Fantasía,Familia,Animación,Aventura",6.793,/9jpDjrRyvv9Nw0piXOpHHQTfxw9.jpg,"Una niña huérfana que ha sido secuestrada envía una nota dentro de una botella pidiendo ayuda. Bernardo y Bianca, dos valientes ratones, miembros de la Sociedad Internacional de Rescate, reciben el mensaje que los llevará al peligroso ""Pantano del Diablo"". Allí, ayudados por la libélula Evinrude y los habitantes del pantano, vivirán un sinfín de emocionantes aventuras luchando contra la malvada Madame Medusa",O
939243,Sonic the Hedgehog 3,2024-12-19,Jeff Fowler,"Ben Schwartz, Jim Carrey, Keanu Reeves, Idris Elba, Colleen O'Shaughnessey","Acción,Ciencia ficción,Comedia,Familia",7.601,/d8Ryb8AunYAuycVKDp5HpdWPKgC.jpg,"Sonic, Knuckles y Tails se reúnen para enfrentarse a un nuevo y poderoso adversario, Shadow, un misterioso villano cuyos poderes no se parecen a nada de lo que nuestros héroes han conocido hasta ahora. Con sus facultades superadas en todos los sentidos, el Equipo Sonic tendrá que establecer una insólita alianza con la esperanza de detener a Shadow y proteger el planeta.",P
823219,Flow,2024-08-29,Gints Zilbalodis,,"Aventura,Animación,Familia,Fantasía",8.066,/5S4pvKFj2bT0PcFNLidnAWocsKU.jpg,"En un mundo al borde del colapso, un gato solitario pierde su hogar por una inundación y encuentra refugio en un barco con otras especies. Juntos, deberán superar diferencias y desafíos mientras navegan por un misterioso paisaje sumergido.",P
1241982,Moana 2,2024-11-21,David G. Derrick Jr.,"Auliʻi Cravalho, Dwayne Johnson, Hualālai Chung, Rose Matafeo, David Fane","Aventura,Animación,Comedia,Familia,Fantasía",6.992,/aLVkiINlIeCkcZIzb7XHzPYgO6L.jpg,"Tras recibir una inesperada llamada de sus antepasados, Vaiana debe viajar a los lejanos mares de Oceanía y adentrarse en peligrosas aguas perdidas para vivir una aventura sin precedentes.",P
13061,Your Friend the Rat,2007-11-06,Jim Capobianco,"Patton Oswalt, Peter Sohn, Lou Romano, Jim Capobianco, John Ratzenberger","Animación,Familia,Comedia",6.783,/sgjkYw2LLdsMzCuhKDZBYbhe7QB.jpg,Remy y su hermano Emile defienden por qué los humanos y las ratas deberían llevarse bien. Nos explican la relación que ha existido desde siempre entre el hombre y las ratas y aportan datos curiosos.,P
1087192,How to Train Your Dragon,2025-06-06,Dean DeBlois,"Mason Thames, Nico Parker, Gerard Butler, Nick Frost, Gabriel Howell","Fantasía,Familia,Acción,Aventura",7.933,/53dsJ3oEnBhTBVMigWJ9tkA5bzJ.jpg,"En la escarpada isla de Mema, donde vikingos y dragones han sido enemigos acérrimos durante generaciones, Hipo se desmarca desafiando siglos de tradición cuando entabla amistad con Desdentao, un temido dragón Furia Nocturna. Su insólito vínculo revela la verdadera naturaleza de los dragones y desafía los cimientos de la sociedad vikinga.",P
552524,Lilo & Stitch,2025-05-17,Dean Fleischer Camp,"Maia Kealoha, Sydney Agudong, Chris Sanders, Zach Galifianakis, Billy Magnussen","Familia,Ciencia ficción,Comedia",7.182,/ckQzKpQJO4ZQDCN5evdpKcfm7Ys.jpg,La conmovedora y divertidísima historia de una solitaria niña hawaiana y el extraterrestre fugitivo que la ayuda a reparar su desestructurada familia.,P
10020,Beauty and the Beast,1991-10-22,Gary Trousdale,"Paige O'Hara, Robby Benson, Richard White, Jerry Orbach, David Ogden Stiers","Romance,Familia,Animación,Fantasía",7.725,/hUJ0UvQ5tgE2Z9WpfuduVSdiCiU.jpg,"Una hermosa joven llamada Bella acepta alojarse en un castillo con una bestia a cambio de la libertad de su padre. La bestia es, en realidad, un príncipe encantado. Para romper el hechizo, deberá ganarse el amor de una preciosa dama antes de que caiga el último pétalo de una rosa encantada.",P
1315772,Minions & Monsters,2026-06-24,Pierre Coffin,"Pierre Coffin, Trey Parker, Christoph Waltz, Allison Janney, Jesse Eisenberg","Aventura,Animación,Comedia,Familia,Fantasía",7.555,/4LwvU9SZc8QQzW1X1FAPhNbXnEU.jpg,"Narra la historia de cómo los minions conquistaron la industria de Hollywood, se convirtieron en estrellas de cine, lo perdieron todo, desataron monstruos en el mundo y luego se unieron para intentar salvar al planeta del caos que acababan de crear.",Inc.
2062,Ratatouille,2007-06-28,Brad Bird,"Patton Oswalt, Ian Holm, Lou Romano, Brian Dennehy, Peter Sohn","Animación,Comedia,Familia,Fantasía",7.847,/t3vaWRPSf6WjDSamIkKDs1iQWna.jpg,"Remy es una simpática rata que sueña con convertirse en un gran chef francés a pesar de la oposición de su familia y del problema evidente que supone ser una rata en una profesión que detesta a los roedores. El destino lleva entonces a Remy a las alcantarillas de París, pero su situación no podría ser mejor, ya que se encuentra justo debajo de un restaurante que se ha hecho famoso gracias a Auguste Gusteau, una estrella de la cuisine. A pesar del peligro que representa ser un visitante poco común (y desde luego nada deseado) en los fogones de un exquisito restaurante francés, la pasión de Remy por la cocina pone patas arriba el mundo culinario parisino en una trepidante y emocionante aventura.",P
980477,Ne Zha 2,2025-01-29,饺子,"吕艳婷, 囧森瑟夫, 瀚墨, 陈浩, 绿绮","Animación,Acción,Fantasía,Aventura",8.176,/bTMf8M7rZ21fChGdtsZtJj4Dfqh.jpg,"Cuando los cuerpos de los dos amigos, Aobing y Nezha, están a punto de ser destruidos, se les permite que sus almas sigan existiendo. Su maestro, Taiyi Zhenren, restaura sus cuerpos con la ayuda de una flor de loto. Después de esto, Nezha parte en busca de enfrentar al Rey Dragón del Mar del Este, Ao Guang.",P
8392,My Neighbor Totoro,1988-04-16,Hayao Miyazaki,"Noriko Hidaka, 坂本千夏, 高木均, 糸井重里, Sumi Shimamoto","Fantasía,Animación,Familia",8.067,/ykeaF3Ldz1Kf6sfnOJJH4dW56F4.jpg,"Dos chicas jóvenes, Mei y Satsuki, se mudan a una nueva casa cerca del hospital en el que se encuentra su madre. En el patio junto a la casa, existe un gran árbol que es el hogar de tres Totoros, dioses de la selva. Poco después, reciben noticias desde el hospital de que su madre no puede venir a casa como había prometido, por lo que Mei (la más joven) se escapa para ir a visitarla. Satsuki tiene que recurrir a un Totoro para ayudar a encontrarla.",P
10386,The Iron Giant,1999-08-06,Brad Bird,"Jennifer Aniston, Harry Connick Jr., Vin Diesel, James Gammon, Cloris Leachman","Animación,Drama,Familia,Ciencia ficción,Aventura",8.0,/k1Cv5CHJvqGWK1xJDUJz8DojFEy.jpg,"En 1957, en la pequeña localidad de Rockwell, alguien ha visto cómo un enorme hombre metálico caía al mar. Un imaginativo niño descubre que se trata de un robot gigante, cuyo apetito de metal es insaciable. Entre ambos nace una fuerte amistad, pero el gobierno envía a un agente para investigar los hechos. El niño esconde a su nuevo compañero en la chatarrería de un amigo. Pero los habitantes del pueblo comienzan a sentirse aterrados porque creen que es una nueva amenaza en plena Guerra Fría.",P
10601,Peter Pan,2003-12-18,P.J. Hogan,"Jeremy Sumpter, Jason Isaacs, Rachel Hurd-Wood, Ludivine Sagnier, Olivia Williams","Aventura,Fantasía,Familia",7.13,/6QdU3TZZrIvXFzoHOwafZAynFjB.jpg,"Adaptación de la historia de J. M. Barrie acerca de un niño que nunca creció. Los tres niños de la familia Darling reciben una visita de Peter Pan, quien los lleva a la Tierra de Nunca Jamás, donde una guerra continua entre la pandilla de Peter y los Niños Perdidos y el malvado pirata Capitán Garfio está teniendo lugar.",P
10198,The Princess and the Frog,2009-12-08,Ron Clements,"Anika Noni Rose, Bruno Campos, Jim Cummings, Michael-Leon Wooley, Keith David","Animación,Romance,Fantasía,Familia",7.239,/yprv5PbnEksoVj2v6XEnDBg9joR.jpg,"Tiana, una muchacha de origen humilde que vive en Nueva Orleans, trabaja como camarera y cocinera para conseguir realizar el sueño que compartio con su padre, conseguir abrir su propio restaurante.Pero todo cambia cuando el Príncipe Naveen, heredero de la corona de Maldonia, llega a la ciudad. En su camino se cruza el Doctor Facilier, un brujo vudú que engaña al príncipe y lo convierte en una rana. Atrapado en su nueva forma, Naveen intentará romper el encantamiento utilizando la forma clásica de los cuentos, es decir, con el beso de una princesa. Convence a Tiana para que le bese pero, las cosas no son tan sencillas.",P
1284465,The Death of Robin Hood,2026-06-18,Michael Sarnoski,"Hugh Jackman, Jodie Comer, Bill Skarsgård, Murray Bartlett, Noah Jupe","Aventura,Drama,Acción",6.227,/13MmRwmG5NmaMfU8qNrtgGXisiD.jpg,"Robin Hood intenta lidiar con sus demonios tras una larga vida de crímenes y asesinatos. Cuando en una sangrienta batalla resulta herido de gravedad, es enviado a un misterioso castillo para que curen sus heridas. Allí conocerá a una mujer que le ofrecerá una última oportunidad de redención.",P
1084242,Zootopia 2,2025-11-26,Jared Bush,"Ginnifer Goodwin, Jason Bateman, Ke Huy Quan, Fortune Feimster, Andy Samberg","Animación,Aventura,Comedia,Misterio,Familia",7.672,/oJ7g2CifqpStmoYQyaLQgEU32qO.jpg,"Después de resolver el caso más importante en la historia de Zootrópolis, los policías novatos Judy Hopps y Nick Wilde descubren que su asociación no es tan sólida como pensaban cuando el Jefe Bogo les ordena unirse al programa de consejería ""Compañeros en Crisis"". Pero no pasa mucho tiempo para que su asociación se ponga a prueba al máximo, cuando la llegada de Gary, la serpiente, pone la ciudad patas arriba.",P
13597,Labyrinth,1986-06-27,Jim Henson,"David Bowie, Jennifer Connelly, Toby Froud, Shelley Thompson, Christopher Malcolm","Aventura,Familia,Fantasía",7.289,/pejayhTVBEL4w8YKSfrhOjjWVlH.jpg,"Sarah debe atravesar un laberinto para rescatar a su hermano pequeño, que ha sido secuestrado por los duendes y está en manos del poderoso rey Jareth. La niña descubre que ha llegado a un lugar donde las cosas no son siempre lo que parecen.",P
14160,Up,2009-05-28,Pete Docter,"Ed Asner, Christopher Plummer, Jordan Nagai, Bob Peterson, Delroy Lindo","Animación,Comedia,Familia,Aventura",7.96,/mFvoEwSfLqbcWwFsDjQebn9bzFe.jpg,"Tras atar miles de globos a su casa, Carl Fredricksen, un vendedor de globos jubilado, se embarca en el mundo de los sueños de la infancia. Pero sin que Carl lo sepa, Russell, un explorador de 8 años, se encuentra en el lugar equivocado en el momento equivocado: el porche delantero de la casa. El dúo más improbable conoce a fantásticos amigos como Dug, un perro con un collar especial que le permite hablar, y Kevin, un pájaro de cuatro metros de altura que no vuela. Atrapados en la selva, Carl se da cuenta de que a veces las mayores aventuras de la vida son las que menos esperabas.",P
1327819,Hoppers,2026-03-04,Daniel Chong,"Piper Curda, Bobby Moynihan, Jon Hamm, Kathy Najimy, Dave Franco","Aventura,Animación,Comedia,Familia,Ciencia ficción",8.15,/xjtWQ2CL1mpmMNwuU5HeS4Iuwuu.jpg,"Una amante de los animales aprovecha la oportunidad de utilizar una tecnología que coloca su conciencia en un castor robótico, descubriendo misterios dentro del mundo animal que van más allá de lo que podría haber imaginado.",P
1315772,Minions & Monsters,2026-06-24,Pierre Coffin,"Pierre Coffin, Trey Parker, Christoph Waltz, Allison Janney, Jesse Eisenberg","Aventura,Animación,Comedia,Familia,Fantasía",7.555,/4LwvU9SZc8QQzW1X1FAPhNbXnEU.jpg,"Narra la historia de cómo los minions conquistaron la industria de Hollywood, se convirtieron en estrellas de cine, lo perdieron todo, desataron monstruos en el mundo y luego se unieron para intentar salvar al planeta del caos que acababan de crear.",P
11360,Dumbo,1941-10-31,Ben Sharpsteen,"Edward Brophy, Margaret Wright, Verna Felton, Sarah Selby, Noreen Gammill","Animación,Familia",6.991,/hKDdllslMtsU9JixAv5HR9biXlp.jpg,"Las cigüeñas llegan, como todos los años, hasta un pintoresco circo para repartir los bebés a sus respectivas mamás. La señora Dumbo, una elefanta, descubre que su bebé tiene unas orejas enormes
1266705,Cornucopia,2024-04-19,Sam Fleig,"Bethany Reay, Giovanni Zecca, Erica Beth Fish, Philip Henshaw, Kyle Crist","Drama,Suspense,Comedia",0.0,/2q0TolOdr4ZKz8xb7zyzW8pIsib.jpg,,P
799766,Better Man,2024-12-06,Michael Gracey,"Robbie Williams, Jonno Davies, Steve Pemberton, Alison Steadman, Kate Mulvany","Música,Drama",7.619,/fbGCmMp0HlYnAPv28GOENPShezM.jpg,"Sigue el viaje de Robbie Williams desde la infancia, hasta convertirse en el miembro más joven de la boyband Take That, pasando por sus logros incomparables como artista solista que bate récords, mientras se enfrenta a los desafíos que pueden traer la fama y el éxito estratosféricos.",P
1428705,Eric Clapton Unplugged… Over 30 Years Later,2025-01-27,Milton Lage,"Eric Clapton, Nathan East, Steve Ferrone, Chuck Leavell, Ray Cooper","Documental,Música",6.333,/tzV2lNGRECDPu1oUlocBB5y5KlH.jpg,"Revive el mítico 'MTV Unplugged' de Eric Clapton como nunca antes. Esta icónica actuación, grabada en su momento, llega ahora remasterizada para disfrutar de su magia y los éxitos que la hicieron inolvidable. Una experiencia musical imprescindible.",P
1574,Chicago,2002-12-10,Rob Marshall,"Renée Zellweger, Catherine Zeta-Jones, Richard Gere, Queen Latifah, John C. Reilly","Comedia,Crimen,Drama",7.131,/3ED8cWCXY9zkx77Sd0N5qMbsdDP.jpg,"La promesa de oportunidades que ofrece Chicago en 1929 deslumbra a Roxie, una inocente y extrovertida chica que sueña con cantar y bailar para salir de su vida gris. Su ilusión es seguir los pasos de oro de Velma, su admirada cantante de vodevil.",P
18942,Nirvana: Unplugged In New York,1993-12-16,Beth McCarthy-Miller,"Kurt Cobain, Krist Novoselic, Dave Grohl, Pat Smear, Lori Goldston","Música,Documental",8.637,/zLoCBBTdPvGIpZc86wby9dMq3Cz.jpg,"MTV Unplugged in New York es un álbum en directo de la banda estadounidense Nirvana. Presenta una presentación acústica grabada en los Sony Music Studios de la ciudad de Nueva York el 18 de noviembre de 1993 para la serie de televisión MTV Unplugged. A diferencia de la práctica tradicional en la serie televisiva, Nirvana interpretó un setlist compuesto principalmente por material menos conocido y versiones de portada de canciones.",P
12104,Pink Floyd: The Wall,1982-07-14,Alan Parker,"Bob Geldof, Christine Hargreaves, James Laurenson, Eleanor David, Kevin McKeon","Música,Drama",7.954,/aElHyIdF5jmctFGhlhhaPFsbBJC.jpg,"Película visualmente evocativa, basada en la música del disco homónimo y las visiones del grupo de rock psicodélico ""Pink Floyd"". Narra la vida de una estrella de rock ficticia: ""Pink"". Una mezcla de relaciones humanas, abuso de drogas, sexo, infancia, la Segunda Guerra Mundial y fascismo se combinan en un relato que alterna cine en vivo  con animación creada por el caricaturista británico Gerald Scarfe.",P
1327872,Frozen: The Hit Broadway Musical,2025-06-20,Michael Grandage,"Laura Dawkes, Samantha Barks, Jammy Kasongo, Craig Gallivan, Oliver Ormson","Fantasía,Familia,Aventura",7.735,/qrRlxuVP6vOHYXPnL4u4FA1q9lq.jpg,"La joven princesa Anna de Arendelle sueña con encontrar el amor verdadero en la coronación de su hermana Elsa. El destino la lleva a un peligroso viaje en un intento de poner fin al eterno invierno que ha caído sobre el reino. La acompañan el repartidor de hielo Kristoff, su reno Sven y el muñeco de nieve Olaf. En una aventura en la que descubrirá lo que realmente significa la amistad, el coraje, la familia y el amor verdadero.",P
824,Moulin Rouge!,2001-05-18,Baz Luhrmann,"Ewan McGregor, Nicole Kidman, John Leguizamo, Jim Broadbent, Richard Roxburgh","Drama,Romance,Música",7.518,/2kjM5CUZRIU5yOANUowrbJcRL9L.jpg,"París, alrededor de 1900. El mundo ha sido conquistado por la revolución de Bohemia. Satine, la estrella más rutilante del Moulin Rouge, encandila a toda la ciudad con sus bailes llenos de sensualidad y su enorme belleza. Atrapada entre el amor de Christian, un joven escritor, y la obsesión del duque, lucha por hacer realidad su sueño de convertirse en actriz. Pero, en un mundo en el que vale todo excepto enamorarse, nada es fácil.",P
5967,The Umbrellas of Cherbourg,1964-02-19,Jacques Demy,"Catherine Deneuve, Nino Castelnuovo, Anne Vernon, Mireille Perrey, Marc Michel","Drama,Romance",7.386,/waO5vjvdtqIB7grBQg7NEGGTiuy.jpg,"Geneviève es una joven que vive con su madre y le ayuda en la tienda de paraguas que tienen en Cherburgo. Está enamorada de Guy, un joven mecánico, con el que piensa casarse a pesar de la oposición de su madre, que considera a Geneviève demasiado joven y a Guy demasiado pobre. Para pagar una deuda, la madre se ve obligada a vender un collar a un rico joyero que se enamora de Geneviève desde el primer momento. Mientras tanto, Guy tendrá que ausentarse dos años para ir a Argelia a hacer el servicio militar.",P
24970,Pink Floyd: Pulse,1995-06-06,David Mallet,"David Gilmour, Nick Mason, Richard Wright, Sam Brown, Jon Carin",Música,8.4,/dqzKvqsKkuymk6KBLGomgNgG5uS.jpg,"Pulse recoge un concierto de Pink Floyd, la gran banda de rock progresivo psicodélico de los 70, realizado el 20 de Octubre de 1994 al final de su gira mundial ""The Division Bell"" en el Earls Court de Londres. Con renovados brios, alucinantes efectos especiales y de iluminación Pink Floyd ofrece un espectáculo inigualable en este extenso concierto, donde interpreta 22 de sus más grandes clásicos, incluyendo ""Wish You were Here"" y el álbum completo ""The Dark Side of The Moon"".",P
43350,Lili,1953-03-10,Charles Walters,"Leslie Caron, Mel Ferrer, Jean-Pierre Aumont, Zsa Zsa Gabor, Kurt Kasznar","Romance,Drama,Música",6.746,/3vcaVT09imU0XlxClUlgMAYMexu.jpg,"Lilí es una joven francesa huérfana e ingenua, sin hogar ni recursos, que se enamora de un prestidigitador al que conoce en una función circense. Se queda a vivir en el circo, donde trabaja con un ventrílocuo lisiado que se enamora de ella. Los mejores amigos de Lilí son los títeres, a los que confía sus apasionados sentimientos hacia el mago, aunque su amor no es correspondido.",P
16,Dancer in the Dark,2000-09-01,Lars von Trier,"Björk, Catherine Deneuve, David Morse, Peter Stormare, Joel Grey","Drama,Crimen",7.837,/pWzOfTJRZHPNO1VNrMnNFqRcJwg.jpg,La película se desarrolla en Estados Unidos en el año 1964. Selma (Björk) es una inmigrante checa que se muda a aquel país con su hijo Gene. Además padece una enfermedad hereditaria degenerativa que le está ocasionando una rápida ceguera progresiva. Por este motivo Selma ahorra centavo a centavo en una lata que guarda en su cocina para pagar una operación que evite que su hijo sufra el mismo destino.,P
1101383,The End of Oak Street,2026-08-12,David Robert Mitchell,"Anne Hathaway, Ewan McGregor, Maisy Stella, Christian Convery, Jordan Alexa Davis","Ciencia ficción,Misterio,Suspense",7.003,/fYXqpgPmHMphSF2W30GbTeJVIa5.jpg,"Después de que un misterioso fenómeno cósmico arranque Oak Street de su entorno suburbano y transporte a sus habitantes a un lugar desconocido, la familia Platt pronto descubre que su propia supervivencia depende de que permanezcan unidos mientras se orientan en un entorno que ya no reconocen.",P
60966,My Sister Eileen,1955-09-22,Richard Quine,"Janet Leigh, Jack Lemmon, Betty Garrett, Bob Fosse, Kurt Kasznar","Comedia,Romance,Música",6.621,/ihJqUHuY9ypnWjXfzrPEAIYvK0T.jpg,"Ruth y su guapa hermana Eileen llegan al Greenwich Village de Nueva York buscando fama, fortuna y un apartamento para alquilar. Encuentran el apartamento, pero la fama y la fortuna son mucho más esquivas. Ruth consigue la atención de un editor, el playboy Bob Baker, cuando le envía una historia sobre su maravillosa hermana Eileen. Intentará mantener su atención convenciéndolo de que su hermana y ella son la misma persona.",P
1634837,Metallica: Live Shit - Binge & Purge,,,"James Hetfield, Lars Ulrich, Kirk Hammett, Jason Newsted",,0.0,/NBUhpMeZspA18YQAnnfifcAW1n.jpg,,Seattle
22258,Foo Fighters: Live At Wembley Stadium,2008-06-24,Nick Wickham,"Dave Grohl, Nate Mendel, Chris Shiflett, Taylor Hawkins, Pat Smear",Música,8.2,/eRpGDqyX9DpUT6SjT6udnpz7wYj.jpg,"01. The Pretender 02. Times Like These 03. No Way Back 04. Cheer Up, Boys (Your Make Up Is Running) 05. Learn To Fly 06. Long Road To Ruin 07. Breakout 08. Stacked Actors 09. Skin And Bones 10. Marigold 11. My Hero 12. Cold Day In The Sun 13. Everlong 14. Monkey Wrench 15. All My Life 16. Rock And Roll 17. Ramble On 18. Best Of You",P
34038,Magical Mystery Tour,1967-12-25,Ringo Starr,"John Lennon, Paul McCartney, George Harrison, Ringo Starr, Vivian Stanshall","Música,Comedia,Fantasía,Película de TV",6.57,/uJSqSXCeK407l7t4zTXaYSJH0gL.jpg,"El argumento gira alrededor de un lugar en el cielo más allá de las nubes, donde viven 4 ó 5 magos que por medio de fantásticos encantamientos convierten un ordinario viaje en autocar en el Magical Mystery Tour.",P
435011,Hans Zimmer: Live in Prague,2017-10-01,Tim Van Someren,"Hans Zimmer, Johnny Marr, Tina Guo, Guthrie Govan, Mike Einziger",Música,8.564,/hHs54DFWuXJqh1XmYZVDsiiVHS8.jpg,"Este concierto fue filmado el 7 de mayo de 2016 en Praga durante su gran gira europea. Hans Zimmer estuvo acompañado por una banda, una orquesta y un coro, con un total de 72 músicos, incluido el guitarrista Johnny Marr. La puesta en escena es espectacular, con un espectáculo de luces creando efectos visuales sorprendentes. Hans Zimmer toca múltiples instrumentos, y regularmente trae sus comentarios informados para presentar títulos. Un regalo para los amantes de la música y grandes películas.",P
62941,The Doors: Live at the Bowl '68,2012-10-22,Ray Manzarek,"Jim Morrison, Robby Krieger, Ray Manzarek, John Densmore","Música,Documental",7.4,/eNGmMOnEcteUWFZiSDviQGhGVhS.jpg,"Un video de concierto que captura a la legendaria banda de rock 'n' roll The Doors en el apogeo del poder del grupo. Filmado en vivo en el Hollywood Bowl en el verano de 1968, Jim Morrison y la banda interpretan una versión extendida de ""Light My Fire"", más diez de sus otras canciones más amorosas, llevando a una audiencia de pie en un viaje auditivo de mundos místicos. y experiencias psicodélicas.",P
1439338,Distant Sky,2022-08-01,Dan Moss,Nowras Tharb,,0.0,,,
514826,Distant Sky,2018-04-12,David Barnard,"Nick Cave, Warren Ellis, Thomas Wydler, Martyn Casey, Jim Sclavunos","Documental,Música",7.964,/8Pg4AbtZ9LR6c0NYwMBJ2b71X9m.jpg,"Nick Cave vuelve al escenario en su primer show en tres años para presentar ""Skeleton Tree's"", el álbum que Nick Cave & The Bad Seeds grabaron tras la trágica muerte por accidente del hijo de Cave. Frente a 18.000 personas, en el Royal Arena de Copenhagen, Cave va desgranando los temas de un disco que la crítica definió como ""sorprendente, oscuro pero lleno de belleza y empatía"" (The Guardian). Fue grabado en octubre de 2017 y producido por Nick Cave y Warren Ellis en Abbey Road Studios.","P"""
28288,The Gay Divorcee,1934-10-12,Mark Sandrich,"Fred Astaire, Ginger Rogers, Alice Brady, Edward Everett Horton, Erik Rhodes","Comedia,Romance",6.887,/xD6oUOAa0Q6PppaOnY6dy6sWPLG.jpg,"Musical de la RKO que tuvo un gran éxito de público, además de ser nominada al Oscar a la mejor película. Guy Holden, un célebre bailarín americano, está de viaje por Europa en compañía de su amigo y abogado Egbert. Camino de Inglaterra, un incidente en la aduana francesa le hace conocer a Mimi Glossop, que viaja con su tía. En Londres vuelve a tener un encuentro casual con ella. Guy queda profundamente enamorado de Mimi, sin saber que se trata de una mujer casada, en proceso de divorcio, cuyos trámites está llevando el propio Egbert. Guy, Egbert, Mimi y su tía volverán a coincidir en un hotel de la costa en el que se van a producir una serie de equívocos.",P
416766,Bob Marley: Uprising Live!,1980-06-13,Christian Wagner,"Bob Marley, Aston Barrett, Carlton Barrett, Tyrone Downie, Alvin Patterson",Música,8.0,/6N0t1NfrFCh7XDjO69XzI85JliC.jpg,,P
88496,"Liza with a ""Z""",1972-09-10,Bob Fosse,"Liza Minnelli, Ann Reinking, Gwen Verdon, Lorna Luft, Kay Thompson","Música,Película de TV,Documental",7.6,/zatZeSijq2NSBD9sXkJB6BS56Zz.jpg,,P
29380,Easter Parade,1948-07-08,Charles Walters,"Judy Garland, Fred Astaire, Peter Lawford, Ann Miller, Jules Munshin","Romance,Música",7.041,/aLgvafQvb6D6at4khC0b7kn0h8f.jpg,Un bailarín decide sustituir a su habitual pareja profesional por la primera bailarina que encuentre. El azar hace que se cruce en su camino una gran bailarina por la que se sentirá inmediatamente atraído.,P
668800,David Byrne's American Utopia,2020-09-10,Spike Lee,"David Byrne, Chris Giarmo, Tendayi Kuumba, Mauro Refosco, Karl Mansfield","Música,Documental",7.528,/sHVeVCNhlY2asvoGsSMP5HOLbCI.jpg,"Una versión filmada del espectáculo de Broadway de David Byrne, una celebración musical unificadora que inspira al público a conectarse entre sí y con la comunidad global",P
43340,Young at Heart,1954-12-01,Gordon Douglas,"Doris Day, Frank Sinatra, Gig Young, Ethel Barrymore, Dorothy Malone","Romance,Drama,Música",6.033,/t4n74mKJAfx1ln1CTGSa9vxS1z6.jpg,"La familia Tuttle está compuesta por el padre viudo, profesor de música, sus tres preciosas y casaderas hijas Laurie, Amy y Fran, y la sensata y parca en palabras tía Jessie. La llegada del prometedor compositor Alex al hogar de los Tuttle es como un huracán, pues el tipo es tan encantador que es capaz de enamorar a las tres chicas. De todos modos, Laurie (Doris Day) parece que es la que más papeletas tiene para ganar el 'premio' Alex, pues Amy está prometida con Bob, y Fran es pretendida por un simpático fontanera. Pero las tornas cambian cuando aparece en escena Barney (Frank Sinatra), música amigo de Alex, y cenizo por antonomasia. Su pose de perdedor nato conduce a Laurie a hacer todo lo posible para que recupere, si alguna vez la tuvo, la alegría de vivir.",P
1516744,Shall we Dance?,2014-02-09,小柳奈穂子,"壮一帆, 愛加あゆ, 早霧せいな, 梨花ますみ, 彩凪翔",,8.0,/35RcQROpMxktGxBlOQqOmNKVfxM.jpg,,P
1765072,You Can See Everything,2026-10-16,Nathan Fielder,"Elizabeth Holmes, Nathan Fielder, Billy Evans, Amanda Seyfried, Christopher Abbott",Documental,0.0,/qhFWz1BsEMg5rcs6TAstmGQggMT.jpg,,P
31516,On the Town,1949-12-08,Gene Kelly,"Gene Kelly, Frank Sinatra, Betty Garrett, Ann Miller, Jules Munshin","Comedia,Romance",6.992,/lEU8QQmIayAtPZrCDf2czQgTjQ1.jpg,"Tres marineros que gozan de un permiso de veinticuatro horas en New York aprovechan para conocer la ciudad y arreglar algunos asuntos pendientes. También quieren divertirse, y conocen a tres chicas que les hacen perder la cabeza.",P
42632,Monterey Pop,1968-12-26,D. A. Pennebaker,"Scott McKenzie, Denny Doherty, Cass Elliot, John Phillips, Michelle Phillips","Música,Documental",7.362,/wEB3c5Y5spAHOQaFWcsfFky3SWb.jpg,"Este documental muestra los mejores momentos del famoso festival californiano en 1967, incluyendo artistas como Mamas And The Papas, Simon & Garfunkel, Jefferson Airplane, The Who, Otis Redding o Jimi Hendrix Experience.",P
1306400,Merrily We Roll Along,2025-12-04,Maria Friedman,"Jonathan Groff, Lindsay Mendez, Daniel Radcliffe, Krystal Joy Brown, Reg Rogers","Comedia,Música",6.86,/8h3uNPMdQKr7ffwAjU0aURFqIK.jpg,,P
501350,The Doors: Live at the Isle of Wight Festival 1970,2018-02-23,John Albarian,"Jim Morrison, Ray Manzarek, John Densmore, Robby Krieger","Música,Documental",7.65,/14Q2qTbYkU1aSnt8bERzJxYUnR2.jpg,,P
756,Fantasia,1940-11-13,Samuel Armstrong,"Deems Taylor, Walt Disney, Julietta Novis, Leopold Stokowski","Animación,Familia,Fantasía",7.346,/5m9njnidjR0syG2gpVPVgcEMB2X.jpg,"Una colección de interpretaciones animadas de grandes obras de música clásica. En 'El Aprendiz de Brujo' (P. Dukas), Mickey Mouse, discípulo de un mago, se mete en un gran embrollo, pues sus conocimientos de magia son muy limitados. 'La Consagración de la Primavera' (Stravinsky) cuenta la historia de la evolución, desde los seres unicelulares hasta la extinción de los dinosaurios. 'La Danza de las Horas' (Ponchielli) es un fragmento de un ballet cómico interpretado por elefantes, hipopótamos, cocodrilos y avestruces. 'Una Noche en el Monte Pelado' de Mussorgsky y el 'Ave Maria' de Schubert describen el enfrentamiento entre la oscuridad y la luz.",P
37738,Cream: Royal Albert Hall,2005-10-06,Martyn Atkins,"Jack Bruce, Ginger Baker, Eric Clapton",Música,8.1,/m1eftlWtfaCfI8vaTfdMEPMNObf.jpg,"Fueron cuatro noches muy exitosas en el Royal Albert Hall, Londres (Reino Unido) en mayo de 2005. Fue anunciado como el espectáculo que debe verse en esta década: CREAM - que consta de Ginger Baker, Jack Bruce y Eric Clapton - se unieron por primera vez en muchos años de separación.",P
458423,Mamma Mia! Here We Go Again,2018-07-18,Ol Parker,"Amanda Seyfried, Lily James, Pierce Brosnan, Colin Firth, Stellan Skarsgård","Comedia,Romance",7.071,/aWicerX4Y7n7tUwRAVHsVcBBpj2.jpg,"""Mamma mia: Una y otra vez"" nos lleva de viaje al verano donde comenzó todo. Desde su vida en el presente, los protagonistas de ""Mamma mia!"" nos cuentan los hechos acontecidos el mágico verano en el que comenzó esta historia de los tres posibles padres de Sophie.",P
691970,Paul Simon's Concert in the Park,1991-08-15,Louis J. Horvitz,"Paul Simon, Chris Botti, Michael Brecker, Tony Cedras, Steve Gadd",Música,7.0,/g3eGAqeITysMAhYwDnBFwr5qNOl.jpg,,P
59964,Cabin in the Sky,1943-03-24,Vincente Minnelli,"Ethel Waters, Eddie 'Rochester' Anderson, Lena Horne, Louis Armstrong, Rex Ingram","Música,Fantasía,Comedia",6.471,/6MSTz2fS8P7ufuCXIHBFpjqW9tr.jpg,"Joe es un jugador profesional que se debate entre dos amores. En el suburbio en el que reside vive una bella mujer por la que se siente tentado. Mientras, su mujer sufre en silencio una existencia llena de desengaños.",P
465611,National Theatre Live: Follies,2017-11-16,Tim Van Someren,"Imelda Staunton, Peter Forbes, Janie Dee, Philip Quast, Tracie Bennett","Música,Comedia,Drama",8.0,/o9vUrtHbm8JcH8XxSiAlBMncNLu.jpg,,P
10654,Hair,1979-03-15,Miloš Forman,"John Savage, Treat Williams, Beverly D'Angelo, Annie Golden, Dorsey Wright","Música,Drama,Comedia",7.259,/z0ctToyPWCB2RgIkMpD6RhRKAeH.jpg,Claude Hooper Bukowsky es un campesino que llega a Nueva York para hacer la instrucción militar antes de ir a luchar en Vietnam. En la ciudad descubre un mundo nuevo: miles de jóvenes se oponen a la guerra y defienden el amor libre. Pronto será admitido en un grupo hippie. Adaptación del famoso musical de Broadway de 1968.,P
80146,The Last Couplet,1957-05-06,Juan de Orduña,"Sara Montiel, Armando Calvo, Enrique Vera, Julia Martínez, Matilde Muñoz Sampedro","Drama,Música",5.8,/pQFXoHYAeVJ8HbWdq9XZz8u4D66.jpg,"María Luján, una cupletista en decadencia, recuerda su intensa vida mientras habla con Juan Contreras, viejo admirador y primer empresario que creyó en ella: sus comienzos como corista, su triunfo en España, París e Hispanoamérica en los años 20, los diferentes hombres de su vida, sus devaneos por las salas de juego francesas y, finalmente, su regreso a España, ya enferma, tras la Segunda Guerra Mundial (1939-1945) para trabajar en El Molino, un cabaret de Barcelona.",P
379034,The Save the Children Fund Film,1971-01-01,Ken Loach,Alan Dobie,Documental,7.0,/pqwvTdbMn681rO18btIfNZjRd1L.jpg,,P
1266127,Ready or Not: Here I Come,2026-03-19,Matt Bettinelli-Olpin,"Samara Weaving, Kathryn Newton, Sarah Michelle Gellar, Shawn Hatosy, Nestor Carbonell","Terror,Comedia",7.553,/13ZcJzSGEqVgDSqsS9U5EkQwPkV.jpg,"Momentos después de sobrevivir a un ataque de la familia Le Domas, Grace descubre que ha alcanzado el siguiente nivel del juego, y esta vez acompañada por su hermana Faith, con quien mantiene una relación distante. Grace tiene una oportunidad para sobrevivir, mantener con vida a su hermana y reclamar el Alto Trono del Consejo que controla el mundo. Cuatro familias rivales la persiguen para hacerse con el trono, y quien gane lo gobernará todo.",P
814,An American Werewolf in London,1981-08-21,John Landis,"David Naughton, Griffin Dunne, Jenny Agutter, John Woodvine, Don McKillop","Comedia,Terror,Fantasía",7.387,/hVEqUASJmCQaolkKFEySCHZ8uKG.jpg,"Dos mochileros norteamericanos, David Kessler y Jack están de viaje por Europa. Caminando por una zona rural de Inglaterra, la población local los mira mal cuando entran en un bar. Al salir, reciben todo tipo de extrañas advertencias: 'Manténganse en la carretera y aléjense de los pantanos' y 'Cuidado con la luna'. Aun así, los jóvenes se adentran en la oscuridad y no se dan cuenta que están siendo seguidos por una terrible criatura.",P
1304313,Lee Cronin's The Mummy,2026-04-15,Lee Cronin,"Jack Reynor, Laia Costa, May Calamawy, Natalie Grace, Shylo Molina","Terror,Misterio",7.868,/1q308iixueCU4pFtSYugNOevtNx.jpg,"Nueva versión del clásico 'La momia'. La joven hija de un periodista desaparece en el desierto sin dejar rastro. Ocho años más tarde, la familia rota se conmociona cuando ella es devuelta a ellos, y lo que debiera haber sido una reunión jubilosa se convierte en una auténtica pesadilla.",P
34374,Murder by Decree,1979-02-01,Bob Clark,"Christopher Plummer, James Mason, David Hemmings, Susan Clark, Anthony Quayle","Crimen,Misterio,Suspense",6.346,/vjuO0XKak8v3uUdNjWr5sNIlJ4b.jpg,"Londres, 1888. En el barrio de Whitechapel se producen una serie de violentos y sanguinarios crímenes que tienen algo en común: las víctimas son siempre prostitutas asesinadas en oscuros callejones. El asesino será pronto conocido con el nombre de Jack el Destripador. En Baker Street, Sherlock Holmes y su ayudante el Doctor Watson empiezan a investigar por su cuenta los horribles crímenes que tienen aterrorizada a la ciudad. A pesar de que el jefe de Scotland Yard preferiría no hacerlo, no tiene más remedio que pedirles ayuda para resolver el caso. A medida que pasa el tiempo, el asesino ataca también a personas de la alta sociedad, y se descubre una misteriosa conspiración en la que participan masones y miembros de la familia real.",K
49431,My Gun Is Quick,1957-08-01,George White,"Robert Bray, Whitney Blake, Donald Randolph, Richard Garland, Fred Essler","Crimen,Misterio,Suspense",5.519,/cCQdKbboMpKbQK42bulgaOsif9c.jpg,"Mike Hammer ayuda a una prostituta que ha sido atacada, dándose cuenta que lleva un anillo muy valioso. Ese será el puntal para descubrir una red de tráfico de diamantes.",N
597208,Nightmare Alley,2021-12-02,Guillermo del Toro,"Bradley Cooper, Cate Blanchett, Toni Collette, Willem Dafoe, Richard Jenkins","Crimen,Drama,Suspense",6.94,/vfn1feL0V9HNSXuLLpaxAW8O6LO.jpg,"Un buscavidas se compincha con una pitonisa para engañar a la gente y conseguir dinero... Remake del film ""El callejón de las almas perdidas"" (Nightmare Alley) de 1947.",J
597208,Nightmare Alley,2021-12-02,Guillermo del Toro,"Bradley Cooper, Cate Blanchett, Toni Collette, Willem Dafoe, Richard Jenkins","Crimen,Drama,Suspense",6.94,/vfn1feL0V9HNSXuLLpaxAW8O6LO.jpg,"Un buscavidas se compincha con una pitonisa para engañar a la gente y conseguir dinero... Remake del film ""El callejón de las almas perdidas"" (Nightmare Alley) de 1947.",J
6977,No Country for Old Men,2007-11-09,Joel Coen,"Javier Bardem, Tommy Lee Jones, Josh Brolin, Woody Harrelson, Kelly Macdonald","Crimen,Suspense,Western",7.95,/6d5XOczc226jECq0LIX0siKtgHR.jpg,"El veterano de la Guerra de Vietnam ahora cazador Llewellyn Moss descubre por casualidad una sangrienta escena en algún lugar de la frontera entre Texas y México, mientras estaba cazando algunos animales en el árido paisaje. Se trata de un negocio que se cerró mal entre contrabandistas de drogas y algunos hombres locales de la zona, provocando la muerte de varios de ellos. Además de los cuerpos y paquetes de heroína, Llewellyn descubre en una maleta algo más de dos millones de dólares. Cuando Llewellyn toma la maleta con el dinero, provoca una reacción en cadena de catastrófica violencia y una carrera sangrienta de los que quieren darle caza.",J
649409,No Sudden Move,2021-06-24,Steven Soderbergh,"Don Cheadle, Benicio del Toro, David Harbour, Jon Hamm, Ray Liotta","Crimen,Suspense",6.372,/kARdPEc4b32GQlHmJXMhGOCplEA.jpg,"Detroit, año 1954. Unos delincuentes de poca monta son contratados para robar lo que ellos creen que es un simple documento y será un trabajo fácil. Cuando su plan no sale como ellos esperaban, emprenden la búsqueda de quien los contrató y del propósito real para el que fueron contratados.",J
14637,Nothing But the Truth,2008-12-19,Rod Lurie,"Kate Beckinsale, Matt Dillon, Angela Bassett, Alan Alda, Vera Farmiga","Drama,Suspense",6.93,/ueJXKG3PFoDPEhcKtIjP52fCRQ5.jpg,"En Washington, una periodista se enfrenta a una pena de cárcel por desvelar el nombre de un agente de la CIA y ocultar sus fuentes de información. Basada en el caso real de Judith Miller, periodista del New York Times que pasó 85 días en prisión por negarse a revelar sus fuentes. Preestrenada en el Festival de Toronto, por problemas económicos de la distribuidora no llegó a estrenarse en cines, pasando directamente en primavera del 2009 al mercado de DVD.",H
75656,Now You See Me,2013-05-29,Louis Leterrier,"Jesse Eisenberg, Woody Harrelson, Isla Fisher, Dave Franco, Mark Ruffalo","Suspense,Crimen",7.324,/tWsNYbrqy1p1w6K9zRk0mSchztT.jpg,"Un equipo del FBI debe enfrentarse a una banda de criminales expertos en magia. Ellos son 'los cuatro jinetes', un grupo formado por los mejores ilusionistas del mundo, dedicado a realizar grandes robos contra hombres de negocios corruptos. Su gran golpe es pasar desapercibidos para hacer llover el dinero robado a su público. En un mundo de magia y espectáculo, nada es lo que parece.",G
291805,Now You See Me 2,2016-06-02,Jon M. Chu,"Jesse Eisenberg, Mark Ruffalo, Woody Harrelson, Dave Franco, Daniel Radcliffe","Crimen,Suspense",6.822,/A81kDB6a1K86YLlcOtZB27jriJh.jpg,"Un año después de despistar al FBI y conseguir la admiración del público con sus espectáculos mentales, los cuatro jinetes vuelven a la luz pública, pero un nuevo enemigo se propone arruinar su golpe más espectacular y peligroso hasta la fecha.",K
18079,Nine Queens,2000-08-31,Fabián Bielinsky,"Ricardo Darín, Gastón Pauls, Leticia Brédice, Gabo Correa, Pochi Ducasse","Crimen,Suspense,Drama",7.789,/v8l85vxFe9J1uEvK9qyIMBlYJNv.jpg,"Buenos Aires. Juan y Marcos son dos estafadores que están a punto de dar el golpe de sus vidas, el que puede convertirles, al fin, en millonarios. Sólo disponen de 24 horas, pero si lo planifican todo al detalle, nada puede salir mal... o eso creen.",N
18079,Nine Queens,2000-08-31,Fabián Bielinsky,"Ricardo Darín, Gastón Pauls, Leticia Brédice, Gabo Correa, Pochi Ducasse","Crimen,Suspense,Drama",7.789,/v8l85vxFe9J1uEvK9qyIMBlYJNv.jpg,"Buenos Aires. Juan y Marcos son dos estafadores que están a punto de dar el golpe de sus vidas, el que puede convertirles, al fin, en millonarios. Sólo disponen de 24 horas, pero si lo planifican todo al detalle, nada puede salir mal... o eso creen.",P
18079,Nine Queens,2000-08-31,Fabián Bielinsky,"Ricardo Darín, Gastón Pauls, Leticia Brédice, Gabo Correa, Pochi Ducasse","Crimen,Suspense,Drama",7.789,/v8l85vxFe9J1uEvK9qyIMBlYJNv.jpg,"Buenos Aires. Juan y Marcos son dos estafadores que están a punto de dar el golpe de sus vidas, el que puede convertirles, al fin, en millonarios. Sólo disponen de 24 horas, pero si lo planifican todo al detalle, nada puede salir mal... o eso creen.",N
575446,New Order,2020-10-22,Michel Franco,"Naian González Norvind, Fernando Cuautle, Diego Boneta, Dario Yazbek Bernal, Mónica del Carmen","Drama,Suspense",6.441,/5euF3yoW4fGXfqcyeh0JlWqrAZ2.jpg,"En un futuro cercano, un levantamiento popular en la Ciudad de México interrumpe una boda celebrada en la casa de una familia adinerada. Una vez sofocados los disturbios, descubren que la novia ha desaparecido y ruegan a los militares que los ayuden a localizarla.",J
43461,Odd Man Out,1947-01-30,Carol Reed,"James Mason, Robert Newton, Cyril Cusack, F.J. McCormick, Kathleen Ryan","Crimen,Drama,Suspense",7.273,/zfNkremz9WlWK5gIaqqFwElc7rz.jpg,"Irlanda, principios del siglo XX. Johnny McQueen es uno de los militantes más importantes del Sinn Fein, el brazo político del IRA (1905), cuyo objetivo es la independencia de Irlanda. La necesidad de conseguir fondos para financiar la lucha armada lo lleva a elaborar un plan para atracar un banco.",G
393624,Official Secrets,2019-08-30,Gavin Hood,"Keira Knightley, Matt Smith, Ralph Fiennes, Adam Bakri, Matthew Goode","Suspense,Historia,Drama",7.224,/lyCGqSkT3PqLYQXiWs4FCVJBAYW.jpg,"Katharine Gun (Knightley) es una denunciante del Servicio de Inteligencia Británica que, justo después de que se anunciase la invasión de Iraq en 2003, filtró un documento secreto de la NSA. En él se especificaba una misión de espionaje cooperativa entre Estados Unidos y Reino Unido para investigar a los miembros del Consejo de Seguridad de las Naciones Unidas.",K
631843,Old,2021-07-21,M. Night Shyamalan,"Gael García Bernal, Vicky Krieps, Rufus Sewell, Alex Wolff, Thomasin McKenzie","Suspense,Misterio,Terror",6.316,/vclShucpUmPhdAOmKgf3B3Z4POD.jpg,"Thriller sobre una familia que, estando de vacaciones en un paraíso tropical, descubre que la recóndita playa elegida para relajarse unas horas está haciéndoles envejecer rápidamente... reduciendo toda su vida a un único día.",J
466272,Once Upon a Time... in Hollywood,2019-07-24,Quentin Tarantino,"Leonardo DiCaprio, Brad Pitt, Margot Robbie, Emile Hirsch, Margaret Qualley","Comedia,Drama,Suspense",7.4,/8j58iEBw9pOXFD2L0nt0ZXeHviB.jpg,"Los Angeles, 1969. La estrella de televisión Rick Dalton, un actor en horas bajas especializado en westerns, y el doble de acción Cliff Booth, su mejor amigo, tratan de sobrevivir a una industria cinematográfica en constante cambio. Dalton es vecino de la joven y prometedora actriz y modelo Sharon Tate, que acaba de casarse con el prestigioso director polaco Roman Polanski…",N K
493551,Operation Finale,2018-08-29,Chris Weitz,"Oscar Isaac, Ben Kingsley, Mélanie Laurent, Peter Strauss, Nick Kroll","Drama,Historia,Suspense",6.671,/oj60k0DMZrCN6Taad4XOjFivyrW.jpg,"15 años después de la Segunda Guerra Mundial, un equipo de agentes secretos se reúne para rastrear a Adolf Eichmann, el infame arquitecto nazi del Holocausto, que había escapado de la justicia tras la guerra.",K
661231,Operation Mincemeat,2022-04-01,John Madden,"Colin Firth, Matthew Macfadyen, Kelly Macdonald, Penelope Wilton, Johnny Flynn","Bélica,Historia,Drama",6.509,/tfdfh1mK24VujxT5z11732asxdR.jpg,"Año 1943, en plena II Guerra Mundial. Las fuerzas aliadas están decididas a lanzar un asalto definitivo en Europa. Pero se enfrentan un desafío importante: proteger durante la invasión a sus tropas de la potencia de fuego alemana, y así evitar una posible masacre. Dos brillantes oficiales de inteligencia, Ewen Montagu (Firth) y Charles Cholmondeley, son los encargados de establecer la estrategia de desinformación más inspirada e improbable de la guerra... Una historia inspirada en hechos reales basada en un 'bestseller' de Ben Macintyre.",M
438396,Unknown Origins,2020-08-28,David Galán Galindo,"Javier Rey, Verónica Echegui, Brays Efe, Antonio Resines, Álex García","Drama,Suspense",6.23,/9NkIvN0A602Y4Ewa2h2dHSl8n9A.jpg,"En Madrid, España, un misterioso asesino en serie mata cruelmente a sus víctimas recreando la primera aparición de varios superhéroes de cómic. Cosme, un veterano inspector de policía que está a punto de retirarse, trabaja en el caso con el atormentado inspector David Valentín y su propio hijo Jorge Elías, un joven friki que posee una tienda de cómics.",M
164457,Out of the Furnace,2013-11-12,Scott Cooper,"Christian Bale, Zoe Saldaña, Woody Harrelson, Sam Shepard, Willem Dafoe","Suspense,Drama,Crimen",6.559,/cOuQQ4eRpSBxb0G9OXzWE1pHPeq.jpg,"Russell Baze (Christian Bale) y su hermano menor Rodney (Casey Affleck) viven en el Rust Belt, una zona de los Estados Unidos con el índice de paro más alto del país debido a la desindustrialización. Russell trabaja en una acería a punto de cerrar, mientras que Rodney acaba de regresar de Iraq donde sirvió en el ejército. Ambos sueñan con marcharse para encontrar una vida mejor. Sin embargo, un cruel giro del destino hace que Russell ingrese en prisión y que su hermano se una a una violenta banda criminal.",G
2112,Payback,1999-02-05,Brian Helgeland,"Mel Gibson, Gregg Henry, Maria Bello, David Paymer, Bill Duke","Acción,Drama,Crimen,Suspense",6.835,/8Bqlv2kbOyZFqfiPNgzdBscqYPn.jpg,"Porter (Mel Gibson), su mujer (Deborah Kara Unger) y su amigo Val (Gregg Henry) han cometido un atraco con gran facilidad y se han apoderado de ciento cuarenta mil dólares, aunque lo complicado va a ser repartir el botín. Y es que Val lo quiere todo para él, el dinero y a la mujer de Porter, y decide acabar con su compinche. Aparentemente consigue su propósito, pero Porter no ha muerto.Tiempo después, ya recuperado de las heridas que le hizo su ¿buen amigo¿, reaparece endurecido, arruinado e implacable dispuesto a vengarse a cualquier precio y de cualquier manera posible por el robo del dinero y de su mujer. Pero Porter se va a llevar una gran sorpresa cuando descubra que Val era miembro de una poderosa organización a la que ahora deberá enfrentarse.",J
458594,Peppermint,2018-09-06,Pierre Morel,"Jennifer Garner, John Gallagher Jr., John Ortiz, Juan Pablo Raba, Annie Ilonzeh","Acción,Suspense",6.738,/jrzxS0vcbzIIay1sdYm0rgI2QfJ.jpg,"Riley North (Jennifer Garner) despierta de un coma y se entera de que su marido y su hija han sido brutalmente asesinados. Cuando años después el sistema que debe juzgar a los asesinos demuestra su fracaso, Riley decide tomarse la justicia por su mano.",K
87827,Life of Pi,2012-11-20,Ang Lee,"Suraj Sharma, Irrfan Khan, Ayush Tandon, Gautam Belur, Adil Hussain","Aventura,Drama",7.414,/iLgRu4hhSr6V1uManX6ukDriiSc.jpg,"Pi Patel es un muchacho cuyo padre es el dueño del zoológico de la ciudad de la India en la que viven. Su familia decide marcharse a Canadá, pero una tormenta hace naufragar el barco en el que viajan. Pi consigue salvarse gracias a una barcaza en la que también hay otro ""pasajero"", un tigre de Bengala al que el joven intentará domar para poder sobrevivir.",O
690,Pickpocket,1959-12-16,Robert Bresson,"Martin LaSalle, Marika Green, Jean Pélégri, Dolly Scal, Pierre Leymarie","Crimen,Drama",7.276,/6LOGubEfLLikSQPqoXpYkhBLpGI.jpg,"Michel es un carterista que no roba por necesidad como tampoco lo hace por vicio, no es cleptómano, roba para darse a sí mismo un valor, porque el robo es el medio de expresar sus sentimientos.",I
25955,Pickup on South Street,1953-05-27,Samuel Fuller,"Richard Widmark, Jean Peters, Thelma Ritter, Murvyn Vye, Richard Kiley","Suspense,Crimen",7.4,/et4fY4BxLyAPwxvUFUbzCUrGsjR.jpg,"Skip McCoy (Richard Widmark), un ratero de poca monta, atraca a una mujer llamada Candy (Jean Peters) y se apodera de un valioso microfilm que contiene secretos de estado. Pero Candy estaba bajo la vigilancia de agentes del gobierno, por lo que Skip se convertirá en sospechoso. Thelma Ritter fue nominada al Oscar a la mejor actriz secundaria.",J
635731,Pig,2021-07-16,Michael Sarnoski,"Nicolas Cage, Alex Wolff, Adam Arkin, Nina Belforte, Gretchen Corbett","Drama,Suspense,Misterio",6.621,/1InMm4Mbjx8wCKvIy5gglo5i3HN.jpg,"Un cazador de trufas que vive solo en la zona salvaje de Oregón, regresa a Portland para recuperar a su querida cerda trufera que ha sido secuestrada.",J
10363,Purple Noon,1960-03-10,René Clément,"Alain Delon, Marie Laforêt, Maurice Ronet, Erno Crisa, Frank Latimore","Crimen,Drama,Suspense",7.559,/u6mCKBIkq0mK6GkCodQ1NoOSp04.jpg,"Tom Ripley, un cazafortunas, es enviado a Europa por el señor Greenleaf para buscar a su hijo Philip, un playboy mimado, y llevarlo de vuelta a los EE.UU. A cambio recibirá 5.000 dólares. Philip engaña a Tom fingiendo que está decidido a volver, pero no tiene ninguna intención de dejar a su prometida ni de cumplir los deseos de su padre.",I
26039,Point Blank,1967-08-30,John Boorman,"Lee Marvin, Angie Dickinson, John Vernon, Keenan Wynn, Carroll O'Connor","Crimen,Suspense,Drama",7.1,/xvZc8EvB7tNPHM9VdmNA19EiwqU.jpg,"Después de haber dado un golpe muy lucrativo, un hombre es traicionado por su esposa y por su mejor amigo. Ambos lo abandonan, dándolo por muerto, en una celda de la abandonada prisión de Alcatraz. Años después, intentará vengarse y recobrar su parte del botín.",G
842934,Poker Face,2022-11-16,Russell Crowe,"Russell Crowe, Liam Hemsworth, RZA, Brooke Satchwell, Aden Young","Suspense,Crimen",5.563,/8a2MIBV9LuPYbF5rOEAohjjMz9P.jpg,"El multimillonario jugador de póquer Jake Foley (Russell Crowe) les brinda a sus mejores amigos la oportunidad de ganar más dinero del que jamás hayan soñado, en una noche que nunca olvidarán. Pero para jugar, tendrán que revelar algunos de sus secretos más oscuros, y a medida que avance la noche, descubrirán el motivo real por el que participan...",N
14337,Primer,2004-10-08,Shane Carruth,"Shane Carruth, David Sullivan, Casey Gooden, Anand Upadhyaya, Carrie Crawford","Ciencia ficción,Drama,Suspense",6.75,/xEoq2WmDzpzxhkHEsmOYOg6BPg6.jpg,"Cuatro hombres trabajan en un garaje construyendo aparatos altamente complejos. En parte por accidente y en parte por su pericia, descubren un mecanismo dotado de poderes que les permite conseguir casi todo lo que quieran. Se trata de un hallazgo que podría cambiar el mundo, pero que pondrá a prueba las relaciones entre sus inventores.",G
47007,Deep Crimson,1996-10-04,Arturo Ripstein,"Regina Orozco, Daniel Giménez Cacho, Marisa Paredes, Julieta Egurrola, Sherlyn","Crimen,Drama,Romance,Suspense",6.8,/8tXY5BN4jB1o9BEXFHG5QePYIpK.jpg,"México, 1949. Coral Fabre, una enfermera de pacientes terminales que lucha por sacar adelante a sus dos hijos, sueña con la imagen del Charles Boyer. En el consultorio del corazón de una de las revistas que acostumbra a leer, encuentra un anuncio de un tal Nicolás Estrella que presume de su parecido con el popular actor francés y que se presenta como un ""Caballero español en busca de relación sentimental"". Coral decide escribirle. Basada en la historia real de la pareja de ""corazones solitarios"" Martha Beck y Raymond Fernandez, que en los años 40 cometieron una serie de asesinatos.",J
531384,Project Gutenberg,2018-09-30,莊文強,"Chow Yun-fat, 郭富城, 张静初, Joyce Feng, 廖啟智","Acción,Crimen,Misterio",7.142,/5EMLftdRQISuVGr5bWNeCoPkCti.jpg,"Lee Man (Aaron Kwok) es un artista de la falsificación que ha sido arrestado en Tailandia y extraditado a Hong Kong por la policía. Antes de ser juzgado llega a un acuerdo con Yuen Man (Zhang Jingchu), uno de los tesoros nacionales del país, por el cual deberá de desenmascarar a la persona que se encuentra tras el denominado ""Pintor"" (Chow Yun-fat), el líder de una banda que se dedica a falsificar billetes. Lee no tiene otro remedio que testificar para evitar ingresar en prisión, pero este hecho le lleva a sufrir una serie de amenazas por parte de las personas a las que está a punto de delatar.",K
582014,Promising Young Woman,2020-12-13,Emerald Fennell,"Carey Mulligan, Bo Burnham, Alison Brie, Clancy Brown, Jennifer Coolidge","Suspense,Crimen,Drama",7.367,/2h4EkRxy36zSsBDkijXSUMJFDaz.jpg,"Cassie tenía un brillante futuro por delante hasta que un acontecimiento inesperado truncó su carrera. Ahora nada en su vida es lo que parece: es inteligente, audaz y vive una doble vida de noche. Cassie tiene la oportunidad de enmendar todo lo que no salió bien en su pasado... vengándose de los culpables.",J
539,Psycho,1960-06-22,Alfred Hitchcock,"Anthony Perkins, Janet Leigh, Vera Miles, John Gavin, Martin Balsam","Terror,Suspense,Misterio",8.407,/yz4QVqPx3h1hD1DfqqQkCq3rmxW.jpg,"Una joven secretaria, tras cometer un robo, se marcha de la ciudad y conduce durante horas, parando para descansar en un pequeño motel de carretera regentado por un joven llamado Norman. Todo parece normal y tranquilo en el apartado motel y en la casa de al lado en la que viven Norman y su madre pero, mientras está en la ducha, la joven es asesinada salvajemente a cuchilladas.",J
680,Pulp Fiction,1994-09-10,Quentin Tarantino,"John Travolta, Samuel L. Jackson, Uma Thurman, Bruce Willis, Ving Rhames","Suspense,Crimen,Comedia",8.48,/vQWk5YBFWF4bZaofAbv0tShwBvQ.jpg,"Jules y Vincent, dos asesinos a sueldo con muy pocas luces, trabajan para Marsellus Wallace. Vincent le confiesa a Jules que Marsellus le ha pedido que cuide de Mia, su mujer. Jules le recomienda prudencia porque es muy peligroso sobrepasarse con la novia del jefe. Cuando llega la hora de trabajar, ambos deben ponerse manos a la obra. Su misión: recuperar un misterioso maletín.",M
680,Pulp Fiction,1994-09-10,Quentin Tarantino,"John Travolta, Samuel L. Jackson, Uma Thurman, Bruce Willis, Ving Rhames","Suspense,Crimen,Comedia",8.48,/vQWk5YBFWF4bZaofAbv0tShwBvQ.jpg,"Jules y Vincent, dos asesinos a sueldo con muy pocas luces, trabajan para Marsellus Wallace. Vincent le confiesa a Jules que Marsellus le ha pedido que cuide de Mia, su mujer. Jules le recomienda prudencia porque es muy peligroso sobrepasarse con la novia del jefe. Cuando llega la hora de trabajar, ambos deben ponerse manos a la obra. Su misión: recuperar un misterioso maletín.",O
394684,May God Save Us,2016-10-28,Rodrigo Sorogoyen,"Antonio de la Torre, Roberto Álamo, Javier Pereira, Luis Zahera, Raúl Prieto","Suspense,Crimen,Drama",6.768,/gH9QI3Yf9jyss5ljEzhz2hYINTN.jpg,"Madrid, verano de 2011. Crisis económica, Movimiento 15-M y millón y medio de peregrinos que esperan la llegada del Papa conviven en un Madrid más caluroso, violento y caótico que nunca. En este contexto, los inspectores de policía Alfaro y Velarde deben encontrar al que parece ser un asesino en serie cuanto antes y sin hacer ruido. Esta caza contrarreloj les hará darse cuenta de algo que nunca habían pensado: ninguno de los dos es tan diferente del asesino.",N
574376,Eye for an Eye,2019-08-30,Paco Plaza,"Luis Tosar, María Vázquez, Ismael Martínez, Pablo Guisa Koestinger, Daniel Currás","Drama,Suspense,Crimen",6.7,/6DORnWkVXQHI7ZUefV6c4Ox2B1m.jpg,"Mario es un encantador enfermero a punto de tener un hijo. Antonio Padín es un conocido narco cuya enfermedad le está volviendo totalmente dependiente. Debido a ello sus hijos Toño y Kike están tomando el control del negocio, que está a punto de emprender una arriesgada operación de narcotráfico. Cuando sus caminos se cruzan, todos escogen la misma salida: venganza.",J
254026,Rapine,1975-05-14,Carlos Enrique Taboada,"Ignacio López Tarso, Germán Robles, Norma Lazareno, Rosenda Monteros, Enrique Pontón","Drama,Crimen,Terror",7.177,/fVAvN8KHCHLfO3hbnmY4yZEjZBf.jpg,"Dos humildes leñadores indígenas descubren los restos de un avión que se ha estrellado en lo alto de la sierra y deciden robar las pertenencias de todos los ocupantes muertos en el accidente. Cuando se disponen a hacerlo, llegan dos carboneros con las mismas intenciones. Lo que seguirá en esta historia será un duelo de avaricia y traición, del que nadie saldrá impune",N
567,Rear Window,1954-08-01,Alfred Hitchcock,"James Stewart, Grace Kelly, Wendell Corey, Thelma Ritter, Raymond Burr","Suspense,Misterio,Drama",8.336,/ILVF0eJxHMddjxeQhswFtpMtqx.jpg,"Un reportero fotográfico se ve obligado a permanecer en reposo con una pierna escayolada. A pesar de la compañía de su novia y de su enfermera, procura escapar al tedio, observando desde la ventana de su apartamento con unos prismáticos lo que ocurre en las viviendas de enfrente. Debido a una serie de extrañas circunstancias empieza a sospechar de un vecino cuya mujer ha desaparecido.",I
866463,Reptile,2023-09-29,Grant Singer,"Benicio del Toro, Justin Timberlake, Alicia Silverstone, Michael Pitt, Ato Essandoh","Crimen,Misterio,Suspense,Drama",6.668,/bk4WUvoXSqPQGrhOAtt3AR0sUZf.jpg,Un intrépido detective descubre una compleja red de engaños mientras indaga en la verdad que se esconde tras el brutal asesinato de una joven agente inmobiliaria.,O
500,Reservoir Dogs,1992-09-02,Quentin Tarantino,"Harvey Keitel, Tim Roth, Michael Søren Madsen, Chris Penn, Steve Buscemi","Crimen,Suspense",8.11,/xi8Iu6qyTfyZVDVy60raIOYJJmk.jpg,"Una banda organizada formada por seis individuos es contratada para dar un golpe. Anteriormente varios de los miembros no se conocían entre sí, por lo que entre ellos usan nombres en clave. El objetivo: atracar una empresa para llevarse unos diamantes. Pero, antes de que suene la alarma, la policía ya está allí. Algunos mueren en el atraco, y el resto se reúne en el lugar convenido.",J
91796,Return from the Ashes,1965-11-16,J. Lee Thompson,"Maximilian Schell, Samantha Eggar, Ingrid Thulin, Herbert Lom, Talitha Pol","Suspense,Drama",6.2,/El4j2xBo33LCGMdaEkrJ3LFCy4.jpg,"Tras la Segunda Guerra Mundial (1939-1945), la doctora Michele Wolf regresa de un campo de concentración y se encuentra ante un panorama desolador: la hija de su primer matrimonio se ha convertido en amante de su segundo marido. Casi irreconocible, tras sufrir una operación de cirugía plástica, Michele investiga la vida de su familia y acaba descubriendo que su actual marido planea matarla a ella y a su hija para quedarse con su fortuna. (FILMAFFINITY)",M
359410,Road House,2024-03-08,Doug Liman,"Jake Gyllenhaal, Conor McGregor, Billy Magnussen, Travis Van Winkle, Darren Barnet","Acción,Suspense,Drama",6.94,/fDEdtS4P0gJsxHDIt8dG8TR5dx1.jpg,"Dalton es un exluchador de la UFC en horas bajas que acepta un trabajo como portero en un conflictivo bar de carretera de los Cayos de Florida, sólo para descubrir que este paraíso no es todo lo que parece... Remake de la película de 1989 con Patrick Swayze.",K
11423,Memories of Murder,2003-04-25,Bong Joon-ho,"Song Kang-ho, 김상경, 김뢰하, 송재호, 변희봉","Crimen,Drama,Suspense",8.062,/wrsf1ebQ6S4gVhjR9FJElfdxAjj.jpg,"Corea del Sur, 1986. Una joven aparece brutalmente violada y asesinada. Dos meses después, se producen una serie de violaciones y asesinatos en circunstancias similares. Para buscar al asesino, se organiza un destacamento especial, encabezado por un detective de la policía local (Park Doo-man) y un detective de la policía de Seúl (Seo Tae-yoon), que ha solicitado ser asignado al caso.",M
111,Scarface,1983-12-09,Brian De Palma,"Al Pacino, Steven Bauer, Michelle Pfeiffer, Mary Elizabeth Mastrantonio, Robert Loggia","Acción,Crimen,Drama",8.152,/iQ5ztdjvteGeboxtmRdXEChJOHh.jpg,"Un emigrante cubano frío y sanguinario, Tony Montana, llega de Cuba para instalarse en Miami, donde se propone hacerse con un nombre dentro del crimen organizado de Florida. Junto a su amigo, Manny Rivera, inicia una ascendente carrera delictiva.",J
38395,Scene of the Crime,1949-07-28,Roy Rowland,"Van Johnson, Arlene Dahl, Gloria DeHaven, Tom Drake, Leon Ames","Crimen,Misterio,Drama",6.1,/dLKT3qon0ZtIlUVt0jmlWPnVnTG.jpg,"El teniente Mike Conovan (Van Johnson) es un detective de homicidios que investiga el asesinato de un ex compañero cuando llevaba encima 1.000 dólares en efectivo. Su objetivo es disipar la teoría de que el policía muerto estaba secretamente en complicidad con los delincuentes. El rastro de Conovan conduce a una stripper, Lili (Gloria DeHaven), cuyo ex novio Turk (Richard Benedict) ha cometido una serie de robos a los corredores de apuesta de la ciudad, junto con su socio Lafe (William Haade)",K
807,Se7en,1995-09-22,David Fincher,"Morgan Freeman, Brad Pitt, Gwyneth Paltrow, John Cassini, Peter Crombie","Crimen,Misterio,Suspense",8.381,/191nKfP0ehp3uIvWqgPbFmI4lv9.jpg,"El teniente Somerset, del departamento de homicidios, está a punto de jubilarse y ser reemplazado por el ambicioso y brillante detective David Mills. Ambos tendrán que colaborar en la resolución de una serie de asesinatos cometidos por un psicópata que toma como base la relación de los siete pecados capitales: gula, pereza, soberbia, avaricia, envidia, lujuria e ira. Los cuerpos de las víctimas, sobre los que el asesino se ensaña de manera impúdica, se convertirán para los policías en un enigma que les obligará a viajar al horror y la barbarie más absoluta.",K
766475,See How They Run,2022-09-09,Tom George,"Sam Rockwell, Saoirse Ronan, Adrien Brody, Ruth Wilson, Reece Shearsmith","Misterio,Comedia,Crimen",6.338,/r3rpSAi2yukZwr9H2km0WKGODWo.jpg,"Un desesperado productor de cine de Hollywood se propone convertir en película una popular obra de teatro. Cuando miembros de la producción son asesinados, el cansado inspector Stoppard y la agente novata Stalker se encontrarán en medio de una intrigante novela policíaca.",N
1567,I Stand Alone,1999-02-17,Gaspar Noé,"Philippe Nahon, Blandine Lenoir, Frankie Pain, Martine Audrain, Zaven","Drama,Suspense",7.387,/r4e2kbQkNSx3zpCRPHP28c3zeaA.jpg,"Francia, 1980. Un carnicero (Philippe Nahon) vive solo con su hija tras ser abandonado por su mujer. Un día la niña tiene su primera regla y corre hasta la carnicería de su padre que, al ver la sangre, cree que la pequeña ha sido violada. El carnicero sale enfurecido de la tienda y acaba agrediendo a un inocente. La niña es internada y él encerrado en prisión.",J
23518,Seven Days in May,1964-02-01,John Frankenheimer,"Burt Lancaster, Kirk Douglas, Fredric March, Ava Gardner, Edmond O'Brien","Drama,Suspense",7.364,/fgMwyNl7uZeUrnIAqlX7htSQ2O2.jpg,"En plena Guerra Fría, se sospecha que un enigmático general pretende derrocar al Presidente de EE.UU. por medio de un golpe de estado. El Presidente dispone sólo de siete días para encontrar pruebas que le permitan abortar el golpe.",G
46932,Seven Days to Noon,1950-10-30,Roy Boulting,"Barry Jones, André Morell, Olive Sloane, Sheila Manahan, Hugh Cross",Suspense,6.807,/aDvEMfWqgCzMMBwKp1J2GashTga.jpg,Un científico amenaza con detonar una bomba atómica si el gobierno no anuncia el final de cualquier investigación en este campo dentro de una semana.,N
38558,Shakedown,1988-05-06,James Glickenhaus,"Peter Weller, Sam Elliott, Patricia Charbonneau, Antonio Fargas, Blanche Baker","Acción,Crimen,Drama,Suspense,Misterio",5.8,/plAXkoFiYPPB1acri2VcoiNDklL.jpg,"Dos hombres, Ronald Darton y Richie Marks, de distinta procedencia se ven envueltos en un caso de asesinato. Tras infructuosas investigaciones, la acción les llevará hacia lo más profundo de Nueva York introduciéndose en el mundo de la droga, el crimen y la corrupción policial.  Inspirado en un hecho real, este filme de acción sigue un esquema muy similar a un largometraje que había reventado las taquillas mundiales en 1987, ""Arma letal"". Y es que, al igual que el éxito de Richard Donner, dos personajes radicalmente opuestos que se ven obligados no solo a entenderse, sino también a trabajar juntos. Esta extraña pareja fue encarnada por Sam Elliott (""Tombstone"", ""Gettysburg"") y un Peter Weller, cuyo rostro era muy popular en aquel entonces gracias a otro filme de acción policial: ""RoboCop"".",M
9905,Shallow Grave,1994-12-22,Danny Boyle,"Ewan McGregor, Christopher Eccleston, Kerry Fox, Ken Stott, Keith Allen","Crimen,Suspense",6.991,/gqvSKLbfIg1mja1ulVkVcLhdwWF.jpg,"Tres compañeros de piso encuentran una maleta llena de dinero en la habitación de un nuevo y misterioso inquilino, que acaba de morir por sobredosis. En vez de llamar a la policía, deciden quedarse con el dinero, una decisión que implica no sólo deshacerse del cadáver, sino también que cada uno de ellos confíe en los otros dos.",K
18706,Sherlock Holmes and the Secret Weapon,1942-12-25,Roy William Neill,"Basil Rathbone, Nigel Bruce, Lionel Atwill, William Post Jr., Kaaren Verne","Misterio,Suspense,Crimen",6.436,/50qLIyhdWrDxcZE0bmHhUaxb2FP.jpg,El detective Sherlock Holmes (Basil Rathbone) y su fiel ayudante el doctor Watson (Nigel Bruce) se enfrentan al colaboracionista nazi Profesor Moriarty. Moriarty tiene entre sus planes secuestrar a un científico británico que ha creado una nueva mira de bombardero para atacar al ejército alemán.,G
27117,Sherlock Holmes and the Voice of Terror,1942-09-18,John Rawlins,"Basil Rathbone, Nigel Bruce, Evelyn Ankers, Reginald Denny, Thomas Gomez","Crimen,Misterio,Suspense",6.522,/4aprukY55rwcLKzdSVpRzQo1Koa.jpg,"La historia traslada a una época en la que el conflicto con la Alemania nazi es la orden del día. En esos días, una serie de emisiones de radio llegan de parte del bando alemán, en la que se relatan operaciones recientes de estos en contra del ejército británico, muchas de estas acciones se llevan a cabo a misiones de alto secreto británico, por lo que hay algo que no funciona bien en el alto mando, así que solicitarán la ayuda del gran detective para poder llegar al fondo del asunto.",G
20417,Dressed to Kill,1946-05-24,Roy William Neill,"Basil Rathbone, Nigel Bruce, Patricia Morison, Frederick Worlock, Harry Cording","Misterio,Crimen,Suspense",6.661,/oD4z3ON2ciLMv6obEH2K8tGThWG.jpg,"Unos ladrones compiten con el famoso detective Sherlock Holmes en la búsqueda de un tesoro robado. Uno de los autores del crimen, que se halla en prisión, sabe que el tesoro está escondido en tres cajas de música que fueron subastadas antes de que sus compinches pudieran apoderarse de ellas. Holmes y Watson emprenderán una vertiginosa carrera para encontrarlas.",H
44383,Sherlock Holmes in Washington,1943-03-24,Roy William Neill,"Basil Rathbone, Nigel Bruce, Marjorie Lord, Henry Daniell, George Zucco","Misterio,Crimen,Suspense",6.773,/ni0H8iNOcmW26Y0aNLiA4wyckxX.jpg,"En la II Guerra Mundial, un agente secreto británico que lleva consigo un valioso y vital documento es secuestrado de camino a Washington. El gobierno británico llama a Sherlock Holmes para recuperarlo.",H
20408,Terror by Night,1946-02-01,Roy William Neill,"Basil Rathbone, Nigel Bruce, Alan Mowbray, Dennis Hoey, Renee Godfrey","Misterio,Crimen,Suspense",6.615,/cjGgLJ2GViKy0bla8OfaAhOBAJw.jpg,"Sherlock Holmes debe custodiar la Estrella de Rodesia, un valioso diamante que pertenece a Lady Carstairs. Roland, el hijo de la dama, teme que durante el viaje en tren de Londres a Edimburgo pueda ocurrirle algo a la cotizada joya. Y sus temores se cumplen: Roland es asesinado en el tren y el diamante desaparece. Es entonces cuando interviene Holmes, que con la ayuda de Watson y del inspector Lestrade, intenta recuperar la joya.",H
33421,The Pearl of Death,1944-08-01,Roy William Neill,"Basil Rathbone, Nigel Bruce, Dennis Hoey, Evelyn Ankers, Miles Mander","Suspense,Misterio,Crimen",7.118,/36crcUCyyKZritifPJNlXMfsp9a.jpg,"Sherlock Holmes, debido a un exceso de confianza en sí mismo, comete un error que le obliga a encontrar una perla que ha sido robada de un museo por un ladrón profesional. A medida que avanza su investigación, se producen una serie de brutales asesinatos que, aparentemente, han sido cometidos por Creeper, una fuerza maléfica.",H
2443,The Spider Woman,1943-12-10,Roy William Neill,"Basil Rathbone, Nigel Bruce, Gale Sondergaard, Dennis Hoey, Vernon Downing","Misterio,Crimen,Suspense",6.991,/yTbwfGfrJ1opMAIrdltCCf3eRo2.jpg,"En esta nueva aventura de Holmes en la época de la II Guerra Mundial, en Inglaterra, Sherlock Holmes finge estar muerto para investigar una serie de aparentes suicidios unidos entre sí por supuestas picaduras de araña. Esto lo llevará a enfrentarse con uno de los rivales más peligrosos que haya conocido. Su sospecha pronto se centra en la atractiva pero al parecer, altamente peligrosa, Andrea Spedding.",H
34327,The Woman in Green,1945-06-15,Roy William Neill,"Basil Rathbone, Nigel Bruce, Hillary Brooke, Henry Daniell, Paul Cavanagh","Misterio,Crimen,Suspense",6.525,/rWcMZ8IZWeYZDcW6Acoiz1gG3tn.jpg,Sherlock Holmes y el Dr. Watson investigan el caso de un asesino en serie que mutila el dedo índice a todas sus víctimas.,H
379170,Sherlock: The Abominable Bride,2016-01-01,Douglas Mackinnon,"Benedict Cumberbatch, Martin Freeman, Una Stubbs, Rupert Graves, Mark Gatiss","Crimen,Drama,Misterio,Suspense,Película de TV",7.832,/hibE8cyZs2Bm0o4WaWd1pppvjO2.jpg,"Hemos estado aquí antes, pero ¿qué pasaría si no fuera en la era moderna sino en el periodo victoriano tardío? ¿Qué pasaría si el detective más famoso del mundo y su mejor amigo vivieran en una Baker Street con trenes de vapores, carruajes, sombreros de copas y levitas?  ¡Bienvenidos a Sherlock en el año 1895!  Sin embargo, muchas cosas continúan siendo similares. La amistad, aventura y especialmente, el ASESINATO...  ¿Por qué Thomas Ricoletti está un poco sorprendido de ver a su esposa vestida con su antiguo traje de novia? Será por que solamente unas horas antes se había quitado la vida...  El fantasma de la Señora Ricoletti parece que ahora está rondando por las calles con una insaciable sed de venganza. Desde la brumosa Limehouse a las entrañas de una iglesia abandonada, Holmes, Watson y sus amigos deben usar toda su astucia para combatir a un enemigo aparentemente del más allá y al final, a la sorprendente verdad de… ¡La novia abominable!",H
11324,Shutter Island,2010-02-14,Martin Scorsese,"Leonardo DiCaprio, Mark Ruffalo, Ben Kingsley, Max von Sydow, Michelle Williams","Drama,Suspense,Misterio",8.196,/nrmXQ0zcZUL8jFLrakWc90IR8z9.jpg,"Verano de 1954. Los agentes judiciales Teddy Daniels y Chuck Aule son destinados a una remota isla del puerto de Boston para investigar la desaparición de una peligrosa asesina recluida en el hospital psiquiátrico Ashecliffe, un centro penitenciario para criminales perturbados dirigido por el siniestro doctor John Cawley. Pronto descubrirán que el centro guarda muchos secretos, y que la isla esconde algo más peligroso que los pacientes.",J
109421,Side Effects,2013-02-07,Steven Soderbergh,"Rooney Mara, Jude Law, Catherine Zeta-Jones, Channing Tatum, Vinessa Shaw","Suspense,Crimen,Drama",6.616,/dk10bwGyj8aRdOTl3EkgATEefh2.jpg,"Ambientada en el mundo de la psicofarmacología, ciencia que estudia cómo afectan las drogas a la mente humana. Emily es una joven que se vuelve adicta a un nuevo medicamento que le receta su psiquiatra para que pueda controlar su ansiedad ante la inminente salida de la cárcel de su marido.",I
364637,Sirocco,1997-10-20,Mike Esser,"Marcos Carmargo, Estefan du Prez, Vaughan Harris, Michael Jonker, Storm Killian",,5.3,/vCuyGutpu4EEXuZNZNFMgFXNq7O.jpg,,J
29688,Six Bridges to Cross,1955-01-21,Joseph Pevney,"Tony Curtis, George Nader, Julie Adams, Jay C. Flippen, Sal Mineo","Crimen,Drama,Suspense",6.268,/9ct1JCNCOyaDwu8zObbtTUKAkJF.jpg,"Jerry Florea, joven cabecilla de una banda, resulta herido de bala tras recibir un disparo del policía novato Ed Gallagher. Pero Jerry y Ed acabarán haciéndose amigos y ayudándose a escalar mutuamente en sus respectivos mundos.",I
542444,The (Silent) War,2019-09-13,Alfonso Cortés-Cavanillas,"Asier Etxeandia, Marian Álvarez, Hugo Silva, Aitor Luna, Olimpia Melinte","Drama,Suspense,Bélica",5.9,/x14J1zwAKpjng61bGlqz5egS3Yg.jpg,"Norte de España, octubre de 1944. Varios grupos de guerrilleros, antiguos soldados republicanos exiliados en Francia tras el final de la guerra civil española, se infiltran en el país con objeto de provocar un levantamiento popular contra la dictadura del general Franco.",N
616651,Stillwater,2021-07-29,Tom McCarthy,"Matt Damon, Camille Cottin, Abigail Breslin, Lilou Siauvaud, Deanna Dunagan","Drama,Crimen,Suspense",6.629,/1lrPR7ah1KElPKnCsxmIRE1OlIh.jpg,"Bill Baker (Matt Damon) es un rudo operario de una plataforma petrolera estadounidense que viaja a Marsella para visitar a su hija, en prisión por un asesinato que afirma no haber cometido. Lejos de casa, las cosas no serán nada fáciles para un padre dispuesto a todo para demostrar la inocencia de su hija.",J
86825,Stoker,2013-02-28,Park Chan-wook,"Mia Wasikowska, Nicole Kidman, Matthew Goode, Dermot Mulroney, Jacki Weaver","Drama,Terror,Suspense",6.6,/o0giW5oasaef5m9sgBuq0C7IkIa.jpg,"Cuando India Stoker (Mia Wasikowska), una adolescente algo excéntrica, pierde a su querido padre (Dermot Mulroney) en un trágico accidente de coche en el día de su 18 cumpleaños, su tranquila existencia en la apartada mansión familiar se hace añicos de golpe. Con una sensibilidad exquisita, India muestra un comportamiento impasible que enmascara los profundos sentimientos y los agudísimos sentidos que sólo su padre comprendía. India se ve arrastrada hacia el hermano perdido de su padre, Charlie (Matthew Goode), que aparece por sorpresa en el funeral y decide quedarse con ella y su inestable madre, Evie (Nicole Kidman). Aunque India al principio desconfía de su encantador y misterioso tío, pronto descubre que le fascina y se da cuenta de cuánto tienen en común... Debut en EEUU del director coreano Park Chan-wook (Old Boy).",I
29481,Stranger on the Third Floor,1940-08-16,Boris Ingster,"Peter Lorre, John McGuire, Margaret Tallichet, Charles Waldron, Elisha Cook Jr.","Crimen,Drama,Misterio,Suspense",6.5,/ovJx3qRt83keSwZ8Cax1wyRc3Lb.jpg,"El testimonio de un periodista sirve para llevar a un joven a la silla eléctrica. El reportero, torturado por las dudas acerca de su culpabilidad, cae en una telaraña de falsas pruebas que le señalan, ahora a él, como presunto autor de un nuevo crimen...",K
19171,Sudden Fear,1952-08-07,David Miller,"Joan Crawford, Jack Palance, Gloria Grahame, Bruce Bennett, Virginia Huston","Suspense,Crimen",7.236,/xDDRhGX99c7smveM3UelCVmi6xi.jpg,"El actor Lester Blaine prácticamente consiguió el papel principal en la nueva obra de Myra Hudson cuando Myra lo veta porque, para ella, no parece un 'protagonista romántico'. En un tren de Nueva York a San Francisco, Blaine se propone demostrarle a Myra que está equivocada... teniendo un romance con ella. ¿Es sincero o tiene un oscuro motivo oculto? La respuesta provoca un juego del gato y el ratón
11462,Suspicion,1941-11-14,Alfred Hitchcock,"Cary Grant, Joan Fontaine, Cedric Hardwicke, Nigel Bruce, May Whitty","Misterio,Romance,Suspense",7.111,/clWNlzlbyaEoIK63lcFjqBmXoQz.jpg,"Un atractivo vividor coincide en el tren con una joven ingenua que acabará teniendo que pagarle el billete. Más adelante, vuelven a encontrarse en una fiesta y, tras un breve romance, ella decide casarse con él, a pesar de la oposición de su padre. Considerada por todos, incluida su familia, una solterona, está empeñada en demostrarles que alguien la puede amar.",H
30625,Take One False Step,1949-08-14,Chester Erskine,"William Powell, Shelley Winters, Marsha Hunt, Dorothy Hart, James Gleason","Crimen,Drama,Misterio,Suspense",5.389,/54LjTCgvgZgibT8xZkAYeOqm0CC.jpg,"El profesor Andrew Gentling está en Los Ángeles buscando una nueva universidad. Allí se encuentra a una antigua pareja suya, Catherine Sykes. Al día siguiente, Catherine desaparece, y su amiga Martha convence a Andrew de que él es el primer sospechoso. Andrew decide investigar el caso antes de que le arresten, pero esto sólo le pone en peligro.",N
411638,The Fury of a Patient Man,2016-09-09,Raúl Arévalo,"Antonio de la Torre, Luis Callejo, Ruth Díaz, Raúl Jiménez, Manolo Solo",Suspense,6.603,/v1xdw8ygpAv4dkHI8tuIlTHnz5h.jpg,"Madrid, agosto de 2007. Curro entra en prisión tras participar en el atraco a una joyería. Ocho años después sale de la cárcel con ganas de emprender una nueva vida junto a su novia Ana y su hijo, pero se encontrará con una situación inesperada y a un desconocido, José.",J
526973,Target Number One,2020-07-10,Daniel Roby,"Antoine Olivier Pilon, Josh Hartnett, Stephen McHattie, Jim Gaffigan, J.C. MacKenzie","Suspense,Crimen",6.197,/wb2VpOZTSINPI7jQww0fYCEppcE.jpg,"El ex adicto a la heroína, Daniel Léger, se involucra en un negocio de drogas con las personas equivocadas por las razones equivocadas. Cuando el trato sale mal, Daniel es arrojado a una prisión tailandesa y abofeteado con una sentencia de 100 años. Mientras trata de sobrevivir a su encarcelamiento en Bangkok, la noticia de su condena atrae la atención del periodista de Globe and Mail Victor Malarek, quien decide ir tras los sospechosos policías encubiertos responsables de acusar erróneamente a Daniel.",K
356666,High and Low,2007-09-08,鶴橋康夫,"佐藤浩市, 鈴木京香, Hiroshi Abe, 妻夫木聡, 杉本哲太","Drama,Suspense,Película de TV",5.5,/8wPGwUkKMBiJhuMNxrsjaojlA81.jpg,,O
10396,Tequila Sunrise,1988-12-02,Robert Towne,"Mel Gibson, Michelle Pfeiffer, Kurt Russell, Raúl Juliá, J.T. Walsh","Suspense,Crimen,Romance",6.061,/8LoG0GL5N5e7zvvXezwwGnUfRHL.jpg,"Mac Mckussic es un hastiado narcotraficante que ha decidido abandonar el negocio. Su mejor amigo, Nick Frescia, es ahora un agente de policía encargado de investigarle y llevarle ante la justicia. Mac está enamorado de Jo Ann, una restauradora. Para conocer más sobre los planes de droga de Mac y sus conexiones con el narcotraficante mexicano Carlos, Nick comienza a intimar con Jo Ann.",J
17481,The Adventures of Sherlock Holmes,1939-09-01,Alfred L. Werker,"Basil Rathbone, Nigel Bruce, Ida Lupino, Alan Marshal, Terry Kilburn","Crimen,Misterio,Suspense",6.9,/oNE3GyeA9ZUCzI9jYTgNy7vYTfO.jpg,"El detective Sherlock Holmes (Basil Rathbone) encara su mayor desafío cuando el genio del mal, el profesor Moriarty (George Zucco), planea robar nada menos que las joyas de la corona.",H
363579,The Age of Shadows,2016-09-07,김지운,"Song Kang-ho, 공유, 한지민, 鶴見辰吾, 엄태구","Acción,Suspense,Historia",7.202,/3OqkOFlXENLeIMLVBclGejpsaWd.jpg,"Finales de los años 20, durante la ocupación japonesa de Corea. Un grupo de la resistencia intenta traer explosivos desde Shanghái para destruir la base nipona en Seúl, mientras que los japoneses intentan detenerlos. Un talentoso policía japonés nacido coreano, que había pertenecido al movimiento independiente, se ve en el dilema de elegir entre su deber y el apoyo a una causa mayor.",M
11222,The American Friend,1977-06-24,Wim Wenders,"Dennis Hopper, Bruno Ganz, Lisa Kreuzer, Gérard Blain, Nicholas Ray","Drama,Suspense,Crimen",7.088,/y5Z9hnVQo63l6HeoFOkEPprpn0H.jpg,"El marchante americano Tom Ripley (Hopper) intenta poner a prueba la integridad de Jonatham Zimmermann, un humilde fabricante de marcos (Bruno Ganz) que padece una enfermedad terminal. Ripley le presenta a un gánster que le ofrece mucho dinero a cambio de que trabaje para él como asesino a sueldo. En un principio rechaza la oferta, pero, al pensar en el precario futuro que espera a su mujer y a su hijo después de su muerte, acaba aceptando el trato.",N
26475,The Anniversary Party,2001-06-09,Alan Cumming,"Alan Cumming, Jennifer Jason Leigh, John Benjamin Hickey, Parker Posey, Phoebe Cates","Comedia,Drama",5.647,/3c4t8tTQp7TV1Z3qeltmhjRi5Ex.jpg,"Tras un año de separación, Joe (Alan Cumming) y Sally Therrain (Jennifer Jason Leigh) se reconcilian y deciden celebrar su sexto aniversario de boda con una fiesta a la que invitan a sus amigos más íntimos. Un inesperado regalo hará aflorar sus pensamientos más ocultos, y los problemas que ya creían superados volverán a surgir a lo largo de la noche.",N
209247,The Art of the Steal,2013-09-20,Jonathan Sobol,"Kurt Russell, Matt Dillon, Jay Baruchel, Kenneth Welsh, Chris Diamantopoulos","Comedia,Crimen",6.17,/4R6ojBfyO8fj3WszLE9rog5qR4W.jpg,"Crunch Calhoun, un acróbata motociclista de tercera, y ladrón de arte en sus ratos libres, se junta con su escurridizo hermano para robar uno de los libros más valiosos del mundo. Pero para Crunch no se tratará sólo del libro, sino al mismo tiempo tener la posibilidad de reescribir algunos capítulos de su propio pasado.",H
239000,The Big Operator,1959-08-01,Charles F. Haas,"Mickey Rooney, Mamie Van Doren, Steve Cochran, Mel Tormé, Jim Backus","Drama,Crimen",6.0,/9xX8Yv1ziNxwBBUvi7u0XtS3Ysj.jpg,Un hombre se vuelve loco cuando unos agentes federales lo investigan.,N
62006,The Captive City,1952-03-26,Robert Wise,"John Forsythe, Joan Camden, Harold J. Kennedy, Marjorie Crossland, Victor Sutherland","Drama,Crimen",6.143,/qL0PE0B6klruRntPfuZmQywCOxL.jpg,"Una pareja recala en una comisaría, y él, periodista, empieza a contar su historia, que destapa la corrupción en la ciudad por los tejemanejes de un magnate local que tiene comprados a los agentes del orden.",N
107353,The Chairman,1969-06-25,J. Lee Thompson,"Gregory Peck, Anne Heywood, Arthur Hill, Alan Dobie, Keye Luke","Acción,Suspense",5.481,/xBEt1EGaR0wUI1VW1dWrgrRRZ0V.jpg,"John Hathaway (Gregory Peck), un importante científico americano, se entera de que que un antiguo profesor suyo está desarrollando en la China comunista un revolucionario sistema de cultivo capaz de adaptarse a cualquier clima. Las grandes potencias se muestran muy interesadas por el descubrimiento. El gobierno americano le exige a Hathaway que consiga la fórmula. Ante su negativa, deciden implantarle en el cerebro, sin que él lo sepa, un arma mortífera.",M
87496,The Company You Keep,2012-12-20,Robert Redford,"Robert Redford, Shia LaBeouf, Nick Nolte, Brendan Gleeson, Terrence Howard","Drama,Suspense",6.17,/AvAyJbl7d0Gm0GRJlPPW8n4XrdT.jpg,"Narra la historia de un padre soltero cuya cómoda y burguesa vida se ve sacudida cuando su pasado se vuelve en su contra: Jason Sinai (Robert Redford), quien también utiliza el alias de James Grant, es un prófugo de la guerra de Vietnam y ex-militante del grupo social revolucionario Weather Underground -conocido por sus actividades violentas- perseguido por el FBI desde hace 30 años, tiempo en el que ha vivido oculto y que ahora amenaza con descubrir un ambicioso y joven periodista (Shia LaBeouf).",I
670292,The Creator,2023-09-27,Gareth Edwards,"John David Washington, Madeleine Yuna Voyles, Gemma Chan, Allison Janney, Ken Watanabe","Ciencia ficción,Acción,Aventura",7.023,/3dSivDtOuyxLDxPH4v2tcNG1fP7.jpg,"En medio de una guerra futura entre la raza humana y las fuerzas de la inteligencia artificial, Joshua, un duro ex-agente de las fuerzas especiales que llora la desaparición de su esposa, es reclutado para cazar y matar al Creador, el escurridizo arquitecto de la IA avanzada que ha desarrollado una misteriosa arma con el poder de acabar con la guerra... y con la propia humanidad.",O
42815,The Criminal Code,1931-01-03,Howard Hawks,"Walter Huston, Phillips Holmes, Constance Cummings, Boris Karloff, DeWitt Jennings","Crimen,Drama",6.061,/nshRsmnw7wpE2fsRkVrCED7uCcI.jpg,"Bob Graham (Holmes), un joven de apenas veinte años, es encarcelado por matar a un hombre en defensa propia el día de su cumpleaños. Años después, Brady, el fiscal del caso (Walter Huston), llegará a ser el alcaide de la cárcel en la Bob cumple condena y lo hará su chófer.",N
591,The Da Vinci Code,2006-05-17,Ron Howard,"Tom Hanks, Audrey Tautou, Ian McKellen, Jean Reno, Paul Bettany","Suspense,Misterio",6.735,/9ejKfNk0LBhSI9AahH4f9NJNZNM.jpg,"El catedrático y afamado simbologista Robert Langdon se ve obligado a acudir una noche al Museo del Louvre, cuando el asesinato de un restaurador deja tras de sí un misterioso rastro de símbolos y pistas. Con la ayuda de la criptógrafa de la policía Sophie Neveu y poniendo en juego su propia vida, Langdon descubre que la obra de Leonardo Da Vinci esconde una serie de misterios que apuntan a una sociedad secreta encargada de custodiar un antiguo secreto que ha permanecido oculto durante dos mil años...",H
4909,The Day of the Jackal,1973-05-16,Fred Zinnemann,"Edward Fox, Terence Alexander, Michel Auclair, Alan Badel, Tony Britton","Acción,Suspense",7.527,/vThgcb3JOj99yETg8WChuci4LV2.jpg,"La OAS, un grupo ultra francés, contrata a un asesino profesional, cuya verdadera identidad nadie sabe, conocido como Chacal para que acabe con la vida del general De Gaulle, Presidente de la República Francesa. La policía francesa descubre el plan e inicia una operación contrarreloj para localizar y detener al asesino.",I
1422,The Departed,2006-10-04,Martin Scorsese,"Leonardo DiCaprio, Matt Damon, Jack Nicholson, Mark Wahlberg, Martin Sheen","Drama,Suspense,Crimen",8.158,/nT97ifVT2J1yMQmeq20Qblg61T.jpg,"El Departamento de Policía de Massachussets se enfrenta a la mayor banda de crimen organizado de la ciudad de Boston. La estrategia consiste en acabar desde dentro con Frank Costello, el poderoso jefe de la mafia irlandesa. El encargado de infiltrarse en la banda es un joven novato, Billy Costigan. Mientras Billy intenta ganarse la confianza de Costello, otro joven policía, Colin Sullivan, sube rápidamente de categoría y ocupa un puesto en la unidad de Investigaciones Especiales, grupo de élite cuya misión también es acabar con Costello. Lo que nadie sabe es que Colin es un topo infiltrado en la policía por el propio Costello.",J
18612,The Desperate Hours,1955-10-05,William Wyler,"Humphrey Bogart, Fredric March, Arthur Kennedy, Martha Scott, Dewey Martin","Crimen,Suspense",7.029,/yW9S2jc4elEeNfzwXhm5sF9GTCV.jpg,Se basa en una obra de éxito de Broadway que había sido interpretada por Paul Newman. Tres fugitivos secuestran a una familia y mantienen a sus miembros como rehenes en una casa en las afueras de una ciudad.,K
499932,The Devil All the Time,2020-09-11,Antonio Campos,"Tom Holland, Robert Pattinson, Bill Skarsgård, Riley Keough, Jason Clarke","Crimen,Drama,Suspense",7.169,/v3wGDRhnik4HSuaMzATkgaqDJLS.jpg,"Ambientada en las zonas rurales del sur de Ohio y Virginia Occidental,  sigue a un elenco de personajes cautivadores y extraños desde el final de la Segunda Guerra Mundial hasta la década de 1960.",J
154400,The Drop,2014-09-12,Michaël R. Roskam,"Tom Hardy, Noomi Rapace, James Gandolfini, Matthias Schoenaerts, John Ortiz","Drama,Crimen",6.8,/olQInYvVCW2wycMSU1ogo9Jshml.jpg,"En Brooklyn, un solitario camarero rescata a un cachorro de un cubo de basura. Sus problemas empiezan cuando aparece el dueño del animal, un hombre con problemas mentales que, además, está involucrado en una conspiración criminal que se planea en el bar en el que trabaja el camarero.",H
567797,The Dry,2021-01-01,Robert Connolly,"Eric Bana, Genevieve O'Reilly, Keir O'Donnell, John Polson, Matt Nable","Crimen,Suspense,Misterio",6.781,/zM12bfL2TEqVRXjiQIFUWUMLcCg.jpg,El agente federal Aaron Falk regresa a su ciudad natal afectada por la sequía para asistir al trágico funeral de un amigo de la infancia. Pero su regreso abre una herida de décadas: la muerte sin resolver de una adolescente.,J
11372,The Eagle Has Landed,1976-12-24,John Sturges,"Michael Caine, Donald Sutherland, Robert Duvall, Jenny Agutter, Donald Pleasence","Aventura,Drama,Acción,Suspense,Bélica",6.65,/dxLuj7VIv0ZRdvaIB6eY5fApONF.jpg,"En plena Segunda Guerra Mundial, Hitler se propone asestar un golpe mortal a la moral inglesa: el asesinato de Winston Churchill. Para ello, el alto mando alemán envía a Inglaterra a un comando de paracaidistas de élite, disfrazados como soldados norteamericanos, cuya misión es acabar con la vida del Primer Ministro aprovechando los planes de este de pasar un fin de semana en una apartada mansión en la campiña.",H
931935,The Extortion,2023-04-06,Martino Zaidelis,"Guillermo Francella, Pablo Rago, Andrea Frigerio, Carlos Portaluppi, Alberto Ajaka","Suspense,Crimen,Drama",7.259,/9LZrDfLoxG4sCRoAMonWlE6Uoxy.jpg,"Alejandro, un piloto a punto de jubilarse es extorsionado y forzado a transportar una misteriosa carga de Buenos Aires a Madrid.",N
13041,El Topo,1970-12-18,Alejandro Jodorowsky,"Alejandro Jodorowsky, Brontis Jodorowsky, Mara Lorenzio, David Silva, Paula Romo","Aventura,Drama,Western",7.05,/aD88hcVUoTPcx6wGzb5jtm9mgTe.jpg,"En un Oeste imaginario, el pistolero Topo se enfrenta a una banda de fetichistas, dirigida por un coronel lascivo, que tiene atemorizada a una congregación franciscana. Singular y provocativa película de culto, mezcla de géneros y movimientos culturales. John Lennon dijo de ella que era una obra maestra.",P

