id,title,release_date,director,actors,genres,vote_average,poster_path,overview,ubicacion
18287,Support Your Local Gunfighter,1971-05-26,Burt Kennedy,"James Garner, Suzanne Pleshette, Jack Elam, Harry Morgan, Joan Blondell","Comedia,Western",6.6,/gjKN4XYKHVGmGikiIda4iIEeL4H.jpg,"Látigo Smith (Garner), una mezcla de gigoló y timador, baja del tren en un pueblo llamado Purgatorio para huir de un matrimonio no deseado y, además, con el propósito de borrar un tatuaje que lleva en el pecho. Mientras espera al médico, oye hablar del enfrentamiento entre los dos magnates mineros del pueblo, ambos empeñados en contratar al turbio y mítico pistolero Swifty Morgan para que defienda sus intereses. Viéndose, involuntariamente, involucrado en el asunto, Látigo se quedará en Purgatorio y resolverá el conflicto. Con lo que no contaba era con enamorarse de Patience (Pleshette), la hija de uno de los caciques, una señorita de armas tomar.",G
15264,Tall in the Saddle,1944-09-29,Edwin L. Marin,"John Wayne, Ella Raines, Ward Bond, George 'Gabby' Hayes, Audrey Long",Western,6.557,/1y566vrPxOXrTFJ9USp4aSTJ43S.jpg,"Mientras Rocklin se debate entre el amor de dos mujeres, intentará averiguar por qué se produjo el asesinato del propietario del rancho que lo contrató para trabajar en el Oeste.",K
10733,The Alamo,2004-04-07,John Lee Hancock,"Dennis Quaid, Billy Bob Thornton, Jason Patric, Patrick Wilson, Emilio Echevarría","Historia,Bélica,Drama",5.764,/aZrWYkxCCwSPKp4VjVvn46uHbIX.jpg,"En la primavera de 1836, cerca de San Antonio de Béjar, en la vieja misión de El Álamo, unos 200 tejanos resistieron trece días el asedio del General Antonio López de Santa Anna, presidente de México y comandante del ejército. Al mando de los tejanos estaban el joven y temerario Coronel William Travis, el violento y apasionado James Bowie y el legendario David Crockett. Los que no murieron peleando fueron ejecutados por orden de Santa Anna. ""Recordad El Álamo"" se convirtió en el grito de guerra de las tropas del general Sam Houston, que consiguió, finalmente, que Texas se independizara de México y se convirtiera en un estado más de la Unión.",J
537996,The Ballad of Buster Scruggs,2018-11-09,Joel Coen,"Tim Blake Nelson, Willie Watson, Clancy Brown, Danny McCarthy, David Krumholtz","Western,Comedia,Drama",7.1,/voxl654m7p36y8FLu8oQD7dfwwK.jpg,"Antología de seis capítulos, cada uno enfocado desde una perspectiva distinta con respecto a la frontera norteamericana y a los peculiares personajes que habitan en sus alrededores. Cada parte cuenta una historia distinta basada en las convenciones del Lejano Oeste de los Estados Unidos.",K
23330,The Ballad of Cable Hogue,1970-03-18,Sam Peckinpah,"Jason Robards, Stella Stevens, Slim Pickens, David Warner, L.Q. Jones","Comedia,Western,Acción",6.954,/bEth8XAYaytjzxnHkLkj4nZx2XD.jpg,"El explorador Cable Hogue es abandonado en medio del desierto por sus crueles compañeros Taggart y Bowen, que le arrebatan la montura, el rifle y las provisiones. Después de caminar bajo un sol implacable durante cuatro días, cuando ya está al borde del colapso, nota que sus botas están húmedas...",J
12501,The Big Country,1958-09-30,William Wyler,"Gregory Peck, Jean Simmons, Carroll Baker, Charlton Heston, Burl Ives","Drama,Western,Romance",7.58,/aTjIUBmo7qbiu5FuvSoBA0UONWk.jpg,"James McKay, un capitán naval retirado, llega, desde el Este, a las vastas llanuras de Texas para casarse con Pat Terrill, la hija de un rico ganadero. El choque entre McKay, hombre pacífico y educado, y los violentos y toscos rancheros es inevitable. No sólo tendrá que enfrentarse con el capataz Steve Leech, sino que, incluso su novia se sentirá decepcionada por su comportamiento. Mientras tanto, el padre de Pat y el clan de los Hannassey luchan encarnizadamente por el control del agua para abrevar el ganado.",G
30462,The Comancheros,1961-12-16,Michael Curtiz,"John Wayne, Stuart Whitman, Ina Balin, Nehemiah Persoff, Lee Marvin","Western,Acción",6.675,/awFLQbAuddc9atznFrdFZTeuhRA.jpg,"Jake Cutter, un 'ranger' de Texas, arresta a un jugador llamado Paul Regret para llevarlo a la horca. Pronto, sin embargo, se encontrará haciendo equipo con él en otra difícil misión: acabar con una banda de forajidos que se dedican a proporcionar armas y licores a los comanches.  La última película del legendario cineasta húngaro Michael Curtiz (""Casablanca"") fue este wéstern que dirigió con su habitual energía, sólo un año antes de su fallecimiento y pese a tener ya 75 años. Atención a Lee Marvin en un breve pero intenso papel de villano que le sirvió claramente como inspiración para el de Liberty Valance, que interpretó al año siguiente.",H
28304,The Furies,1950-07-22,Anthony Mann,"Barbara Stanwyck, Wendell Corey, Walter Huston, Judith Anderson, Gilbert Roland","Drama,Western",7.127,/kVlgoW4LWj8Uxr5fXuFi6qhpzP0.jpg,"En el rancho ""Las furias"" viven T. C. Jeffords y sus dos hijos. Clay, que es un buen chico pero sin carácter, y Vance, una mujer ambiciosa aunque justa. El patriarca desea expulsar de sus tierras a una familia de mexicanos, los Herrera, cuyo primogénito es amigo de la infancia de su hija.",J
429,"The Good, the Bad and the Ugly",1966-12-23,Sergio Leone,"Clint Eastwood, Eli Wallach, Lee Van Cleef, Aldo Giuffrè, Luigi Pistilli",Western,8.467,/2VTS3wRO59hPEHiXqMOkGaypJGe.jpg,"Durante la Guerra de Secesión, tres cazadores de recompensas se lanzan a la búsqueda de un tesoro que ninguno de los tres truhanes puede localizar sin la ayuda de los otros dos. Tuco sabe que el tesoro se encuentra en un cementerio, mientras que Joe conoce el nombre inscrito en la tumba que lo esconde. Mientras tanto, Sentenza no duda en matar a mujeres y niños para conseguir su meta. De esta forma, los tres hombres colaboran en apariencia, pero al final intentarán eliminarse mutuamente.",H
27349,The Great Northfield Minnesota Raid,1972-05-12,Philip Kaufman,"Cliff Robertson, Robert Duvall, Luke Askew, R.G. Armstrong, Dana Elcar","Drama,Western",5.565,/i2QM8wbCYWKB0E4wnmgnQwbghDK.jpg,"El 7 de septiembre de 1876, los famosos forajidos Cole Younger y Jesse James atracan el banco de Northfiel, en Minnesota, el más grande al oeste del Mississippi. Pero nada sale según lo previsto. (FILMAFFINITY)",N
17409,The Gunfighter,1950-05-26,Henry King,"Gregory Peck, Helen Westcott, Millard Mitchell, Jean Parker, Karl Malden",Western,7.3,/5696EpyH0tB8DtKvwNGABMRWknX.jpg,"Jimmie Ringo, un legendario pistolero, se siente tan viejo y cansado que está decidido a retirarse y llevar una vida más tranquila como granjero. Sin embargo, sus propósitos tropiezan con la incomprensión y la intolerancia de la sociedad. Aunque ya no será perseguido por la ley, la región está llena de jóvenes pistoleros que desean demostrar que son más rápidos que él para ocupar su lugar y heredar su fama.",J
618162,The Harder They Fall,2021-10-22,Jeymes Samuel,"Jonathan Majors, Idris Elba, Regina King, Zazie Beetz, Delroy Lindo",Western,6.63,/su9WzL7lwUZPhjH6eZByAYFx2US.jpg,"El forajido Nat Love (Jonathan Majors) descubre que su enemigo, Rufus Buck (Idris Elba) ha salido de prisión, por lo que reúne a su banda para perseguir a Rufus y buscar venganza.",J
273248,The Hateful Eight,2015-12-25,Quentin Tarantino,"Samuel L. Jackson, Kurt Russell, Jennifer Jason Leigh, Walton Goggins, Demián Bichir","Drama,Misterio,Western",7.756,/jIywvdPjia2t3eKYbjVTcwBQlG8.jpg,"Seis, ocho o doce años después de la Guerra de Secesión, una diligencia avanza a toda velocidad por el invernal paisaje de Wyoming. Los pasajeros, el cazarrecompensas John Ruth y su fugitiva Daisy Domergue, intentan llegar rápidamente al pueblo de Red Rock, donde Ruth, conocido en estos lares como 'el Verdugo', entregará a Domergue a la justicia. Por el camino, se encuentran con dos desconocidos: el mayor Marquis Warren, un antiguo soldado negro de la Unión convertido en cazarrecompensas de mala reputación, y Chris Mannix, un renegado sureño que afirma ser el nuevo sheriff del pueblo. Como una ventisca está a punto de alcanzarlos, Ruth, Domergue, Warren y Mannix se refugian en la Mercería de Minnie, una parada para diligencias de un puerto de montaña. Cuando llegan al local de Minnie, en lugar de recibirlos su dueña, se topan con cuatro rostros desconocidos.",H
113225,The Last Posse,1953-07-04,Alfred L. Werker,"Broderick Crawford, John Derek, Charles Bickford, Wanda Hendrix, Warner Anderson",Western,6.1,/uXjo1x8jENMytUtusKcQUc1A6jX.jpg,,N
46757,The Last Sunset,1961-06-08,Robert Aldrich,"Rock Hudson, Kirk Douglas, Dorothy Malone, Joseph Cotten, Carol Lynley","Western,Drama",6.808,/ixhQwzGbyG7AYAHgvnwzAIxwMnH.jpg,"Brendan O'Malley, un antiguo pistolero, llega a México para buscar a Belle Breckenridge que resulta estar casada con un borracho. Al mismo tiempo, se prepara para conducir un rebaño a Texas. Tras los pasos de O'Malley va Dana Stribling, un vengativo sheriff que tiene motivos personales para arrestarlo.",J
44921,The Last Wagon,1956-09-21,Delmer Daves,"Richard Widmark, Felicia Farr, Susan Kohner, Tommy Rettig, Stephanie Griffin",Western,6.5,/2FHbwL1RZCeAsBRSBVuxYRj9Mhl.jpg,"Unos colonos sobreviven en un vagón de tren a un ataque de los Apaches gracias a la ayuda del Comanche Tod. A partir de ese momento, sus vidas estarán en manos de este personaje, un hombre blanco que ha pasado gran parte de su vida con los Comanches y que es perseguido por haber cometido tres asesinatos.",H
44766,The Law and Jake Wade,1958-06-06,John Sturges,"Robert Taylor, Richard Widmark, Patricia Owens, Robert Middleton, Henry Silva",Western,6.607,/pbQLht5Wu6gOeJPd04yaG9HEmT8.jpg,"El sheriff Jack Wade (Robert Taylor) salva de la horca a Clint Hollister (Richard Widmarck), un viejo compañero de fechorías. A pesar de ello, su antigua banda, con Clint a la cabeza, no le perdona que huyera con el botín del último golpe y decide enfrentarse a él para recuperarlo.",K
333484,The Magnificent Seven,2016-09-14,Antoine Fuqua,"Denzel Washington, Chris Pratt, Ethan Hawke, Vincent D'Onofrio, Lee Byung-hun","Aventura,Acción,Western",6.482,/ezcS78TIjgr85pVdaPDd2rSPVNs.jpg,"Siete forajidos son contratados por los desesperados habitantes del pueblo de Rose Creek para que les defiendan de la amenaza de un despiadado extorsionador llamado Bartholomew Bogue. Mientras preparan el pueblo para la violenta confrontación que saben se avecina inevitablemente, estos siete mercenarios se encontrarán luchando por algo más que el simple dinero.",N
18264,The Man from Laramie,1955-08-19,Anthony Mann,"James Stewart, Arthur Kennedy, Donald Crisp, Cathy O'Donnell, Alex Nicol","Drama,Western",7.165,/aKMZoZpN0FobSIDAlj5Ixv0kDeT.jpg,"Will Lockhart llega a Coronado, un pueblo aislado situado en New Mexico, en busca de alguien que vende rifles a la tribu apache, y se ve involucrado a su pesar en la enrevesada vida de una familia local de rancheros cuyos miembros parecen tener mucho que ocultar.",J
38808,The Man from the Alamo,1953-08-07,Budd Boetticher,"Glenn Ford, Julie Adams, Chill Wills, Hugh O'Brian, Victor Jory",Western,6.563,/hfbzo1t4hCbK28aXeeGfGSv5aLB.jpg,"Al fuerte de El Álamo, sitiado por las tropas del general Santa Anna, llega el teniente Lamar con un mensaje del general Houston, en el que se ordena a la guarnición resistir a toda costa. El comandante hace saber a los soldados que el que no esté dispuesto a resistir hasta el fin podrá marcharse con toda libertad. John Stroud aprovecha la ocasión para salir de la plaza sitiada.",H
11697,The Man Who Shot Liberty Valance,1962-04-13,John Ford,"John Wayne, James Stewart, Vera Miles, Lee Marvin, Edmond O'Brien",Western,7.8,/4C1R0LEivLjbv3swAzJfzh0tzXl.jpg,"Un anciano senador del Congreso de los Estados Unidos, Ransom Stoddard, relata a un periodista la verdadera historia de por qué ha viajado junto a su mujer Hallie para acudir al funeral de un viejo amigo, Tom Doniphon. Todo comenzó muchos años atrás, cuando Ransom era un joven abogado del este que llegó en diligencia a Shinbone, un pequeño pueblo del Oeste, para ejercer la abogacía e imponer la ley. Poco antes de llegar a su destino, es atracado y golpeado brutalmente por el temido pistolero Liberty Valance.",N
10747,The Outlaw Josey Wales,1976-06-30,Clint Eastwood,"Clint Eastwood, Chief Dan George, Sondra Locke, Bill McKinney, John Vernon",Western,7.4,/92BZIFPbyCPNhExyFScxA3xF1dy.jpg,"A punto de finalizar la Guerra de Secesión, un grupo de unionistas, liderados por el sádico capitán Terrill, asesina a la familia de un granjero llamado Joseph Wales. Movido por el odio y el deseo de venganza, se une a un grupo de rebeldes. Poco después, finaliza la contienda, el ejército de la Unión ofrece la amnistía a todas las guerrillas y sus compañeros aceptan. La rabia y el dolor siguen vivos dentro de Wales, y no se rendirá tan fácilmente.",M
600583,The Power of the Dog,2021-10-25,Jane Campion,"Benedict Cumberbatch, Kodi Smit-McPhee, Kirsten Dunst, Jesse Plemons, Thomasin McKenzie","Drama,Western",6.743,/kEy48iCzGnp0ao1cZbNeWR6yIhC.jpg,"Los acaudalados hermanos Phil y George Burbank son las dos caras de la misma moneda. Phil es elegante, genial y cruel, mientras George es impasible, quisquilloso y amable. Juntos son copropietarios de un enorme rancho en Montana. Es un lugar donde la rápida modernización del siglo XX se mantiene y en el que la figura de Bronco Henry, el mayor cowboy que Phil ha conocido jamás, es venerado. Cuando George se casa en secreto con Rose, una viuda del pueblo, Phil, sorprendido y furioso, lleva a cabo una guerra sádica e implacable para destruirla por completo usando a su afeminado hijo, Peter, como peón.",J
22383,The Professionals,1966-11-01,Richard Brooks,"Burt Lancaster, Lee Marvin, Robert Ryan, Woody Strode, Jack Palance","Western,Aventura,Acción",7.091,/sH4Clw7QrtH23xl9o4sOpHNkRIz.jpg,"Grant, un ranchero cuyas propiedades lindan con la frontera de México, contrata a cuatro aventureros para que penetren en territorio de la nación vecina. El objetivo es rescatar a sus esposa, raptada por el líder de un grupo revolucionario. Los mercenarios aceptan el trato, pero pronto descubren que hay gato encerrado.  Un impecable wéstern de acción ambientado en el México de 1917 y soberbiamente interpretado por una envidiable colección de duros clásicos de Hollywood, como Lee Marvin, Burt Lancaster, Robert Ryan y Jack Palance. Dirigido por Richard Brooks (""Lord Jim""), fue candidato a los premios Óscar a mejor director, guion adaptado y fotografía en color.",M
107625,The Proud Ones,1956-05-15,Robert D. Webb,"Robert Ryan, Virginia Mayo, Jeffrey Hunter, Robert Middleton, Walter Brennan",Western,6.458,/zLmmAfWiCf4XSov9YYtzEsuh95W.jpg,"Hacia 1870, el ferrocarril llega por fin a Flat Rock, un pueblo de Kansas. El sheriff (Robert Ryan), un hombre honrado y valiente, tendrá que enfrentarse por segunda vez a John Barrett, un individuo ambicioso y sin escrúpulos que vive rodeado de tahúres y pistoleros.",M
12106,The Quick and the Dead,1995-02-09,Sam Raimi,"Sharon Stone, Gene Hackman, Russell Crowe, Leonardo DiCaprio, Tobin Bell","Western,Acción,Drama,Romance,Suspense",6.5,/jhEmrXJpP6F3cqwyLjvgBgxxxFA.jpg,"Ellen, una bella y misteriosa extranjera, llega a una pequeña ciudad del Oeste y se inscribe en una peligrosa competición en la que pistoleros procedentes de todas partes arriesgan sus vidas a cambio de fama y dinero. Los motivos de Ellen son muy distintos: quiere vengarse de Herod, un hombre sin escrúpulos que domina la ciudad, por el daño que le hizo a su familia en otros tiempos.",K
32068,The Scalphunters,1968-02-29,Sydney Pollack,"Burt Lancaster, Shelley Winters, Telly Savalas, Ossie Davis, Dabney Coleman","Comedia,Western",6.392,/m82aMr1Pcqt5t0cpSCwq5REdajY.jpg,"El trampero Joe se dirige a la ciudad con todas sus ganancias de pieles del último invierno. Sin embargo, un grupo de indios lo detiene y se lleva todas sus pieles, dejándolo como el esclavo escapado Joseph. Pero Joe no tiene ningún uso para Joseph y está decidido a recuperar su propiedad y los sigue. Antes de que pueda hacer algo, los indios son asaltados por un grupo de cazadores de escamas bajo el codicioso Howie. No solo las pieles, sino también Joseph cae en sus manos. Ahora Joe los sigue solos e intenta engañar al grupo superior numérico de sus pieles.",K
3114,The Searchers,1956-05-16,John Ford,"John Wayne, Jeffrey Hunter, Vera Miles, Ward Bond, Natalie Wood",Western,7.7,/jLBmgW0epNzJ1N9uzaVCjbyT94v.jpg,"Texas. En 1868, tres años después de la guerra de Secesión, Ethan Edwards, un hombre solitario, vuelve derrotado a su hogar. La persecución de los comanches que han raptado a una de sus sobrinas se convertirá en un modo de vida para él y para Martin, un muchacho mestizo adoptado por su familia.",G
12584,The Shootist,1976-07-21,Don Siegel,"John Wayne, Lauren Bacall, Ron Howard, James Stewart, Richard Boone",Western,7.05,/3FBCNDeffuKZQzuXnnFyNNip9AN.jpg,"John Bernard Books, un legendario pistolero que debe su fama a la captura de unos forajidos a los que nadie conseguía dar caza, decide regresar a su ciudad natal para vivir en paz lo que le quede de vida. Sin embargo, no tendrá más remedio que saldar una cuenta pendiente con tres bandidos. Fue el último largometraje protagonizado por John Wayne.",J
440161,The Sisters Brothers,2018-09-19,Jacques Audiard,"John C. Reilly, Joaquin Phoenix, Jake Gyllenhaal, Riz Ahmed, Rebecca Root","Western,Drama,Comedia",6.835,/wTgomqYRTXT3BXQScnIo8uHDyWC.jpg,"1850. Los hermanos Charlie y Eli Sisters viven en un mundo salvaje y hostil, en plena fiebre del oro. Tienen las manos manchadas de sangre, tanto de criminales como de personas inocentes. No tienen escrúpulos a la hora de matar. Es su trabajo. Charlie, el hermano pequeño, nació para matar. Eli, sin embargo, sueña con llevar una vida normal. Ambos son contratados por el Comodoro para encontrar y matar a Hermann Kermit Warm, un buscador de oro. De Oregón a California arranca una caza despiadada, un viaje que pondrá a prueba el demencial vínculo entre los dos hermanos.",K
16211,The Sons of Katie Elder,1965-06-23,Henry Hathaway,"John Wayne, Dean Martin, Martha Hyer, Michael Anderson Jr., Earl Holliman",Western,7.045,/n6ox5IniBxxx6ISTol5pm36WoFr.jpg,"Tras muchos años de ausencia, los tres hijos mayores de Katie Elder regresan a su pueblo natal para asistir al funeral de su madre. Pronto averiguarán que su padre murió asesinado después de perder su rancho en una partida de cartas. A partir de ese momento, no descansarán hasta encontrar al asesino y recuperar sus propiedades.",O
43253,The Tall T,1957-04-02,Budd Boetticher,"Randolph Scott, Richard Boone, Maureen O'Sullivan, Arthur Hunnicutt, Skip Homeier",Western,7.0,/nTVZAsEOkibDyuNlyuExKpwOdfH.jpg,"Pat Brennan es un veterano vaquero que ha decidido establecerse por su cuenta en una granja. Un día se cruza con la diligencia que conduce su amigo Ed
30054,The Tin Star,1957-11-06,Anthony Mann,"Henry Fonda, Anthony Perkins, Betsy Palmer, Michel Ray, Neville Brand",Western,7.014,/tQQFO3ANmBlku8ZtSuyi0rUwHhG.jpg,"Un antiguo sheriff (Henry Fonda), que se ha convertido en cazador de recompensas, llega a un conflictivo pueblo, donde no es bien recibido. Después de conocer al joven e indeciso sheriff (Anthony Perkins), intenta ayudarlo a resolver los problemas que tiene pendientes.",N
76094,The Trail of the Lonesome Pine,1936-03-13,Henry Hathaway,"Fred MacMurray, Sylvia Sidney, Henry Fonda, Fred Stone, Nigel Bruce","Aventura,Drama,Romance",6.5,/6x9MA5AAfGYuRLCDT8d2dogYtC4.jpg,"En un valle perdido entre las montañas, viven los Tolliver y los Falin, dos familias enemistadas que mantienen durante generaciones una guerra abierta e incesante. Se trata de un odio atávico, heredado, sin que ninguna de las partes conozca ni remotamente el oscuro motivo que originó la sangrienta confrontación.",J
27277,The War Wagon,1967-05-26,Burt Kennedy,"John Wayne, Kirk Douglas, Howard Keel, Robert Walker Jr., Keenan Wynn","Western,Acción,Crimen",6.832,/wGSv9mfHocleVwH4Q8d38SkwQP.jpg,"Taw Jackson, un preso que disfruta de libertad provisional, quiere aprovechar la ocasión para vengarse de Frank Pierce, el hombre que unos años antes, le tendió una trampa que lo condujo a la cárcel. El objetivo de Pierce era quedarse con la finca de Jackson, en la que se había descubierto un filón de oro. Pero Jackson está decidido a desbaratar los planes de su enemigo.",K
14710,The Westerner,1940-09-18,William Wyler,"Gary Cooper, Walter Brennan, Doris Davenport, Fred Stone, Forrest Tucker",Western,7.1,/5DpDg1GYiqAKoCozbunCqPYvRPD.jpg,"Texas, 1880, años agitados tras la Guerra Civil estadounidense. El famoso juez Roy Bean (Walter Brennan), caprichoso y de singular moralidad, cabecilla de los ganaderos, y autodenominado ""la única ley al oeste de Pecos"", acusa falsamente a un forastero llamado Cole Harden (Gary Cooper) de robar un caballo. Condenado a la horca tras el juicio, Cole Harden ideará un plan para librarse de la muerte: el juez siente una tremenda admiración por una famosa actriz a la que el sentenciado a muerte dice conocer.",K
576,The Wild Bunch,1969-06-19,Sam Peckinpah,"William Holden, Ernest Borgnine, Robert Ryan, Jaime Sánchez, Warren Oates",Western,7.587,/8j9yEC3xjy1PJDSizIbaxcHaSph.jpg,"Un grupo de veteranos atracadores de bancos, desarraigados ladrones que viven al margen de la ley y que actúan en la frontera entre los Estados Unidos y México, se ven acorralados por unos cazadores de recompensas y el ejército mexicano.",H
27172,There Was a Crooked Man...,1970-09-18,Joseph L. Mankiewicz,"Kirk Douglas, Henry Fonda, Hume Cronyn, Warren Oates, Burgess Meredith",Western,6.8,/qHGNCWJiOOnmbF8tfVXdkFmQZWD.jpg,"Año 1883. Un grupo de condenados ingresa en la prisión federal de Arizona. Entre ellos está Paris Pitman (Kirk Douglas), un hombre que ha enterrado un botín de medio millón de dólares en el desierto y vive con la obsesión de fugarse para recuperarlos. Con este fin trata de convencer a varios presos para que lo secunden y, al mismo tiempo, intenta ganarse la confianza del nuevo alcaide (Henry Fonda).",J
11969,Tombstone,1993-12-25,George P. Cosmatos,"Kurt Russell, Val Kilmer, Michael Biehn, Powers Boothe, Robert John Burke","Western,Acción",7.577,/wGFCvylul8iEQhJOKfwZGGvXMzA.jpg,"En 1879 y tras la sangrienta Guerra Civil norteamericana, mucha gente emigró hacia el oeste del país en busca de prosperidad y fortuna. entre ellos, Wyatt Earp, un hombre de la ley que había abandonado la placa y la pistola para formar una familia, o John ""Doc""Hollyday, un ex caballero del sur reconvertido en pistolero y jugador.",M
44264,True Grit,2010-12-22,Joel Coen,"Jeff Bridges, Hailee Steinfeld, Matt Damon, Josh Brolin, Barry Pepper","Drama,Aventura,Western",7.304,/tCrB8pcjadZjsDk7rleGJaIv78k.jpg,"Después del asesinato de su padre por Tom Chaney, Mattie Ross, una chica de catorce años firmemente decidida a hacer justicia, contrata los servicios del veterano sheriff Rooster Cogburn, un borracho de gatillo fácil. Ambos perseguirán al criminal hasta territorio indio e intentarán atraparlo antes de que lo haga LaBoeuf, un ranger de Texas, cuya misión es llevarlo consigo para que sea juzgado por el asesinato de otro hombre... Nueva adaptación de la novela de Charles Portis, que ya había llevado al cine Henry Hathaway (True Grit, 1969) con John Wayne como protagonista",M
11916,Two Mules for Sister Sara,1970-03-02,Don Siegel,"Shirley MacLaine, Clint Eastwood, Manolo Fábregas, Alberto Morin, Armando Silvestre","Western,Aventura,Romance",6.957,/2G9eM8UAM57TanLBhuPmz3jaNZG.jpg,"En México ha estallado la guerra entre los seguidores de Juárez y las tropas francesas del emperador Maximiliano de Austria. Hogan, un duro mercenario, salva a una monja del ataque de unos malhechores. Juntos emprenden un accidentado viaje en el que, a pesar de sus diferencias, quedará de manifiesto que tienen mucho en común.",H
137113,Edge of Tomorrow,2014-05-27,Doug Liman,"Tom Cruise, Emily Blunt, Brendan Gleeson, Bill Paxton, Jonas Armstrong","Acción,Ciencia ficción",7.634,/nBM9MMa2WCwvMG4IJ3eiGUdbPe6.jpg,"En un futuro no muy lejano, invade la Tierra una raza de extraterrestres invencibles. Al comandante William Cage, un oficial que nunca ha entrado en combate, le encargan una misión casi suicida y resulta muerto. Entra entonces en un bucle temporal, en el que se ve obligado a luchar y morir una y otra vez. Pero las múltiples batallas que libra lo hacen cada vez más hábil y eficaz en su lucha contra los alienígenas. Su compañera de combate es Rita Vrataski, una guerrera de las Fuerzas Especiales. Adaptación del manga de Hiroshi Sakurazaka.",G O
9367,El Mariachi,1993-02-22,Robert Rodriguez,"Carlos Gallardo, Consuelo Gómez, Jaime de Hoyos, Peter Marquardt, Reinol Martinez","Acción,Crimen,Suspense,Western",6.743,/aKmDrnJRs1ikWVD0tvyZ8FOFiNg.jpg,"Un joven mariachi que se gana la vida actuando en diferentes lugares llega a un pueblo de la frontera mexicana al mismo tiempo que un peligroso matón, cuya misión es asesinar al amo del lugar.",K
247182,The Kid,2014-08-29,Daniel Monzón,"Jesús Castro, Bárbara Lennie, Moussa Maaskri, Ian McShane, Luis Tosar","Drama,Suspense",6.461,/cOSAcaVdqQoyX7VDigjAy94mMaO.jpg,"Gibraltar, el Estrecho. Apenas 15 kilómetros que separan al continente europeo de África. El lugar idóneo para hacerse de oro o morir en el intento atrapado por las olas. La tarea no es fácil, pues la recompensa no se recibe hasta conseguir hacer llegar la lancha con hachís a la otra orilla, esquivando por supuesto, todos los controles policiales aéreos y marítimos. ""El niño"" y ""El Compi"" saben que el mundo del narcotráfico da mucho dinero y esta es su oportunidad para iniciarse. Llevan toda la vida viviendo de ello, pero es hora de montar su propio negocio.",H
609242,The Heist of the Century,2020-01-16,Ariel Winograd,"Guillermo Francella, Diego Peretti, Luis Luque, Pablo Rago, Rafael Ferro","Comedia,Suspense,Crimen",7.733,/acQ5lwnQGwre8n3m8JzTTcNKc5h.jpg,"Viernes 13 de enero de 2006. Los francotiradores del Grupo Halcón están a la espera de una orden. Miguel Sileo, el negociador, deja diluir las esperanzas de que Vitette, uno de los líderes de la banda de ladrones que entró a la sucursal del Banco Río de Acassuso de señales de vida. El grupo Halcón recibe la orden y entra: se encuentran con lo inesperado. Armas de juguete y una veintena de rehenes asustados los esperan dentro
68724,Elysium,2013-08-07,Neill Blomkamp,"Matt Damon, Jodie Foster, Sharlto Copley, Diego Luna, Wagner Moura","Ciencia ficción,Acción,Drama,Suspense",6.513,/uiiXHBd9oUrtUa4YqZiAoy05cRz.jpg,"En el año 2159 existen dos clases de personas, los ricos que viven en una estación espacial llamada Elysium, y el resto, que viven en un superpoblada y en ruinas Tierra. La secretaria Rhodes, una dura gobernante oficial, no parará ante nada para reforzar la ley anti-migración y preservar así el lujoso estilo de vida de los ciudadanos de Elysium. Pero eso no detendrá a las personas de la Tierra de intentar entrar, por cualquier medio posible. Max acepta una misión casi utópica, pero que, si tuviera éxito, significaría la conquista de la igualdad entre las personas de esos dos mundos tan opuestos.",G
715931,Emancipation,2022-12-02,Antoine Fuqua,"Will Smith, Ben Foster, Charmaine Bingwa, Gilbert Owuor, Ronnie Gene Blevins","Drama,Bélica,Historia",7.755,/s9sUK1vAaOcxJfKzNTszrNkPhkH.jpg,"Inspirada en la conmovedora historia real de un hombre dispuesto a cualquier cosa por su familia, y por la libertad. Cuando Peter, un hombre esclavizado, arriesga su vida por escapar y regresar con su familia, se embarca en una peligrosa travesía de amor y resiliencia.",N
853,Enemy at the Gates,2001-02-28,Jean-Jacques Annaud,"Jude Law, Joseph Fiennes, Rachel Weisz, Ed Harris, Bob Hoskins","Bélica,Historia",7.415,/cHRAbVdsCWFaQrswRsBP7Bn255W.jpg,"Mientras los ejércitos de Alemania y la Unión Soviética luchan encarnizadamente y el mundo espera con ansiedad el desenlace de la batalla de Stalingrado, un francotirador ruso, Vassili Zaitsev, persevera en la empresa de eliminar a sus enemigos uno por uno. Modesto y reservado, Vassili es un hombre corriente que simplemente cumple con su deber con una destreza extraordinaria. Danilov -el oficial encargado de la propaganda soviética- se da cuenta del enorme valor de este antiguo campesino, y convierte al sencillo pastor de los Urales en un héroe nacional",M
9461,Enter the Dragon,1973-08-17,Robert Clouse,"Bruce Lee, John Saxon, Jim Kelly, 石堅, Ahna Capri",Acción,7.418,/fyrh2ULEcmLpGTVLPQqFW45hqr5.jpg,"Un joven, experto en artes marciales, es reclutado por el servicio de inteligencia inglés. Su misión es viajar a Hong Kong y desenmascarar las fraudulentas actividades de un hombre de negocios.",K
107846,Escape Plan,2013-10-09,Mikael Håfström,"Sylvester Stallone, Arnold Schwarzenegger, Jim Caviezel, 50 Cent, Sam Neill","Acción,Suspense",6.722,/qOZPLflxDqKogu9v9hYw3lolxGs.jpg,"Cuando un experto en seguridad se encuentra encarcelado en la prisión más secreta y segura del mundo, tiene que utilizar sus habilidades para escapar con ayuda desde el interior.",G
28981,Escape to Athena,1979-05-21,George P. Cosmatos,"Roger Moore, Telly Savalas, David Niven, Stefanie Powers, Claudia Cardinale","Aventura,Comedia,Bélica",5.692,/c4SeQMQnc2eIpQgDTnLRNg0d6iR.jpg,"Grecia, Segunda Guerra Mundial (1939-1945). Con la ayuda de Zeno, el líder de la resistencia griega, un grupo de prisioneros planea escapar del campo que dirige el Mayor Otto Hecht, un militar alemán que no simpatiza con el nazismo. El objetivo del grupo no es sólo alcanzar la libertad, sino también apoderarse de un tesoro constituido por reliquias de la antigua Grecia que los nazis esconden en un recóndito monasterio.",J
545611,Everything Everywhere All at Once,2022-03-24,Daniel Scheinert,"Michelle Yeoh, Stephanie Hsu, Ke Huy Quan, James Hong, Jamie Lee Curtis","Acción,Aventura,Ciencia ficción",7.723,/u68AjlvlutfEIcpmbYpKcdi09ut.jpg,"Cuando una ruptura interdimensional altera la realidad, Evelyn, una inmigrante china en Estados Unidos, se ve envuelta en una aventura salvaje en la que sólo ella puede salvar el mundo. Perdida en los mundos infinitos del multiverso, esta heroína inesperada debe canalizar sus nuevos poderes para luchar contra los extraños y desconcertantes peligros del multiverso mientras el destino del mundo pende de un hilo.",M
545609,Extraction,2020-04-23,Sam Hargrave,"Chris Hemsworth, Rudhraksh Jaiswal, Randeep Hooda, گلشیفته فراهانی, Pankaj Tripathi","Acción,Suspense",7.294,/nygOUcBKPHFTbxsYRFZVePqgPK6.jpg,"Tyler Rake, un intrépido mercenario que ofrece sus servicios en el mercado negro, emprende una peligrosa misión cuando es contratado para rescatar al hijo secuestrado de un señor del crimen de Bombay.",K
697843,Extraction 2,2023-06-09,Sam Hargrave,"Chris Hemsworth, گلشیفته فراهانی, Adam Bessa, თორნიკე გოგრიჭიანი, თორნიკე ბზიავა","Acción,Suspense,Crimen",7.4,/7gKI9hpEMcZUQpNgKrkDzJpbnNS.jpg,"Tras haber estado al borde de la muerte, el agente de élite Tyler Rake emprende una misión de alto riesgo: sacar de la cárcel a la familia de un despiadado gánster.",O
168259,Furious 7,2015-04-01,James Wan,"Vin Diesel, Paul Walker, Dwayne Johnson, Michelle Rodríguez, Tyrese Gibson","Acción,Crimen,Suspense",7.218,/ktofZ9Htrjiy0P6LEowsDaxd3Ri.jpg,"Ha pasado un año desde que el equipo de Dominic Torreto y Brian pudiera regresar finalmente a Estados Unidos, tras ser indultados. Desean adaptarse a una vida en la legalidad, pero el entorno ya no es el mismo. Dom intenta acercarse a Letty, y Brian lucha para acostumbrarse a la vida en una urbanización con Mia y su hijo. Ninguno de ellos imagina que un frío asesino británico, entrenado para realizar operaciones secretas, se cruzará en sus vidas para convertirse en su mayor enemigo.",N H
13804,Fast & Furious,2009-04-02,Justin Lin,"Vin Diesel, Paul Walker, Michelle Rodríguez, Jordana Brewster, John Ortiz","Acción,Crimen,Drama,Suspense",6.69,/lUtVoRukW7WNtUySwd8hWlByBds.jpg,"El fugitivo Dom Toretto y el detective Brian O’Conner vuelven a encontrarse en Los Ángeles, pero sus relaciones no mejoran. Sin embargo, obligados a enfrentarse a un enemigo común, no les queda más remedio que unir sus fuerzas si quieren vencerlo. Después del atraco a un convoy, los dos protagonistas averiguan que si quieren vengarse, deberán llegar al límite de sus posibilidades al volante.",N I
82992,Fast & Furious 6,2013-05-21,Justin Lin,"Vin Diesel, Paul Walker, Dwayne Johnson, Jordana Brewster, Michelle Rodríguez","Acción,Suspense,Crimen",6.814,/thSmnRdrzPBBospIOJjLZBReqzo.jpg,"Desde que Dom y Brian destruyeron el imperio de un mafioso y se hicieron con cien millones de dólares, se encuentran en paradero desconocido
385128,F9,2021-05-19,Justin Lin,"Vin Diesel, Michelle Rodríguez, Tyrese Gibson, Ludacris, John Cena","Acción,Aventura,Crimen",7.016,/deEmLILTPejEb6OGsXRJ5MCvyDW.jpg,"Dom Toretto lleva una vida tranquila con Letty y su hijo, el pequeño Brian, pero saben que el peligro siempre acecha. Esta vez, esa amenaza obligará a Dom a enfrentarse a los pecados de su pasado si quiere salvar a quienes más quiere. El equipo se vuelve a reunir para impedir un complot a escala mundial, liderado por uno de los asesinos más peligrosos y mejor conductor a los que se han enfrentado
384018,Fast & Furious Presents: Hobbs & Shaw,2019-07-31,David Leitch,"Dwayne Johnson, Jason Statham, Idris Elba, Vanessa Kirby, Helen Mirren","Acción,Aventura,Comedia",6.836,/qRyy2UmjC5ur9bDi3kpNNRCc5nc.jpg,"Desde que Hobbs, agente del Servicio de Seguridad Diplomática de Estados Unidos, y el británico Shaw, proscrito sin ley, se enfrentaron por primera vez, solo han intercambiado bofetadas y malas palabras. Pero cuando las despiadadas acciones de Brixton, un anarquista cibergenéticamente mejorado, amenazan el futuro de la humanidad, ambos se unen para derrotarlo.",K N
51497,Fast Five,2011-04-20,Justin Lin,"Vin Diesel, Paul Walker, Jordana Brewster, Tyrese Gibson, Ludacris","Acción,Suspense,Crimen",7.239,/gEfQjjQwY7fh5bI4GlG0RrBu7Pz.jpg,"Desde que Brian O'Conner y Mia Toretto sacaron a Dom Toretto de la cárcel, se han visto obligados a huir y cruzar muchas fronteras para evitar a la policía. Atrapados en Río de Janeiro, una vez más tienen que darse a la fuga si quieren conservar la libertad. Pero los tres saben muy bien que la única posibilidad que tienen de poner fin a esta situación es enfrentarse de una vez por todas al empresario corrupto que quiere verlos muertos. Pero éste no es el único que les sigue la pista.",N G
385687,Fast X,2023-05-17,Louis Leterrier,"Vin Diesel, Michelle Rodríguez, Tyrese Gibson, Ludacris, John Cena","Acción,Crimen,Suspense",7.003,/fiVW06jE7z9YnO4trhaMEdclSiC.jpg,"Durante numerosas misiones más que imposibles, Dom Toretto y su familia han sido capaces de ser más listos, de tener más valor y de ir más rápido que cualquier enemigo que se cruzara con ellos. Pero ahora tendrán que enfrentarse al oponente más letal que jamás hayan conocido: Un terrible peligro que resurge del pasado, que se mueve por una sangrienta sed de venganza y que está dispuesto a destrozar a la familia y destruir para siempre todo lo que a Dom le importa.",N
602211,Fatman,2020-10-19,Eshom Nelms,"Mel Gibson, Walton Goggins, Marianne Jean-Baptiste, Chance Hurstfield, Susanne Sutchy","Acción,Fantasía,Comedia",5.587,/4n8QNNdk4BOX9Dslfbz5Dy6j1HK.jpg,"Un Papá Noel ruidoso y poco ortodoxo está luchando para salvar su negocio en decadencia. Mientras tanto, Billy, un niño precoz y descuidado de 12 años, contrata a un sicario para que mate a Santa después de recibir un trozo de carbón en su calcetín.",J
46875,Fixed Bayonets!,1951-11-21,Samuel Fuller,"Richard Basehart, Gene Evans, Michael O'Shea, Richard Hylton, Craig Hill","Bélica,Drama,Acción",6.472,/hw5blc9tACbkxKGhR20lxULuipV.jpg,"Apasionante película bélica dirigida y escrita por Samuel Fuller y que supuso la primera aparición de James Dean en la gran pantalla. Narra la historia de un pelotón durante la Guerra de Corea.  En medio del conflicto, el Cabo Denno (Richard Basehart) debe hacerse cargo del comando debido a las sucesivas muertes en combate de los oficiales superiores.",M
17339,Force 10 from Navarone,1978-08-16,Guy Hamilton,"Robert Shaw, Harrison Ford, Barbara Bach, Edward Fox, Franco Nero","Drama,Aventura,Bélica",6.215,/3bFRwivCZuXx7fHWt4SpYaiHkNL.jpg,"Segunda Guerra Mundial, 1943. Mallory y Miller, los héroes que destruyeron los cañones de Navarone, son enviados a Yugoslavia en busca de un fantasma del pasado.",H
619592,Force of Nature,2020-07-02,Michael Polish,"Mel Gibson, Emile Hirsch, Kate Bosworth, David Zayas, Stephanie Cayo","Acción,Aventura,Crimen,Suspense",5.165,/ucktgbaMSaETUDLUBp1ubGD6aNj.jpg,Una banda de ladrones planea un atraco durante un huracán y se encuentra con problemas cuando un policía en desgracia intenta obligar a todos en el edificio a evacuar.,K
550988,Free Guy,2021-08-11,Shawn Levy,"Ryan Reynolds, Jodie Comer, Lil Rel Howery, Joe Keery, Utkarsh Ambudkar","Comedia,Aventura,Ciencia ficción",7.455,/dxraF0qPr1OEgJk17ltQTO84kQF.jpg,"Guy trabaja como cajero de un banco, y es un tipo alegre y solitario al que nada la amarga el día. Incluso si le utilizan como rehén durante un atraco a su banco, él sigue sonriendo como si nada. Pero un día se da cuenta de que Free City no es exactamente la ciudad que él creía. Guy va a descubrir que en realidad es un personaje no jugable dentro de un brutal videojuego.",J
316152,Free State of Jones,2016-06-24,Gary Ross,"Matthew McConaughey, Gugu Mbatha-Raw, Mahershala Ali, Keri Russell, Jacob Lofland","Acción,Drama,Historia,Bélica",6.768,/fTB6p9QwPRKIuK5LtB5CZXlkx5b.jpg,"Narra la historia real del granjero sureño New Knight y su extraordinaria revuelta armada contra el Ejército Confederado durante la Guerra de Secesión americana. Harto de luchar por los intereses de los más ricos, Knight desertó, se alió con otros pequeños granjeros y con la ayuda de los esclavos locales, lideró un levantamiento que llevó al Condado de Jones en Mississippi a independizarse creando el Estado Libre de Jones. Su matrimonio con una antigua esclava, Rachel, y su posterior construcción de una comunidad interracial, distinguieron a New Knight como una luchadora y controvertida figura en el contexto de la Guerra Civil americana.",M
755,From Dusk Till Dawn,1996-01-19,Robert Rodriguez,"George Clooney, Quentin Tarantino, Harvey Keitel, Juliette Lewis, Ernest Liu","Terror,Acción,Suspense,Crimen",7.037,/sV3kIAmvJ9tPz4Lq5fuf9LLMxte.jpg,"Los hermanos Gecko, Seth y Richard, dos peligrosos criminales, se dirigen a la frontera de México escapando de la policia. En su huida utilizarán la caravana de la familia Fuller, tomando al pastor Jacob y a sus dos hijos como rehenes. Los cinco viajeros,llegan hasta el Titty Twister, un siniestro local donde espera el contacto de los hemanos Gecko.",K P
786892,Furiosa: A Mad Max Saga,2024-05-22,George Miller,"Anya Taylor-Joy, Chris Hemsworth, Tom Burke, Alyla Browne, George Shevtsov","Acción,Ciencia ficción,Aventura",7.453,/iADOJ8Zymht2JPMoy3R7xceZprc.jpg,"En un mundo postapocalíptico donde todo ha perdido su valor, los pocos supervivientes se guían por la ley del más fuerte. Sin aprecio por la vida, lo único que despierta un brutal interés es la gasolina, sinónimo de poder y objetivo de bandas armadas hasta los dientes y sin escrúpulos. En este contexto conoceremos la  historia de la arrebatadoramente despiadada, salvaje y joven Furiosa, quien cae en manos de una horda de motoristas y debe sobrevivir a muchas pruebas mientras reúne los medios para encontrar el camino de vuelta a casa. Precuela de 'Mad Max: Furia en la carretera' (2015).",O
3131,Gangs of New York,2002-12-14,Martin Scorsese,"Leonardo DiCaprio, Daniel Day-Lewis, Cameron Diaz, Jim Broadbent, John C. Reilly","Drama,Historia,Crimen",7.314,/lemqKtcCuAano5aqrzxYiKC8kkn.jpg,"New York City, 1863. Antes de la ciudad que conocemos hoy, llena de riqueza, poder y sueños infinitos, New York era un lugar diferente, una ciudad naciente donde el deseo por una vida mejor enfurecía a su gente y generaba violencia en las calles. Mientras la superviviencia del país se debatía en la Guerra Civil, un vasto y peligroso grupo de personas crecía en el bajo mundo. Pero en la joven y naciente ciudad, llegaba el momento de luchar contra los despiadados, contra la intolerancia y el miedo. Había llegado el momento del extraordinario valor de aquellos que impulsaron al borde de la lucha la libertad de futuras generaciones.",J
453405,Gemini Man,2019-10-02,Ang Lee,"Will Smith, Mary Elizabeth Winstead, Clive Owen, Benedict Wong, Douglas Hodge","Ciencia ficción,Acción,Aventura,Suspense",6.268,/cT5m5m9X6hNbUrx7kUTsedAMivW.jpg,"Henry Bogan, un asesino a sueldo, pretende retirarse porque se siente viejo. Sin embargo, hay alguien que no está dispuesto a permitírselo porque tiene la misión de matarlo: un clon suyo más joven, más rápido y más fuerte.",K
98,Gladiator,2000-05-04,Ridley Scott,"Russell Crowe, Joaquin Phoenix, Connie Nielsen, Oliver Reed, Richard Harris","Acción,Drama,Aventura",8.222,/ty8TGRuvJLPUmAR1H1nRIsgwvim.jpg,"En el año 180, el Imperio Romano domina todo el mundo conocido. Tras una gran victoria sobre los bárbaros del norte, el anciano emperador Marco Aurelio decide transferir el poder a Máximo, bravo general de sus ejércitos y hombre de inquebrantable lealtad al imperio. Pero su hijo Cómodo, que aspiraba al trono, no lo acepta y trata de asesinar a Máximo.",N
558449,Gladiator II,2024-11-13,Ridley Scott,"Paul Mescal, Denzel Washington, Pedro Pascal, Connie Nielsen, Joseph Quinn","Acción,Aventura,Drama",6.629,/2cxhvwyEwRlysAmRH4iodkvo0z5.jpg,"Dieciséis años después de la muerte de Marco Aurelio, Roma está gobernada por los despiadados emperadores gemelos Geta y Caracalla. El nieto de Aurelio, Lucio Vero, vive bajo el seudónimo de Hanno con su esposa Arishat en el reino norteafricano de Numidia. El ejército romano dirigido por el general Acacio invade y conquista el reino, esclavizando a Lucio junto con otros supervivientes. Los esclavos son llevados a Ostia, donde Lucio es comprado por el maestro de cuadra Macrinus, que le promete la oportunidad de vengarse matando a Acacio si gana suficientes combates para llegar al Coliseo.",P
450465,Glass,2019-01-16,M. Night Shyamalan,"James McAvoy, Bruce Willis, Samuel L. Jackson, Sarah Paulson, Anya Taylor-Joy","Suspense,Drama,Ciencia ficción",6.664,/svIDTNUoajS8dLEo7EosxvyAsgJ.jpg,"Cristal sigue los pasos de David Dunn en su búsqueda de la figura superhumana de La Bestia. En la sombra, Elijah Price parece emerger como una figura clave que conoce los secretos de ambos.",K
18837,Macross Plus: The Movie,1995-10-06,Shoji Kawamori,"Takumi Yamazaki, Unsho Ishizuka, Rica Fukami, 兵藤まこ, Kenji Utsumi","Acción,Aventura,Animación,Ciencia ficción",7.1,/dXGEkp6QVPRV6tCQJrgi34rubsg.jpg,"Recuerda 2040 d.C. - Han pasado treinta años desde que la batalla entre la Tierra y las fuerzas Zentraedi cambió la vida de ambas razas. En el planeta Eden, se está llevando a cabo un proyecto de alto secreto conocido como 'Supernova' para determinar el luchador variable de próxima generación de U.N. Spacy. Competir para ganar la financiación es el YF-19 de Shinsei Industries y el YF-21 de General Galaxy. Pilotando el YF-21 está Guld Goa Bowman, mitad humano, mitad Zentraedi. Shinsei recibe a su nuevo piloto de pruebas en la forma del rebelde piloto de combate Isamu Dyson, quien una vez fue amigo de Guld. Mientras tanto, mientras Isamu y Guld luchan furiosamente para ver cuál de sus luchadores es superior, una Idol Virturoid llamada Sharon Apple realizará su concierto debut en Eden. A cargo de Sharon está el productor Myung Fang Lone, otro ex amigo de Isamu y Guld. Cuando los tres se encuentran, viejas disputas surgen de un pasado turbulento.",N
373571,Godzilla: King of the Monsters,2019-05-29,Michael Dougherty,"Kyle Chandler, Vera Farmiga, Millie Bobby Brown, Ken Watanabe, 章子怡","Ciencia ficción,Acción",6.686,/mzOHg7Q5q9yUmY0b9Esu8Qe6Nnm.jpg,"Los criptozoólogos de la agencia Monarch se enfrentan a un grupo de enormes monstruos: Godzilla, Mothra, Rodan y el enemigo de la humanidad, King Ghidorah. Estas ancianas criaturas harán todo lo posible por sobrevivir, poniendo en riesgo la existencia del ser humano en el planeta.",K
399566,Godzilla vs. Kong,2021-03-24,Adam Wingard,"Alexander Skarsgård, Rebecca Hall, Kaylee Hottle, Brian Tyree Henry, Millie Bobby Brown","Acción,Ciencia ficción,Aventura",7.542,/pgqgaUx1cJb5oZQQ5v0tNARCeBp.jpg,"Godzilla y Kong, dos de las fuerzas más poderosas de un planeta habitado por todo tipo de aterradoras criaturas, se enfrentan en un espectacular combate que sacude los cimientos de la humanidad. Monarch (Kyle Chandler) se embarca en una misión de alto riesgo y pone rumbo hacia territorios inexplorados para descubrir los orígenes de estos dos titanes, en un último esfuerzo por tratar de salvar a dos bestias que parecen tener las horas contadas sobre la faz de la Tierra.",J
823464,Godzilla x Kong: The New Empire,2024-03-27,Adam Wingard,"Rebecca Hall, Brian Tyree Henry, Dan Stevens, Kaylee Hottle, Alex Ferns","Acción,Aventura,Ciencia ficción",7.048,/z1p34vh7dEOnLDmyCrlUVLuoDzd.jpg,"Una aventura cinematográfica completamente nueva, que enfrentará al todopoderoso Kong y al temible Godzilla contra una colosal amenaza desconocida escondida dentro de nuestro mundo. La nueva y épica película profundizará en las historias de estos titanes, sus orígenes y los misterios de Isla Calavera y más allá, mientras descubre la batalla mítica que ayudó a forjar a estos seres extraordinarios y los unió a la humanidad para siempre.",O
31948,Gray Lady Down,1978-03-10,David Greene,"Charlton Heston, David Carradine, Stacy Keach, Ned Beatty, Stephen McHattie","Suspense,Drama,Acción",6.4,/i1k0T9WvLZLyrZZpuhBjpc3uEJe.jpg,"Un mercante noruego aborda accidentalmente al USS Neptune, un submarino nuclear que se hunde en una sima alejada de las costas de Connecticut. El laborioso rescate, a cargo de un experimentado capitán, será muy complicado.",N
80241,Green Fire,1954-12-29,Andrew Marton,"Stewart Granger, Grace Kelly, Paul Douglas, John Ericson, Murvyn Vye","Aventura,Drama,Romance",6.2,/cCy1vu48Hf1ICNdNxai2qcHW2fR.jpg,"Rian Mitchell (Stewart Granger) es un aventurero que ha decidido buscar esmeraldas en un país de Sudamérica, Colombia. En un monte cercano a un río encuentra una veta muy prometedora, por lo que organiza la extracción de las piedras preciosas. Al fondo del valle se encuentra la hacienda de Catherine (Grace Kelly), en la que se cultiva café. Mitchell y Catherine hacen buenas migas, pero cuando comienza a llover sin cesar y el río crece, la plantación de Catherine está en serio peligro. La única solución sería dinamitar el monte, para cambiar el curso de las aguas. Pero Mitchell no quiere perder sus minas de esmeraldas, ahora que está cerca de conseguir las piedras preciosas.",O
927,Gremlins,1984-06-08,Joe Dante,"Zach Galligan, Phoebe Cates, Hoyt Axton, Frances Lee McCain, Corey Feldman","Fantasía,Terror,Comedia",7.141,/6m0F7fsXjQvUbCZrPWcJNrjvIui.jpg,"Rand es un viajante que un día regala a su hijo Billy una tierna y extraña criatura, un mogwai. El inocente regalo, sin embargo, será el origen de toda una ola de gamberradas y fechorías en un pequeño pueblo de Estados Unidos. Todo empieza cuando son infringidas, una tras otra, las tres reglas básicas que deben seguirse para cuidar a un mogwai: no darle de comer después de medianoche, no mojarlo y evitar que le dé la luz del Sol.",N
118340,Guardians of the Galaxy,2014-07-30,James Gunn,"Chris Pratt, Zoe Saldaña, Dave Bautista, Vin Diesel, Bradley Cooper","Acción,Ciencia ficción,Aventura",7.9,/r7vmZjiyZw9rpJMQJdXpjgiCOk9.jpg,"El temerario aventurero Peter Quill es objeto de un implacable cazarrecompensas después de robar una misteriosa esfera codiciada por Ronan, un poderoso villano cuya ambición amenaza todo el universo. Para poder escapar del incansable Ronan, Quill se ve obligado a pactar una complicada tregua con un cuarteto de disparatados inadaptados: Rocket, un mapache armado con un rifle, Groot, un humanoide con forma de árbol, la letal y enigmática Gamora y el vengativo Drax the Destroyer. Pero cuando Quill descubre el verdadero poder de la esfera, deberá hacer todo lo posible para derrotar a sus extravagantes rivales en un intento desesperado de salvar el destino de la galaxia.",G O
283995,Guardians of the Galaxy Vol. 2,2017-04-19,James Gunn,"Chris Pratt, Zoe Saldaña, Dave Bautista, Vin Diesel, Bradley Cooper","Ciencia ficción,Aventura,Acción",7.6,/y4MBh0EjBlMuOzv9axM4qJlmhzz.jpg,"Continúan las aventuras del equipo en su travesía por los confines del cosmos. Los Guardianes deberán luchar para mantener unida a su nueva familia mientras intentan resolver el misterio de los verdaderos orígenes de Peter Quill. Viejos rivales se convertirán en nuevos aliados, y queridos personajes de los cómics clásicos acudirán en ayuda de nuestros héroes a medida que el universo cinematográfico de Marvel continúa expandiéndose.",M O
447365,Guardians of the Galaxy Vol. 3,2023-05-03,James Gunn,"Chris Pratt, Zoe Saldaña, Dave Bautista, Karen Gillan, Pom Klementieff","Ciencia ficción,Aventura,Acción",7.9,/r2J02Z2OpNTctfOSN1Ydgii51I3.jpg,"La querida banda de los Guardianes se instala en Knowhere. Pero sus vidas no tardan en verse alteradas por los ecos del turbulento pasado de Rocket. Peter Quill, aún conmocionado por la pérdida de Gamora, debe reunir a su equipo en una peligrosa misión para salvar la vida de Rocket, una misión que, si no se completa con éxito, podría muy posiblemente conducir al final de los Guardianes tal y como los conocemos.",O
60304,Hansel & Gretel: Witch Hunters,2013-01-17,Tommy Wirkola,"Jeremy Renner, Gemma Arterton, Famke Janssen, Pihla Viitala, Derek Mears","Fantasía,Terror,Acción",6.096,/j343Rpj3WeNvP0SV80zveve70io.jpg,"Han pasado quince años desde que Hansel (Jeremy Renner) y Gretel (Gemma Arterton) vivieron la aventura que los hizo famosos. Tras probar el sabor de la sangre siendo unos niños, ambos se han convertido en unos auténticos justicieros, dispuestos a todo para vengarse. Pero ahora, sin que ellos lo sepan, también se han convertido en la presa, y tienen que enfrentarse a algo mucho más siniestro que las brujas: su pasado.",G
672,Harry Potter and the Chamber of Secrets,2002-11-13,Chris Columbus,"Daniel Radcliffe, Rupert Grint, Emma Watson, Kenneth Branagh, Toby Jones","Aventura,Fantasía",7.705,/sdEOH0992YZ0QSxgXNIGLq1ToUi.jpg,"Harry regresa a su segundo año a Hogwarts, pero descubre que cosas malas ocurren debido a que un sitio llamado la Cámara de los Secretos ha sido abierto por el heredero de Slytherin y hará que los hijos de muggles, los impuros, aparezcan petrificados misteriosamente por un animal monstruoso.",M N
12444,Harry Potter and the Deathly Hallows: Part 1,2010-11-17,David Yates,"Daniel Radcliffe, Emma Watson, Rupert Grint, Toby Jones, Helena Bonham Carter","Aventura,Fantasía",7.735,/iGoXIpQb7Pot00EEdwpwPajheZ5.jpg,"Una tarea casi imposible cae sobre los hombros de Harry: deberá encontrar y destruir los horrocruxes restantes para dar fin al reinado de Lord Voldemort. En el episodio final de la saga, el hechicero de 17 años parte junto con sus amigos Hermione Granger y Ron Weasley en un peligroso viaje por Inglaterra para encontrar los objetos que contienen los fragmentos del alma del Señor Tenebroso, los cuales garantizan su longevidad. Pero el camino no será fácil pues el lado oscuro adquiere más poder con cada minuto que pasa y las lealtades serán puestas a prueba. Harry deberá usar todos los conocimientos que gracias a Dumbledore ha adquirido sobre su enemigo para poder encontrar la forma de sobrevivir a esta última aventura.",M
12445,Harry Potter and the Deathly Hallows: Part 2,2011-07-12,David Yates,"Daniel Radcliffe, Emma Watson, Rupert Grint, Ralph Fiennes, Alan Rickman","Aventura,Fantasía",8.1,/c54HpQmuwXjHq2C9wmoACjxoom3.jpg,La segunda parte de la batalla final entre las fuerzas del bien y el mal. El juego nunca ha sido tan peligroso y nadie está a salvo. Se acerca el momento de la confrontación final entre Harry Potter y Lord Voldemort. Todo termina aquí…,M N
671,Harry Potter and the Philosopher's Stone,2001-11-16,Chris Columbus,"Daniel Radcliffe, Rupert Grint, Emma Watson, Richard Harris, Tom Felton","Aventura,Fantasía",7.898,/wuMc08IPKEatf9rnMNXvIDxqP4W.jpg,"Harry Potter es un huérfano que vive con sus desagradables tíos, los Dursley, y su repelente primo Dudley. Se acerca su undécimo cumpleaños y tiene pocas esperanzas de recibir algún regalo, ya que nunca nadie se acuerda de él. Sin embargo, pocos días antes de su cumpleaños, una serie de misteriosas cartas dirigidas a él y escritas con una estridente tinta verde rompen la monotonía de su vida: Harry es un mago y sus padres también lo eran.",M
673,Harry Potter and the Prisoner of Azkaban,2004-05-31,Alfonso Cuarón,"Daniel Radcliffe, Rupert Grint, Emma Watson, Robbie Coltrane, Michael Gambon","Aventura,Fantasía",8.0,/aWxwnYoe8p2d2fcxOqtvAtJ72Rw.jpg,"Harry está deseando que termine el verano para comenzar un nuevo curso en Hogwarts, y abandonar lo antes posible la casa de sus despreciables tíos, los Dursley. Lo que desconoce Harry es que va a tener que abandonar Privet Drive antes de tiempo e inesperadamente después de convertir a su tía Marge en un globo gigante. Un autobús noctámbulo, y encantado por supuesto, le llevará a la taberna El Caldero Chorreante, donde le espera nada menos que Cornelius Fudge, el Ministro de Magia.",M
674,Harry Potter and the Goblet of Fire,2005-11-16,Mike Newell,"Daniel Radcliffe, Rupert Grint, Emma Watson, Brendan Gleeson, Michael Gambon","Aventura,Fantasía",7.8,/fECBtHlr0RB3foNHDiCBXeg9Bv9.jpg,"En el cuarto año en Hogwarts, Harry se enfrenta al mayor de los desafíos y peligros de la saga. Cuando es elegido bajo misteriosas circunstancias como el competidor que representará a Hogwarts en el Torneo Triwizard, Harry deberá competir contra los mejores jóvenes magos de toda Europa. Pero mientras se prepara, aparecen pruebas que manifiestan que Lord Voldemort ha regresado. Antes de darse cuenta, Harry no solo estará luchando por el campeonato sino también por su vida",M
767,Harry Potter and the Half-Blood Prince,2009-07-15,David Yates,"Daniel Radcliffe, Rupert Grint, Emma Watson, Jim Broadbent, Michael Gambon","Aventura,Fantasía",7.681,/z7uo9zmQdQwU5ZJHFpv2Upl30i1.jpg,"En medio de los desastres que azotan a Inglaterra, Harry y sus compañeros vuelven a Hogwarts para cursar su sexto año de estudios
675,Harry Potter and the Order of the Phoenix,2007-07-08,David Yates,"Daniel Radcliffe, Rupert Grint, Emma Watson, Imelda Staunton, Helena Bonham Carter","Aventura,Fantasía",7.7,/5aOyriWkPec0zUDxmHFP9qMmBaj.jpg,"Harry Potter regresa por quinto año a Hogwarts aún sacudido por la tragedia ocurrida en el Torneo de los Tres Magos. Debido a que el Ministro de la Magia niega el regreso de Lord Voldemort, Harry se convierte en el centro de atención de la comunidad mágica. Mientras lucha con sus problemas en el colegio, incluyendo a la nueva profesora Dolores Umbridge, intentará aprender más sobre la misteriosa Orden del Fénix.",M
616747,Haunted Mansion,2023-07-26,Justin Simien,"Rosario Dawson, Chase W. Dillon, LaKeith Stanfield, Owen Wilson, Tiffany Haddish","Comedia,Drama,Fantasía",6.429,/8Im6DknDVxRiGXc5t8rVOJyzuNx.jpg,Una mujer y su hijo reclutan a un variopinto grupo de expertos espirituales para que les ayuden a liberar su hogar de unos ocupantes sobrenaturales.,O
23097,Hell and High Water,1954-02-01,Samuel Fuller,"Richard Widmark, Bella Darvi, Victor Francen, Cameron Mitchell, Gene Evans","Aventura,Drama,Acción",6.0,/umpMY57hbbBxHfg5tjNuZeTCAA2.jpg,"Un equipo de científicos contrata a un oficial retirado de la Armada para que los lleve a Alaska en un submarino. La expedición, en principio científica, deberá enfrentarse a un complot de China para desencadenar la III Guerra Mundial.",M
1487,Hellboy,2004-04-02,Guillermo del Toro,"Ron Perlman, Selma Blair, Doug Jones, John Hurt, Rupert Evans","Fantasía,Acción",6.676,/lbaTEneOofwvAyg77R8HbFML2zT.jpg,"Nacido de las llamas del infierno hace sesenta años durante la Segunda Guerra Mundial, Hellboy (Ron Perlman) fue enviado a la Tierra por el loco diabólico Grigori Rasputín (Karel Roden) para hacer el mal. Destinado a ser un presagio del Apocalipsis, Hellboy fue rescatado por las Fuerzas Aliadas lideradas por el profesor Broom (John Hurt), fundador del clandestino I.I.P.D. (Instituto para la Investigación Paranormal y de Defensa), que lo crió como un hijo y desarrolló sus extraordinarios poderes paranormales. A pesar de sus oscuros orígenes, Hellboy se convierte en un extraño héroe del bien, que lucha contra las fuerzas del mal que amenazan nuestro mundo.",K
184315,Hercules,2014-07-23,Brett Ratner,"Dwayne Johnson, Ian McShane, John Hurt, Rufus Sewell, Aksel Hennie","Acción,Aventura",5.795,/sKNIwY6UENCJ36FvYvnBW3Vdzt7.jpg,"Hércules, como todos los héroes griegos, es un semidios. Tras realizar los terribles doce trabajos que le fueron impuestos y tras perder a su familia, decide darle la espalda a los dioses y encontrar consuelo en la búsqueda de aventuras. Gracias a sus andanzas, ha encontrado hombres afines que se han unido a él, pues comparten su amor por el combate y no temen la presencia constante de la muerte en sus vidas. El rey de Tracia pretende que estos hombres formen un ejército invencible. Adaptación de la novela gráfica de 2008 ""Hercules: The Thracian War"".",G
8009,Highlander,1986-03-07,Russell Mulcahy,"Christopher Lambert, Roxanne Hart, Clancy Brown, Sean Connery, Beatie Edney","Aventura,Acción,Fantasía",6.861,/8Z8dptJEypuLoOQro1WugD855YE.jpg,"Son Inmortales, destinados a vivir eternamente. Deben retarse a duelos a través de los tiempos hasta que sólo quede uno. Sólo decapitados por la hoja de una espada pueden liberarse de su eterna lucha y conseguir el Premio: un poder inimaginable. Desde las tierras altas de Escocia del siglo XVI hasta el Nueva York de nuestros días, los Inmortales luchan por su recompensa, mientras el destino de los mortales se sostiene en un frágil equilibrio.",N
642885,Hocus Pocus 2,2022-09-27,Anne Fletcher,"Bette Midler, Sarah Jessica Parker, Kathy Najimy, Whitney Peak, Belissa Escobedo","Fantasía,Comedia,Familia",7.2,/7ze7YNmUaX81ufctGqt0AgHxRtL.jpg,"Han pasado 29 años desde que alguien encendió la Vela de la Llama Negra y resucitó a las hermanas Sanderson del siglo XVII, y ahora buscan venganza. De tres estudiantes de secundaria depende impedir que las voraces brujas causen un nuevo tipo de estrago en Salem antes del amanecer el día de Halloween.",M
879,Hook,1991-04-10,Steven Spielberg,"Dustin Hoffman, Robin Williams, Julia Roberts, Bob Hoskins, Maggie Smith","Aventura,Fantasía,Comedia,Familia",6.836,/a6rB1lGXoGms7gWxRfJneQmAjNV.jpg,"Peter Pan es un prestigioso abogado y tiene una encantadora familia, pero ha perdido el contacto con algo maravilloso: su infancia. Sin embargo, cuando sus hijos son secuestrados por su antiguo enemigo, el Capitán Garfio, y llevados al País de Nunca Jamás, también él tendrá que viajar a ese reino encantado, donde, con la ayuda de Campanilla, podrá recuperar no sólo a sus hijos, sino también al niño que un día fue.",O
100241,"I, Frankenstein",2014-01-22,Stuart Beattie,"Aaron Eckhart, Yvonne Strahovski, Bill Nighy, Jai Courtney, Miranda Otto","Terror,Suspense",5.376,/a53tIl4k20zCZCNyq73kiXkwWkl.jpg,"Esta nueva versión se narra desde una perspectiva totalmente novedosa, la situación del conocido personaje dos siglos después de que el doctor Victor Frankenstein le diera vida. Presupone que este ser ha sobrevivido tanto tiempo debido a una manipulación génetica realizada durante su creación, llegando a nuestros días.  Ahora, Frankestein vive en una oscura y violenta ciudad, sumida por una terrible guerra. Lo curioso de esta contienda es que ambos bandos están compuestos por seres inmortales como él.",G
314405,Tale of Tales,2015-05-14,Matteo Garrone,"Salma Hayek Pinault, Vincent Cassel, Toby Jones, Shirley Henderson, Hayley Carmichael","Romance,Fantasía,Terror",6.431,/fYf4Ni3pFDaRme4e9YsluHZE9ki.jpg,"Ambientada en el Barroco, narra, con tintes fantásticos, la historia de tres reinos y sus respectivos monarcas. La de la reina de Longtrellis (Salma Hayek) y su marido (John C. Reilly), la de dos misteriosas hermanas que encienden la pasión del rey de Strongcliff (Vincent Cassel), y la del rey de Highhills (Toby Jones), obsesionado con una pulga gigante, que le lleva a romper el corazón de su joven hija. Libre adaptación de “El cuento de los cuentos”, del napolitano Giambattista Basile, célebre autor de relatos cortos del siglo XVII.",H
205775,In the Heart of the Sea,2015-12-03,Ron Howard,"Chris Hemsworth, Benjamin Walker, Cillian Murphy, Brendan Gleeson, Ben Whishaw","Suspense,Drama,Aventura,Acción,Historia",6.76,/weVvNPfk6FM9vBg3BXtRtNAmiYM.jpg,"En el invierno de 1820, el ballenero de Nueva Inglaterra Essex fue agredido por algo a lo que nadie podía dar crédito: una ballena de tamaño y voluntad descomunal, con un sentido de la venganza casi humano. Este hecho real que supuso un desastre marítimo fue la inspiración para Moby-Dick de Melville. Pero la novela solo contó la mitad de la historia. “En el corazón del mar” revela las horribles consecuencias del encuentro, cuando los supervivientes de la tripulación fueron forzados hasta el límite y se vieron obligados a hacer lo impensable para mantenerse vivos. Enfrentándose a las tormentas, el hambre, el pánico, y la desesperación, los hombres llegan a dudar hasta de sus creencias más profundas, desde el valor de sus vidas a la moralidad de su oficio, mientras el capitán intenta orientarse en el mar abierto y su primer oficial sigue empeñado en conquistar a la gran ballena.",H
335977,Indiana Jones and the Dial of Destiny,2023-06-25,James Mangold,"Harrison Ford, Phoebe Waller-Bridge, Mads Mikkelsen, Boyd Holbrook, Olivier Richters","Aventura,Acción",6.514,/Af4bXE63pVsb2FtbW8uYIyPBadD.jpg,"El arqueólogo Indiana Jones deberá emprender otra aventura contra el tiempo para intentar recuperar un dial legendario que puede cambiar el curso de la historia. Acompañado por su ahijada, Jones pronto se encuentra enfrentándose a Jürgen Voller, un ex nazi que trabaja para la NASA.",O
217,Indiana Jones and the Kingdom of the Crystal Skull,2008-05-21,Steven Spielberg,"Harrison Ford, Cate Blanchett, Karen Allen, Shia LaBeouf, Ray Winstone","Aventura,Acción",6.02,/56As6XEM1flWvprX4LgkPl8ii4K.jpg,"Indiana Jones y el joven Mutt se proponen encontrar la Calavera de Cristal de Akator. Los agentes soviéticos tienen ese mismo objetivo. Liderados por la bella Irina Spalko, creen que el artilugio ayudará a su país a dominar el mundo si consiguen descifrar su secreto.",N
89,Indiana Jones and the Last Crusade,1989-05-24,Steven Spielberg,"Harrison Ford, Sean Connery, Denholm Elliott, Alison Doody, John Rhys-Davies","Aventura,Acción",7.8,/sizg1AU8f8JDZX4QIgE4pjUMBvx.jpg,"En 1938, dos años después de encontrar el Arca de la Alianza, Indiana Jones es convencido por un millonario para que lo ayude a encontrar el Santo Grial antes de que caiga en manos del ejército nazi. Sin embargo, el verdadero motivo para involucrarse es encontrar a su padre, el doctor Henry Jones, con quien ha mantenido una fría relación desde su juventud y que ha desaparecido mientras seguía la pista del tesoro bíblico.",N
85,Raiders of the Lost Ark,1981-06-12,Steven Spielberg,"Harrison Ford, Karen Allen, Paul Freeman, John Rhys-Davies, Ronald Lacey","Aventura,Acción",7.922,/ceG9VzoRAVGwivFU403Wc3AHRys.jpg,"Año 1936, Indiana Jones es un profesor de arqueología, dispuesto a correr peligrosas aventuras con tal de conseguir valiosas reliquias históricas. Después de una infructuosa misión en Sudamérica, el gobierno estadounidense le encarga la búsqueda del Arca de la Alianza, donde se conservan las Tablas de la Ley que Dios entregó a Moisés. Según la leyenda, quien las posea tendrá un poder absoluto, razón por la cual también la buscan los nazis.",N
87,Indiana Jones and the Temple of Doom,1984-05-23,Steven Spielberg,"Harrison Ford, Kate Capshaw, Ke Huy Quan, Amrish Puri, Roshan Seth","Aventura,Acción",7.305,/gpdVNUaa4LhRMLfJOPj1AZdhAZ3.jpg,"1935. Shanghai. El intrépido arqueólogo Indiana Jones, tras meterse en jaleos en un local nocturno, consigue escapar junto a una bella cantante y su joven acompañante. Tras un accidentado vuelo, los tres acaban en la India, donde intentarán ayudar a los habitantes de un pequeño poblado, cuyos niños han sido raptados.",N
811631,Infinite Storm,2022-03-25,Malgorzata Szumowska,"Naomi Watts, Billy Howle, Denis O'Hare, Parker Sawyers, Joshua Rollins","Suspense,Aventura,Drama,Misterio",5.7,/4B34NKfHCFVHriYfKhbsunHYl4x.jpg,"Basado en un suceso real, narra la historia de Pam Bales, una mujer en una etapa de autodescubrimiento de su vida que inició un largo viaje de trekking por las montañas de New Hampshire y se encontró con un montañero a punto de morir, iniciando ambos una odisea por la supervivencia en condiciones climáticas extremadamente adversas.",M
726274,Irati,2023-02-24,Paul Urkijo Alijo,"Eneko Sagardoy, Edurne Azkarate, Itziar Ituño, Ramon Agirre, Patxi Bisquert","Drama,Aventura,Fantasía",6.561,/tuX9qBWmNEm2Mx4uEeZBl6Vntvc.jpg,"Pirineos occidentales, año 778. Cuando su tierra se ve amenazada por los despiadados ejércitos del emperador franco, un caudillo vasco pide ayuda a sus dioses ancestrales.",K
1726,Iron Man,2008-04-30,Jon Favreau,"Robert Downey Jr., Terrence Howard, Jeff Bridges, Gwyneth Paltrow, Leslie Bibb","Acción,Ciencia ficción,Aventura",7.656,/78lPtwv72eTNqFW9COBYI0dWDJa.jpg,"El multimillonario fabricante de armas Tony Stark debe enfrentarse a su turbio pasado después de sufrir un accidente con una de sus armas. Equipado con una armadura de última generación tecnológica, se convierte en 'El hombre de hierro' para combatir el mal a escala global.",N
10138,Iron Man 2,2010-04-28,Jon Favreau,"Robert Downey Jr., Gwyneth Paltrow, Don Cheadle, Scarlett Johansson, Sam Rockwell","Aventura,Acción,Ciencia ficción",6.85,/6WBeq4fCfn7AN0o21W9qNcRF2l9.jpg,"El mundo sabe que el multimillonario Tony Stark es Iron Man, el superhéroe enmascarado. Sometido a presiones por parte del gobierno, la prensa y la opinión pública para que comparta su tecnología con el ejército, Tony es reacio a desvelar los secretos de la armadura de Iron Man porque teme que esa información pueda caer en manos indeseables.",N
68721,Iron Man 3,2013-04-18,Shane Black,"Robert Downey Jr., Gwyneth Paltrow, Don Cheadle, Guy Pearce, Rebecca Hall","Acción,Aventura,Ciencia ficción",6.931,/qhPtAc1TKbMPqNvcdXSOn9Bn7hZ.jpg,"El descarado y brillante empresario Tony Stark/Iron Man se enfrentará a un enemigo cuyo poder no conoce límites. Cuando Stark comprende que su enemigo ha destruido su universo personal, se embarca en una angustiosa búsqueda para encontrar a los responsables. Este viaje pondrá a prueba su entereza una y otra vez. Acorralado, Stark tendrá que sobrevivir por sus propios medios, confiando en su ingenio y su instinto para proteger a las personas que quiere.",N
81005,Jack the Giant Slayer,2013-02-27,Bryan Singer,"Nicholas Hoult, Eleanor Tomlinson, Ewan McGregor, Stanley Tucci, Ian McShane","Fantasía,Acción,Aventura,Drama",5.868,/9jSI7saUX9Qz0JLh19jX2ulEwL7.jpg,"Cuenta la historia de una antigua guerra que se reactiva cuando un joven granjero, sin ser consciente de ello, abre una puerta entre nuestro mundo y una aterradora raza de gigantes. Sueltos por la Tierra por primera vez en siglos, los gigantes se esfuerzan por reclamar la tierra que una vez perdieron, obligando al joven, Jack, a entablar la batalla de su vida para detenerlos. Luchando por un reino, por su pueblo y por el amor de una valiente princesa, se enfrenta cara a cara con unos incontenibles guerreros que pensaba que solo existían en la leyenda – y consigue la oportunidad de convertirse, él mismo, en una leyenda.",I
11533,Jason and the Argonauts,1963-06-13,Don Chaffey,"Todd Armstrong, Nancy Kovack, Gary Raymond, Laurence Naismith, Niall MacGinnis","Aventura,Familia,Fantasía",7.2,/xHVxIgqD5CxlOI5GHxvVSt5Zh5Y.jpg,"Jasón ha profetizado dejar el trono a Tesalia. Pero Pelias le dice que viaje a Colchis y él sigue su consejo, navegando durante muchos días con los Argonautas hasta Grecia. Pero en su viaje se enfrentará con gigantes de bronce y toda serie de monstruos, aunque ellos tenían la protección de Hera, reina de los dioses.",H
8844,Jumanji,1995-12-15,Joe Johnston,"Robin Williams, Kirsten Dunst, Bradley Pierce, Bonnie Hunt, Jonathan Hyde","Aventura,Fantasía,Familia",7.2,/vgpXmVaVyUL7GGiDeiK1mKEKzcX.jpg,"Cuando el joven Alan Parrish descubre un misterioso juego de mesa, no se da cuenta de sus inimaginables poderes hasta que, por arte de magia, es transportado ante los ojos de su amiga Sarah a las salvajes junglas de Jumanji. Al cabo de 26 años, es liberado del juego por dos niños que no sospechan nada. Alan se reencuentra con Sarah y, junto a Judy y Peter, intentan burlar las poderosas fuerzas del juego antes de que sea demasiado tarde.",K
512200,Jumanji: The Next Level,2019-12-04,Jake Kasdan,"Dwayne Johnson, Kevin Hart, Jack Black, Karen Gillan, Awkwafina","Aventura,Comedia,Fantasía",6.9,/4kh9dxAiClS2GMUpkRyzGwpNWWX.jpg,"En esta ocasión, los 'jugadores' vuelven al juego, pero sus personajes se han intercambiado entre sí, lo que ofrece un curioso plantel: los mismos héroes con distinta apariencia. Pero, ¿dónde está el resto de la gente? Los participantes sólo tienen una opción: jugar una vez más a esta peligrosa partida para descubrir qué es realmente lo que está sucediendo.",K
353486,Jumanji: Welcome to the Jungle,2017-12-09,Jake Kasdan,"Dwayne Johnson, Kevin Hart, Jack Black, Karen Gillan, Rhys Darby","Aventura,Comedia,Fantasía,Acción",6.817,/pSgXKPU5h6U89ipF7HBYajvYt7j.jpg,"Cuatro estudiantes de secundaria se quedan atrapados en la selva dentro de un videojuego, donde viven una aventura convertidos en avatares adultos arquetípicos.",G
451048,Jungle Cruise,2021-07-28,Jaume Collet-Serra,"Dwayne Johnson, Emily Blunt, Edgar Ramírez, Jack Whitehall, Jesse Plemons","Fantasía,Aventura,Acción",7.3,/yKy9ELL8CON5sqDg4yIvBb5LTZL.jpg,"Principios del siglo XX. Frank es el carismático capitán de una peculiar embarcación que recorre la selva amazónica. Allí, a pesar de los peligros que el río Amazonas les tiene preparados, Frank llevará en su barco a la científica Lily Houghton y a su hermano McGregor Houghton. Su misión será encontrar un árbol místico que podría tener poderes curativos. Claro que su objetivo no será fácil, y en su aventura se encontrarán con toda clase de dificultades, además de una expedición alemana que busca también este árbol con propiedades curativas. Esta comedia de acción y aventuras está basada en la atracción Jungle Cruise de los parques de ocio de Disney.",J
76757,Jupiter Ascending,2015-02-04,Lana Wachowski,"Channing Tatum, Mila Kunis, Sean Bean, Eddie Redmayne, Douglas Booth","Ciencia ficción,Fantasía,Acción",5.456,/2NCcAZ3M3F0FxENYmammBknwpVn.jpg,"La película se centra en formas superiores de vida que nos vigilan desde otros mundos. Júpiter Jones, una inmigrante rusa que se dedica a fregar retretes para ganarse la vida, posee la misma composición genética que la Reina del Universo, por lo que será considerada como una amenaza para estos seres inmortales, que enviarán a un cazador exmilitar, Caine, para dar con ella.",H
114750,Dear White People,2014-10-17,Justin Simien,"Tyler James Williams, Tessa Thompson, Kyle Gallner, Teyonah Parris, Brandon P Bell","Comedia,Drama",6.1,/jH3851P2DjjnBsrjphbR1CWRzm6.jpg,"Cuatro estudiantes negros asisten a una universidad de la Ivy League donde un motín estalla cuando tiene lugar una fiesta de temática ""afroamericana"" organizada por estudiantes blancos. La película explora la identidad racial en la América post-racial, mientras teje una historia sobre forjar un camino único en el mundo.",H
146239,Delivery Man,2013-10-10,Ken Scott,"Vince Vaughn, Cobie Smulders, Chris Pratt, Britt Robertson, Jack Reynor",Comedia,6.242,/huXHYDclKT4RM1OvS3O7SXYRAU0.jpg,"Debido a una confusión, un anónimo donante de esperma se entera después de 20 años que es el padre biológico de 533 niños. Los niños han crecido y ahora debe decidir si presentarse o no ante los 142 que le han demandado para conseguir revelar su identidad.",G
43828,Destry Rides Again,1939-11-30,George Marshall,"James Stewart, Marlene Dietrich, Миша Ауэр, Charles Winninger, Brian Donlevy","Western,Comedia",7.2,/zEycmpHvzi60EJpbZCKbTc32AT7.jpg,"Tom Destry, hijo de un legendario pacificador de la frontera, es un joven pacífico que rechaza todo tipo de violencia, por lo que es objeto de toda clase de burlas cuando recorre a caballo la ciudad de Bottleneck, el feudo personal de Kent. Las burlas aumentan cuando Destry nombra sheriff al borracho Wash Dimsdale. Esta actitud cambia cuando resulta que Destry, a pesar de odiar las armas, es un buen tirador. Mientras tanto, Frenchy, la cantante del saloon y novia de Kent, que se siente ofendida ante la indiferencia que Destry muestra hacia ella, jura poner en ridículo al nuevo sheriff.",J
24438,Did You Hear About the Morgans?,2009-12-17,Marc Lawrence,"Hugh Grant, Sarah Jessica Parker, Sam Elliott, Mary Steenburgen, Elisabeth Moss","Comedia,Drama,Romance",5.4,/zNRLfwUGKaSQEDvOKlIOLGn8qRk.jpg,"Paul y Meryl Morgan forman una pareja de gran éxito de Manhattan, cuyas vidas casi perfectas, tienen sólo un gran defecto, su matrimonio está a punto de derrumbarse. Pero la confusión romántica en la que están sumidos no es nada comparado con lo que están a punto de vivir: acaban de ser testigos de un asesinato y se convierten en objetivo de un asesino a sueldo. El programa de protección de testigos del FBI los arrastra de su amada Nueva York a un minúsculo pueblo de Wyoming, y la relación que estaba a punto de hundirse parece estar al borde del naufragio definitivo en las planicies del oeste... a menos que en su nueva vida, libre de tráfico, ruido y BlackBerry, los Morgan puedan bajar el ritmo y reavivar la pasión.",H
10141,Dirty Rotten Scoundrels,1988-12-14,Frank Oz,"Steve Martin, Michael Caine, Glenne Headly, Anton Rodgers, Barbara Harris","Comedia,Crimen",7.097,/3176xH21fSetstKpEtAD1giHbyT.jpg,"Lawrence Jamieson (Caine), seductor profesional que opera en la Riviera francesa, donde estafa a mujeres ricas, observa con desagrado cómo lo imita Freddy Benson (Martin), un advenedizo que pone en peligro su agradable y fácil modo de ganarse la vida. La competencia entre ambos dará lugar a las más disparatadas aventuras. Divertido filme de timadores.",H
20271,Divorce Italian Style,1961-12-20,Pietro Germi,"Marcello Mastroianni, Daniela Rocca, Stefania Sandrelli, Leopoldo Trieste, Odoardo Spadaro","Comedia,Crimen",7.877,/1yYsJHPt2MOr0dve9sG4U6CLJ1V.jpg,"Un barón siciliano, después de doce años casado con Rosalia, se ha enamorado locamente de Angela, su sobrina, una linda joven de dieciséis años. Cuando descubre que Angela le corresponde, empieza a pensar en el método más seguro para deshacerse de su mujer. Decide entonces inducirla a la infidelidad y después matarla. En aquella época, las leyes italianas castigaban los llamados ""delitos de honor"" con penas mínimas. Como Rosalia es una mujer decente, el plan no funciona, hasta que regresa al pueblo Carmelino, un antiguo admirador suyo.",J
20886,"Welcome, or No Trespassing",1964-10-09,Элем Климов,"Евгений Евстигнеев, Арина Алейникова, Виктор Косых, Екатерина Мазурова, Илья Рутберг","Comedia,Familia",7.6,/u9CaUFPBKA0N0xvu0V7ftpVuZdc.jpg,Comedia satírica sobre las excesivas restricciones que sufren unos niños en sus vacaciones en un campamento de jóvenes pioneros.,N
613349,A Good Doctor,2019-12-11,Tristan Séguéla,"Michel Blanc, Hakim Jemili, Solène Rigot, Chantal Lauby, Franck Gastambide",Comedia,6.538,/q4QpTm5PuCj5yshS7tc08Uu5Hql.jpg,"En la víspera de Navidad, Serge es el único médico de urgencias de guardia disponible. Golpeado por un dolor de espalda paralizante, recibe ayuda de un repartidor de pizza que deberá ponerse en el lugar del médico.",J
935,Dr. Strangelove or: How I Learned to Stop Worrying and Love the Bomb,1964-01-29,Stanley Kubrick,"Peter Sellers, George C. Scott, Sterling Hayden, Keenan Wynn, Slim Pickens","Comedia,Bélica",8.125,/6x7MzQ6BOMlRzam1StcmPO9v61g.jpg,"Convencido de que los comunistas están contaminando los Estados Unidos, un general ordena, en un acceso de locura, un ataque aéreo nuclear sorpresa contra la Unión Soviética. Su ayudante, el capitán Mandrake, trata de encontrar la fórmula para impedir el bombardeo. Por su parte, el presidente de los EE.UU. se pone en contacto con Moscú para convencer al gobierno soviético de que el ataque no es más que un estúpido error. Mientras tanto, el asesor estadounidense, un antiguo científico nazi, el doctor Strangelove, confirma la existencia de la «Máquina del Juicio Final», un dispositivo de represalia soviético capaz de acabar con la humanidad para siempre.",I
3063,Duck Soup,1933-11-12,Leo McCarey,"Groucho Marx, Harpo Marx, Chico Marx, Zeppo Marx, Margaret Dumont","Comedia,Bélica",7.316,/31t63plEGKHhYuuCpC9bFWO9SBS.jpg,"Un imaginario país en bancarrota requiere el apoyo económico de una acaudalada viuda (Margaret Dumont) para salir adelante. Como condición para extender el financiamiento, la acreedora exige que el excéntrico Rufus T. Firefly (Groucho Marx) tome las riendas de la nación. Deseando sacar partida de la crisis, el ambicioso embajador de una potencia vecina (Louis Calhern) hará cuanto sea posible para desprestigiar al nuevo líder y para ello echará mano de dos inusuales espías (Harpo y Chico Marx).",M
931925,El gerente,2022-10-20,Ariel Winograd,"Leonardo Sbaraglia, Carla Peterson, Luis Luque, Cecilia Dopazo, Valentín Wein","Comedia,Historia",7.836,/cDZRy7uNFZFlTWPgoA9q1TBDdHI.jpg,"Álvaro, un gerente cuya carrera está en declive, propone la loca idea de atar el negocio de la compañía a la suerte de los resultados deportivos de la selección argentina de fútbol. Junto a su equipo de marketing convence al directorio de lanzar la osada promoción: “Si Argentina no clasifica a Rusia 2018, te devolvemos el valor del TV”. El derrotero de la selección argentina de fútbol y de la vida personal y profesional de Álvaro irán de la mano hasta el final, donde los aguarda una merecida segunda oportunidad.",M
1040531,The Tangalanga Method,2023-01-19,Mateo Bendesky,"Martín Piroyansky, Julieta Zylberberg, Alan Sabbagh, Rafael Ferro, Luis Machín",Comedia,6.7,/puKRI1o5DCF4qgoSo5f5J45WVKj.jpg,"Buenos Aires, 1962. La vida de Jorge Rizzi, un tímido empleado corporativo, da un giro cuando participa de una sesión de hipnosis que lo libera de sus inhibiciones. Esta experiencia saca a la luz a su álter ego desenfrenado y seductor: el Doctor Tangalanga. Al principio, usa sus nuevos poderes para animar a Sixto, un amigo convaleciente, y conquistar por teléfono a Clara, la recepcionista del sanatorio en el que está internado. Pero las cosas no tardan en salirse de control.",N
9451,Election,1999-04-23,Alexander Payne,"Matthew Broderick, Reese Witherspoon, Chris Klein, Jessica Campbell, Mark Harelik","Comedia,Drama",6.861,/fbo0IYzBc32dD5SjFzKIgfp4O4F.jpg,"Por motivos que ni él mismo entiende, el profesor de un instituto estadounidense decide impedir que su mejor estudiante consiga el anhelado cargo de delegada de los alumnos.  Una comedia aparentemente simple, pero que pronto se revela como una compleja y mordaz moraleja sobre la ambición, la corrupción y el deseo en sus niveles más descarnados y mezquinos. Cada escena es una mezcla de humor y amargura que dejan al espectador a medio camino entre la sorpresa y la empatía. No es extraño, pues, que recibiera una candidatura al Óscar al mejor guion original del 2000.",N O
1315601,Ellen DeGeneres: For Your Approval,2024-09-23,Joel Gallen,"Ellen DeGeneres, Portia De Rossi",Comedia,6.0,/gFR1z640P1G3IYQ9FMtiLsFDYyu.jpg,,O
301348,Elvis & Nixon,2016-03-22,Liza Johnson,"Kevin Spacey, Michael Shannon, Alex Pettyfer, Johnny Knoxville, Colin Hanks","Drama,Comedia,Historia",5.972,/pwUXhwUAOq3J7ixxwOIWpMAFbje.jpg,"Richard Nixon recibió a Elvis Presley en el Despacho Oval de la Casa Blanca el 21 de diciembre de 1970. ¿El motivo? Al parecer, a Elvis se le metió en la cabeza que quería tener una placa de agente federal para poder luchar contra la drogadicción en su país, y los asesores de Nixon pensaron que no había problema en conceder tal deseo, a cambio de unas fotografías que podrían mejorar la imagen pública del presidente, a quien el Rey del Rock & Roll obsequió con un revólver de coleccionismo.",M
209263,Enough Said,2013-09-18,Nicole Holofcener,"Julia Louis-Dreyfus, James Gandolfini, Catherine Keener, Toni Collette, Tavi Gevinson","Comedia,Drama,Romance",6.725,/p5naJg0K8xF0h0HWEfiz6rc9lC4.jpg,"Eva, madre divorciada y masajista a domicilio, se enfrenta a la inminente marcha de su hija a la universidad. En una fiesta conoce a Albert –dulce, divertido y también con síndrome del nido vacío– y y a Marianne, una poetisa que se convierte en su amiga.",G
318917,Look Who's Back,2015-10-08,David Wnendt,"Oliver Masucci, Fabian Busch, Katja Riemann, Christoph Maria Herbst, Franziska Wulf",Comedia,6.787,/sUldADqpv2HITwngsM8RKqn15zC.jpg,"En el año 2011, Adolf Hitler se despierta en Berlín, sin memoria de nada sucedido tras el año 1945. Sin casa y sin recursos, Hitler comienza a reinterpretar la Alemania que ve en pleno siglo XXI desde su perspectiva nazi... Adaptación de la novela de Timur Vermes, que plantea la hipótesis, en formato de falso documental -similar a ""Borat""-, de qué ocurriría si Hitler hubiera sobrevivido.",H
13651,Waiting for the Hearse,1985-05-06,Alejandro Doria,"Luis Brandoni, China Zorrilla, Antonio Gasalla, Julio De Grazia, Betiana Blum",Comedia,8.023,/qkSThbNiC6kimvLlWrgeTNYLCeq.jpg,"Mamá Cora, muy cerca ya de los ochenta años, tiene tres hijos y una hija. Vive con uno de ellos, que pasa serios apuros económicos. La familia se reúne un día para celebrar una comida de aniversario, y es entonces cuando se plantea el problema: ¿quién se hará cargo de ella llevándosela a casa?",J
86391,All Together,2012-01-18,Stéphane Robelin,"Guy Bedos, Geraldine Chaplin, Pierre Richard, Jane Fonda, Claude Rich","Comedia,Drama",6.344,/5trJayhXhgRks9fdbwltmO8mirP.jpg,"Para no ir a parar a una residencia de ancianos, cinco viejos amigos deciden empezar a vivir juntos
1584120,European Vacation,1937-01-01,Mary E. Black,,Documental,0.0,,,H
531454,Eurovision Song Contest: The Story of Fire Saga,2020-06-26,David Dobkin,"Rachel McAdams, Will Ferrell, Pierce Brosnan, Dan Stevens, Jamie Demetriou","Comedia,Música",6.4,/9zrbgYyFvwH8sy5mv9eT25xsAzL.jpg,"Dos cantantes luchan por convertirse en estrellas del pop en un importante concurso musical, donde la presión, los rivales y otros percances ponen a prueba su relación.",K
11624,Everything You Always Wanted to Know About Sex *But Were Afraid to Ask,1972-08-06,Woody Allen,"Woody Allen, John Carradine, Lou Jacobi, Louise Lasser, Anthony Quayle",Comedia,6.526,/A1ZNhNd8FV8kCW39OeDelokT0tv.jpg,"A lo largo de varias historias, Allen aborda de una forma desenfadada y absolutamente descarada y cómica alguno de los tabús y las facetas más bochornosas e intocables de la sexualidad humana. Así, los afrodisíacos resultaron ser la clave de un bufón de la corte para llegar al corazón de la Reina, pero pronto se da cuenta de que conseguir la llave de su cinturón de castidad podría serle más útil. En otra historia, un buen médico se enamora de una oveja descarriada desencadenando una serie de acontecimientos sobrenaturales y divertidísimos que harán que todo alrededor se vuelva confuso. En un absurdo programa televisivo llamado ""¿Cuál es mi perversión?"", Jack Barry presenta 20 preguntas sobre el fetichismo. Los sexólogos ven sus teorías fracasadas cuando un científico loco crea un pecho indeseable y monstruoso. El mundo del absurdo llega a su punto más alto cuando Tony Randall, Burt Reynolds y Allen aparecen en el papel de esperma pensando en el futuro incierto que les espera.",M
11846,Father of the Bride,1991-12-20,Charles Shyer,"Steve Martin, Diane Keaton, Kimberly Williams-Paisley, Kieran Culkin, George Newbern","Comedia,Romance",6.473,/bU7HzJbJpY5OiLdqWhKSqGPtYii.jpg,"George Banks es un hombre maduro, pero de espíritu joven, que no acaba de aceptar que su hija de 22 años, para él todavía una niña, se vaya a casar. Aunque todos creen que el novio es un chico estupendo, esto le convierte en su enemigo por miedo a perder a su pequeña para siempre. Eso por no hablar del coste de la boda...",J
12499,Fathers' Day,1997-05-09,Ivan Reitman,"Robin Williams, Billy Crystal, Julia Louis-Dreyfus, Nastassja Kinski, Charlie Hofheimer","Comedia,Familia",5.477,/834wRxQRbbctFupf8AES7CCeTSM.jpg,"Jack Lawrence en un prestigioso abogado de Los Angeles. Tiene un buen trabajo, una esposa encantadora, una casa agradable y un coche envidiable. Dale, en cambio, es un aspirante a escritor que lleva a duras penas una existencia precaria en San Francisco, es un manojo de nervios a punto de estallar. Sin embargo, desde la aparición de una ex-novia, que les cuenta a cada uno de ellos que podría ser el padre de su hijo adolescente que se ha fugado, sus vidas se cruzarán y juntos buscarán a ese hijo que cada uno de ellos cree que podría ser suyo.",P
457917,Bomb Scared,2017-12-08,Borja Cobeaga,"Javier Cámara, Gorka Otxoa, Miren Ibarguren, Julián López, Ramón Barea",Comedia,5.4,/gcr6W7BNNh6XiJjeFdjV3NyeAcs.jpg,"Un peculiar y disfuncional comando de ETA, formado por un veterano que está deseando demostrar que no es un cobarde, una pareja cuyo compromiso depende de la continuidad de la banda y un manchego que cree que entrar en el comando le hará sentir como si fuera Chuck Norris, se atrincheran en un piso a la espera de recibir una llamada para pasar a la acción. Todo ocurre mientras la selección española de fútbol va avanzando triunfalmente en el Mundial de Sudáfrica.",J
9749,Fletch,1985-05-31,Michael Ritchie,"Chevy Chase, Tim Matheson, Dana Wheeler-Nicholson, Joe Don Baker, Richard Libertini","Comedia,Crimen,Misterio",6.734,/nKDnMvVynvj7lwdv1iAZO1DzTYn.jpg,"Hasta la semana pasada, Fletch era tan sólo uno de esos reporteros amables que luchaba por la verdad, la justicia y un despacho con ventana. Pero las cosas cambian cuando se hace pasar por drogadicto para seguir la pista a unos traficantes. Es entonces cuando conoce a Stanwyk, que tiene cáncer de huesos y le pide que le mate para que su esposa pueda cobrar el seguro. Stanwyk ha organizado el crimen perfecto: un robo fingido, un Jaguar para escapar y un billete de primera a Río... Pero hay algo que le huele a chamusquina. Mientras intenta descubrir la verdad disfrazado de mil maneras, Fletch se ve víctimas de amenazas, disparos, acusaciones y un arresto. ¡Y eso que sólo quería ayudar!",J
37703,Flirting Scholar,1993-07-01,李力持,"周星馳, 巩俐, 陳百祥, 鄭佩佩, 朱咪咪","Drama,Comedia,Romance",7.495,/64ERuayNCjv9zP8bIpqMg61D461.jpg,"Un estudiante en busca del amor verdadero, se disfraza como un sirviente, con el fin de ser contratado por una familia rica para poder acercarse a la encantadora sirvienta que ha conquistado su corazón.",J
2074,Flirting with Disaster,1996-03-22,David O. Russell,"Ben Stiller, Patricia Arquette, Téa Leoni, Mary Tyler Moore, George Segal",Comedia,6.174,/yfuYLKrOcSlzydbtwdHeAWddKO7.jpg,"Mel Coplin es un joven neoyorquino que, aunque ama a su esposa y a su hijo, siente la necesidad de conocer a sus padres biológicos. La agencia de adopción lo envía a una psicóloga para que lo acompañe en su obsesiva búsqueda.",H
5,Four Rooms,1995-12-09,Robert Rodriguez,"Tim Roth, Jennifer Beals, David Proval, Ione Skye, Madonna",Comedia,5.892,/75aHn1NOYXh4M7L5shoeQ6NGykP.jpg,"Durante una Nochevieja, en un hotel de Los Ángeles, un botones es continuamente solicitado por los ocupantes de cuatro habitaciones. En una de ellas se han reunido unas brujas, en otra un hombre apunta con un revólver a su mujer, que está atada a la cama, en la tercera un gángster y su mujer le piden que cuide a sus hijos y en la cuarta dos hombres realizan una arriesgada apuesta.",I
712,Four Weddings and a Funeral,1994-03-09,Mike Newell,"Hugh Grant, Andie MacDowell, Kristin Scott Thomas, Simon Callow, James Fleet","Comedia,Drama,Romance",6.772,/qa72G2VS0bpxms6yo0tI9vsHm2e.jpg,"Charles y sus amigos, todos ellos solteros y sin compromiso, han llegado a una edad en la que casi todos sus conocidos se han casado. En una de las bodas, a la que el grupo ha sido invitado, Charles conoce a Carrie, una americana de la que se enamora a primera vista. Esa noche la pasan juntos, pero no vuelven a verse. Tendrán que esperar a la siguiente boda, en la que Carrie le presenta a su prometido.",K
47860,"Things I Like, Things I Don't Like",1990-03-07,Jean-Pierre Jeunet,Dominique Pinon,Comedia,7.1,/eXu0VO0w22D6bGruULUgMaesIF4.jpg,"Comedia en la que Dominique Pinon explica al espectador ejemplos de cosas que ""le gustan y le disgustan"".",J
80038,Friends with Kids,2012-03-09,Jennifer Westfeldt,"Adam Scott, Jennifer Westfeldt, Jon Hamm, Maya Rudolph, Chris O'Dowd","Comedia,Drama,Romance",5.961,/cA6putv2ND8snBBa0t9WhlW1TfG.jpg,"Narra la historia de un círculo de amigos en el momento en que la llegada de los hijos cambia todo en sus vidas. Los dos últimos solteros de la panda de amigos, conscientes de lo que acarrea tener un niño, deciden tener un hijo juntos, pero seguir saliendo con otras personas.",I
34513,George Carlin: You Are All Diseased,1999-02-06,Rocco Urbisci,George Carlin,"Comedia,Película de TV",7.753,/rLW93IZAIwnnN9P1oGJjidsPoEm.jpg,,M
13643,George Carlin: It's Bad for Ya!,2008-03-01,Rocco Urbisci,George Carlin,Comedia,7.9,/m9fIvowFHpVjGn5OzFKudp2XJLD.jpg,,M
257091,Get Hard,2015-03-26,Etan Cohen,"Will Ferrell, Kevin Hart, Alison Brie, Craig T. Nelson, T.I.",Comedia,6.0,/rJPbS2cYOYhDCjT5NmW1Fm6gFl3.jpg,"Cuando al millonario James King (Ferrell) le condenan a ir a la cárcel por un delito que en realidad no ha cometido, contratará los servicios de quien le limpia el coche, a la vez un delincuente habitual (Hart), para que le enseñe cómo ha de comportarse para sobrevivir en prisión.",H
11665,Get Smart,2008-06-19,Peter Segal,"Steve Carell, Anne Hathaway, Dwayne Johnson, Alan Arkin, Terence Stamp","Acción,Comedia,Suspense",6.203,/sZUjbtUS8qxXp4mj90evnqPJqX7.jpg,"Adaptación de la serie de televisión de los años 60 ""Superagente 86"" interpretada por Don Adams y Barbara Feldon. Steve Carell interpreta al despistado y atolondrado Superagente 86 de la agencia de inteligencia gubernamental CONTROL, que lucha contra las fuerzas del mal encarnadas en KAOS, la agencia rival. Dicho agente siempre va acompañado de su compañera, la agente 99.",G
662546,Godmothered,2020-12-04,Sharon Maguire,"Jillian Bell, Isla Fisher, Santiago Cabrera, Mary Elizabeth Ellis, Jane Curtin","Familia,Fantasía,Comedia",6.7,/80tDCErk6ymHS7YfvqJcbnnTtqa.jpg,"Un hada madrina joven y poco calificada que se aventura por su cuenta para demostrar su valía rastreando a una joven cuya solicitud de ayuda fue ignorada. Lo que descubre es que la niña ahora se ha convertido en una mujer adulta que necesita algo muy diferente a un ""príncipe azul"".",J
17661,Going My Way,1944-01-01,Leo McCarey,"Bing Crosby, Barry Fitzgerald, Frank McHugh, James Brown, Gene Lockhart","Drama,Comedia,Música",6.675,/838yNJnOk6iZj5YK1MoKiN2n1hw.jpg,"Historia de un simpático cura y su actividad a favor de su parroquia, así como las discrepancias con otro sacerdote mayor y más severo",G
823461,Good on Paper,2021-06-23,Kimmy Gatewood,"Iliza Shlesinger, Ryan Hansen, Rebecca Rittenhouse, Matt McGorry, Taylor Hill","Comedia,Romance",5.565,/hkU2FQNWUEQFgLrDGrpZQ7Y17zx.jpg,"Después de años de darle más prioridad a su carrera que al amor, la comediante de stand up Andrea Singer se topa con el hombre perfecto. En teoría, parece cumplir con todos los requisitos, ¿pero es realmente tan ideal como aparenta?",J
547009,Greener Grass,2019-10-17,Dawn Luebbe,"Jocelyn DeBoer, Dawn Luebbe, Beck Bennett, Neil Casey, Mary Holland",Comedia,6.157,/eN56wiM2M84GBOQnp4TAQXcZucg.jpg,Las mamás de fútbol suburbanas se encuentran constantemente compitiendo entre sí en sus vidas personales a medida que sus hijos resuelven sus diferencias en el campo.,K
137,Groundhog Day,1993-02-11,Harold Ramis,"Bill Murray, Andie MacDowell, Chris Elliott, Stephen Tobolowsky, Brian Doyle-Murray","Romance,Fantasía,Comedia",7.626,/gCgt1WARPZaXnq523ySQEUKinCs.jpg,"Phil, hombre del tiempo de una cadena de televisión, es enviado un año más a Punxstawnwey, a cubrir la información del festival de El día de la marmota. En el viaje de regreso, Phil y su equipo se ven sorprendidos por una tormenta que les obliga a regresar a la pequeña ciudad. A la mañana siguiente, al levantarse, Phil escucha en el radiodespertador el mismo programa que la mañana anterior.",N
520172,Happiest Season,2020-11-26,Clea DuVall,"Kristen Stewart, Mackenzie Davis, Mary Steenburgen, Victor Garber, Alison Brie","Romance,Comedia",7.102,/vzec9kkOSE93tygyfOktedkeOQ.jpg,Una mujer que planea pedirle matrimonio a su novia durante las vacaciones anuales con la familia descubre que los conservadores padres de su pareja aún desconocen la orientación sexual de su hija.,J
744276,After Ever Happy,2022-08-24,Castille Landon,"Josephine Langford, Hero Fiennes Tiffin, Carter Jenkins, Louise Lombard, Chance Perdomo","Romance,Drama",6.8,/moogpu8rNkEjTgFyLXwhPghft5w.jpg,"El amor de Tessa y Hardin nunca ha sido fácil. Mientras él permanece en Londres después de la boda de su madre y se hunde cada vez más en su propia oscuridad, ella regresa a Seattle. Tessa es la única capaz de entenderle y calmarle... él la necesita, pero ella ya no es la chica buena y dulce que era cuando llegó a la universidad. Deberá plantearse si lo que debe hacer ahora es salvar a Hardin y su relación con él, o si ha llegado el momento de pensar solo en ella. Si quieren que su amor sobreviva, primero tendrán que trabajar en sí mismos. ¿Pero será su destino seguir estando juntos?",M
76451,Come As You Are,2011-09-02,Geoffrey Enthoven,"Robrecht Vanden Thoren, Gilles De Schryver, Tom Audenaert, Isabelle De Hertogh, Karel Vingerhoets","Drama,Comedia",6.828,/6FhcfrLjCo0ye4Bk5sm3pRjLeKl.jpg,"Tres veinteañeros que aman el vino y las mujeres, pero que nunca han disfrutado de la compañía íntima de una mujer, con el pretexto de hacer un itinerario enológico, vienen a España con la esperanza de perder su virginidad. Nada los detendrá, ni siquiera sus respectivas discapacidades: uno de ellos es ciego, otro está postrado en una silla de ruedas y el tercero es completamente paralítico.",I
623926,The Wedding Unplanner,2020-02-14,Dani de la Orden,"Belén Cuesta, Álex García, Silvia Alonso, Antonio Dechent, Mariam Hernández","Comedia,Romance",6.525,/pjx2VovTdQ91dL6vPL9opHZclvW.jpg,"Marina es una treintañera que se gana la vida organizando bodas, y no porque sea una romántica empedernida, sino porque como ella misma dice ""cuando la gente está enamorada, no mira el dinero"". A diferencia de sus clientes, ella disfruta de una vida sin ataduras ni compromisos, hasta que una noche conoce a Carlos, un affaire más para ella y un momento de debilidad para él. Porque él tiene novia: Alexia, una joven perfecta y amiga de infancia de Marina. Cuando Alexia descubre la tarjeta de visita de Marina entre las cosas de Carlos, lo interpreta como una propuesta de matrimonio y dice que sí de inmediato.",K
19136,Hellzapoppin',1941-12-25,H. C. Potter,"Ole Olsen, Chic Johnson, Martha Raye, Hugh Herbert, Jane Frazee","Música,Comedia",7.2,/O5Ta3URiRglqt1fPi2APCvnb8x.jpg,"Dos estrellas del vodevil están rodando una película, pero el director no está satisfecho con ella. Para contentarle, deciden contratar a un guionista joven de desbordante imaginación.",O
460048,Heavy Trip,2018-03-09,Juuso Laatio,"Johannes Holopainen, Samuli Jaskio, Antti Tuomas Heikkinen, Max Ovaska, Minka Kuustonen","Comedia,Música",6.865,/2gBEpsvDr19mt4hei4YQh854JiR.jpg,"Turo (25) está tratando de superar sus temores dirigiendo a la banda de heavy metal más desconocida en Finlandia, Impaled Rektum, al festival de metal más popular de Noruega. El viaje incluye el heavy metal, el robo de tumbas, el cielo vikingo y un conflicto armado entre Finlandia y Noruega.",P
3085,His Girl Friday,1940-01-18,Howard Hawks,"Cary Grant, Rosalind Russell, Ralph Bellamy, Gene Lockhart, Porter Hall","Comedia,Romance,Drama",7.4,/lu86Y9zTPH3neCiUzLzHCEFHf7f.jpg,"Hildy Johnson, la mejor reportera del periódico Morning Post, anuncia que va a dejar el periodismo para casarse y dedicarse a su familia y a las labores del hogar. Pero Walter Burns, el editor del periódico y ex-marido de Hildy, no puede aceptarlo, por lo que se sirve de toda clase de tretas para retenerla en el periódico y, de paso, intentar reconquistarla.",O
42109,Gabriela,1983-03-24,Bruno Barreto,"Sônia Braga, Marcello Mastroianni, Antonio Cantafora, Paulo Goulart, Tania Boscoli","Drama,Romance",5.692,/Ap0Vxi2AtXXsbYIPmpB2LCrVva7.jpg,"En 1925, Gabriela se convierte en cocinera y esposa de Nacib, el propietario del bar de una pequeña localidad costera brasileña. Sin embargo, el hombre no tarda en cansarse de la forma de ser de su mujer, en muchas ocasiones algo ordinaria. Para colmo, un día la encuentra en la cama con su amigo Tonico, hecho que le llevará definitivamente a anular el matrimonio. (FILMAFFINITY)",K
445571,Game Night,2018-02-15,John Francis Daley,"Jason Bateman, Rachel McAdams, Kyle Chandler, Sharon Horgan, Billy Magnussen","Misterio,Comedia,Crimen",6.846,/85R8LMyn9f2Lev2YPBF8Nughrkv.jpg,"Max y Annie son una pareja que forman parte de un grupo de amigos que queda todas las semanas para una noche de juegos organizada por uno de ellos. En una de esas noches Brooks (Kyle Chandler), el carismático hermano de Max, organiza un misterioso juego en el que sus amigos deberán resolver un asesinato con falsos matones y falsos agentes. Pero, cuando Brooks es secuestrado, los 6 jugadores comienzan a dudar sobre lo que es falso y lo que es real, y se ven inmersos en una noche caótica en la que deberán resolver el caso.",H
661374,Glass Onion: A Knives Out Mystery,2022-11-23,Rian Johnson,"Daniel Craig, Edward Norton, Janelle Monáe, Kathryn Hahn, Leslie Odom Jr.","Comedia,Crimen,Misterio",7.036,/vDGr1YdrlfbU9wxTOdpf3zChmv9.jpg,"Cuando el multimillonario Miles Bron invita a algunos de sus allegados a una escapada a su isla griega privada, pronto queda claro que no todo es perfecto en el paraíso. Y cuando alguien aparece muerto, ¿quién mejor que Benoit Blanc para desentrañar todas las capas del misterio?",N
353070,Going in Style,2017-04-06,Zach Braff,"Morgan Freeman, Michael Caine, Alan Arkin, Ann-Margret, John Ortiz","Crimen,Comedia",6.688,/4nfWsdsJfO5srRZgxiWC9xHub0W.jpg,"Willie, Joe y Al son tres amigos jubilados a los que el sistema les ha congelado su plan de pensiones. Desesperados porque no pueden pagar las facturas, están decididos a recuperar su dinero. Los tres ancianos deciden entonces arriesgarlo todo y embarcarse en un temerario plan que consiste en atracar al mismísimo banco que se quedó con su dinero.",M
758330,"Good Luck to You, Leo Grande",2022-06-16,Sophie Hyde,"Emma Thompson, Daryl McCormack, Isabella Laughland, Les Mabaleka, Lennie Beare","Romance,Drama",6.95,/dxxOmTq4LgQxiyU4rW53qdj9FoN.jpg,Nancy Stokes es una mujer jubilada y viuda que decide cambiar su vida para darle un poco de color. Ya supera los 60 años y está dispuesta a disfrutar de su sexualidad de manera plena. Para ello recurre a los servicios de un trabajador sexual llamado Leo Grande. Junto a él intentará experimentar una noche de placer y autodescubrimiento.,M
257445,Goosebumps,2015-08-05,Rob Letterman,"Jack Black, Dylan Minnette, Odeya Rush, Amy Ryan, Ryan Lee","Aventura,Terror,Comedia",6.31,/aeZT9pqEgrmXOGdESFkAuVjX6kw.jpg,"El adolescente Zach Cooper se muda sin muchas ganas con su familia desde Nueva York al pequeño pueblo de Greendale. Allí encuentra un resquicio de ilusión cuando conoce a su vecina, la guapa Hannah, y hace un amigo: Champ. También se entera de que el padre de Hannah es RL Stine, autor del Bestseller de la serie ""Pesadillas"". Pero Zach descubre que Stine tiene un secreto: las criaturas de sus historias son reales, y las mantiene encerradas en sus libros. Así que cuando en un descuido todos los demonios de Stine son liberados involuntariamente de sus libros, Zach, Hannah, Champ y el propio Stine, en una alocada noche llena de aventuras, tendrán que formar equipo y atrapar a todas las criaturas de la imaginación de Stine para devolverlos a los libros donde pertenecen, con el fin de salvar la ciudad.",H
567598,Greed,2019-09-07,Michael Winterbottom,"Steve Coogan, David Mitchell, Isla Fisher, Asa Butterfield, Sophie Cookson","Comedia,Drama",5.6,/mZPmDFlVp1BSGQD4QCKHOwbXLfv.jpg,La fiesta de cumpleaños número 60 de un multimillonario se celebra en un hotel exclusivo en la isla griega de Mykonos.,K
33379,Greenfingers,2001-07-27,Joel Hershman,"Clive Owen, Helen Mirren, David Kelly, Warren Clarke, Danny Dyer","Comedia,Drama,Acción,Crimen,Romance",6.282,/qk1KSFLOzY6VAt5SRCHUAoqBA5h.jpg,"Una prisión británica donde se desarrollan programas experimentales de rehabilitación admite a un grupo de peligrosos delincuentes. En su encierro, Collin y algunos de sus compañeros descubren un innegable talento para la jardinería y, animados por Georgina, una experta horticultora, deciden inscribirse en un prestigioso concurso nacional. En la misma línea de ""Full Monty"" o ""Billy Elliot"", esta película se sirve de la cruda realidad en la que vive un colectivo desahuciado, en este caso un grupo de delincuentes en rehabilitación, para construir una amable comedia, quizás menos ácida de lo que cabría esperar. La cinta, escrita y dirigida por un desconocido realizador, Joel Hershman, está basada en hechos reales, y la protagonizan Clive Owen y Helen Mirren, dos actores británicos que volverían a coincidir un año más tarde en ""Gosford Park"".",J
256057,Güeros,2014-04-17,Alonso Ruizpalacios,"Sebastián Aguirre, Tenoch Huerta Mejía, Leonardo Ortizgris, Ilse Salas, Raúl Briones","Drama,Comedia",7.555,/xyT8NgctwO9rqbwBTcrSMeeBqjH.jpg,"Sombra y Santos viven afincados en un apartamento al que hace tiempo ya le cortaron la luz por no pagar la renta. Reciben la visita del hermano menor de Sombra, Tomás, enviado por su madre porque ya no se soportan. La llegada del chico cambia las cosas y deciden todos emprender un viaje para rendir homenaje a un músico mítico que oía el padre de Sombra y Tomás, que nadie conoce, y que según ellos pudo haber salvado al rock mexicano.",H
65040,"Up, Down, Fragile",1995-04-12,Jacques Rivette,"Nathalie Richard, Marianne Denicourt, Laurence Côte, Anna Karina, André Marcon","Misterio,Drama,Comedia,Romance,Música",7.25,/ueUyj6AenOT47v9J75JCmzbr8rv.jpg,"La historia sigue la pista a tres mujeres jóvenes en París. Una desea conocer a su verdadera madre, desde que ha averiguado que fue dada en adopción
43680,Heart of a Dog,1988-11-11,Владимир Бортко,"Евгений Евстигнеев, Борис Плотников, Владимир Толоконников, Нина Русланова, Ольга Мелихова","Drama,Comedia,Ciencia ficción",7.9,/1XYwOhbalbXMvSsFhFX163AfPtr.jpg,"En ""Corazón de perro"" un médico que investiga el rejuvenecimiento humano implanta en el cerebro de un vapuleado, pero amable y reflexivo perro callejero, la hipófisis de un delincuente. El perro, lejos de rejuvenecer, se transforma en un ser humano física y moralmente repulsivo, que termina por afiliarse al partido comunista y consigue ser nombrado ""subdirector del subdepartamento de limpieza de animales vagabundos"", convirtiendo la vida del atribulado científico en una pesadilla.",J
320588,"Hello, My Name Is Doris",2015-11-27,Michael Showalter,"Sally Field, Max Greenfield, Beth Behrs, Stephen Root, Natasha Lyonne","Comedia,Drama,Romance",6.4,/iYRpTDqZgA3rsRh4EIkWHsMjAKd.jpg,"Un seminario de autoayuda inspira a Doris, una mujer sesentañera, para perseguir románticamente a su joven y nuevo compañero de trabajo.",H
817648,Home Team,2022-01-28,Charles Kinnane,"Kevin James, Taylor Lautner, Rob Schneider, Jackie Sandler, Gary Valentine","Familia,Comedia,Drama",6.6,/zTwfMV1hm1DIrMo8BGyZKskhSPr.jpg,"Historia sobre el entrenador de los New Orleans Saints, Sean Payton, entrenando al equipo de fútbol de sexto curso de su hijo, cuando fue suspendido durante toda la temporada 2012 a consecuencia de su papel en el escándalo Bountygate de los Saints.",J
32030,Hopscotch,1980-09-26,Ronald Neame,"Walter Matthau, Glenda Jackson, Sam Waterston, Ned Beatty, Herbert Lom","Comedia,Aventura",7.003,/7ZTasNoTehrypra0X97zh8Amk3.jpg,"El agente de la CIA Miles Kendig, cansado de la incompetencia de sus colegas, decide retirarse y, para que lo dejen tranquilo, amenaza con publicar sus memorias y enviarlas a las agencias de inteligencia de todo el mundo. Como la CIA hace caso omiso de su advertencia., Kendig empieza a escribir y a publicar un capítulo tras otro. Cuando la CIA se da cuenta de que esto supone una amenaza para sus operaciones, decide acabar con el plan de Kendig a cualquier precio.",J
572299,How to Build a Girl,2020-09-24,Coky Giedroyc,"Beanie Feldstein, Paddy Considine, Sarah Solemani, Alfie Allen, Frank Dillane",Comedia,5.677,/svEKCyQmJs3ZRu4YC6rQl248AAs.jpg,"El viaje de la adolescente de Midlands, Johanna Morrigan, que se reinventa a sí misma como Dolly Wilde: una mujer aventurera sexual que habla rápido, se muda a Londres y consigue un trabajo como crítica musical con la esperanza de salvar a su pobre familia en Wolverhampton. Basado en la novela semiautobiográfica más vendida de Caitlin Moran.",J
34456,I'm No Angel,1933-10-06,Wesley Ruggles,"Mae West, Cary Grant, Gregory Ratoff, Edward Arnold, Ralf Harolde","Comedia,Romance",6.339,/ttACv1NRimYH9JiyVwy5Kwq2nL0.jpg,"La atrevida Tira trabaja como bailarina y domadora de leones en una feria. Debido a una necesidad urgente de dinero, acepta realizar un peligroso nuevo número: meter la cabeza en la boca de un león. Con esta atracción, el circo llega a Nueva York y Tira puede dedicarse a su ocupación preferida: flirtear con hombres ricos y aceptar regalos caros.",M
795813,I'm Your Man,2021-07-01,Maria Schrader,"Maren Eggert, Dan Stevens, Sandra Hüller, Hans Löw, Wolfgang Hübsch","Ciencia ficción,Comedia,Romance",6.742,/w1ObkkhopXCjunpoI51nChdVGyl.jpg,"Alma es científica en el famoso Museo de Pérgamo de Berlín. Con el fin de obtener fondos de investigación para sus estudios, acepta una oferta para participar en un experimento extraordinario. Durante tres semanas, debe vivir con un robot humanoide con inteligencia artificial diseñado para permitirle transformarse en el de su compañero de vida ideal. Entra Tom, una máquina en forma humana, creada para hacerla feliz.",M
399725,Ideal Home,2018-06-21,Andrew Fleming,"Paul Rudd, Steve Coogan, Jack Gore, Alison Pill, Jake McDorman","Comedia,Drama",6.4,/bmXBT2uL4HQGimyfy5iu4ESnEaJ.jpg,"Erasmus y Paul (Steve Coogan y Paul Rudd) son una pareja gay cuya vida cambia por completo cuando un niño de 10 años aparece en su puerta asegurando que es el nieto de Erasmus. Ni Paul ni Erasmus están preparados para dejar de lado su extravagante estilo de vida y ser padres, pero quizá este pequeño tiene un par de cosas que enseñarles sobre el valor de la familia.",K
42521,Idiots and Angels,2008-04-26,Bill Plympton,"Mike Juarez, Carrie Keranen, Marc Diraison, Arielle Doneson, Michael Sinterniklaas","Animación,Comedia,Fantasía,Drama",6.8,/z1cKsKMfjl5n1TNcfnk2rQ20wM0.jpg,,J
24188,Il Sorpasso,1962-12-05,Dino Risi,"Vittorio Gassman, Jean-Louis Trintignant, Catherine Spaak, Claudio Gora, Luciana Angiolillo","Drama,Comedia,Aventura",8.212,/9vumJKydNxcFtcFNYPIvFeHXVBQ.jpg,"Bruno Cortona, un simpático juerguista, encuentra casualmente a Roberto, un tímido estudiante, y lo invita a pasar con él un día de vacaciones fuera de Roma. Durante el viaje, el joven se siente cada vez más atraído por la alocada forma de vida de su maduro compañero. Tras permanecer unas horas en compañía de la familia de su nuevo amigo, el viaje continúa hacia un final inesperado.",J
244539,Infinitely Polar Bear,2014-01-18,Maya Forbes,"Mark Ruffalo, Zoe Saldaña, Imogene Wolodarsky, Ashley Aufderheide, Wallace Wolodarsky","Drama,Comedia",6.614,/knQuQkoqNLXKvdwcjgGpY1gzmJa.jpg,"Un desastroso y maniaco-depresivo padre (Mark Ruffalo, Ahora me ves...), trata de recuperar a su mujer asumiendo la complete responsabilidad de sus dos hijas adolescentes, las cuales no facilitan la tarea.  1978, la familia Stewart lucha por mantenerse unida. Cameron, un padre bipolar, tiene una crisis nerviosa que le deja sin empleo, y Magie, la madre, a pesar de trabajar muy duro no puede cubrir los gastos familiares. Los problemas económicos amenazan con acabar con la familia. Maggie decide aceptar una beca en Nueva York y dejar a sus hijas adolescentes, Faith y Amelia, en Boston con su padre. Así comienza un impredecible experimento de 18 meses en el que Cameron asume la paternidad de sus precoces y sensibles niñas.",H
418402,Inseparables,2016-08-11,Marcos Carnevale,"Oscar Martínez, Rodrigo de la Serna, Alejandra Flechner, Carla Peterson, Flavia Palmiero","Drama,Comedia",7.319,/mIC8ENJk2DdKk7KgcRK3ODbJRtU.jpg,"Felipe un empresario adinerado que ha quedado tetrapléjico, debido a un accidente, está buscando a un asistente terapéutico. Se presentan varios muy calificados, pero él decide tomar al ayudante de su jardinero, Tito que ha decidido renunciar. Tito no reúne ni por cerca las condiciones requeridas para tal empleo, cosa que notan inmediatamente las personas más cercanas a Felipe: Verónica e Ivonne su ama de llaves, pero Felipe mantiene firme su decisión. Tito es la única persona, en mucho tiempo, que no lo trata con compasión.  Remake del film francés 'Intouchables' (2011).",M
595148,Irresistible,2020-07-01,Jon Stewart,"Steve Carell, Rose Byrne, Chris Cooper, Brent Sexton, Mackenzie Davis","Comedia,Drama",6.029,/hUpYDriYa5YkwwxeafUsowTweBg.jpg,Un estratega demócrata ayuda a un veterano retirado a postularse a la alcaldía de una pequeña y conservadora ciudad del medio oeste americano que suele votar siempre a los republicanos.,K
399174,Isle of Dogs,2018-03-23,Wes Anderson,"Bryan Cranston, Koyu Rankin, Bob Balaban, Edward Norton, Bill Murray","Aventura,Comedia,Animación",7.846,/c0nUX6Q1ZB0P2t1Jo6EeFSVnOGQ.jpg,"Un Japón distópico, dentro de 20 años. La saturación canina ha alcanzado proporciones de epidemia en Megasaki. Un brote de gripe canina se propaga, por eso, el Mayor Kabayashi dicta una orden de emergencia decretando la cuarentena. Isla Basura es el lugar donde se evacua a todos los perros. Allí, un grupo de aterradores perros alfa, encabezados por Chief, han perdido toda esperanza de volver con sus dueños. Hasta que un día aparece Atari, un niño de 12 años, sobrino del malvado Mayor, que llega hasta la isla pilotando un avión. Su objetivo es buscar a su perro Spots. Esté donde esté, el niño y la manada perruna lo encontrarán.",H
1585,It's a Wonderful Life,1946-12-20,Frank Capra,"James Stewart, Donna Reed, Lionel Barrymore, Thomas Mitchell, Henry Travers","Drama,Familia,Fantasía",8.277,/bSqt9rhDZx1Q7UZ86dBPKdNomp2.jpg,"George Bailey es un honrado y modesto ciudadano que dirige y mantiene a flote un pequeño banco familiar, a pesar de los intentos de un poderoso banquero por arruinarlo. El dia de Nochebuena de 1945, abrumado por la repentina desaparición de una importante suma de dinero, que supondría no solo la quiebra de su banco sino también un gran escándalo, decide suicidarse, pero cuando está a punto de hacerlo ocurre algo extraordinario.",H
843847,Jerry & Marge Go Large,2022-10-20,David Frankel,"Bryan Cranston, Annette Bening, Rainn Wilson, Larry Wilmore, Michael McKean","Comedia,Drama",7.381,/bbBGSm1kjgmZ0O3bPUQIbA0xlKQ.jpg,"Basado en una historia real sobre la pareja Jerry y Marge Selbee, quienes ganaron la lotería y usan el dinero para revivir su pequeña ciudad.",M
515001,Jojo Rabbit,2019-10-18,Taika Waititi,"Roman Griffin Davis, Thomasin McKenzie, Scarlett Johansson, Taika Waititi, Sam Rockwell","Comedia,Bélica,Drama",7.991,/7GsM4mtM0worCtIVeiQt28HieeN.jpg,"Jojo Rabbit es un niño viviendo en plena 2ª Guerra Mundial. Su única vía de escape es su amigo imaginario, una versión de Hitler étnicamente incorrecta que incita los ciegos ideales patrióticos del niño. Todo esto cambia cuando descubre que su madre Rosie está escondiendo a una joven judía en su ático.",K
229194,Kamikaze,2014-03-28,Álex Pina,"Álex García, Verónica Echegui, Carmen Machi, Héctor Alterio, Leticia Dolera",Drama,6.0,/6Ad86K3mZvVgQOVnc6biScHlwyw.jpg,"Slastan, un hombre de Karadjistan, está dispuesto a inmolarse a bordo del avión de Moscú con destino a Madrid, pero su plan se complica cuando, debido a una tormenta de nieve, el viaje se retrasa. Alojados en un hotel, el terrorista tendrá que convivir con las 332 personas a las que va a matar hasta que cese el temporal que le impide retomar su misión. Slastan conoce, habla y se relaciona con sus futuras víctimas y comenzará a plantearse si suicidarse y acabar con la vida de toda esa gente inocente es realmente lo correcto.",G
84797,As Luck Would Have It,2011-11-30,Álex de la Iglesia,"Salma Hayek Pinault, Santiago Segura, Carolina Bang, Blanca Portillo, José Mota","Drama,Comedia",5.97,/fc2uI5IKFmDIahnAkjne6bAxp2I.jpg,"Con Salma Hayek y José Mota al frente del reparto de “La chispa de la vida”, conoceremos la historia de Roberto, un publicista en paro que queda atrapado en un accidente de manera que nadie se pone de acuerdo en la manera de rescatarlo. Una situación absurda y dramática que llama la atención de los medios de comunicación, que convierten la tragedia en un espectáculo. En semejante tesitura, Roberto decide sacar partido y vender la exclusiva para solucionar para siempre los problemas económicos de su familia.",G
837058,The Community,2014-05-29,Isabel Miquel,,Documental,0.0,/vXpq5l3uRpbGb5F8J0lns6YkF0Y.jpg,,J
264525,The Perfect Dictatorship,2014-10-16,Luis Estrada,"Damián Alcázar, Alfonso Herrera, Joaquín Cosío, Osvaldo Benavides, Silvia Navarro","Drama,Comedia",7.4,/pjNWekSbafFIPLBNZQ9gUaX3tkV.jpg,"Tras un error cometido por el presidente de la república, una televisora intenta desviar la atención de su error revelando un video que involucra crímenes del Gobernador Carmelo Vargas. Posteriormente el gobernador decide negociar con la televisora para cambiar su imagen y convertirlo en una estrella política.",H
116312,The National Shotgun,1978-09-14,Luis García Berlanga,"José «Saza» Sazatornil, Luis Escobar, José Luis López Vázquez, Antonio Ferrandis, Agustín González",Comedia,6.8,/rIYrY2pML6JdKv7J1ugusFnuOHi.jpg,"Un fabricante catalán de porteros electrónicos viaja a Madrid, acompañado de su amante, para asistir a una cacería que él mismo ha organizado. Lo que pretende es relacionarse con gente de la alta sociedad para promocionar su negocio. En la finca del marqués de Leguineche conoce a diversos personajes y vive las situaciones más absurdas y disparatadas.",J
55823,The Great War,1959-10-28,Mario Monicelli,"Vittorio Gassman, Alberto Sordi, Silvana Mangano, Folco Lulli, Bernard Blier","Comedia,Bélica,Drama",8.1,/yo9ZHhIKRN5oXxP4YUnGuFa5JKL.jpg,"Italia, 1916 (Primera Guerra Mundial). La lucha en las trincheras es una auténtica carnicería. En un regimiento italiano, los soldados Oreste y Giovanni son dos cobardes, cuya amistad se basa, sobre todo, en la búsqueda de la supervivencia. Pero, de repente, van a convertirse en un ejemplo de heroísmo.",J
239877,The Mafia Kills Only in Summer,2013-11-28,Pif,"Pif, Cristiana Capotondi, Rosario Lisma, Barbara Tabita, Alex Bisconti","Romance,Comedia,Crimen,Drama",7.327,/iFMqSTW2hPZ8b8IYYX3npDFDI6K.jpg,"Palermo, 1969. Arturo es concebido mientras en esa misma calle un grupo de mafiosos lleva a cabo una de las matanzas más sangrientas de la Cosa Nostra. A partir de ese momento, la vida de Arturo se cruzará con la de mafiosos, policías y jueces en una especie de Forrest Gump a la siciliana.",M
638960,The Ship,2022-05-12,Batan Silva,"Pablo Cruz Guerrero, Santiago Beltrán, Maya Zapata, Rodrigo Murray, Héctor Jiménez",Comedia,7.25,/7AnUnJ9ozESodZau3g0i35qvn2M.jpg,Un locutor de radio tiene que lidiar con el cáncer de su hijo con la ayuda de un entrenador.,N
67297,The Girl of Your Dreams,1998-11-13,Fernando Trueba,"Penélope Cruz, Antonio Resines, Jorge Sanz, Rosa María Sardà, Santiago Segura","Comedia,Drama,Bélica",6.459,/yepNRBKtFPyQ5zuNXpUOEkpryLX.jpg,"Plena Guerra Civil en España. Como otra de las iniciativas de colaboración entre el General Franco y Adolf Hitler, Alemania invita a un grupo de cineastas españoles cercanos al nuevo régimen a rodar la doble versión, alemana y española, del drama musical de ambiente andaluz «La niña de tus ojos», en los estudios de la UFA en Berlín. El director Blas Fontiveros capitanea el reducido elenco de españoles y el equipo inicia su rodaje en el Berlín hitleriano. Pronto descubren que han escapado de una guerra para caer en otra, que la hospitalidad del ministro alemán de propaganda Joseph Goebbels tiene mucho que ver con los encantos juveniles de la estrella Macarena Granada y que los únicos extras con aspecto andaluz que se pueden encontrar en Alemania son gitanos de un campo de concentración. Es entonces cuando comienza a despertarse en todos ellos la duda de si la vida no es más importante que una película.",M
596054,Heroic Losers,2019-08-15,Sebastián Borensztein,"Ricardo Darín, Luis Brandoni, Chino Darín, Verónica Llinás, Daniel Aráoz","Comedia,Suspense",7.563,/t5oMn99BVp9IJruztEwpKgvqA2h.jpg,"En un pueblo del Noroeste de la provincia de Buenos Aires, un grupo de vecinos se organiza para recuperar la economía de la zona, pero cuando el Corralito se implementa en el país y sufren un fraude, sus esperanzas desaparecen. Ahora, se unirán para recuperar el dinero perdido y dar el golpe de sus vidas a su mayor enemigo.",K
300596,Sidetracked,2015-01-30,Álvaro Fernández Armero,"Raúl Arévalo, Inma Cuesta, Alberto San Juan, Candela Peña, Jorge Bosch",Comedia,5.873,/lM1QyTM6Ra7r2E4ZiyIyRsMzwys.jpg,"Luisa y Alberto se han visto obligados a irse a vivir al campo, pero la idílica vida rural enseguida empieza a mostrar su cara menos amable. A pesar de que la pareja no atraviesa por sus mejores momentos, Luisa está obsesionada con tener un segundo hijo, aunque el precio sea el sexo más apático imaginable. Quien ni se plantea pisar el campo es Juan, el hermano de Alberto, periodista en horas bajas que, con 45 años, sale con Natalia, una joven entusiasta de 25 años en la que Juan ve una tabla de salvación. Por su parte la hermana de Luisa, Sara, está acostumbrada a canalizar su ansiedad a través de los hombres, con quienes no acaba de encajar, hasta que aparece Paco, un periodista deportivo que parece incluso dispuesto a llevarla al altar. O eso cree ella...",H
330171,Latin Lover,2015-03-19,Cristina Comencini,"Virna Lisi, Angela Finocchiaro, Valeria Bruni Tedeschi, Marisa Paredes, Candela Peña","Drama,Comedia",5.7,/bUK7kArSFnBSu9qqxbuZ80Kpn5O.jpg,"En un pueblo de la región de Puglia se celebra el décimo aniversario de la muerte de Saverio Crispo, actor síbolo del ""grande cinema italiano"" y eterno ""latin lover"". A la cerimonia llegan sus cinco hijas, desperdigadas por el mundo, y dos ex-mujeres, una italiana y la otra española. Secretos, rivalidades y nuevas pasiones llevarán a las mujeres a descubrir un pasado inesperado y a ver la vida con nuevos ojos.",H
4593,The Discreet Charm of the Bourgeoisie,1972-09-15,Luis Buñuel,"Fernando Rey, Delphine Seyrig, Paul Frankeur, Stéphane Audran, Bulle Ogier",Comedia,7.448,/48EAleS3g4BIMV0vZ3CSIcZyx01.jpg,"Don Rafael Costa, embajador de Miranda, y el matrimonio Thévenot están invitados a cenar en casa del matrimonio Sénechal, pero a causa de un malentendido tienen que ir a un restaurante. Cuando llegan, no pueden cenar porque el dueño del lugar ha muerto. A partir de ese momento, las reuniones de este selecto grupo de burgueses se verán siempre interrumpidas por las circunstancias más extrañas, algunas reales y otras fruto de su imaginación.",M N
5558,The Phantom of Liberty,1974-09-10,Luis Buñuel,"Adriana Asti, Milena Vukotić, Jean-Claude Brialy, Monica Vitti, Jean Rochefort",Comedia,7.4,/vssJ0mOhgirbPS3cVo0XFAj41yo.jpg,"Serie de viñetas entrelazadas por un personaje o una situación que conecta una historia con la siguiente. Unos soldados franceses entran a la catedral de Toledo durante la invasión napoleónica. Un capitán besa la estatua de una mujer y destruye la de un hombre. En la época actual, un matrimonio se escandaliza con unas postales que muestran monumentos de París. Un hombre ve pasar unos animales por su cuarto. En una escuela de policías, un gendarme dicta una lección sobre las distintas costumbres antropológicas. Un asesino es dejado en libertad después de matar a 18 personas. Una multitud furiosa asalta un zoológico gritando lemas de la resistencia anti-napoleónica, mientras un avestruz mira directamente al espectador.",M
330764,The Brand New Testament,2015-09-02,Jaco Van Dormael,"Pili Groyne, Benoît Poelvoorde, Yolande Moreau, Catherine Deneuve, François Damiens","Comedia,Fantasía",6.641,/6kSeUr9GyR9ynuxEIQ1qbUYtkAy.jpg,"¿Qué pasaría si Dios existiese...y viviese en Bruselas? Dios en la tierra es un cobarde, con patéticos códigos morales y odioso con su familia. Su hija, Ea, se aburre en casa y no puede soportar estar encerrada en ese pequeño apartamento en la ordinaria Bruselas, hasta que un día decide rebelarse contra su padre, entra en su ordenador y le dice a todo el mundo el día en el que morirá, con lo que hace que de repente todos se pongan a pensar que hacer con los días, meses, o años que les quedan por vivir.",H
57970,Le vie del Signore sono finite,1987-12-19,Massimo Troisi,"Massimo Troisi, Jo Champa, Marco Messeri, Massimo Bonetti, Enzo Cannavale",Comedia,7.3,/AnsvKiDvZiO9Yleb0xMg9DWAesM.jpg,,N
333886,Lemonade,2015-04-24,Ali Atay,"Ertan Saban, Serkan Keskin, Funda Eryiğit, Luran Ahmeti, Zekir Sipahi","Drama,Comedia",6.8,/6MazYGwGlJ7zNQKTzh8Y30mpnwa.jpg,,H
758336,Love Again,2023-05-04,Jim Strouse,"Priyanka Chopra Jonas, Sam Heughan, Céline Dion, Sofia Barclay, Russell Tovey","Romance,Drama,Comedia",6.741,/koswMk0y7jGcyofV1sBccnNtY0B.jpg,"Mientras intenta superar la pérdida de su prometido, Mira Ray envía una serie de mensajes románticos a su antiguo número de teléfono… sin tener en cuenta que el número había sido reasignado al nuevo teléfono de trabajo de Rob Burns. Rob, periodista, queda sorprendido por la honestidad de los mensajes de texto. Cuando le asignan la tarea de escribir un artículo sobre la megaestrella Celine Dion, él le pide ayuda para averiguar cómo conocer a Mira en persona… y conquistar así su corazón.",N
270343,Love at First Fight,2014-08-20,Thomas Cailley,"Adèle Haenel, Kévin Azaïs, Antoine Laurent, Brigitte Roüan, William Lebghil","Comedia,Romance",6.5,/omE9CK9vyWTO1QS3cjTi9paBIib.jpg,"Entre sus amigos y el negocio familiar, el verano del joven Arnaud parece que será tranquilo... hasta que conoce a Madeleine, tan bella como arisca, un bloque de músculos tensos y catastróficas profecías. Él no espera nada, ella se prepara para lo peor. Él se toma la vida con calma, con una sonrisa. Ella sólo piensa en hacer el curso para entrar en el ejército ¿Hasta dónde podrá seguir Arnaud a Madeleine, cuando ella nunca le pidió nada? Es una historia de amor. O de supervivencia. O ambas.",H
734265,Love Hard,2021-11-05,Hernán Jiménez,"Nina Dobrev, Jimmy O. Yang, Darren Barnet, James Saito, Rebecca Staab","Comedia,Romance",6.924,/oTkAFDZRLnqrXOrOwuy3Tvul0v5.jpg,"Natalie Bauer, una escritora que vive en Los Ángeles, se enamora de Josh Lin por una aplicación de citas y decide viajar a Nueva York para sorprenderlo en Navidad. Sin embargo, al llegar descubre que la han engañado y Josh no es quien decía ser: es un 'nerd' que ha usado las atractivas fotos de un tal Tag Abbott como cebo. Cuando Natalie descubre que el chico guapo de quien se enamoró, Tag, vive también en Nueva York, Josh se ofrece a prepararle una cita con él si ella finge ser su novia durante las vacaciones de Navidad.",J
244268,Love Is Strange,2014-08-22,Ira Sachs,"John Lithgow, Alfred Molina, Marisa Tomei, Darren E. Burrows, Charlie Tahan",Drama,6.3,/5nkM5aUSTMvXudUB3M0FgZ6voqD.jpg,"Cuando en 2011 se legaliza en Nueva York el matrimonio entre dos personas del mismo sexo, Ben y George, que llevan 39 años juntos, deciden casarse. Poco tiempo después despiden a George sin explicación alguna de la escuela católica donde enseña música y pierden su piso en Chelsea. Una pareja gay de policías acoge a George, y Ben se va a vivir a casa de su sobrino en Brooklyn. El constante esfuerzo para ser amables, tener la obligación de vivir en casa de otros y la preocupación por un futuro incierto son motivos de estrés para todos.",H
822256,Like a Rolling Stone: The Life & Times of Ben Fong-Torres,2021-06-13,Suzanne Joe Kai,"Ben Fong-Torres, Jann Wenner, Quincy Jones, Carlos Santana, Elton John",Documental,7.3,/wAgNejkBFSWS2cFa0wQN6YppJFw.jpg,,M
38643,Los Angeles Plays Itself,2004-07-28,Thom Andersen,"Encke King, Ben Alexander, Jim Backus, Brenda Bakke, Barbara O. Jones",Documental,7.6,/wmzGSQktsLf2JvfkhBaLSdG4G3Z.jpg,"Hay lugares donde puede que no hayas estado nunca, pero que te resultan familiares porque los has visto en miles de fotos o películas. Los Ángeles, por ejemplo, es una de las ciudades más filmadas del mundo. Partiendo de la hipótesis de que la ficción tiene un gran potencial documental, Andersen intenta convencernos de que podemos ver el cine desde otro punto de vista. El resultado es un análisis provocativo sobre nuestra capacidad de ver películas.",K
1000194,Bank Robbers: The Last Great Heist,2022-08-10,Matías Gueilburt,"Fernando Araujo, Luis Mario Vitette, Sebastián García Bolster, Rubén Alberto de la Torre, Miguel Ángel Sileo",Documental,6.712,/WC1pBBTiUIvj2jfUI82Z3XheZK.jpg,"A través de reveladoras entrevistas, los autores del robo bancario más famoso de Argentina detallan cómo —y por qué— llevaron a cabo la sorprendente operación de 2006.",M
1014890,Louis Armstrong's Black & Blues,2022-09-08,Sacha Jenkins,"Louis Armstrong, Nas, Wynton Marsalis, Dwight D. Eisenhower, Orson Welles",Documental,6.7,/j7Bol8Tdm0S8GVNXgbQSOS5AVpD.jpg,"Grabaciones personales nunca escuchadas e imágenes de archivo cuentan la historia de la vida de Louis Armstrong desde su punto de vista. Desde fenómeno musical pasando por activista por los derechos civiles hasta artista de renombre mundial, este documental muestra aspectos de Armstrong que muy pocos conocen.",N
512690,M. C. Escher: Journey to Infinity,2018-04-12,Robin Lutz,"Alexander van Breemen, Graham Nash, George Escher, Jan Escher, Liesbeth Escher-Hogenhout","Documental,Historia",6.865,/sdNvNOU4mpAF2f32oMGTy2W63We.jpg,"Un retrato del visionario artista holandés M. C. Escher (1898-1972), según sus propias palabras, extraídas de su diario, de su correspondencia y de los textos de sus conferencias.",J
275249,Maracaná,2014-03-12,Sebastián Bednarik,,Documental,6.0,/5hB0U2EucxDa3f5kDfpXSlV3Vb1.jpg,,G
736759,Making The Witcher,2020-08-25,Nathan Wiley,"Henry Cavill, Joey Batey, Anya Chalotra, Freya Allan, Lauren Schmidt Hissrich","Documental,Película de TV",7.1,/zYnwBAUPQn5WmurROH1ravCC6Wp.jpg,"El mundo de ‘The Witcher’ también es extraordinario detrás de las cámaras. La selección de los actores, la pegadiza canción de Jaskier... Así se creó la serie.",J
1476169,Marathon,2025-04-12,Alberto Mielgo,"Erica Lindbeck, Elias Toufexis, Nika Futterman, Donnla Hughes, Ben Starr","Acción,Ciencia ficción,Animación,Misterio",8.5,/1QKvurhQZnQ57fGy8yKafQHleqi.jpg,,J
690125,Marley,2012-04-20,Kevin Macdonald,"Bob Marley, Rita Marley, Ziggy Marley, Bunny Wailer, Jimmy Cliff","Música,Documental",7.5,/1UQM8zsQ4HhUr4dMgDDDMBrsq5d.jpg,"Documental sobre la vida, música y legado de Bob Marley. La película autorizada definitiva sobre su recorrido vital y el impacto mundial de uno de los cantantes, compositores, músicos y activistas más influyentes de la historia. ""Marley"" es la primera película en la que la familia de Bob ha permitido el uso de su material privado sobre el cantante.",H
419192,McLaren,2016-02-14,Roger Donaldson,"Dwayne Cameron, Bruce McLaren, Mario Andretti, Alastair Caldwell, Jackie Stewart",Documental,7.471,/zvGipOPJ03Vfqte6jhC6qRppNiM.jpg,"La historia de Bruce McLaren, el neozelandes fundador del equipo McLaren Motor Racing team. Un hombre que le mostro al mundo que alguien de raices humildes puede alcanzar la elite del automovilismo deportivo y triunfar.",H
541576,Meeting Gorbachev,2019-05-03,Werner Herzog,"Михаил Горбачёв, Werner Herzog, Miklós Németh, Lech Wałęsa, George Shultz",Documental,6.551,/9Xdr25dhbCVSeoht6SdZO2AKgMS.jpg,"Mikhail Gorbachev, ex presidente de la Unión Soviética, se sienta con el cineasta Werner Herzog para hablar sobre sus muchos logros. Los temas incluyen las conversaciones para reducir las armas nucleares, la reunificación de Alemania y la disolución de su país.",J
288789,Merchants of Doubt,2014-11-08,Robert Kenner,"Patricia Callahan, Matthew Crawford, Stanton A. Glantz, Katharine Heyhoe",Documental,7.464,/iECkpYVKr2BhPbqXZxGxZNspiw5.jpg,"El documental ofrece una mirada sobre los expertos a sueldo que se presentan como autoridades científicas en ciertos campos y que hablan de temas como productos químicos tóxicos, fármacos o el cambio climático.",H
150084,Mr. Blue Sky: The Story of Jeff Lynne & ELO,2012-10-05,Martyn Atkins,"Jeff Lynne, Paul McCartney, Ringo Starr, Tom Petty, Joe Walsh","Música,Documental",7.4,/4km3q8jkWjvFMdNgIi3uCW9XfXf.jpg,"Documental que llega al corazón de quién es Jeff Lynne y cómo ha tenido una influencia musical tan tremenda en nuestro mundo. La historia la cuenta el propio artista británico y colaboradores y amigos de Jeff tan distinguidos como Paul McCartney, Ringo Starr, Tom Petty, Joe Walsh, Olivia y Dhani Harrison, Barbara Orbison y Eric Idle. La película revela que Lynne es un verdadero hombre de la música, para quien el estudio de grabación es su mejor instrumento. Con acceso a Lynne en su estudio sobre Los Ángeles, éste es un relato íntimo de un gran clasicista pop británico que ha abierto un surco único desde que comenzó en la  escena beat de Birmingham a principios de los 60, pasando de la carrera vacía a la multimillonaria como Electric Light Orchestra en los 70 y, luego, con Bob Dylan, Tom Petty, Roy Orbison y George Harrison como miembro clave de los Travelling Wilburys.",K
11401,Metallica: Some Kind of Monster,2004-06-10,Bruce Sinofsky,"James Hetfield, Lars Ulrich, Kirk Hammett, Robert Trujillo, Jason Newsted","Documental,Música",7.059,/pnsRHqjrYbVUJXsPIDNsKV7gRmc.jpg,"Documental sobre una de las mejores bandas de rock de los últimos tiempos. Se sumerge dentro del estudio de grabación y de las mentes de Metallica, según van grabando su álbum ganador del Grammy “St. Anger”, al tiempo que se enfrentan a altibajos en su comunicación, adicciones, la deserción de un miembro del grupo, paternidad, caos familiar y su casi total desintegración durante la época más turbulenta de sus veinte años de historia. (FILMAFFINITY)",K
616240,Livingston: The Man and the Method,2019-04-04,Sofía Mora,Rodolfo Livingston,Documental,2.0,/kvKIJLsMDVZnJseaqYs0NBXUBmo.jpg,"Arquitecto exitoso ignorado por el statu quo, polemista infatigable, bon vivant de la vieja escuela y santo hereje en la Cuba castrista. Muchas vidas caben en la de Rodolfo Livingston, como lo demuestra este retrato de quien parece haber estado allí, desde siempre, listo para la cámara.",N
934323,Mickey: The Story of a Mouse,2022-03-19,Jeff Malmberg,"Floyd Norman, Carmenita Higginbotham, Eric Goldberg, Mark Henn, Randy Haycock",Documental,7.0,/cYHE9FdgXBFUWvWaIKsDHODDOTS.jpg,"A Mickey Mouse se le considera un símbolo de alegría e inocencia en casi todo el mundo. Mickey alcanzó la fama de la noche a la mañana cuando protagonizó el primer corto animado con sonido sincronizado: \""El botero Willie\"". A lo largo de las décadas, ha evolucionado en versiones muy distintas entre sí que reflejan la increíble carrera de su creador y los radicales cambios sociales en la nación que ahora representa.",N
566367,Midnight Family,2019-03-29,Luke Lorentzen,,Documental,7.0,/yOUx9N5b1Kw2B2FPjH8aB6h4Zz5.jpg,"Marigaby estudia Medicina durante el día y, por la noche, salva vidas con su familia en el peligroso mundo de las ambulancias privadas de Cuidad de México. La presión de los dos mundos amenaza con hundirla, pero Marigaby hará todo lo que estén en su mano para mantenerse a flote.",K
413782,Mifune: The Last Samurai,2016-12-02,Steven Okazaki,"Keanu Reeves, 香川京子, 司葉子, 土屋嘉男, 加藤武",Documental,7.13,/nklWhTBnbFw0NutlupxNbDB9TZZ.jpg,,J
566232,Miles Davis: Birth of the Cool,2019-08-23,Stanley Nelson,"Carl Lumbly, Reginald Petty, Quincy Troupe, Farah Griffin, Lee Annie Bonner","Documental,Historia,Música",7.177,/lc3C7iKfrBzYQIUHDBj91N70A6k.jpg,Una inmersiva mirada a la azarosa vida y brillante carrera artística del visionario trompetista de jazz estadounidense Miles Davis (1926-1991).,K
595980,Monk,1968-01-01,Christian Blackwood,"Thelonious Monk, Nica De Koenigswarter, Larry Gales, Ben Riley, Charlie Rouse",Documental,5.0,/zCKQr5R834RYQjR9QXoGM7K3knn.jpg,,N
595983,Monk in Europe,1968-01-01,Christian Blackwood,"Thelonious Monk, Jimmy Cleveland, Ray Copeland, Larry Gales","Documental,Música",0.0,/qA36ZKg1Ea0NrbzAPz9rEsbsR5n.jpg,,N
473176,"Lots of Kids, a Monkey and a Castle",2017-07-06,Gustavo Salmerón,"Julita Salmerón, Gustavo Salmerón",Documental,7.281,/rBBsRmbht1S8hqHftzPIiidxXxA.jpg,"Julita, la madre, ha cumplido todos sus sueños de tener una familia numerosa, un mono y un castillo, y ahora sufre los efectos de la crisis económica, sin dinero para poder mantener el imponente inmueble, y a base de iniciativa y tacto logra mantener a la familia a flote.",Un Mono y Un Castillo
682110,My Octopus Teacher,2020-09-04,James Reed,"Craig Foster, Tom Foster",Documental,7.87,/hvTVZb7hBC8tZAGoEhH5eiMJu2B.jpg,"Después de años de nadar todos los días en el océano helado en la punta de África, Craig Foster conoce a un maestro poco probable: un pulpo joven que muestra una curiosidad notable. Al visitar su guarida y seguir sus movimientos durante meses y meses, finalmente se gana la confianza del animal y desarrollan un vínculo nunca antes visto entre humanos y animales salvajes.",J
586534,Mystify: Michael Hutchence,2019-04-28,Richard Lowenstein,"Michael Hutchence, Kylie Minogue, Helena Christensen, Bono, Noel Gallagher","Documental,Música",7.26,/qpxLFHp9B9EHKM96JZXJ8uf7ObG.jpg,"Un documental sobre el corazón y el alma con problemas de Michael Hutchence, cantante y compositor de INXS.",M
730420,Nasha Natasha,2020-08-06,Martín Sastre,"Natalia Oreiro, Facundo Arana, Ricardo Mollo, Valeria Lorca, Merlín Atahualpa Mollo Oreiro","Documental,Música",6.6,/rlZA6gkmzai8wiX3z1SvNeLrpum.jpg,"La vida de la sensacional cantante uruguaya Natalia Oreiro sobre el escenario y fuera de él, en una gira por Rusia con presentaciones a sala llena.",K
395968,Nathan East: For the Record,2014-12-01,,,Documental,8.0,/sDUrdDWmZRW4hxCs12q3RjU6O7w.jpg,,J
435077,We Don't Like Captain Sausage!,2015-07-07,Antonio García Jimenez,,Documental,5.6,/4H03Xde7uZ5sPmjS6oF3hvnM5sK.jpg,"La historia de creación y desarrollo de ""Capitán Sevilla"", el videojuego de 8 bits publicado en 1988 para MSX, Spectrum y Amstrad CPC, es la excusa para arrancar un repaso a la historia del videojuego en España. Una vuelta a los orígenes de la industria de los videojuegos en España que indaga en la ""Edad de Oro del Software Español"", los remakes, el declive y renacimiento de los 8 bits y del futuro del desarrollo en nuestro país.  Dinamic Software, la empresa distribuidora con los hermanos Ruiz al frente
16194,Not Quite Hollywood,2008-08-28,Mark Hartley,"Phillip Adams, Glory Annen, Christine Amor, Victoria Anoux, Briony Behets","Comedia,Documental",6.78,/n4J0mFMjeondUYT2zqlYb350tWL.jpg,"Invitado en calidad de fan, el mismísimo Tarantino no duda en amenazarnos con el peor de los infiernos si no acabamos encantados con este documental consagrado al cine de exploitation australiano. Su entusiasmo, y el del resto de excepcionales invitados, al glosar los méritos de un puñado de artistas que convirtieron la Australia de los años 70 y 80 en un paraíso de cine de género, es tan elocuente como extremadamente contagioso. Not quite Hollywood radiografía a mil por hora una época repleta de desnudos frontales, explosiones, casquería, monumentales carreras de coches y sustos de primera y, sobre todo, de mucha ilusión, humor e ingenio.",M
237523,Ocean Predators,2013-11-12,Benjamin Eicher,,Documental,6.8,/fkibZYsHEBYWzRD2RZ646nFBubD.jpg,"En este gran documental de la vida marina “Ocean Predators”, puedes sumergirte profundamente en el océano en busca de los depredadores más peligrosos de nuestros mares. Desvela los misterios de estos cazadores fascinantes y cualificados. Dientes afilados y la velocidad del rayo es la única ley en este entorno implacable. ¿Estás listo para descubrir los hechos detrás de los mitos y leyendas sobre los tiburones, barracudas y morenas? Rodada en 3D, este documental es una introducción a los Reyes del Mar, en una forma sin precedentes.",H
595890,Other Music,2019-04-26,Rob Hatch-Miller,"Jason Schwartzman, Tunde Adebimpe, Ezra Koenig, Matt Berninger, Regina Spektor",Documental,6.7,/dFQnkjAQSJ4TJkxm5YC20QvdggX.jpg,,N
297271,Paco de Lucía: La Búsqueda,2014-09-20,Francisco Sánchez Varela,Paco de Lucía,Documental,6.722,/9IQ6hKDYQQogaRPOO95FX6onwMo.jpg,"En junio de 2012, el guitarrista Paco de Lucía inicia una gira de once días por Europa. Lo que comienza como un seguimiento de sus rutinas como artista evolucionará hasta convertirse en un viaje introspectivo a su pasado, su memoria y las claves que le permitieron revolucionar el flamenco. Los vaivenes de un día simbólico de su gira, desde que amanece hasta que Paco y sus músicos terminan el concierto, funcionan como el esqueleto vertebrador de la historia de uno de los músicos más importantes del siglo XX. No es sólo un seguimiento físico, es un viaje al alma de Paco: a sus recuerdos, a las cosas que le atormentan, que le interesan o le hacen reír abiertamente. Mediante flashbacks y con él como único narrador, desgrana en orden cronológico desde su infancia hasta sus días postreros en Mallorca, donde ultimó los arreglos finales de su disco póstumo. (FILMAFFINITY)",H
63144,Page One: Inside the New York Times,2011-04-29,Andrew Rossi,"David Carr, Brian Stelter, Bruce Headlam, Richard Perez-Pena, Sarah Ellison",Documental,6.915,/rFob85bcxUb31YwTWBOYF6Gol8m.jpg,"Documental sobre el periódico ""The New York Times"" que hace una crónica de todo un año en la legendaria publicación. Al mismo tiempo el film supone un análisis sobre el periodismo escrito en general, y la enorme transformación que éste está sufriendo en el siglo XXI con la popularización de Internet y las redes sociales, así como la necesidad de que todo periódico",M
258614,Pantani: The Accidental Death of a Cyclist,2014-02-17,James Erskine,"Nicola Amaducci, Evgeni Berzin, Romani Cenni, Sandro Donati, Greg LeMond",Documental,6.94,/ihZ4y3OwHzytzTY0K6MFo7ueFU4.jpg,,M
84347,Paul Simon: Under African Skies,2012-05-11,Joe Berlinger,"Paul Simon, Maya Angelou, Whoopi Goldberg, Quincy Jones, Lorne Michaels","Música,Documental,Historia",7.1,/8A2lrsqYh5CP09XVM5pKYnOsrP.jpg,"Paul Simon vuelve a Sudáfrica para explorar el increíble viaje de su histórico albun ""la gracia de la tierra"", incluyendo la reacción política que recibió por romper presuntamente el boicot cultural de las Naciones Unidas de Sudáfrica diseñado para acabar con el régimen del Apartheid.",J
671052,Peter Cushing: In His Own Words,2020-02-08,Richard Edwards,"Morris Bright, Philip Campbell, Richard Edwards, Derek Fowlds, Jenny Hanley",Documental,7.5,/hS1DUchIzukNmV1I1i5DdQJOhKH.jpg,,M
546199,Piazzolla: The Years of the Shark,2018-08-30,Daniel Rosenfeld,"Daniel Piazolla, Astor Piazzolla",Documental,6.2,/fkXy57783VedNjb0hAX5U7fiRxj.jpg,"Documental sobre la vida del músico y compositor Astor Piazolla, realizado con material inédito aportado por su hijo Daniel.",los años del tiburón
116835,Pink Floyd: The Story of Wish You Were Here,2012-06-26,John Edginton,"Roger Waters, David Gilmour, Nick Mason, Storm Thorgerson, Richard Wright","Documental,Música",7.317,/yNoWIRIh3VQPMEEYpQnGSmyJk3F.jpg,,K
631143,QT8: The First Eight,2019-10-21,Tara Wood,"Quentin Tarantino, Zoë Bell, Louis Black, Bruce Dern, Robert Forster",Documental,7.214,/rGPwMYUeygsUAmo0NS8IPlhQEfH.jpg,"Documental que se centra en los primeros 21 años de la carrera cinematográfica de Quentin Tarantino, en el que se incluyen entrevistas con sus colaboradores habituales.",M
82861,Classic Albums: Queen - The Making of A Night at the Opera,2006-03-17,Matthew Longfellow,"Freddie Mercury, Roger Taylor, John Deacon, Brian May, Bob Harris","Documental,Música",6.531,/z9jp1JYlNkStcoSuKkr6DF82oqw.jpg,"Si alguna vez hubo un álbum digno de ser incluido en la serie Classic Albums de Eagle Vision, ese es el exitoso lanzamiento de Queen, A Night At The Opera. Lanzado en 1975, este no solo fue el primer álbum de platino de la banda, sino también el que los catapultó al centro de atención como uno de los actos de rock más importantes del mundo. Ahora, por primera vez, se ofrece a los fans una mirada en profundidad a uno de los discos más importantes de la música rock con el DVD de álbumes clásicos Queen: The Making Of A Night At The Opera.",M
504561,Quincy,2018-09-09,Rashida Jones,"Quincy Jones, Rashida Jones, Tom Hanks, Oprah Winfrey, John Legend","Documental,Música",7.354,/yYtY9CRLyz4dXqTOiimdMF7Nt4e.jpg,"Una mirada íntima a la vida del ícono Quincy Jones. Una fuerza única en la música y la cultura popular durante 70 años, Jones ha trascendido fronteras raciales y culturales
303285,R.E.M. by MTV,2014-11-21,Alex Young,"Michael Stipe, Peter Buck, Mike Mills, Bill Berry","Música,Documental",6.6,/zMosLSyXxTJ8Erats9eeGx7y75p.jpg,"Documental que repasa en profundidad la carrera y la historia de la banda de rock estadounidense R.E.M, desde su formación en 1980 hasta su separación en 2011.",K
553539,ReMastered: Who Shot the Sheriff,2018-10-12,Kief Davidson,"Jimmy Cliff, Bob Marley, Philip Agee, George Harrison, Michael Manley",Documental,6.767,/lgOHOZftmTka2hVQn0iBci3aJSq.jpg,En 1976 el icono del reggae Bob Marley sobrevivió a un intento de asesinato mientras grupos políticos rivalizan por el poder en Jamaica. Pero ¿quién fue el responsable?,K
33226,Rembrandt's J'Accuse...!,2008-10-04,Peter Greenaway,"Peter Greenaway, Martin Freeman, Eva Birthistle, Jodhi May, Emily Holmes","Documental,Misterio",6.682,/dXyXFS4Lx0ioWeHfTd3FYFxtl9V.jpg,"Documental que muestra la investigación personal del director Peter Greenaway sobre la conspiración y el asesinato que se esconden tras el famoso cuadro `La ronda de noche`, de Rembrandt. Greenaway asume el rol de historiador de arte, detective, fiscal y juez, analizando con detalle la escena del crimen y las pistas que se esconden con el objetivo de descubrir los asesinos entre los personajes representados en la pintura.",H
39312,Restrepo,2010-06-25,Tim Hetherington,"Juan ""Doc"" Restrepo, Dan Kearney, LaMonta Caldwell, Aron Hijar","Bélica,Documental",7.246,/62DCMBMJU1ZVezVEawyatpFoJwI.jpg,"Crónica de las vidas de un pelotón de soldados estadounidenses que combaten en el valle más peligroso de Afganistán, llamado Korengal. El documental se centra en un remoto puesto formado por 15 hombres llamado Restrepo, un lugar conocido por su extrema peligrosidad donde se produce una quinta parte de los combates que ocurren en todo el país. Sebastian Junger, periodista, y Tim Hetherington, un reputado fotógrafo ganador de varios premios World Press Photo, pasaron varios meses empotrados con los marines estadounidenses en el valle, consiguiendo unas imágenes impactantes de la dura realidad del conflicto.",H
139572,Rising from Ashes,2013-08-02,T.C. Johnstone,Forest Whitaker,Documental,6.5,/yYzx4rTInLpBVKrdEIGnaf6LY2J.jpg,"Rising from Ashes es un documental que narra el encuentro de dos mundos, cuando la leyenda del ciclismo Jock Boyer se muda a Ruanda, África, para ayudar a un grupo de sobrevivientes del genocidio a lograr su sueño, el de tener un equipo nacional propio. En un viaje a contracorriente tanto Jock como el equipo encuentran un nuevo propósito que es el renacer de las cenizas del pasado. La bicicleta se convierte así en una herramienta que ayuda a resurgir toda una nación.",M
642732,Roadrunner: A Film About Anthony Bourdain,2021-07-16,Morgan Neville,"Anthony Bourdain, Nancy Bourdain, Joel Rose, Karen Rinaldi, Kim Witherspoon",Documental,6.924,/ec9iSMX6k3YNmkIIsVBjdc3guCC.jpg,"Una mirada íntima detrás de escena de cómo un chef anónimo se convirtió en un ícono cultural de renombre mundial. Esta mirada inquebrantable a Anthony Bourdain reverbera con su presencia, en su propia voz y en la forma en que impactó indeleblemente al mundo que lo rodea.",J
493100,Robin Williams: Come Inside My Mind,2018-01-19,Marina Zenovich,"Robin Williams, Mark Rasmussen, Stan Wilson, Valerie Velardi, David Letterman",Documental,7.882,/ak9DZnzInl9oIUlXxsFsUd37ueh.jpg,"Un retrato divertido, íntimo y desgarrador de uno de los comediantes más queridos e inventivos del mundo, Robin Williams, contado en gran parte a través de sus propias palabras. Celebra lo que trajo a la comedia y a la cultura en general, desde los días salvajes de finales de la década de 1970 hasta su muerte en 2014.",J
574638,Rolling Thunder Revue: A Bob Dylan Story by Martin Scorsese,2019-06-11,Martin Scorsese,"Bob Dylan, Allen Ginsberg, Patti Smith, Martin von Haselberg, Scarlet Rivera","Documental,Música",7.0,/ixxELBgYj9OH8hz0XCrcZOJpIx9.jpg,"En una mezcla alquímica de hechos reales y fantasía, Martin Scorsese rememora la gira de Bob Dylan Rolling Thunder Revue en 1975 y un país preparado para reinventarse.",K
18203,Big Night,1996-09-20,Campbell Scott,"Minnie Driver, Ian Holm, Isabella Rossellini, Tony Shalhoub, Stanley Tucci","Drama,Romance,Comedia",6.956,/8AJGSDyrj3Dz2B57n1ZB4qNPbmJ.jpg,"Dos hermanos viajan desde Italia hasta New Jersey con el objetivo de abrirse camino en la vida gracias a un restaurante de auténtica y selecta comida italiana. La suerte no les acompaña, y las deudas les asedian, por lo que deciden contratar a un gran músico de jazz en quien depositan su esperanza de sacar a flote el negocio. La noche se presenta muy bien y todo está preparado para la gran actuación, pero algo inesperado ocurre y el artista no se presenta.",J
24679,Bird,1988-06-01,Clint Eastwood,"Forest Whitaker, Diane Venora, Michael Zelniker, Samuel E. Wright, Keith David","Drama,Música",6.841,/rTCp6M98RQAxRl0x0guU9GlH7HS.jpg,"La fama del saxofonista de jazz Charlie ’Bird’ Parker crece rápidamente a partir de su llegada a Nueva York en 1940. Pero Parker comienza a abusar del alcohol y las drogas, y su vida se convierte en un infierno.",M
361705,Birdboy: The Forgotten Children,2015-09-24,Alberto Vázquez,"Andrea Alzuri, Eba Ojanguren, Josu Cubero, Félix Arcarazo, Jorge Carrero","Animación,Drama,Fantasía",7.4,/9UqIT5KX2zjCJldYaO3ok3FHL7j.jpg,"Un futuro postapocalíptico, una isla llena de basura, contaminación y animales antropomorfos que poseen un carácter amoral y muy tóxico. En este escenario desolador, Birdboy, un niño pájaro repudiado por la sociedad, se hará amigo de la ratoncita Dinki. Dos almas destinadas a encontrarse, que emprenderán un arriesgado viaje en el que se encontrarán con otros seres condenados, como los niños olvidados. Juntos tendrán que enfrentarse a la realidad que les rodea, con la esperanza de poder encontrar un lugar mejor, ya que la isla en la que viven está desolada por una catástrofe ecológica y el aire que se respira es asfixiante.",H
194662,Birdman or (The Unexpected Virtue of Ignorance),2014-10-17,Alejandro González Iñárritu,"Michael Keaton, Emma Stone, Zach Galifianakis, Edward Norton, Andrea Riseborough","Drama,Comedia",7.444,/rHUg2AuIuLSIYMYFgavVwqt1jtc.jpg,"Después de hacerse famoso interpretando a un célebre superhéroe, un actor trata de darle un nuevo rumbo a su vida, recuperando a su familia y preparándose para el estreno de una obra teatral en Broadway.",H
898,Birdman of Alcatraz,1962-07-04,John Frankenheimer,"Burt Lancaster, Karl Malden, Thelma Ritter, Neville Brand, Betty Field","Drama,Crimen",7.501,/6EODLN11HTX4l2cmakAhWIoJLF.jpg,"Robert Stroud es un preso conflictivo que ha sido condenado a cumplir una pena de doce años en una celda incomunicada. Cierto día comienza a cuidar a un pájaro herido que encuentra en la ventana de su celda y, a partir de entonces, descubre que su verdadera vocación es el estudio y la cría de aves.",M
44214,Black Swan,2010-12-03,Darren Aronofsky,"Natalie Portman, Mila Kunis, Vincent Cassel, Barbara Hershey, Winona Ryder","Drama,Suspense,Terror",7.7,/viWheBd44bouiLCHgNMvahLThqx.jpg,"Nina, una brillante bailarina que forma parte de una compañía de ballet de Nueva York, vive completamente absorbida por la danza. La presión de su controladora madre, la rivalidad con su compañera Lily y las exigencias del severo director se irán incrementando a medida que se acerca el día del estreno. Esta tensión provoca en Nina un agotamiento nervioso y una confusión mental que la incapacitan para distinguir entre realidad y ficción.",O
1016084,BlackBerry,2023-02-13,Matt Johnson,"Jay Baruchel, Glenn Howerton, Matt Johnson, Michael Ironside, Cary Elwes","Comedia,Drama,Historia",7.2,/ePWKQzOnwabMcJsWYWIiy5p1Ofr.jpg,"Dos emprendedores dispares, el innovador Mike Lazaridis y el despiadado empresario Jim Balsillie, unieron sus fuerzas en un proyecto que se convertiría en un éxito mundial en poco más de una década. El dispositivo que uno de ellos inventó y el otro vendió fue BlackBerry, un adictivo teléfono móvil que cambió la forma en que el mundo trabajaba, jugaba y se comunicaba. Pero justo cuando BlackBerry alcanzaba nuevas cimas, también empezó a perderse entre la niebla de las guerras de smartphones, la indecisión de los directivos y las distracciones externas.",O
26516,Blackboard Jungle,1955-03-25,Richard Brooks,"Glenn Ford, Anne Francis, Louis Calhern, Margaret Hayes, John Hoyt","Crimen,Drama",6.9,/vPGvWlsMg4niyuGCSzvAiyjYNWC.jpg,"Un soldado veterano acepta un empleo como profesor en un conflictivo colegio público. Enseguida comprende que no será tarea fácil ganarse el respeto de los alumnos, algunos de los cuales son delincuentes en potencia. A pesar de que el ambiente es poco propicio, está decidido a trabajar duro para hacer de sus alumnos hombres de provecho.",K
122271,Bleak Moments,1971-11-30,Mike Leigh,"Anne Raitt, Sarah Stephenson, Eric Allan, Joolia Cappleman, Mike Bradwell","Comedia,Drama",6.051,/j6UZkLlGXxMpB4CsrZ4pyLEU5iZ.jpg,"Sylvia, contable en una oficina, vive con su hermana Hilda, que es algo retrasada, y su pasión es la lectura y tomarse unas copas por la noche. Hilda odia a Peter, un profesor de escuela interesado por las hermanas, pero quiere a Norman, un hippie que trabaja en el garaje de Sylvia, imprimiendo un periódico underground. Sólo cuando Norman toca la guitarra, las cosas parecen fluir amablemente. Todo lo demás es sufrimiento, desorden y oscuridad. Primer largometraje de Mike Leigh que versa sobre la soledad y la incomunicación de los seres humanos.",J
301502,Blonde,2022-09-16,Andrew Dominik,"Ana de Armas, Adrien Brody, Bobby Cannavale, Sara Paxton, Lucy DeVito",Drama,5.919,/mEeHqtnWOR44vLCutEFku2WK6ou.jpg,"Reinvención de la historia personal de la sex symbol más famosa del mundo, Marilyn Monroe, en un retrato ficticio de la modelo, actriz y cantante durante los años cincuenta y sesenta, contado a través de la mirada moderna de la cultura de las celebridades.",M
44399,Blood and Sand,1941-05-30,Rouben Mamoulian,"Tyrone Power, Linda Darnell, Rita Hayworth, Alla Nazimova, Anthony Quinn","Drama,Romance",6.5,/1cp4d9Mwz1IxZWcfKq0D53oVD0x.jpg,"Después de muchas dificultades, Juan Gallardo (Tyrone Power) se convierte en la primera figura del toreo. A continuación se casa con Carmen (Darnell), su novia de toda la vida. Pero, cuando todo parecía ir bien, Juan conoce a Sol (Hayworth), una joven, bella y frivola aristócrata con la que mantiene una apasionada relación. A partir de entonces comenzará su declive",J
971699,Blue Jean,2023-02-10,Georgia Oakley,"Rosy McEwen, Kerrie Hayes, Lucy Halliday, Lydia Page, Becky Lindsay",Drama,6.8,/8kzhsiL340IDeaAuEz4RfiFilgf.jpg,"En 1988, una profesora homosexual se ve enfrentada a un grave problema cuando un nuevo estudiante amenaza con revelar su secreto.",O
793,Blue Velvet,1986-09-19,David Lynch,"Isabella Rossellini, Kyle MacLachlan, Dennis Hopper, Laura Dern, Hope Lange","Misterio,Suspense,Crimen",7.609,/tzXuURjPzCqtA6eL0Cswq9wzFx0.jpg,"Una mañana, Jeffrey Beaumont, después de visitar a su padre en el hospital, encuentra entre unos arbustos una oreja humana. La guarda en una bolsa de papel y la lleva a la comisaría de policía, donde le atiende el detective Williams, que es vecino suyo. Comienza así una misteriosa intriga que desvelará extraños sucesos acontecidos en una pequeña localidad de Carolina del Norte.",H
25862,Blues in the Night,1941-11-15,Anatole Litvak,"Priscilla Lane, Betty Field, Richard Whorf, Lloyd Nolan, Jack Carson","Crimen,Drama,Música",6.083,/A6anBd0LJIZ4fnsh70THxUtuCD.jpg,,J
802219,Bob Marley: One Love,2024-02-14,Reinaldo Marcus Green,"Kingsley Ben-Adir, Lashana Lynch, James Norton, Tosin Cole, Umi Myers","Música,Historia,Drama",6.609,/1lQftpEARVVB9op4TaYiIbactzG.jpg,"Biopic sobre Bob Marley dirigido por Reinaldo Marcus Green (El método Williams) . Un tributo a la que ha sido la mayor leyenda del reggae y que falleció con tan solo 36 años, a causa de un cáncer de piel, en 1981.",O
10608,Bob Roberts,1992-09-04,Tim Robbins,"Tim Robbins, Giancarlo Esposito, Alan Rickman, Ray Wise, Brian Murray","Comedia,Drama",6.5,/j4PokuSIrmbN5oCR54D8kiI0U6a.jpg,"Bob Roberts, un cantante folk, anuncia su candidatura al Senado de los Estados Unidos por el estado de Pennsylvania. La campaña electoral resulta ser una trama con fines económicos, racistas y militares. Un humilde periodista revela la verdadera personalidad e ideas del candidato y de sus colaboradores. (FILMAFFINITY)",H
424694,Bohemian Rhapsody,2018-10-24,Bryan Singer,"Rami Malek, Gwilym Lee, Ben Hardy, Joseph Mazzello, Lucy Boynton","Música,Drama",7.96,/lHu1wtNaczFPGFDTrjCSzeLPTKN.jpg,"Londres, 1970. El joven Farrokh (al que sus amigos llaman Freddie) vive en Londres, trabaja en el aeropuerto, estudia diseño gráfico y escribe canciones. Un día, tras escuchar al grupo Smile en un bar, se ofrece como cantante de la banda al enterarse de que se han quedado sin vocalista. Los otros miembros de Smile se llaman Brian May y Roger Taylor.",O
807196,Boiling Point,2021-07-05,Philip Barantini,"Stephen Graham, Vinette Robinson, Alice May Feetham, Jason Flemyng, Hannah Walters","Drama,Suspense",7.229,/kdkk7OBnIL1peW2zwcAAp6O54Jo.jpg,"En la noche más concurrida del año en uno de los restaurantes de moda en Londres, el carismático jefe de cocina Andy Jones trata de no derrumbarse ante una crisis personal y profesional que podría destruir todo aquello por lo que ha trabajado. La inesperada visita de un inspector de sanidad y seguridad alimentaria aumenta la presión sobre el personal mientras no dejan de llegar más y más clientes. Andy abronca y engatusa a su equipo indistintamente, haciendo todo lo posible para disipar las tensiones entre la gerencia y los trabajadores, mientras atiende a las ridículas demandas de sus clientes.",J
525661,Bombshell,2019-12-13,Jay Roach,"Charlize Theron, Margot Robbie, Nicole Kidman, John Lithgow, Allison Janney",Drama,6.778,/gbPfvwBqbiHpQkYZQvVwB6MVauV.jpg,"Roger Ailes (John Lithgow) se encuentra al frente del canal de noticias de la Fox , uno de los mejores productores televisivos de su generación al tiempo que cruel y autoritario, muy dado a hacer comentarios groseros y sexistas sobre sus empleadas, hasta que un buen día la presentadora y estrella televisiva Gretchen Carlson (Nicole Kidman) decide hablar destapando todo un escándalo que sacudiría a toda la industria mediática al interponer en el año 2016 una denuncia por ""abuso sexual"". Será entonces cuando sus compañeras entre ellas Megyn Kelly (Charlize Theron) y Kayla Pospisil (Margot Robbie), tendrán que decidir si también van a dar la cara contra el todo poderoso ejecutivo.",K
397538,Borg vs McEnroe,2017-09-08,Janus Metz,"Sverrir Gudnason, Shia LaBeouf, Stellan Skarsgård, Tuva Novotny, Leo Borg","Drama,Historia",6.905,/xIcivKyGdhu4HYr1yESyor150qh.jpg,"Narra la historia de la rivalidad entre dos leyendas del tenis: el sueco Björn Borg y el norteamericano John McEnroe, un enfrentamiento legendario de la historia del deporte que tuvo su culminación en la final de Wimbledon de 1980, que enfrentó a ambos.",M
2604,Born on the Fourth of July,1989-12-20,Oliver Stone,"Tom Cruise, Raymond J. Barry, Caroline Kava, Kyra Sedgwick, Willem Dafoe","Drama,Bélica",7.005,/oYUawLA27qVXMGkVUe5ru5oOdme.jpg,"Inspirada en la autobiografía de Ron Kovic. Segunda parte de la trilogía sobre Vietnam: muestra la historia de un joven que se alista como voluntario para ir a la guerra, convencido de que defender a su país es la mejor manera de demostrarle su amor. Pero sus convicciones cambiarán radicalmente cuando regrese como veterano de guerra, postrado en una silla de ruedas y atendido en un cochambroso hospital.",O
327528,Born to Be Blue,2015-09-13,Robert Budreau,"Ethan Hawke, Carmen Ejogo, Callum Keith Rennie, Stephen McHattie, Janet-Laine Green","Drama,Música",6.523,/iEdh2CkSyDXBTAPlNS6uLF9yTTH.jpg,"Biopic sobre el legendario trompetista de jazz Chet Baker en los años 60. La historia se centra en la época en la que Baker comienza a rodar una película sobre sí mismo y se enamora de su compañera de rodaje, la enigmática Jane. El conflictivo pasado del músico vuelve para atormentarlo, hasta el punto de que parece que nunca volverá a poder ser capaz de componer, pero Jane lo reta a volver a la escena musical en contra de todos los pronósticos.",M
85350,Boyhood,2014-06-05,Richard Linklater,"Ellar Coltrane, Patricia Arquette, Ethan Hawke, Lorelei Linklater, Libby Villari",Drama,7.491,/2BvtvDUyxiMJ4dmKfiQf4qdOHQN.jpg,"Es la historia de Mason desde los seis años y durante una década poblada de cambios: mudanzas y controversias, relaciones que se tambalean, bodas, diferentes colegios, primeros amores, también desilusiones, momentos maravillosos, de miedo y de una constante mezcla de desgarro y sorpresa. Un viaje íntimo y épico por la euforia de la niñez, los sísmicos cambios de una familia moderna y el paso del tiempo.",I
650,Boyz n the Hood,1991-07-12,John Singleton,"Cuba Gooding Jr., Laurence Fishburne, Ice Cube, Morris Chestnut, Angela Bassett","Crimen,Drama",7.616,/v4ox4aSCNT5vyLXl4Q71JiWwCXW.jpg,Sorprendente debut del jovencísimo John Singleton -nominado al Oscar al mejor director con sólo 21 años- en un drama que cuenta la historia de tres amigos de la infancia que viven en un peligroso barrio de Los Ángeles. Los tres deberán enfrentarse a difíciles dilemas para abrirse camino en la vida.,O
68,Brazil,1985-02-20,Terry Gilliam,"Jonathan Pryce, Robert De Niro, Katherine Helmond, Ian Holm, Bob Hoskins","Comedia,Ciencia ficción",7.667,/aewan59WcFThBimkTVVoNf2o5Vb.jpg,"En un extraño y deprimente universo futurista donde reinan las máquinas, una mosca cae dentro de un ordenador y cambia el apellido del guerrillero Harry Tuttle por el del tranquilo padre de familia Harry Buttle, que es detenido y asesinado por el aparato represor del Estado. El tranquilo burócrata Sam Lowry es el encargado de devolver un talón a la familia de la víctima, circunstancia que le permite conocer a Jill Layton, la mujer de sus sueños. Y, mientras la persigue, hace amistad con Harry Tuttle y se convierte en su cómplice.",K
164,Breakfast at Tiffany's,1961-10-06,Blake Edwards,"Audrey Hepburn, George Peppard, Patricia Neal, Buddy Ebsen, Martin Balsam","Comedia,Romance,Drama",7.624,/79xm4gXw4l7A5D0XukUOJRocFYQ.jpg,"Holly Golightly es una bella joven de la alta sociedad neoyorquina que bajo su vida alegre esconde una gran tristeza. Holly tiene un comportamiento algo alocado, y alguna manía, como por ejemplo desayunar contemplando el escaparate de la lujosa joyería Tiffanys. Un día se muda a su mismo edificio Paul Varjak, un escritor en ciernes que mientras espera alcanzar un éxito que nunca llega vive de la relación con una mujer madura que le mantiene. Holly y Paul enseguida entablarán una bonita amistad.",O
269,Breathless,1960-03-16,Jean-Luc Godard,"Jean-Paul Belmondo, Jean Seberg, Daniel Boulanger, Henri-Jacques Huet, Roger Hanin","Drama,Crimen",7.493,/iqnXXdyVKPuMngJDuHLYQGq60AN.jpg,"Michel Poiccard es un ex-figurante de cine admirador de Bogart. Tras robar un coche en Marsella para ir a París, mata fortuitamente a un motorista de la policía. Sin remordimiento alguno por lo que acaba de hacer, prosigue el viaje. En París, tras robar dinero a una amiga, busca a Patricia, una joven burguesa americana, que aspira a ser escritora y vende el New York Herald Tribune por los Campos Elíseos
504581,Broker,2015-06-13,David-Jan Bronsgeest,"Yorick van Wageningen, Katarzyna Siewarga, Frank Sheppard, Ward Kerremans, Jord Knotter","Acción,Crimen,Drama,Suspense",0.0,/cOY30wxk50vOtPp4i5p37bINlkg.jpg,,N
167073,Brooklyn,2015-10-20,John Crowley,"Saoirse Ronan, Domhnall Gleeson, Emory Cohen, Jim Broadbent, Julie Walters","Romance,Drama,Historia",7.306,/cs7W8j5lI7qzRW6tKSj9p1Q0Ze7.jpg,"En los años 50, la joven Eilis Lacey decide abandonar Irlanda y viajar a los Estados Unidos, concretamente a Nueva York, donde conoce a un chico del que se enamora. Pero un día, a Eilis le llegan noticias de un grave problema familiar y tendrá que decidir entre quedarse en su nuevo país o volver a su tierra natal.",H
398818,Call Me by Your Name,2017-10-01,Luca Guadagnino,"Armie Hammer, Timothée Chalamet, Michael Stuhlbarg, Amira Casar, Esther Garrel","Romance,Drama",8.095,/mZ4gBdfkhP9tvLH1DO4m4HYtiyi.jpg,"Elio Perlman (Timothée Chalamet), un joven de 17 años, pasa el cálido y soleado verano de 1983 en la casa de campo de sus padres en el norte de Italia. Se pasa el tiempo holgazaneando, escuchando música, leyendo libros y nadando hasta que un día el nuevo ayudante americano de su padre llega a la gran villa. Oliver (Armie Hammer) es encantador y, como Elio, tiene raíces judías
157832,Calvary,2014-04-11,John Michael McDonagh,"Brendan Gleeson, Chris O'Dowd, Kelly Reilly, Aidan Gillen, Dylan Moran",Drama,7.113,/jzgiam18I0gR20LB8BAE5u4dIdm.jpg,"Calvary se centra en la vida del padre James Lavelle, un hombre dispuesto a que el mundo sea un lugar mejor. El sacerdote está sorprendido por la cantidad de confrontaciones que hay en su pequeño pueblo, le entristece que sus habitantes sean tan rencorosos. Cuando está tomando confesión recibe una amenaza, y el religioso empieza a ser atormentado por los miembros de su parroquia.",H
42164,Camera Buff,1979-11-16,Krzysztof Kieślowski,"Jerzy Stuhr, Małgorzata Ząbkowska, Ewa Pokas, Stefan Czyżewski, Jerzy Nowak",Drama,7.5,/pDh0YMJQqVV1nuBRnkQbIg911Xw.jpg,"Filip Mosz es un obrero que descubre gracias a una súper 8 los poderes de las grabaciones cinematográficas. Destinada a grabar los primeros pasos de su bebé, la cámara se convierte en herramienta de exploración y análisis del mundo: fábricas, obreros, ciudades, poblaciones, recuerdos, relaciones de poder y trabajo A medida que Filip encuentra nuevos temas, el mundo cambia. Esta actividad lo aleja de su mujer, empeora su relación con su jefe y provoca rupturas y malentendidos. Tanto su vida privada como su vida social se vuelven inestables como si el cine influyera en la realidad.",J
42085,Camila,1984-05-17,María Luisa Bemberg,"Susú Pecoraro, Imanol Arias, Héctor Alterio, Elena Tasisto, Carlos Muñoz Arosa","Drama,Romance",7.1,/ibSmdjvNXWQgZKLPeJNReRLTJrF.jpg,"Un filme basado en hechos reales que narra la historia de amor que mantuvieron, en el siglo XIX, la aristócrata Camila O'Gorman y el sacerdote Ladislao Gutiérrez. Una relación que provocó el escándalo entre la iglesia y la sociedad de la época.",M
43874,Camille,1936-12-26,George Cukor,"Greta Garbo, Robert Taylor, Lionel Barrymore, Elizabeth Allan, Jessie Ralph","Drama,Romance,Historia",6.973,/78p9egiU16QpJNvmSVa4Vnr0JUK.jpg,"La vida en Paris en 1847 es tan animada como el champagne y tan implacable como la siguiente mañana gris. En la guarida del juego y las veladas lujosas, hombres mezquinos ejercen su voluntad y las mujeres se convierten en cortesanas regocijándose de placer.",N
361251,Road to La Paz,2015-10-25,Francisco Varone,"Rodrigo de la Serna, Ernesto Suarez, Elisa Carricajo, María Canale, Alicia Palmes",Drama,7.114,/13X26kk4pVuIJfW5Y0I9nlcSBEX.jpg,"Sebastián (Rodrigo de la Serna) es un joven recién casado, fanático de Vox Dei. El protagonista, motivado por una necesidad económica, comienza a trabajar de remisero con su Peugeot 505. En este trabajo conoce a Khalil (Ernesto Suarez), un anciano poco gentil. Juntos emprenderán un largo viaje desde Buenos Aires hasta La Paz (Bolivia), donde se pondrá a prueba la relación de los dos protagonistas. El camino y la mala salud de Khalil les plantearán un viaje plagado de contratiempos.",M
401847,Can You Ever Forgive Me?,2018-10-19,Marielle Heller,"Melissa McCarthy, Richard E. Grant, Dolly Wells, Ben Falcone, Gregory Korostishevsky","Drama,Crimen,Comedia",6.8,/y9pDvBdvU8Z5QjQ6Y4oF0Cq7p5j.jpg,"Sigue la historia de Lee Israel, una respetada biógrafa en decadencia que comienza a falsificar cartas de escritores y celebridades fallecidas con el fin de pagar el alquiler. Cuando las falsificaciones empiezan a levantar sospechas, Israel roba y vende las verdaderas cartas de los archivos sin saber que el FBI está investigando el asunto.",K
334533,Captain Fantastic,2016-07-08,Matt Ross,"Viggo Mortensen, George MacKay, Samantha Isler, Annalise Basso, Nicholas Hamilton","Aventura,Drama",7.889,/2sFME73GaD8UsUxPUKe60cPdLif.jpg,Ben es un padre que ha pasado diez años viviendo en los remotos bosques situados al noroeste del Pacífico criando a sus seis hijos. Sin embargo un día la familia debe abandonar su modo de vida en la naturaleza y volver a la civilización. Asimilar su nueva situación y adaptarse de nuevo a la sociedad moderna no les va a resultar nada sencillo.,M
109424,Captain Phillips,2013-10-10,Paul Greengrass,"Tom Hanks, Barkhad Abdi, Barkhad Abdirahman, Faysal  Ahmed, Mahat M. Ali","Acción,Drama,Suspense",7.538,/8Td0kkocW6sD3uRpzwfMfkqMWhx.jpg,"En el año 2009, en aguas internacionales a 145 millas de la costa de Somalia, en el cuerno de África, el buque carguero “Maersk Alabama”, al mando del capitán de la marina mercante estadounidense Richard Phillips, fue abordado y retenido por piratas somalíes, siendo el primer barco norteamericano secuestrado en los últimos doscientos años.",G
519091,Carmen & Lola,2018-09-07,Arantxa Echevarría,"Rosy Rodriguez, Zaira Romero, Moreno Borja, Rafaela León, Carolina Yuste","Romance,Drama",6.967,/xH8OpTrc7begdVnhmUkdXK7U8Zb.jpg,"Carmen es una adolescente gitana que vive en el extrarradio de Madrid. Como cualquier otra gitana, está destinada a vivir una vida que se repite generación tras generación: casarse y criar a tantos niños como sea posible. Pero un día conoce a Lola, una gitana poco común que sueña con ir a la universidad, dibuja graffitis de pájaros y es diferente. Carmen desarrolla rápidamente una complicidad con Lola, y ambas tratarán de llevar hacia delante su romance, a pesar de los inconvenientes y discriminaciones sociales a las que tienen que verse sometidas por su familia.",N
43198,Carrington V.C.,1954-12-09,Anthony Asquith,"David Niven, Margaret Leighton, Noelle Middleton, Allan Cuthbertson, Victor Maddern",Drama,6.0,/awXt1JTzcwmgtxRfkxZz2C36V4s.jpg,,N
289,Casablanca,1943-01-15,Michael Curtiz,"Humphrey Bogart, Ingrid Bergman, Paul Henreid, Claude Rains, Conrad Veidt","Drama,Romance",8.143,/lGCEKlJo2CnWydQj7aamY7s1S7Q.jpg,"Durante la Segunda Guerra Mundial, Casablanca era una ciudad a la que llegaban huyendo del nazismo gentes de todas partes: llegar era fácil, pero salir era casi imposible, especialmente si el nombre del fugitivo figuraba en las listas de la Gestapo. En esta ocasión el principal objetivo de la policía secreta alemana es el líder checo y héroe de la resistencia Victor Laszlo, cuya única esperanza es Rick Blaine, propietario del 'Rick’s Café' y antiguo amante de su mujer, Ilsa. Cuando Ilsa se ofrece a quedarse a cambio de un visado para sacar a Laszlo del país, Rick deberá elegir entre su propia felicidad o el idealismo que rigió su vida en el pasado.",N
261,Cat on a Hot Tin Roof,1958-08-29,Richard Brooks,"Paul Newman, Elizabeth Taylor, Burl Ives, Judith Anderson, Jack Carson",Drama,7.633,/5djZZECgqDGuSI1INmrdAcGRBb0.jpg,"La inminente muerte del anciano patriarca de una acomodada familia del Sur desencadena terribles tensiones entre sus herederos. Uno de sus hijos, Brick, indeciso y apático, se refugia en el alcohol y se muestra completamente indiferente ante la situación, pero Maggie, su mujer, no está dispuesta a contemplar impasible su destrucción. El otro, Gooper, al igual que su esposa, es ambicioso y oportunista.",H
42296,Catfish,2010-09-17,Ariel Schulman,"Nēv Schulman, Ariel Schulman, Angela Wesselman-Pierce, Melody C. Roscher, Henry Joost",Documental,6.814,/mXNxee2ix6Ke0bSIqFST0UhbVLR.jpg,"Nev, un fotógrafo de 24 años que reside en Nueva York, es contactado un día por Abby, una niña de 8 años que vive en el Michigan rural, que le pide permiso, a traves de MySpace, para pintar una de sus fotografías. Cuando Nev recibe el cuadro de la niña, que resulta ser fantástico, éste empieza una amistad con la familia de Abby. Con el tiempo, esta amistad se convierte en algo más cuando Nev desarrolla un romance con Megan, la hermana mayor de la niña. Impulsado por algunas revelaciones sorprendentes acerca de Megan, Nev y sus amigos se embarcan en un viaje por carretera en busca de la verdad.",I
595586,Causeway,2022-10-28,Lila Neugebauer,"Jennifer Lawrence, Brian Tyree Henry, Linda Emond, Jayne Houdyshell, Stephen McKinley Henderson",Drama,6.47,/bUzKIqFIS05Ss31zRTfZfHJIgDP.jpg,"Lyndsey es una soldado que lucha por volver a adaptarse a su hogar en Nueva Orleans después de sufrir una lesión traumática. Tas conocer a un mecánico de la zona, James, ambos comienzan a forjar un vínculo inesperado.",N
666,Central Station,1998-04-03,Walter Salles,"Fernanda Montenegro, Vinícius de Oliveira, Marília Pêra, Othon Bastos, Otávio Augusto",Drama,8.131,/qfyWFhUhqeNRU9HmCaBDAxVKRZ9.jpg,"En los asfixiantes pasillos de la Estación Central, en Río de Janeiro, una antigua maestra se gana la vida escribiendo las cartas que le dictan los analfabetos. Endurecida por la soledad y por la adversidad, Dora ha ido cayendo en una estoica indiferencia. Sin embargo, cuando una de sus clientes muere atropellada a la salida de la estación, decide hacerse cargo de su hijo y llevarlo a casa de su padre en una remota zona del nordeste de Brasil.",M
5781,That Obscure Object of Desire,1977-08-17,Luis Buñuel,"Fernando Rey, Carole Bouquet, Ángela Molina, Julien Bertheau, André Weber","Comedia,Drama,Romance",7.44,/vS66R2P1T2I4bFhruHXIJ5aenCS.jpg,"Durante un viaje en tren, de Sevilla a Madrid, el otoñal caballero Mathieu cuenta a sus compañeros de vagón la historia de sus infortunios amorosos con la bailarina Conchita. A partir de su primer encuentro, Conchita juega con la obsesión de Mathieu, haciéndolo pasar del deseo a la frustración y del amor al odio más furibundo",M
9443,Chariots of Fire,1981-05-15,Hugh Hudson,"Ben Cross, Ian Charleson, Cheryl Campbell, Alice Krige, Nigel Havers","Drama,Historia",6.768,/qnRaum8k0HqGRml2i7OawFqUtEb.jpg,"En Gran Bretaña, 1920. Harold Abrahams y Eric Lidell estaban hechos para correr. No sólo una razón les llevaba a correr más rápido que ningún otro hombre, sus motivos eran tan diferentes como sus pasados. Cada uno tenía su propio Dios, sus propias creencias y su propio empuje hacia el triunfo. Dos jóvenes corredores de diferentes clases sociales que se entrenan con un mismo objetivo: competir en las Olimpiadas de París de 1924.",G
616980,Window Boy Would Also Like to Have a Submarine,2020-12-10,Alex Piperno,"Daniel Quiroga, Inés Bortagaray, Noli Tobol, Efrén Ananayo, Joseph Nakake","Comedia,Fantasía,Drama",4.9,/2ejwTYjNeXLNMn6fjRPz4TxyL23.jpg,"En un crucero que recorre las costas patagónicas, un marinero descubre un portal mágico que conduce al departamento de una mujer en Montevideo. Mientras tanto, un grupo de campesinos se topan con una aterradora cabaña de concreto cerca de su pueblo en Filipinas.",M
2457,Children of Paradise,1945-03-15,Marcel Carné,"Arletty, Jean-Louis Barrault, Pierre Brasseur, Marcel Herrand, María Casares","Drama,Romance",8.065,/pmYOsWz9F7qNQaT9MNe0n0JKsR4.jpg,"París, 1820. Dos jóvenes artistas, Baptiste Debureau y Frédéric Lemâitre, debutan en el teatro de los Funámbulos y entablan amistad. Un día, Garance, una misteriosa y atractiva mujer, irrumpe en sus vidas. Mientras que el tímido Baptiste no se atreve a declararle su amor, Frédéric la convierte en su amante. Sin embargo, al estar implicada en una serie de crímenes, la mujer desaparece.",J
11104,Chungking Express,1994-07-14,王家衛,"林青霞, 金城武, Tony Leung Chiu-Wai, Faye Wong, 周嘉玲","Drama,Comedia,Romance",7.964,/s0MCoYXfNxQNHbvFW9kMDFh8awl.jpg,"Dos historias de amor independientes que se desarrollan en el popular barrio turístico de Tsimhatsui, en Hong Kong. La primera describe el fugaz encuentro entre un joven policía en plena crisis amorosa y una misteriosa mujer fatal traficante de drogas. La segunda se centra en el singular romance entre un solitario y sencillo agente de policia y la joven camarera del pobre bar donde aquél suele comer.",M
137106,The Lego Movie,2014-02-06,Phil Lord,"Chris Pratt, Elizabeth Banks, Will Ferrell, Morgan Freeman, Will Arnett","Animación,Familia,Aventura,Comedia,Fantasía",7.422,/lbctonEnewCYZ4FYoTZhs8cidAl.jpg,"Película basada en los clásicos juguetes LEGO. Emmet, el protagonista de la película, trabaja como constructor en la ciudad Lego, pero sus conocimientos de construcción no van más allá de colocar las fichas atendiendo pormenorizadamente las instrucciones de edificación. Sin embargo, sin saber cómo ni por qué, Emmet es confundido con un 'MasterBuilder' e introducido como cabecilla de una misión que tiene por objetivo evitar que un malvado acabe con la ciudad de bloques. Por suerte, los habitantes de tan atípico lugar no están solos. Los mismísimos Superman y Batman han tomado la forma de muñecos Lego para tomar parte de esta gran aventura.",G
392536,LEGO Scooby-Doo! Haunted Hollywood,2016-01-28,Rick Morales,"Frank Welker, Grey DeLisle, Matthew Lillard, Kate Micucci, Dee Bradley Baker","Animación,Familia,Comedia,Misterio",7.3,/fZ53SvgcryXaWctiiRtlxR1p4Uq.jpg,"Oooh Hollywood! El brillo, el glamour ... el jinete sin cabeza ?! Unirse a su detective preferido K-9, Scooby-Doo, Shaggy y junto con el Misterio a la banda ya que se encuentran en un oropel de la ciudad ...",H
980804,LEGO Star Wars Summer Vacation,2022-08-05,Ken Cunningham,"Kelly Marie Tran, Shelby Young, Matt Lanter, Anthony Daniels, Omar Benson Miller","Animación,Familia,Ciencia ficción,Comedia",6.3,/vUL5UXsL5DaYgGVd2GSeqIvMKfK.jpg,"Finn ha organizado unas vacaciones sorpresa para sus amigos a bordo del Crucero estelar galáctico Halcyon. Pero el plan de Finn pronto se tuerce cuando se ve separado del grupo. Solo a bordo del Halcyon, Finn se encuentra con tres Espíritus de la Fuerza -Obi-Wan Kenobi, Anakin Skywalker y la Princesa Leia-, que comparten sus inesperados relatos de vacaciones que salieron mal.",G
718789,Lightyear,2022-06-15,Angus MacLane,"Chris Evans, Keke Palmer, Peter Sohn, Taika Waititi, Dale Soules","Animación,Ciencia ficción,Familia,Aventura",6.881,/b9t3w1loraDh7hjdWmpc9ZsaYns.jpg,"Atrapado en un planeta hostil a 4,2 millones de años luz de la Tierra junto a su comandante y su tripulación, Buzz Lightyear intenta encontrar la manera de volver a casa a través del espacio y el tiempo. Pero la llegada de Zurg, una presencia imponente con un ejército de robots despiadados y una agenda misteriosa, complica aún más las cosas y pone en peligro la misión.",M
552524,Lilo & Stitch,2025-05-17,Dean Fleischer Camp,"Maia Kealoha, Sydney Agudong, Chris Sanders, Zach Galifianakis, Billy Magnussen","Familia,Ciencia ficción,Comedia",7.203,/ckQzKpQJO4ZQDCN5evdpKcfm7Ys.jpg,La conmovedora y divertidísima historia de una solitaria niña hawaiana y el extraterrestre fugitivo que la ayuda a reparar su desestructurada familia.,H
109451,Cloudy with a Chance of Meatballs 2,2013-09-26,Kris Pearn,"Bill Hader, Anna Faris, James Caan, Will Forte, Andy Samberg","Animación,Familia,Comedia",6.457,/ss5NcK2NWFg2YcKKYXLrk8q1myS.jpg,"Flint ya ha conseguido lo que perseguía desde siempre: ser un reconocido investigador admirado por todos. Después de crear su máquina que creaba comida a partir de agua ('Lluvia de albóndigas 1'), el director de la prestigiosa compañía The Live Corp Company y gran investigador, Chester V, ha contratado a Flint para que forme parte de su equipo, formado por los mejores investigadores del mundo. El protagonista está lleno de alegría, pero muy a su pesar descubrirá que el invento que creó está dando resultados inesperados y altamente peligrosos. A partir de los restos de comida que caían del cielo se han creado bestias mutantes de todo tipo (cocodrilos, arañas, chimpacés…) que ponen en peligro la seguridad de los humanos. Flint contará con la ayuda de todos sus amigos para poner fin a esta pesadilla.",G
49519,The Croods,2013-03-15,Kirk DeMicco,"Nicolas Cage, Emma Stone, Ryan Reynolds, Catherine Keener, Cloris Leachman","Animación,Aventura,Familia,Comedia",6.931,/27zvjVOtOi5ped1HSlJKNsKXkFH.jpg,"La película está ambientada en la prehistoria, donde Crug lidera a su familia más allá de la comodidad de su hogar después de que este sea destruido por un gran terremoto. Mientras intentan viajar por el desconocido y aterrador mundo, se encuentran con un nómada que cautiva a su clan, en especial a su hermana mayor, con su mente moderna.",G
77931,The Smurfs 2,2013-07-30,Raja Gosnell,"Katy Perry, Hank Azaria, Neil Patrick Harris, Jayma Mays, Brendan Gleeson","Fantasía,Familia,Comedia,Animación",5.75,/tmjvgbEH4BKYFfHmWXjXrHgi8wT.jpg,"Secuela de ""Los pitufos"", adaptación del cómic homónimo realizada en 2011 por Raja Gosnell. En esta secuela, el cruel y malvado Gargamel regresa con más fuerza que nunca para poder robar a los Pitufos la más pura esencia de su magia y para ello, fabrica dos pequeños Pitufos falsos llamados Naughties. Pero Gargamel, no tardará en darse cuenta de que no servirá de nada porque la magia que él anhela, sólo se la puede proporcionar un Pitufo verdadero, por eso decide secuestrar a la Pitufina y trasladarla a París, donde se ha ganado la admiración de miles de personas como el mejor mago del mundo. Ahora todo queda en manos de Papa pitufo y sus camaradas, quienes tendrán que volver al mundo de los humanos para salvar a la Pitufina.",G
508943,Luca,2021-06-17,Enrico Casarosa,"Jacob Tremblay, Jack Dylan Grazer, Emma Berman, Saverio Raimondo, Maya Rudolph","Animación,Comedia,Fantasía,Familia,Drama",7.8,/9x4i9uKGXt8IiiIF5Ey0DIoY738.jpg,"Ambientada en un precioso pueblo costero de la Riviera italiana, narra la historia sobre el paso a la edad adulta de un chico que vive un verano inolvidable lleno de helados, pasta e infinitos paseos en scooter. Luca comparte estas aventuras con su nuevo mejor amigo, pero toda la diversión se ve amenazada por un secreto muy profundo: él es un monstruo marino de un mundo que yace bajo la superficie del agua.",J
80321,Madagascar 3: Europe's Most Wanted,2012-06-06,Eric Darnell,"Ben Stiller, Chris Rock, David Schwimmer, Jada Pinkett Smith, Frances McDormand","Animación,Familia,Comedia,Aventura",6.628,/ekraj4ksvIKeuvQVEevEJkuybZd.jpg,"Alex el león, Marty la cebra, Melman la jirafa y Gloria la hipopótamo están decididos a regresar como sea al Zoo de Central Park en Nueva York. Tras abandonar África, toman un desvío y emergen, literalmente, en Europa, persiguiendo a los pingüinos y chimpancés que se las han arreglado para hacer saltar la banca de un casino de Montecarlo. Pronto, los animales son descubiertos por la capitana Chantel DuBois, una testaruda francesa encargada del control de animales, y a la que no le gusta nada que unos animales del zoo anden sueltos por su ciudad.",H
102651,Maleficent,2014-05-28,Robert Stromberg,"Angelina Jolie, Elle Fanning, Imelda Staunton, Sharlto Copley, Lesley Manville","Fantasía,Aventura,Acción,Familia,Romance",7.086,/bDG3yei6AJlEAK3A5wN7RwFXQ7V.jpg,"Es la historia jamás contada de Maléfica, la villana más querida de Disney, la mala de 'La Bella durmiente', el clásico de 1959. La película relata los acontecimientos que endurecieron su corazón y la llevaron a lanzar una maldición sobre la pequeña Aurora.",G
419474,"Marcel the Shell with Shoes On, Three",2014-10-20,Dean Fleischer Camp,"Jenny Slate, Dean Fleischer Camp","Comedia,Animación",6.8,/2cYCWXDnvDIc7PiCOpXIfOf2uyu.jpg,,N
153158,Underdogs,2013-07-18,Juan José Campanella,"David Masajnik, Juan José Campanella, Diego Ramos, Pablo Rago, Gabriel Almirón","Animación,Aventura,Romance",7.0,/JsVAm9FAw1A9qlTw3zNNR8zhLP.jpg,"Amadeo es un fenómeno jugando al futbolín y está enamorado de Laura, su mejor amiga, aunque nunca se ha atrevido a decírselo. Desde pequeño se ha pasado la vida jugando al futbolín en el bar que su padre regenta en un pueblo pequeño, donde el tiempo pasa sin sobresaltos. Su vida tranquila se termina el día en el que ""el Crack"", un joven del pueblo convertido en el mejor futbolista del mundo, vuelve dispuesto a vengarse de la única derrota de su vida: la que sufrió frente a Amadeo jugando al futbolín siendo niños. Con el futbolín, el bar y su corazón hechos pedazos, Amadeo descubre algo mágico: los jugadores de su querido futbolín hablan ¡y mucho! Guiados por su líder, el carismático Capi, los jugadores del futboliín y Amadeo se embarcarán en una fantástica aventura para salvar a Laura y al pueblo. En este camino se convertirán en un verdadero equipo y conocerán el amor, el respeto, la amistad y la pasión. Pero, ¿hay en el mundo y en el fútbol lugar para los milagros?",G
21385,"Mickey, Donald, Goofy: The Three Musketeers",2004-08-04,Donovan Cook,"Wayne Allwine, Tony Anselmo, Bill Farmer, Russi Taylor, Tress MacNeille","Aventura,Animación,Comedia,Familia",6.7,/23bvOwfOS9fw347Yc68yPpkmd8i.jpg,"Mickey, Donald y Goofy, son unos humildes limpiadores que sueñan con llegar a ser mosqueteros. Sus vidas darán un vuelco cuando Pete Pata Palo, capitán de los mosqueteros, y su siniestro lugarteniente Clarabelle les utilizan en una malvada conspiración para destronar a la Princesa Minnie. Pero Mickey y sus amigos tienen preparada una sorpresa para Pete. Aprenderán, además, que el trabajo en equipo y la amistad pueden conseguirlo todo.",I
14813,Mickey's Christmas Carol,1983-10-19,Burny Mattinson,"Alan Young, Wayne Allwine, Clarence Nash, Hal Smith, Will Ryan","Familia,Animación",7.659,/6QH10DqZ0feBW2phvrtoLqT1s0k.jpg,"Ebenezer Scrooge (Gilito McPato) es un viejo banquero avaricioso y ruin. Además de no dar dinero a los pobres, hace trabajar sin parar a su ayudante Bob Cratchit (Mickey Mouse). Una noche, cuando a Scrooge le visita el fantasma de su antiguo socio, Jacobo Marley (Goofy), éste le dice que por sus maldades acabará arrastrando unas pesadas cadenas para toda la eternidad, al igual que le pasa a él, y le avisa de que esa misma noche le visitarán tres espíritus a los que debe escuchar antes de que sea demasiado tarde.",H
211672,Minions,2015-06-17,Kyle Balda,"Sandra Bullock, Jon Hamm, Michael Keaton, Allison Janney, Steve Coogan","Familia,Animación,Aventura,Comedia",6.4,/dr02BdCNAUPVU07aOodwPYv6HCf.jpg,"La historia de Los Minions se remonta al principio de los tiempos. Empezaron siendo organismos amarillos unicelulares que evolucionaron a través del tiempo, poniéndose siempre al servicio de los amos más despreciables. Ante su incapacidad para mantener a esos amos – desde el T. Rex a Napoleón –, los Minions acaban encontrándose solos y caen en una profunda depresión. Sin embargo, uno de ellos, llamado Kevin, tiene un plan. Acompañado por el rebelde Stuart y el adorable Bob, emprende un emocionante viaje para conseguir una jefa a quien servir, la terrible Scarlet Overkill. Pasarán de la helada Antártida, a la ciudad de Nueva York en los años sesenta, para acabar en el Londres de la misma época, donde deberán enfrentarse al mayor reto hasta la fecha: salvar a la raza Minion de la aniquilación.",H
438148,Minions: The Rise of Gru,2022-06-29,Kyle Balda,"Steve Carell, Pierre Coffin, Alan Arkin, Taraji P. Henson, Julie Andrews","Familia,Comedia,Aventura,Animación,Ciencia ficción,Fantasía",7.272,/wKiOkZTN9lUUUNZLmtnwubZYONg.jpg,"En los años 70, Gru crece siendo un gran admirador de ""Los salvajes seis"", un supergrupo de villanos. Para demostrarles que puede ser malvado, diseña un plan con la esperanza de formar parte de la banda.",M
287514,Mickey Mouse Clubhouse: Minnie Rella,2014-02-11,,,"Familia,Animación",7.5,/txRtaa7ihOFEfLhjGSB23mpuwZw.jpg,"La película Mickey Mouse Clubhouse: Minnie-Cienta es un film infantil dirigido sobre todo a las niñas, en la cual la protagonista es Minnie. Por una determinada razón, Mickey y sus amigos le tienen que hacer un regalo sorpresa.  Como no se les ocurre qué regalarle, le mandan tareas para que esté ocupada mientras ellos piensan qué regalo le van a hacer, algo que no es fácil, y menos cuando la que lo recibe es nada más y nada menos que Minnie.  Tardan mucho en elegir el regalo, por lo que Minnie no para de hacer tareas, de modo que se para a descansar y se duerme. Es entonces cuando comienza a soñar con un mundo de fantasía en el que ella es la protagonista.  En concreto, Minnie va a soñar con el cuento de La Cenicienta, en el cual ella toma el papel de esta chica tan desdichada, que al fin ve recompensada sus penalidades, después de una vida de esfuerzo y vejaciones.",G
140870,Minuscule: Valley of the Lost Ants,2013-11-17,Hélène Giraud,"John DeCantis, Suzy Wilson","Animación,Aventura,Familia",7.0,/zOoAoHhOcunlUsB4FXhbfwu52rT.jpg,"El director Thomas Szabo lleva a la gran pantalla a los personajes de su serie televisiva de animación Minuscule. En el tranquilo claro de un bosque, los restos de un picnic abandonados encienden la guerra entre dos tribus de hormigas. En juego está una caja de azúcar. Una intrépida mariquita se ve atrapada en medio de la batalla. Un viaje épico a ras del suelo.",H
458253,Missing Link,2019-04-04,Chris Butler,"Hugh Jackman, Zoe Saldaña, Zach Galifianakis, Stephen Fry, Timothy Olyphant","Familia,Animación,Comedia,Aventura",6.913,/bqQ38oKuROlAgyZcRII9tqtoPNi.jpg,"Lionel Frost, investigador dedicado a mitos y monstruos, descubre a una extraña y amable criatura, la última en su especie, a la que llama Mr. Link. Junto a Frost, Mr. Link se embarcará en un apasionante y divertido viaje dispuesto a encontrar a sus primos los Yeti, desaparecidos tiempo atrás. Contarán con la ayuda de Adelina Fortnight, una aguerrida aventurera que tiene el único mapa conocido con la ubicación de los Yeti. Juntos afrontarán toda serie de peligros para llegar a su destino.",K
1108427,Moana,2026-07-08,Thomas Kail,"Catherine Laga‘aia, Dwayne Johnson, Rena Owen, John Tui, Frankie Adams","Familia,Fantasía,Comedia,Aventura",0.0,/8Kpmnbbb8Rp1wG99thlcZ9JAUqo.jpg,Versión de imagen real de la película de animación de 2016 'Vaiana'.,M
497984,Monster Hunt 2,2018-02-16,許誠毅,"Tony Leung Chiu-Wai, 白百何, 井柏然, 李宇春, 楊祐寧","Aventura,Comedia,Fantasía",6.6,/dSDCl3izcPLfJtjnjZmidqLMvSp.jpg,"La secuela de Monster Hunt. Ambientada en un mundo donde coexisten monstruos y humanos, la franquicia cuenta la historia de Wuba, un monstruo bebé nacido para ser rey. Wuba se convierte en la figura central para detener una monstruosa guerra civil de monstruos.",K
62211,Monsters University,2013-06-19,Dan Scanlon,"Billy Crystal, John Goodman, Steve Buscemi, Helen Mirren, Peter Sohn","Animación,Familia",7.045,/y7thwJ7z5Bplv6vwl6RI0yteaDD.jpg,"Desde que era pequeño, Mike Wazowski ha soñado con ser asustador y sabe que los mejores asustadores estudian en Monstruos University (MU). Pero durante su primer semestre en MU, los planes de Mike se desmoronan cuando se cruza con el listillo de James P. Sullivan, un asustador nato. El descontrolado espíritu competitivo de la pareja hace que los dos sean expulsados del programa de asustadores de la Universidad. Entonces se dan cuenta de que si quieren cumplir sus sueños, tienen que trabajar en equipo junto con un grupo de monstruos marginados.",G
227738,Mortadelo & Filemon: Mission Implausible,2014-08-30,Javier Fesser,"Karra Elejalde, Janfri Topera, Gabriel Chame Buendía, Ramón Langa, Mariano Venancio","Comedia,Animación,Aventura",6.77,/dYesZ7UhXmF4gDkGZ5G7tQFAmYY.jpg,"Los no tan superagentes Mortadelo y Filemón entran en acción cuando un trío de villanos amenaza con sembrar el caos en su amada agencia de espionaje, la TIA.",H
82703,Mr. Peabody & Sherman,2014-02-07,Rob Minkoff,"Ty Burrell, Max Charles, Ariel Winter, Allison Janney, Stephen Colbert","Animación,Ciencia ficción,Comedia,Aventura,Familia",6.72,/hPcImYndWESKHzT2GHVCDsUxzYg.jpg,"Los personajes de la serie animada de los 60 The Rocky &amp
10674,Mulan,1998-06-18,Tony Bancroft,"Ming-Na Wen, Eddie Murphy, BD Wong, Miguel Ferrer, Harvey Fierstein","Animación,Familia,Aventura",7.9,/jAbexAtB0aSfP5Ay4TpWHARyVnG.jpg,"Mulán, una joven china hija única de la familia Fa, en lugar de buscar novio, como sus amigas, trata por todos los medios de alistarse en el ejército imperial para evitar que su anciano padre sea llamado a filas para defender al Emperador del acoso de los Hunos. Cuando el emisario imperial lleva a cabo la orden de reclutar a los varones de todas las familias, Mulán se hará pasar por soldado y se someterá a un duro entrenamiento hasta hacerse merecedora de la estima y de la confianza del resto de su escuadrón.",G
12242,Mulan II,2004-11-03,Darrell Rooney,"Ming-Na Wen, BD Wong, Mark Moseley, Lucy Liu, Harvey Fierstein","Animación,Comedia,Familia,Acción",6.5,/mIHE3BKyAKG8ocRAoZuCQN1NTv9.jpg,"La leyenda de Mulán continúa en esta nueva aventura. La bella y valiente heroína Mulán, siempre acompañada por su dragón guardián, Mushu y sus nuevos amigos, recibe la noticia más emocionante de su vida cuando el General Shang pide su mano en matrimonio, pero las sorpresas acaban de comenzar... El travieso Mushu intentará separar a la feliz pareja durante el tiempo que sea posible para mantener así su trabajo como dragón guardián. Además Mulan y Shang tendrán que escoltar por toda China a tres princesas que se dirigen a celebrar sus respectivos matrimonios, previamente concertados. Cuando Mulan descubre que ninguna de ellas desea estos matrimonios tomará una decisión que cambiará el curso de la historia.",G
276905,Norm of the North,2016-01-14,Trevor Wall,"Rob Schneider, Heather Graham, Maya Kay, Ken Jeong, Bill Nighy","Aventura,Animación,Comedia,Familia",4.659,/ouaoVSV7aOSWTNnQ9iDA1jw0pgg.jpg,"Norman es un oso polar que vive plácidamente en el Ártico, pero sus días de calma llegan a su fin cuando el nevado paisaje se convierte en un lugar turístico.",H
139900,The Apostle,2012-10-31,Fernando Cortizo,"Carlos Blanco, Xosé Manuel Olveira, Paul Naschy, Jorge Sanz, Celso Bugallo","Animación,Misterio,Terror",7.3,/6RY10qi8TCEMMk94ZKuROe9jptR.jpg,"Un preso recién fugado de la cárcel intenta recuperar el botín que escondió unos años antes en una remota y solitaria aldea
508439,Onward,2020-02-29,Dan Scanlon,"Tom Holland, Chris Pratt, Julia Louis-Dreyfus, Octavia Spencer, Mel Rodriguez","Familia,Comedia,Aventura,Animación,Fantasía",7.6,/f4aul3FyD3jv3v4bul1IrkWZvzq.jpg,"Ambientado en un mundo de fantasía suburbana, dos hermanos elfos adolescentes, Ian y Barley Lightfood, se embarcan en una aventura en la que se proponen descubrir si existe aún algo de magia en el mundo que les permita pasar un último día con su padre, que falleció cuando ellos eran aún muy pequeños como para poder recordarlo.",K
326215,Ooops! Noah Is Gone...,2015-03-26,Toby Genkel,"Callum Maloney, Dermot Magennis, Ava Connolly, Tara Flynn, Paul Tylak","Animación,Aventura,Comedia,Familia",6.4,/gEJXHgpiKh89Vwjc4XUY5CIgUdB.jpg,"Es el fin del mundo. Un diluvio llega. Por suerte para Dave y su hijo Finny, un par de torpes Nestrians, se ha construido un Arca para salvar a todos los animales. Pero resulta que no se admiten Nestrians. Abordan furtivamente con la ayuda involuntaria de Hazel y su hija Leah, dos Grymps, creen que están a salvo. Finny y Leah tienen que intentar sobrevivir a la inundación y a los depredadores hambrientos y tratar de llegar a la cima de una montaña , mientras que Dave y Hazel deben dejar de lado sus diferencias.",H
382517,Open Season: Scared Silly,2015-12-18,David Feiss,"William Townsend, Donny Lucas, Melissa Sturm, Garry Chalk, Kathleen Barr","Animación,Comedia,Familia,Aventura",5.9,/tFD3HdVIXVbvVixIGhNmJBaqyAI.jpg,"Cuando por una confusión de identidad tanto humanos como animales creen que hay un hombre lobo suelto en el Bosque Timberline, el ex cazador Shaw aprovecha la oportunidad para reabrir la temporada de caza. Shaw anda suelto y todos los animales corren peligro, así que Boog, Elliot y Mr. Weenie tendrán que enfrentarse a sus miedos, perseguir al esquivo hombre lobo y cerrar la temporada de caza permanentemente, antes de que Shaw pueda hacerles daño.",H
116149,Paddington,2014-11-24,Paul King,"Ben Whishaw, Hugh Bonneville, Sally Hawkins, Madeleine Harris, Samuel Joslin","Comedia,Aventura,Familia",7.1,/wpchRGhRhvhtU083PfX2yixXtiw.jpg,"Paddington es un oso que ha crecido en las profundidades de la selva peruana junto a su tía Lucy quien, debido a un encuentro casual con un explorador inglés, ha inculcado en su sobrino el sueño de vivir en Londres. Cuando un terremoto destruye su hogar, la tía Lucy decide ocultar a su joven sobrino en un barco rumbo a Inglaterra en busca de una vida mejor. Cuando el pequeño llega solo a la estación londinense de Paddington, se da cuenta de que la vida de la ciudad no tiene nada que ver con lo que se había imaginado, hasta que conoce a los Brown, una bondadosa familia británica que se lo encuentra con una etiqueta alrededor del cuello en la que se puede leer: 'Por favor, cuidad de este oso. Gracias'. Los Brown le acogen en su casa mientras Paddington busca al famoso explorador que dejó marcada a su tía Lucy muchos años atrás. Sin embargo, poco después, una siniestra y atractiva taxidermista se fija en él, lo que supone una amenaza para su hogar y para su propia vida.",H
266647,Pan,2015-09-24,Joe Wright,"Levi Miller, Garrett Hedlund, Hugh Jackman, Rooney Mara, Adeel Akhtar","Fantasía,Aventura,Familia,Acción",5.955,/w8i0mZR7MEL7c3bXSsuYg7VJsew.jpg,"En esta ocasión la historia sufrirá un vuelco importante, pues será Barbanegra quien capitaneará un barco volador que secuestra a los huérfanos de guerra, entre ellos Peter Pan (Miller), mientras que el Capitán Garfio (Garrett Hedlund) es descrito como ""un apuesto Indiana Jones"".",H
10837,DuckTales: The Movie - Treasure of the Lost Lamp,1990-08-03,Bob Hathcock,"Alan Young, Terence McGovern, Russi Taylor, Richard Libertini, Christopher Lloyd","Aventura,Animación,Familia,Comedia,Fantasía",6.73,/tXya1Z9SC51kNOHsFxRqL1GIBua.jpg,"Cuando la pandilla de “Patoaventuras” encuentra el legendario tesoro de la pirámide de Collie Baba, no imagina que entre las piedras preciosas hay una lámpara mágica en la que se esconde el Gran Genio de los deseos... Nuestros valientes amigos deberán luchar contra un malvado mago que pretende apoderarse de la lámpara.",G
270946,Penguins of Madagascar,2014-11-22,Simon J. Smith,"Tom McGrath, Chris Miller, Christopher Knights, Conrad Vernon, John Malkovich","Familia,Animación,Aventura,Comedia",6.532,/dXbpNrPDZDMEbujFoOxmMNQVMHa.jpg,"Skypper, Kowalsky, Rico y Cabo, los superagentes pingüinos, tienen que salvar el mundo en una misión para la que llevan prepárandose toda la vida. Dicha misión tendrán que realizarla junto al denominado equipo ""Viento del norte"", un comando de élite especializado en salvar animales que no pueden defenderse por si solos.",H
381719,Peter Rabbit,2018-02-07,Will Gluck,"James Corden, Rose Byrne, Domhnall Gleeson, Margot Robbie, Elizabeth Debicki","Animación,Aventura,Familia",6.691,/lugOvdaNpbVGQK9TyMRDiUbLtY6.jpg,"Peter Rabbit no es un conejo cualquiera. Es un rebelde travieso y aventurero que viste camisa azul y no lleva pantalones. Peter vive junto a su familia y amigos, un grupo variopinto de animales que incluye incluso a un zorro. Todos ellos harán de las suyas en la granja de los McGregor, lugar en cuyo jardín disponen de deliciosos vegetales. Pero la disputa de Peter con el Sr. McGregor se intensificará más que nunca ya que ambos compiten por el afecto de Bea, una amante de los animales de buen corazón. La fiesta animal ha empezado, y esto es solo el principio.",H
522478,Peter Rabbit 2: The Runaway,2021-03-25,Will Gluck,"James Corden, Rose Byrne, Domhnall Gleeson, David Oyelowo, Margot Robbie","Familia,Comedia,Aventura",7.045,/cycDz68DtTjJrDJ1fV8EBq2Xdpb.jpg,"A pesar de sus esfuerzos, Peter parece que no puede sacudir su reputación de travieso entre los otros conejos. Una vez que sale del jardín, Peter se encuentra en un mundo donde aprecian las travesuras están bien vistas y toleradas, pero su familia viene a buscarlo para traerlo de vuelta a casa.",J
555604,Guillermo del Toro's Pinocchio,2022-11-09,Mark Gustafson,"Ewan McGregor, David Bradley, Gregory Mann, Burn Gorman, Ron Perlman","Animación,Fantasía,Aventura,Drama",8.023,/vx1u0uwxdlhV2MUzj4VlcMB0N6m.jpg,"Versión musical en animación stop motion del famoso cuento de 'Pinocho', ambientada en la Italia fascista, durante la década de 1930.",N
9994,The Great Mouse Detective,1986-07-02,Ron Clements,"Barrie Ingham, Vincent Price, Val Bettin, Susanne Pollatschek, Candy Candido","Animación,Familia,Aventura,Misterio",7.048,/9uDr7vfjCFr39KGCcqrk44Cg7fQ.jpg,"A finales del siglo XIX, Basil, el Sherlock Holmes del mundo de los ratones tiene que enfrentarse a su eterno enemigo: el profesor Ratigan. La aventura comienza cuando una jovencita es raptada por el villano Ratigan. Entonces Basil y sus inseparables amigos, el Dr. Dawson y Tobi, se embarcarán en una apasionante misión de rescate.",I
417859,Puss in Boots,2011-10-27,Chris Miller,"Antonio Banderas, Salma Hayek Pinault, Zach Galifianakis, Billy Bob Thornton, Amy Sedaris","Animación,Familia,Fantasía,Aventura,Comedia",6.595,/n4UkIqNYSTr4DPoHCVfLrL8mbre.jpg,"Mucho antes de que conociera a Shrek, el conocido espadachín, amante y fuera de la ley Gato con Botas se convierte en un héroe al emprender una aventura junto a la dura y espabilada Kitty Zarpassuaves y el astuto Humpty Dumpty para salvar a su pueblo. Complicándoles las cosas por el camino están los infames forajidos Jack y Jill, que harán cualquier cosa para que Gato y su banda no lo consigan.",N
315162,Puss in Boots: The Last Wish,2022-12-07,Joel Crawford,"Antonio Banderas, Salma Hayek Pinault, Harvey Guillén, Wagner Moura, Florence Pugh","Animación,Aventura,Fantasía,Comedia,Familia",8.203,/kuf6dutpsT0vSVehic3EZIqkOBt.jpg,El Gato con Botas se embarca en un viaje épico para encontrar al mítico Último Deseo y recuperar sus nueve vidas.,N
404368,Ralph Breaks the Internet,2018-11-20,Phil Johnston,"John C. Reilly, Sarah Silverman, Gal Gadot, Taraji P. Henson, Bill Hader","Familia,Animación,Comedia,Aventura",7.16,/iVCrhBcpDaHGvv7CLYbK6PuXZo1.jpg,"Ralph sale de los recreativos, y se adentra en el mundo inexplorado, expansivo y emocionante de Internet. Ralph y su compañera Vanellope tendrán que jugárselo todo viajando por las redes en busca de una pieza de repuesto que salve Sugar Rush, el videojuego de Vanellope. Y para complicar más las cosas, ambos dependen de los ciudadanos de Internet, los llamados ‘ciudanets’ para que les ayuden a desenvolverse en ese peligroso mundo. Entre ellos está un empresario de Internet llamado Yesss, que es el algoritmo estrella y el alma de “BuzzTube”, la página web de moda del momento.",K
527774,Raya and the Last Dragon,2021-03-03,Don Hall,"Kelly Marie Tran, Awkwafina, Gemma Chan, Alan Tudyk, Izaac Wang","Animación,Familia,Fantasía,Acción,Aventura",7.8,/5nVhgCzxKbK47OLIKxCR1syulOn.jpg,"Raya, una niña de gran espíritu aventurero,  se embarca en la búsqueda del último dragón del mundo con el objetivo de devolver el equilibrio a Kumandra, un lejano y recóndito territorio habitado por una civilización milenaria.",J
46195,Rio,2011-04-03,Carlos Saldanha,"Jesse Eisenberg, Anne Hathaway, Leslie Mann, Jane Lynch, will.i.am","Animación,Aventura,Comedia,Familia",6.76,/4nJxhUknKV8Gqdhov8pU1YWDYfb.jpg,"Blu es un guacamayo que ha crecido en un pequeño pueblo de Minnesota en EEUU, un buen día se entera que es el último espécimen macho de su especie. Es entonces cuando Blu y su dueña, compañera y protectora Linda, deciden tomar rumbo a Rio de Janeiro para conocer a Tulio, un excéntrico experto en pájaros, y a Perla, quien es la última hembra de su especie. Juntos se embarcan en una serie de aventuras para sobrevivir junto a otros amigos que conocen a medida que se desarrolla la historia",H
172385,Rio 2,2014-03-19,Carlos Saldanha,"Jesse Eisenberg, Anne Hathaway, will.i.am, Jamie Foxx, Leslie Mann","Animación,Aventura,Comedia,Familia",6.518,/gVNTBrjxh2YRmQFjlaqrNbHVvrd.jpg,"Secuela de la película ""Río"" (2010) dirigida por Carlos Saldanha, encargado también de esta segunda parte.. Blu, Perla y sus pequeños disfrutan de una vida cómoda, alegre y perfecta en la ciudad de Río de Janeiro, Brasil. Pero Perla tiene muy claro que sus hijos deben aprender a vivir como los pájaros libres y salvajes que son, y para ello está convencida de que lo mejor es trasladarse al Amazonas. Una vez allí, Blu tendrá que enfrentarse a sus nuevos vecinos y a la idea terrible de perder a Perla y a sus hijos porque decidan vivir en la naturaleza salvaje para siempre.",H
120075,Nina Simone: Live in '65 & '68,2008-09-29,,Nina Simone,Música,10.0,/dX4b7AiQWdNh7uCygDeacSYVKJd.jpg,,I
75107,Nirvana: Live at the Paramount,2011-09-24,Mark Racco,"Kurt Cobain, Krist Novoselic, Dave Grohl",Música,8.1,/6vE4VJcKhPUgNMwgdQISPuyo9Mx.jpg,"Concierto publicado en 2011 como parte del aniversario del álbum Nevermind, llevado a cabo en el Paramount Theatre de Seattle el 31 de octubre de 1991, y publicado el 27 de septiembre de 2011.  Canciones tocadas en el concierto:  Jesus Doesn't Want Me for a Sunbeam  Aneurysm  Drain You  School  Floyd the Barber  Smells Like Teen Spirit  About a Girl  Polly  Breed  Sliver  Love Buzz  (cover de Shocking Blue)  Lithium  Been a Son  Negative Creep  On a Plain  Blew",I
19082,No Direction Home: Bob Dylan,2005-07-21,Martin Scorsese,"Bob Dylan, Allen Ginsberg, Joan Baez, Johnny Cash, Pete Seeger","Documental,Música",7.7,/lqOo4nyRS56Goi8InZqLFKGEJR5.jpg,"Extraordinaria historia del viaje de Bob Dylan desde sus raíces en Minnesota hasta la época de sus comienzos en los cafés del Greenwich Village, pasando por su sonada ascensión al estrellato del pop en 1966. Joan Baez, Allen Ginsberg y otros comparten sus pensamientos y sentimientos sobre el joven cantante que cambiaría para siempre la música popular. Incluye entrevistas exclusivas y, además, secuencias y actuaciones inéditas.",H
21364,Jimmy Page & Robert Plant: No Quarter - Unledded,2004-10-12,Aubrey Powell,"Jimmy Page, Robert Plant, Nigel Eaton, Charlie Jones, Porl Thompson",Música,7.1,/2DK32tWW3fw8iiHBzd9GkYUQ5Fb.jpg,,K
903096,One Last Time: An Evening with Tony Bennett and Lady Gaga,2021-11-28,Alex Coletti,"Lady Gaga, Tony Bennett, Lee Musiker, Gray Sargent, Marshall Wood",Música,7.0,/wcH6CtSYfmDwyH0U3XGJS9yyCYc.jpg,"Un nuevo concierto especial en honor al legado musical y la amistad duradera de Tony Bennett y Lady Gaga. Filmado en el Radio City Music Hall, el concierto en vivo reúne a dos increíbles artistas que interpretan a dúo y canciones en solitario en honor a su amor compartido por el Great American Songbook.",J
132701,Malandro,1986-07-02,Ruy Guerra,"Edson Celulari, Claudia Ohana, Elba Ramalho, Fábio Sabag, Ney Latorraca","Drama,Música,Comedia",6.5,/501Vhh6FGvfY7vmFyNu3PTEwrjq.jpg,,I
59988,Paul Simon: You're The One,2000-10-30,Gary Halvorson,"Paul Simon, Steve Gadd, Steve Shehan, Jay Ashby, Jamey Haddad","Música,Documental",4.2,/gjJdRbgA5ASvUUkhs0x8bhYErpw.jpg,,K
54253,Peter Gabriel: Secret World Live,1994-08-30,François Girard,"Peter Gabriel, Tony Levin, David Rhodes, Paula Cole, Manu Katché","Música,Documental",8.6,/1Y6TcAwWSUtIewgnIJv237kWEJ7.jpg,"Filmado en Módena, Italia, durante dos noches en noviembre de 1993 como parte de la aclamada gira Secret World Live de Peter Gabriel en apoyo del álbum de Estados Unidos, el espectáculo se presenta y coreografía elaboradamente con dos etapas unidas por un muelle estrecho. Peter Gabriel siempre ha sido un carismático actor en vivo con la capacidad de atraer a su audiencia al mundo en el escenario que ha creado y rara vez ha sido mejor capturado que en Secret World Live.",K
25771,Pink Floyd: Live at Pompeii,1972-10-25,Adrian Maben,"Roger Waters, David Gilmour, Richard Wright, Nick Mason","Música,Documental",8.1,/bxjgbHH14nEMx3YtFDLJ04omQhH.jpg,"Elegante película de la banda de rock progresivo británico Pink Floyd en 1971 interpretando un concierto sin audiencia, en el antiguo anfiteatro romano en las ruinas de Pompeya, Italia. Las canciones están intercaladas con entrevistas, y imágenes de Pink Floyd en el estudio de trabajo en su próximo álbum, el legendario ""Dark Side of the Moon"".",K
61598,Pink Floyd: Delicate Sound of Thunder,1989-07-21,Wayne Isham,"David Gilmour, Nick Mason, Richard Wright, Jon Carin, Rachel Fury",Música,8.0,/ctj7A2WkWYB2oAsRBMJbcnfvwrD.jpg,"Delicate Sound of Thunder es un video del concierto de Pink Floyd tomado de la gira A Momentary Lapse of Reason. Fue filmado en gran parte durante los conciertos del 19 de agosto de 1988 al 23 de agosto de 1988 en el Nassau Coliseum en Uniondale, Nueva York, con algunas imágenes adicionales del 21 de junio de 1988 y el 22 de junio de 1988 en la Place d'Armes de la Château de Versailles, Versailles, Francia (utilizado para proporcionar la actuación de ""El gran concierto en el cielo""). (crédito - wiki)",J
12104,Pink Floyd: The Wall,1982-07-14,Alan Parker,"Bob Geldof, Christine Hargreaves, James Laurenson, Eleanor David, Kevin McKeon","Música,Drama",7.94,/aElHyIdF5jmctFGhlhhaPFsbBJC.jpg,"Película visualmente evocativa, basada en la música del disco homónimo y las visiones del grupo de rock psicodélico ""Pink Floyd"". Narra la vida de una estrella de rock ficticia: ""Pink"". Una mezcla de relaciones humanas, abuso de drogas, sexo, infancia, la Segunda Guerra Mundial y fascismo se combinan en un relato que alterna cine en vivo  con animación creada por el caricaturista británico Gerald Scarfe.",M
10895,Pinocchio,1940-02-23,Hamilton Luske,"Dickie Jones, Cliff Edwards, Christian Rub, Evelyn Venable, Walter Catlett","Animación,Familia,Fantasía",7.1,/bnZJrLRnoQHpzEJdka1KYfsAF3N.jpg,"Un anciano llamado Geppetto fabrica una marioneta de madera a la que llama Pinocho, con la esperanza de que se convierta en un niño de verdad. El Hada Azul hace realidad su deseo y da vida a Pinocho, pero conserva su cuerpo de madera. Pepito Grillo, la conciencia de Pinocho, tendrá que aconsejarlo para que se aleje de las situaciones difíciles o peligrosas hasta conseguir que el muñeco se convierta en un niño de carne y hueso.",N
555604,Guillermo del Toro's Pinocchio,2022-11-09,Mark Gustafson,"Ewan McGregor, David Bradley, Gregory Mann, Burn Gorman, Ron Perlman","Animación,Fantasía,Aventura,Drama",8.023,/vx1u0uwxdlhV2MUzj4VlcMB0N6m.jpg,"Versión musical en animación stop motion del famoso cuento de 'Pinocho', ambientada en la Italia fascista, durante la década de 1930.",N
417859,Puss in Boots,2011-10-27,Chris Miller,"Antonio Banderas, Salma Hayek Pinault, Zach Galifianakis, Billy Bob Thornton, Amy Sedaris","Animación,Familia,Fantasía,Aventura,Comedia",6.595,/n4UkIqNYSTr4DPoHCVfLrL8mbre.jpg,"Mucho antes de que conociera a Shrek, el conocido espadachín, amante y fuera de la ley Gato con Botas se convierte en un héroe al emprender una aventura junto a la dura y espabilada Kitty Zarpassuaves y el astuto Humpty Dumpty para salvar a su pueblo. Complicándoles las cosas por el camino están los infames forajidos Jack y Jill, que harán cualquier cosa para que Gato y su banda no lo consigan.",N
315162,Puss in Boots: The Last Wish,2022-12-07,Joel Crawford,"Antonio Banderas, Salma Hayek Pinault, Harvey Guillén, Wagner Moura, Florence Pugh","Animación,Aventura,Fantasía,Comedia,Familia",8.203,/kuf6dutpsT0vSVehic3EZIqkOBt.jpg,El Gato con Botas se embarca en un viaje épico para encontrar al mítico Último Deseo y recuperar sus nueve vidas.,N
1534626,Queen Rock Montreal,2024-01-18,Saul Swimmer,,"Música,Documental",8.2,/8IZOtAvF9lxLh25FNeJZxw94oD1.jpg,,H
290382,Roger Waters: The Wall,2014-09-29,Roger Waters,"Roger Waters, Dave Kilminster, Graham Broad, Snowy White, Jon Carin","Música,Documental",7.944,/oFPVC3ival04a9Yijm716QXOsCA.jpg,"Esta película combina el metraje de la gira ""The Wall Live"" del exmiembro de Pink Floyd Roger Waters con escenas del propio Waters en monumentos a los caídos europeos.",K
14670,'Round Midnight,1986-09-23,Bertrand Tavernier,"Dexter Gordon, François Cluzet, Gabrielle Haker, Christine Pascal, Pierre Trabaud","Drama,Música",7.1,/8aNGnEsvLBldNvaBkfYkGGgZDhe.jpg,"Una noche de 1959, en París, un debilitado músico de jazz asombra a la clientela del club “Blue Note” con el elocuente sonido de su saxo. Fuera del local, un hombre demasiado pobre como para pagarse un vaso de vino lo escucha entusiasmado. Pronto, a ambos les unirá una gran amistad. Se basa en las vidas del pianista Bud Powell y del saxofonista Lester Young. (FILMAFFINITY)",M
17674,Roy Orbison and Friends: A Black and White Night,1988-01-03,Tony Mitchell,"Roy Orbison, Jackson Browne, T Bone Burnett, Elvis Costello, J. Steven Soles","Música,Documental",7.5,/8ARclqBB6rGXokpkKGjJURXiX6f.jpg,,H
40586,Santana - Sacred Fire,1995-03-12,,Carlos Santana,Música,7.0,/5nlcmWzU82VpRnicpKnSOTUNlZ2.jpg,,I
305605,Sepultura & Les Tambours Du Bronx: Metal Veins,2013-11-19,Marco Mazzola,"Andreas Kisser, Paulo Jr., Derrick Green, Eloy Casagrande",Música,8.2,/AeHMo2uTjjUMGKczgHuaDB14lwU.jpg,"En una actuación espectacular que encuentra a SEPULTURA acompañado en todo momento por el grupo de percusión industrial francés Les Tambours du Bronx, conocido por golpear barriles de 225 litros con murciélagos de madera de haya o incluso hachas, el espectáculo se grabó desde la aparición en el escenario principal de la banda en el legendario Rock En la gala de Río en 2013. Con las melodías más veneradas de SEPULTURA, incluyendo ""Rechazar / Resistir"", ""Territorio"" y ""Roots Bloody Roots"", que ve al público cantando todo el corte de principio a fin, el gran volumen de sonido, la enorme percusión y La potente presentación distingue a este lanzamiento de cualquier oferta de concierto SEPULTURA anterior hasta la fecha. Además, el DVD incluye un documental exclusivo de preparación detrás de escena con entrevistas, ensayos y secuencias de verificación de sonido y clips de la banda solo unos segundos antes de que suban al escenario. - Explosión nuclear",K
16563,Seven Brides for Seven Brothers,1954-07-22,Stanley Donen,"Jane Powell, Howard Keel, Jeff Richards, Russ Tamblyn, Tommy Rall","Comedia,Drama,Western",7.1,/sH7dd9x4hyiC047gfp0XxKiTOss.jpg,"Los hermanos Pontipee son siete rudos leñadores, todos solteros, que viven en una cabaña en las montañas. Su vida cambia radicalmente cuando Adam, el hermano mayor, encuentra novia en el pueblo y se la lleva a vivir a la cabaña. Los demás hermanos deciden, entonces, hacer lo mismo y van a la ciudad en busca de novia. Tan empeñados están en casarse que no dudan en secuestrar a siete chicas y se las llevan a vivir con ellos.",J
290392,B.B. King | Live,2009-01-29,,"B.B. King, Terrence Howard, Solange, Richie Sambora",Música,7.2,/nRdWt0dZvderYtYV6VW7KyuyVL7.jpg,,K
83132,St. Louis Blues,1958-04-07,Allen Reisner,"Nat King Cole, Eartha Kitt, Cab Calloway, Ella Fitzgerald, Mahalia Jackson","Drama,Historia",7.6,/rtQYpPYeQhKsmO72Xa7vqH5aDeF.jpg,,K
340457,SMV: Stanley Clarke Marcus Miller Victor Wooten Jazz a Vienne 2009,2009-12-16,,"Stanley Clarke, Marcus Miller, Victor Wooten, Derico Watson, Federico Gonzales Pena",Música,8.0,/hVWnDC4ahtjLolZgwu1b81zQ8xA.jpg,,H
88837,MTV Unplugged: Stevie Ray Vaughan with Joe Satriani,1990-03-04,Milton Lage,"Stevie Ray Vaughan, Joe Satriani","Documental,Música",5.0,/hAahlGu27eZNcaXyUCInelUWZZN.jpg,"""MTV Unplugged"" dedica un episodio a la obra de dos virtuosos de la guitarra: Stevie Ray Vaughan y Joe Satriani. Satriani presenta su trabajo de guitarra expresivo con versiones de ""The Feeling"" y ""I Believe"". Vaughan realiza memorables versiones de ""Rude Mood"" y ""Pride And Joy"". 1/30/90 Grabado en el Centro Nacional de Video - Ciudad de Nueva York",K
38121,Stevie Wonder: Live at Last,2009-03-10,Hamish Hamilton,"Stevie Wonder, Nathan Watts, Dwight Adams, Kyle Bolden, Kimberly Brewer",Música,7.1,/lPYaTHn3kj8YLLQMJ4JrL7RVuoW.jpg,"Live at last se filmó en el O2 de Londres durante la gira 'A Wonder Summer's Night' en 2008, su primera gira en más de una década, que vendió más de 120.000 entradas solo en el Reino Unido. La lista de canciones narra una vida de innovación y logros que se extiende desde la adolescencia de Wonder con ""My Cherie Amour"" y ""Signed, Sealed, Delivered I'm Yours"", así como éxitos icónicos que redefinieron la música pop y R&B, incluida ""Superstition"", ""Higher Ground"", ""Living For the City"", ""You Are the Sunshine of My Life"" y ""I Wish"", mientras busca en sus álbumes clásicos los favoritos de los fans como ""All I Do"", ""Overjoyed"" y Knocks Me Off My Feet..."". Le acompaña su hija Aisha en los coros.",I
24964,Sting - Bring on the Night,1985-11-08,Michael Apted,"Sting, Branford Marsalis, Daryl Jones, Kenny Kirkland, Omar Hakim","Música,Documental",6.9,/TVdzr2leyJpNEsc8IfuoFLGuWl.jpg,"Bring on the Night es una película documental de 1985 que se centra en el proyecto y la banda inspirados en el jazz liderados por el músico británico Sting durante las primeras etapas de su carrera en solitario. Algunas de las canciones, cuyas sesiones de grabación aparecen en la película, aparecieron en su álbum debut en solitario The Dream of the Blue Turtles. Se entrevista a cada músico de la banda a lo largo de la película.",I
877269,Strange World,2022-11-23,Don Hall,"Jake Gyllenhaal, Dennis Quaid, Jaboukie Young-White, Gabrielle Union, Lucy Liu","Animación,Familia,Aventura,Ciencia ficción,Fantasía",6.2,/a9x70QUXs6uEwtin1SGNKoFXoia.jpg,"Un viaje a una tierra inexplorada y traicionera en la que unos seres fantásticos aguardan la llegada de los míticos Clade, una familia de exploradores cuyas diferencias amenazan con frustrar su última misión, la más crucial con diferencia.",N
214100,Sunshine on Leith,2013-10-03,Dexter Fletcher,"George MacKay, Kevin Guthrie, Paul Brannigan, Jane Horrocks, Peter Mullan","Música,Comedia,Drama",6.567,/9OsWiIBLcYPd2mP6GvyOWykOISJ.jpg,"Dos buenos amigos, Davy y Ally, vuelven a sus vidas en Edimburgo tras cumplir el servicio en la guerra de Afganistán. Ambos continúan sus relaciones de pareja: Ally con Liz y Davy con Yvonne. Mientras tanto, los padres de Davy, Rab y Jean están ocupados planeando sus bodas de plata. Todo va bien hasta que una revelación del pasado de Rab amenaza con destruir a la familia y separar a las tres parejas.",G
152661,Swinging Bach: Bobby Mcferrin & Guests,2006-07-26,,,,0.0,/2G75ALgjZJGsGodcrG10sCK9dPg.jpg,,J
29376,The Band Wagon,1953-08-07,Vincente Minnelli,"Fred Astaire, Cyd Charisse, Oscar Levant, Nanette Fabray, Jack Buchanan","Música,Comedia,Romance",7.171,/uxWFMdbgQ5TSZvUMVkHDeDCaGH8.jpg,"Un cantante y bailarín de éxito, a pesar de que atraviesa una etapa muy crítica, está decidido a volver a Broadway, el escenario que le dio la gloria y la fama.",H
978671,The Black Crowes Brothers of a Feather Live at the Chapel,2021-01-01,,"Chris Robinson, Rich Robinson",Música,0.0,/A1Ig4WZZF4V6tJY73TfwgiOZfL1.jpg,,J
67239,The Black Crowes - Freak 'n' Roll... Into the Fog,2006-03-21,Mark Lucas,"Chris Robinson, Rich Robinson, Marc Ford, Steve Gorman, Ed Hawrysch",Música,6.0,/6yuHlYm5euE7JRGSwgDX86Z8S9B.jpg,"Rock and roll desgarrador. En 2005, The Black Crowes tocaron cinco noches en The Fillmore en San Francisco. Este parece ser un documento de la única noche que se juntaron con los cuatro hombres de Left Coast Horns (que aparentemente solo tenían esa tarde para hacer arreglos y ensayar con la banda). ¿Lo consiguieron juntos? ¡Maldito A! Tienes que amar a una banda que sale al escenario y se abre pateando todos los traseros de la casa con un quemador como ""(Solo) Half Way to Everywhere"".",I
525,The Blues Brothers,1980-06-16,John Landis,"Dan Aykroyd, John Belushi, James Brown, Cab Calloway, Ray Charles","Música,Comedia,Acción,Crimen",7.721,/rhYJKOt6UrQq7JQgLyQcSWW5R86.jpg,"Tras pasar años en la cárcel por robo a mano armada, Jake Blues es puesto en libertad por buen comportamiento. Sale de prisión vestido de la misma forma en la que entró: traje y sombrero negro y gafas oscuras. En la puerta le espera su hermano Elwood vestido de idéntica manera. Ahora, el único hogar que conocieron está en peligro. El orfelinato de Santa Elena necesita una gran cantidad de dinero. Los hermanos se ponen manos a la obra.",M
11663,The Commitments,1991-08-14,Alan Parker,"Robert Arkins, Michael Aherne, Angeline Ball, Maria Doyle Kennedy, Dave Finnegan","Comedia,Drama,Música",7.264,/iccBDq9aS1gwi6b8aJjBgPU4t2D.jpg,"Jimmy Rabbitte (Robert Arkins), que vive a salto de mata en un barrio proletario de Dublín, está empeñado en hacer realidad un sueño: crear una banda y llevar la música soul a su ciudad. Para ello, publica un anuncio en un periódico local y empieza a seleccionar a jóvenes de vida precaria, pero de gran talento musical. Así nace el grupo The Commitments.",K
10537,The Doors,1991-03-01,Oliver Stone,"Val Kilmer, Meg Ryan, Kyle MacLachlan, Frank Whaley, Kevin Dillon","Música,Drama,Historia",7.1,/x1LM3dzGuG6xOz0aT2e71o11vhu.jpg,"Jim Morrison, cabeza visible de The Doors, para muchos fue un regalo de Dios
10537,The Doors,1991-03-01,Oliver Stone,"Val Kilmer, Meg Ryan, Kyle MacLachlan, Frank Whaley, Kevin Dillon","Música,Drama,Historia",7.1,/x1LM3dzGuG6xOz0aT2e71o11vhu.jpg,"Jim Morrison, cabeza visible de The Doors, para muchos fue un regalo de Dios
316029,The Greatest Showman,2017-12-20,Michael Gracey,"Hugh Jackman, Zac Efron, Michelle Williams, Rebecca Ferguson, Zendaya",Drama,7.865,/b9CeobiihCx1uG1tpw8hXmpi7nm.jpg,"Biopic sobre Phineas Taylor Barnum (1810-1891), un empresario circense estadounidense que fundó el ""Ringling Bros. and Barnum & Bailey Circus"", conocido como ""el mayor espectáculo en la tierra"".",H
883865,Eric Clapton: The Lady in the Balcony - Lockdown Sessions,2021-11-12,David Barnard,"Eric Clapton, Chris Stainton, Nathan East, Steve Gadd, Melia Clapton",Música,9.2,/92LLDVp9DbCBVFf0ufNIN22RFjI.jpg,"El proyecto se inició como resultado de la cancelación forzosa de los conciertos de Eric programados para mayo de 2021 en el Royal Albert Hall debido a la continua interrupción causada por la pandemia. Buscando una alternativa viable y con la esperanza de mantener abiertas sus opciones, volvió a reunirse con su banda en la campiña inglesa y organizó un concierto en presencia de los propios participantes mientras dejaba que las cámaras rodaran. (La esposa de Eric, Melia, la única observadora externa inspiró el título de las Sesiones). El conjunto mayormente acústico se imaginó como un ""Eric Clapton Unplugged II"", pero no del todo, ya que tres canciones se tocan con guitarras eléctricas. El resultado se convirtió en mucho más que una simple secuencia de grandes éxitos. Más bien, es una de las actuaciones más íntimas y auténticas de toda su carrera, una oferta llena de una visión real de la composición de su catálogo indeleble.",M
24512,The Lemon Drop Kid,1951-04-02,Sidney Lanfield,"Bob Hope, Marilyn Maxwell, Lloyd Nolan, Jane Darwell, Andrea King","Comedia,Crimen",6.5,/uG5m1LHHUWBvhpYvABQloUlPfkW.jpg,"Esta comedia de Navidad de 1951, nos ofrece a Bob Hope como ""El Chico de los caramelos de limón"", un estafador de poca monta, apodado así por su afición a chupar ese tipo de golosina, que se mete en un buen lío cuando, sin pretenderlo, estafa en una apuesta hípica a un gánster especialista en juegos de azar. El chico tiene que inventar un plan para devolver el dinero antes de Navidad. Engañando a sus amigos, los hace disfrazarse de Papá Noel y los involucra en una recogida de dinero por toda la ciudad para una organización benéfica inventada por él.",N
293970,The Final Girls,2015-10-09,Todd Strauss-Schulson,"Taissa Farmiga, Malin Åkerman, Nina Dobrev, Alexander Ludwig, Adam Devine","Comedia,Terror",6.386,/gQYKSRVo5iZACFOY6x50RblI6rx.jpg,Un grupo de amigos son absorbidos por una pantalla de cine para encontrarse en medio de un slasher ochentero en el que se convertirán en las víctimas del psycho-killer de la película.,H
9426,The Fly,1986-08-15,David Cronenberg,"Jeff Goldblum, Geena Davis, John Getz, Joy Boushel, Leslie Carlson","Terror,Ciencia ficción",7.428,/8gZWMhJHRvaXdXsNhERtqNHYpH3.jpg,"Seth Brundle, un excéntrico y solitario científico que crea uno de los inventos más revolucionarios de la historia: la cabina de teletransportación. En un intento por ponerla a prueba a la vez que ignora todo atisbo de prudencia, decide usarse a sí mismo como cobaya en la primera teletransportación aplicada a un humano, con la mala suerte de que una mosca se introduce junto con él en el artefacto. A partir de allí comenzará para Brundle una gradual pero definitiva transformación, una inquietante metamorfosis que le consumirá poco a poco, poniéndole en peligro a él y a los que le rodean.",K
27118,The Hound of the Baskervilles,1939-03-24,Sidney Lanfield,"Richard Greene, Basil Rathbone, Wendy Barrie, Nigel Bruce, Lionel Atwill","Misterio,Crimen,Suspense",7.1,/61XD1LxA3kXLRrBXat3jN84MtPR.jpg,"Durante más de doscientos años una maldición parece haber caído sobre la aristocrática familia de los Baskerville. Cuando Sir Charles es hallado muerto en extrañas circunstancias, el legendario Sherlock Holmes y su compañero Watson comienzan a investigar y llegan a la conclusión de que la próxima víctima será Sir Henry, el único miembro vivo de la familia y, por tanto, el heredero universal de la fortuna de los Baskerville.",G
514847,The Hunt,2020-03-11,Craig Zobel,"Betty Gilpin, Hilary Swank, Ethan Suplee, Teri Wyble, Ike Barinholtz","Acción,Suspense,Terror",6.635,/wxPhn4ef1EAo5njxwBkAEVrlJJG.jpg,"Doce extraños se despiertan en el claro de un bosque con muchas preguntas sin respuesta. ¿Dónde están? ¿Cómo llegaron allí? ¿Y por qué o con qué propósito están ahí? La respuesta a todas esas preguntas es: La caza, un juego macabro ideado por miembros de las élites globales, que se reúnen en un punto remoto o una casa para cazar humanos por diversión. Ellos son las presas
570670,The Invisible Man,2020-02-26,Leigh Whannell,"Elisabeth Moss, Aldis Hodge, Storm Reid, Michael Dorman, Harriet Dyer","Suspense,Ciencia ficción,Terror",7.099,/5EufsDwXdY2CVttYOk2WtYhgKpa.jpg,"Dos semanas después de escapar de su tóxica relación con el rico y brillante científico Adrian Griffin, Cecilia está convencida de que Adrian va a aparecer en cualquier momento… hasta que recibe una nota comunicándole el suicidio de su expareja.",K
570670,The Invisible Man,2020-02-26,Leigh Whannell,"Elisabeth Moss, Aldis Hodge, Storm Reid, Michael Dorman, Harriet Dyer","Suspense,Ciencia ficción,Terror",7.099,/5EufsDwXdY2CVttYOk2WtYhgKpa.jpg,"Dos semanas después de escapar de su tóxica relación con el rico y brillante científico Adrian Griffin, Cecilia está convencida de que Adrian va a aparecer en cualquier momento… hasta que recibe una nota comunicándole el suicidio de su expareja.",N
635910,The Last Voyage of the Demeter,2023-08-09,André Øvredal,"Corey Hawkins, Aisling Franciosi, David Dastmalchian, Javier Botet, Liam Cunningham","Terror,Fantasía",6.75,/nrtbv6Cew7qC7k9GsYSf5uSmuKh.jpg,"Basado en un solo capítulo, el Captain's Log, de la clásica novela Drácula de 1897 de Bram Stoker, la historia se desarrolla a bordo de la goleta rusa Demeter, que fue fletada para transportar carga privada (veinticuatro cajas de madera sin marcar) desde Carpatia a Londres. La película detallará los extraños eventos que acontecieron a la tripulación condenada mientras intentan sobrevivir al viaje por el océano, acechados cada noche por una aterradora presencia a bordo del barco. Cuando finalmente llegó cerca del puerto de Whitby, estaba totalmente en ruinas. No había rastro de la tripulación.",O
85498,The Maze,1953-07-02,William Cameron Menzies,"Richard Carlson, Veronica Hurst, Katherine Emery, Michael Pate, John Dodsworth","Terror,Misterio,Ciencia ficción",5.6,/xlfJKdjwUZNfT2QUEUv0RozVuEs.jpg,"Kitty y Gerald están a punto de casarse. De viaje por la Riviera francesa, él recibe la noticia del fallecimiento de su misántropo tío, baronet de unas posesiones en Escocia. Apremiado a interrumpir las vacaciones y posponer la boda, Gerald deja a su prometida en compañía de la tía de esta, Edith, y viaja a las Highlands dispuesto a hacerse cargo de la heredad y estudiar la teratología.",K
564,The Mummy,1999-04-16,Stephen Sommers,"Brendan Fraser, Rachel Weisz, John Hannah, Arnold Vosloo, Patricia Velásquez","Aventura,Acción,Fantasía",6.962,/yhIsVvcUm7QxzLfT6HW2wLf5ajY.jpg,"El legionario Rick O'Connell y su socio descubren durante una batalla en Egipto las ruinas de Hamunaptra, la ciudad de los muertos. Pasado un tiempo, este descubrimiento le permitirá salvar su vida y volver al lugar con una egiptóloga y su hermano, donde coinciden con un grupo de americanos. Todos ellos, seducidos por la aventura, provocarán la resurrección de la momia de un diabólico sacerdote egipcio que intenta desesperadamente recuperar a su amada.",G
340102,The New Mutants,2020-04-02,Josh Boone,"Blu Hunt, Charlie Heaton, Maisie Williams, Henry Zaga, Anya Taylor-Joy","Ciencia ficción,Terror,Acción",6.083,/xiDGcXJTvu1lazFRYip6g1eLt9c.jpg,"Cinco jóvenes mutantes que acaban de descubrir sus habilidades, son encerrados en unas instalaciones secretas contra su voluntad y luchan por escapar de su pasado y salvarse a sí mismos.",J
794,The Omen,1976-06-25,Richard Donner,"Gregory Peck, Lee Remick, David Warner, Billie Whitelaw, Harvey Stephens","Terror,Suspense",7.41,/mDcjjEu1fMNmsXi4l4D8IftlTix.jpg,"Cuando Kathy Thorn da a luz a un bebé muerto, su esposo Robert le oculta la verdad y sustituye a su hijo por un niño huérfano, ignorando su origen satánico. El horror empieza cuando, en el quinto cumpleaños de Damien, inesperadamente, su niñera se suicida. Un sacerdote que trata de advertir a Robert del peligro que corre, muere en un inesperado accidente. El creciente número de muertes hace que Robert, por fin, se dé cuenta de que el niño que han adoptado es el Anticristo, y que hay que matarlo para impedir que se cumpla una terrible profecía.",J
659986,The Owners,2020-08-27,Julius Berg,"Maisie Williams, Sylvester McCoy, Rita Tushingham, Jake Curran, Andrew Ellis","Terror,Misterio,Suspense",5.606,/zMUpzTRF4f4MkScDkUZM030H2t0.jpg,"Un grupo de amigos cree que encuentran un blanco fácil en una casa vacía con una caja fuerte llena de dinero en efectivo. Pero cuando la pareja de ancianos que vive allí llega temprano a casa, las cosas cambian de repente. Mientras se produce un juego mortal del gato y el ratón, los posibles ladrones deben luchar para salvarse de una pesadilla que nunca hubieran imaginado.",J
758323,The Pope's Exorcist,2023-04-05,Julius Avery,"Russell Crowe, Daniel Zovatto, Alex Essoe, Peter DeSouza-Feighoney, Ralph Ineson","Terror,Suspense",6.915,/jFC4LS5qTAT3PinzdEzINfu1CV9.jpg,"Película sobre Gabriele Amorth, un sacerdote que ejerció como exorcista principal del Vaticano, realizando más de cien mil exorcismos a lo largo de su vida. Amorth escribió dos libros de memorias donde detalló sus experiencias luchando contra Satanás.",N
10925,The Return of the Living Dead,1985-04-25,Dan O'Bannon,"Clu Gulager, James Karen, Don Calfa, Thom Mathews, Miguel A. Núñez Jr.","Comedia,Terror",7.186,/oNsV9BychAe4Sk6xFKp558Rlpyz.jpg,"Frank y su aprendiz Freddy terminan su turno en un almacén de productos sanitarios. Charlando, Frank cuenta al joven que los hechos narrados en lapelícula la Noche de los Muertos Vivientes fueron reales, pero han sido ocultados por las autoridades. Para convencer al chico de queno miente, le lleva al sótano, donde le enseña un barril que contiene a uno de los zombies, y el gas que en su momento le devolvió la vida. Accidentalmente abren el barril, liberando tanto al muerto viviente como el gas, que alcanza un cementerio cercano. Sin saberlo, un grupo de jóvenes que han ido a pasar la noche al cementerio serán testigos del despertar de los muertos.",N
433808,The Ritual,2017-10-11,David Bruckner,"Rafe Spall, Arsher Ali, Robert James-Collier, Sam Troughton, Paul Reid","Terror,Misterio",6.269,/9022CYEGqYETCeXN1oE3uwYJWub.jpg,"Un grupo de amigos de la universidad se reúnen para emprender un viaje de senderismo por los montes de Suecia, con la finalidad de rendir homenaje a uno de ellos, muerto de forma violenta. Cuando se internan en el bosque, una presencia amenazante empieza a acosarles.",J
11503,The Serpent and the Rainbow,1988-02-05,Wes Craven,"Bill Pullman, Cathy Tyson, Zakes Mokae, Paul Winfield, Brent Jennings","Terror,Suspense",6.395,/ezgaj43WaSmyQa24NLG7vPK9hb5.jpg,"Un antropólogo de Harvard es enviado a Haití para investigar una extraña sustancia relacionada con la magia negra y el vudú, que podría servir para salvar vidas humanas. Mientras él busca la milagrosa droga, ciertos científicos escépticos se niegan a aceptar la existencia de zombies y ritos sangrientos.",J
745,The Sixth Sense,1999-08-06,M. Night Shyamalan,"Bruce Willis, Haley Joel Osment, Toni Collette, Olivia Williams, Donnie Wahlberg","Misterio,Suspense,Drama",7.948,/vOyfUXNFSnaTk7Vk5AjpsKTUWsu.jpg,"El Dr. Malcom Crowe es un conocido psicólogo infantil obsesionado con el doloroso recuerdo de un joven paciente desequilibrado al que fue incapaz de ayudar. Cole Sear es un aterrorizado y confuso niño de ocho años que necesita tratamiento, y Crowe ve la oportunidad de redimirse haciendo todo lo posible por ayudarle. Sin embargo, el psicólogo infantil no está preparado para conocer la terrible verdad acerca del don sobrenatural de su paciente: recibe visitas no deseadas de espíritus atormentados.",N
30497,The Texas Chain Saw Massacre,1974-10-11,Tobe Hooper,"Marilyn Burns, Allen Danziger, Paul A. Partain, William Vail, Teri McMinn",Terror,7.3,/mpgkRPH1GNkMCgdPk2OMyHzAks7.jpg,"Cinco adolescentes visitan la tumba, supuestamente profanada, del abuelo de uno de ellos. Cuando llegan al lugar, donde hay un siniestro matadero, toman una deliciosa carne en una gasolinera. A partir de ese momento, los jóvenes vivirán la peor pesadilla de toda su vida.",N
1091,The Thing,1982-06-25,John Carpenter,"Kurt Russell, Keith David, Wilford Brimley, T.K. Carter, David Clennon","Terror,Misterio,Ciencia ficción",8.068,/tzGY49kseSE9QAKk47uuDGwnSCu.jpg,"En una estación experimental de la Antártida, un equipo de investigadores descubre a un ente extraño venido del espacio, que según todos los indicios ha permanecido enterrado en la nieve durante más de 100.000 años. Al descongelarse, experimenta una metamorfosis sorprendente...",G
10785,The Thing from Another World,1951-04-05,Christian Nyby,"Kenneth Tobey, Margaret Sheridan, Robert Cornthwaite, Douglas Spencer, James Young","Drama,Terror,Ciencia ficción",6.7,/rm2w8dEhOGDuckB6i0Spz9lTzpR.jpg,"Un visitante hostil de otro planeta es detectado por una estación de radar situada en el ártico. Película de culto dentro del género, todo un clásico con excelentes interpretaciones y un insoportable suspense. Famosa cinta de ciencia-ficción en la que el productor Howard Hawks planificó y supervisó todo el rodaje. En 1982 John Carpenter dirigió un conocido remake, titulado ""La cosa"".",H
13666,The Wolf Man,1941-12-09,George Waggner,"Lon Chaney Jr., Claude Rains, Ralph Bellamy, Warren William, Patric Knowles","Terror,Drama",7.0,/tyEke5KSZa02l4MAAQsWu7clHrb.jpg,"Tras varios años en Estados Unidos, el hijo de un noble inglés regresa a la mansión de su padre en Gales. Una noche que asiste a una feria zíngara es mordido por un lobo y su vida comienza a cambiar cuando teme ser el responsable de las muertes que se están produciendo en la localidad.",N
652004,The Wolf of Snow Hollow,2020-10-23,Jim Cummings,"Jim Cummings, Riki Lindhome, Robert Forster, Chloe East, Jimmy Tatro","Terror,Suspense",6.056,/nXeTSXR5ryFwxrlpmD9hhXJTAuc.jpg,"El terror se adueña de un pequeño pueblo al pie de las montañas cuando una serie de cadáveres son descubiertos tras la luna llena. Tras perder a su hija adolescente, incapaz de dormir y al cuidado de su padre enfermo, el oficial Marshall lucha para recordar cada día que no existe tal cosa como eso que llaman ""hombres-lobo"".",J
387827,Time Share,2018-08-02,Sebastián Hofmann,"Luis Gerardo Méndez, Miguel Rodarte, Cassandra Ciangherotti, Andrés Almeida, Montserrat Marañon","Drama,Terror,Misterio",5.727,/x2rH5Q1twxUJ50yVviAyY3aTPyl.jpg,Es la historia de dos familias diferentes que viajan a un hotel y que por un error administrativo las hospeda en la misma villa
396535,Train to Busan,2016-07-20,연상호,"공유, 김수안, 정유미, 마동석, Choi Woo-shik","Terror,Suspense,Acción,Aventura",7.7,/6XvEZVBFFjybvb1yQd1qfOC6F2S.jpg,"Un virus letal se expande por Corea del Sur, provocando violentos altercados. Los pasajeros de un tren KTX que viaja de Seúl a Busan tendrán que luchar por su supervivencia.",M
46838,Tucker and Dale vs. Evil,2010-01-22,Eli Craig,"Tyler Labine, Alan Tudyk, Katrina Bowden, Jesse Moss, Philip Granger","Comedia,Terror",7.4,/8shwLEDzajJGSfLgbpac8x8xn1U.jpg,"Una pareja de amigos decide pasar las vacaciones en una cabaña perdida en el bosque con el plan de beber cerveza y matar el tiempo pescando. Tucker puede considerarse el líder de los dos, pues su colega Dale posee una incapacidad innata para acercarse al sexo opuesto. Cuando se encuentran casualmente con unos estudiantes en viaje de acampada, Dale intenta acercarse a la bella Alison, una de las chicas del grupo, pero sólo consigue asustarla. Poco después, la joven sufre un accidente y es socorrida por los protagonistas, que la llevan a su cabaña. A partir de entonces, una serie de casualidades e infortunios provocarán que los compañeros de Alison concluyan por pensar que Tucker y Dale la han secuestrado y que, en realidad, son perturbados asesinos en serie que planean acabar con las vidas de todos ellos.",N
458723,Us,2019-03-14,Jordan Peele,"Lupita Nyong'o, Winston Duke, Elisabeth Moss, Tim Heidecker, Shahadi Wright Joseph","Terror,Misterio",6.952,/ux2dU1jQ2ACIMShzB3yP93Udpzc.jpg,"Adelaide Wilson es una mujer que vuelve al hogar de su infancia en la costa junto a su marido, Gabe, y sus dos hijos, para una idílica escapada veraniega. Después de un tenso día en la playa con sus amigos, Adelaide y su familia vuelven a la casa donde están pasando las vacaciones. Cuando cae la noche, los Wilson descubren la silueta de cuatro figuras cogidas de la mano y en pie delante de la vivienda. ""Nosotros"" enfrenta a una entrañable familia estadounidense a un enemigo tan insólito como aterrador.",K
756681,Veneciafrenia,2022-04-22,Álex de la Iglesia,"Ingrid García Jonsson, Silvia Alonso, Goize Blanco, Nicolás Illoro, Alberto Bang",Terror,5.998,/90ZsEVSiZZABzO8bh1OcqguomIn.jpg,"En la naturaleza existe vínculo indisoluble entre la belleza y la muerte. El ser humano, deudor de su entorno, imita lo que observa. Como mosquitos atraídos por el faro más brillante, los turistas están apagando la luz de la ciudad más hermosa del planeta. La agonía de las últimas décadas ha desatado la ira entre los venecianos. Para frenar la invasión, algunos se han organizado, dando rienda suelta a su instinto de supervivencia. Nuestros protagonistas, un sencillo grupo de turistas españoles, viajan a Venecia con la intención de divertirse, ajenos a los problemas que les rodean. Allí se verán obligados a luchar por salvar sus propias vidas.",M
57230,Viy,1967-11-27,Георгий Кропачёв,"Леонид Куравлёв, Наталья Варлей, Алексей Глазырин, Николай Кутузов, Вадим Захарченко","Drama,Fantasía,Terror",6.911,/tSmjtlSoulKuyEwJuUK7k8dRuAD.jpg,"Khoma, un estudiante en un monasterio en Kiev, se pierde en el bosque mientras viaja a casa al final del trimestre con dos compañeros seminaristas. Al caer la noche encuentran alojamiento en la casa de una anciana. Khoma se mete en el establo y se acuesta a dormir, pero su descanso se ve perturbado por la anciana, que a la primera oportunidad, salta sobre su espalda y las dos salen volando con una escobapor el cielo nocturno. Al darse cuenta de que ha sido atrapado por una bruja, Khoma lucha por liberarse y golpea a la anciana en el suelo con un palo. Ante sus ojos, la bruja moribunda se transforma en una hermosa joven y Khoma huye de la escena. De regreso al monasterio, una delegación llega exigiendo que Khoma los acompañe de vuelta a su aldea para rezar por el cadáver de una joven durante tres noches. Al llegar a la aldea, el estudiante pronto descubre que debe pasar las noches encerrado solo en la iglesia con el cuerpo de la bruja que había dejado por muerta...",J
726208,Don't Listen,2020-07-24,Ángel Gómez Hernández,"Rodolfo Sancho, Ramón Barea, Nerea Barros, Belén Fabra, Ana Fernández","Drama,Terror,Suspense",6.479,/kB1jM3vsbkWBxLo4esCDvgrsZVj.jpg,"Daniel (Rodolfo Sancho) y Sara (Belén Fabra) son un matrimonio con un hijo de 9 años, Eric (Lucas Blas), que acaban de trasladarse a un nuevo hogar. Sin embargo, no saben que esa propiedad es conocida en el vecindario como ""la casa de las voces"". Eric es el primero en percatarse de los extraños sonidos que se ocultan tras cada puerta y que intentan comunicarse con la familia. Pese a que al principio Daniel y Sara creen que se trata de un producto de la imaginación de su hijo, poco a poco comienzan a percibir también esos sucesos paranormales, convirtiéndolos en una realidad.  Este largometraje de terror, que trata el poder sugestivo de las psicofonías, está dirigida por Ángel Gómez.",J
800497,Werewolves Within,2021-06-25,Josh Ruben,"Sam Richardson, Milana Vayntrub, George Basil, Sarah Burns, Michael Chernus","Terror,Comedia",6.032,/5CGgbgyvmE39Yoqa80GKsgClbQm.jpg,"Cuando un oleoducto propuesto crea hostilidades entre los residentes de una pequeña ciudad, un guardabosques recién llegado debe mantener la paz después de que una tormenta de nieve confina a la gente del pueblo en un antiguo albergue. Pero cuando una criatura misteriosa comienza a aterrorizar al grupo, sus peores tendencias y prejuicios salen a la superficie, y el guardabosques debe mantener con vida a los residentes, tanto entre ellos como con el monstruo que los atormenta.",J
879957,Wyrmwood: Apocalypse,2022-02-10,Kiah Roache-Turner,"Luke McKenzie, Shantae Barnes-Cowan, Bianca Bradey, Tasia Zalar, Jay Gallagher","Acción,Terror",5.8,/b1OSwHDIflDSbirMr6k3Ivqf2yu.jpg,"Zombis, científicos locos, soldados malvados y héroes en busca de una cura para la humanidad son los protagonistas de esta secuela de la cinta de culto australiana ""Wyrmwood: La carretera de los muertos"".Con más presupuesto y mejores medios.",M
290999,Wyrmwood: Road of the Dead,2014-09-19,Kiah Roache-Turner,"Jay Gallagher, Bianca Bradey, Leon Burchill, Luke McKenzie, Yure Covich","Terror,Acción,Comedia",6.054,/oyF0zNkTfvodHvkSEs9E88jvQRi.jpg,"La vida de Barry da un giro radical cuando su hermana es secuestrada por un científico loco, justo en el momento en que se desencadena un Apocalipsis zombi. Buscando aliados entre los supervivientes, el protagonista atravesará Australia para rescatar a su hermana, dando forma a una trepidante cinta de horror y acción que ha sido definida como un cruce entre Zombi y Mad Max.",H
760104,X,2022-03-17,Ti West,"Mia Goth, Jenna Ortega, Brittany Snow, Kid Cudi, Martin Henderson","Terror,Suspense",6.722,/lopZSVtXzhFY603E9OqF7O1YKsh.jpg,"En 1979, un grupo de jóvenes cineastas se propusieron hacer una película para adultos en la zona rural de Texas, pero cuando sus anfitriones solitarios y ancianos los atrapan en el acto, el elenco pronto se encuentra en una lucha desesperada por sus vidas.",O
1128941,The Demon Disorder,2024-08-16,Steven Boyle,"John Noble, Charles Cottier, Christian Willis, Dirk Hunter, Tobie Webster",Terror,5.726,/Oqlmo1bhDQWWBPrMxMauuHL7y7.jpg,,O
8913,Pet Sematary,1989-04-21,Mary Lambert,"Dale Midkiff, Fred Gwynne, Denise Crosby, Brad Greenquist, Michael Lombard",Terror,6.6,/a1gIACZb04bL8EvLqMpofW2Eqeo.jpg,"Louis Creed, su esposa y sus dos niños se instalan en una vivienda próxima a una carretera con mucho tráfico. Cerca de la casa hay un sendero que lleva a un cementerio de animales y también a un antiguo cementerio indio
794,The Omen,1976-06-25,Richard Donner,"Gregory Peck, Lee Remick, David Warner, Billie Whitelaw, Harvey Stephens","Terror,Suspense",7.41,/mDcjjEu1fMNmsXi4l4D8IftlTix.jpg,"Cuando Kathy Thorn da a luz a un bebé muerto, su esposo Robert le oculta la verdad y sustituye a su hijo por un niño huérfano, ignorando su origen satánico. El horror empieza cuando, en el quinto cumpleaños de Damien, inesperadamente, su niñera se suicida. Un sacerdote que trata de advertir a Robert del peligro que corre, muere en un inesperado accidente. El creciente número de muertes hace que Robert, por fin, se dé cuenta de que el niño que han adoptado es el Anticristo, y que hay que matarlo para impedir que se cumpla una terrible profecía.",P
13310,Let the Right One In,2008-10-24,Tomas Alfredson,"Kåre Hedebrant, Lina Leandersson, Per Ragnar, Henrik Dahl, Karin Bergquist","Terror,Drama",7.551,/2UcjguOB3BeI7UD64uxxbPqP9wf.jpg,"Oskar, un niño tímido de 12 años, acosado en el colegio por unos compañeros, se hace amigo de Eli, una misteriosa nueva vecina de su edad, cuya llegada coincide con una serie de inexplicables muertes. A pesar de que Oskar piensa que ella es un vampiro, intenta que su amistad esté por encima de su miedo.",P
21484,Possession,1981-05-27,Andrzej Żuławski,"Isabelle Adjani, Sam Neill, Margit Carstensen, Heinz Bennent, Johanna Hofer",Terror,7.332,/lUFZsUuJ0YyhBXH8D2BFUd6wODm.jpg,"Berlín, antes de la caída del muro. Cuando Marc regresa de un viaje encuentra a su esposa Anna cambiada, muy nerviosa y perturbada. Por fin, le confiesa que tiene una aventura y lo abandona. Marc cae en una terrible depresión que lo lleva casi al borde de la locura. Unas semanas después, el detective privado que ha contratado para que siga a su mujer es salvajemente asesinado. La verdad sobre la aventura secreta de Anna se revelará monstruosa.",P
25623,House,1977-08-26,大林宣彦,"池上季実子, 大場久美子, まつばらあい, 神保美喜, エリコ・タナカ","Comedia,Fantasía,Terror",7.324,/5JmLSvGDPbq7w2avI2u6Y1OpZlD.jpg,"Siete chicas de instituto ven sus vacaciones chafadas cuando su profesor (Kiyohiko Ozaki) tiene que cancelar el viaje que tenía planeado realizar con ellas. Las cosas marchan incluso algo peor para Oshare (Kimiko Ikegami), una de las chicas, ya que recientemente su padre le ha presentado su nueva madastra (Haruko Wanibuchi), lo que no le ha hecho demasiada gracia. Mirando un álbum de fotos, Oshare se encuentra con la foto de boda de su madre a quien se la ve acompañada de su hermana (Yoko Minamida) quien nunca llegó a casarse ya que su prometido murió en la guerra. Oshare se pone en contacto con su tía y ésta la invita a ella y a sus amigas a pasar las vacaciones en su mansión en el campo. Cuando el grupo de chicas se presentan en la mansión, allí las recibe la tía de Oshare en sillas de ruedas y medio ciega. Muy pronto las chicas descubren que la mansión tiene vida propia.",O
426063,Nosferatu,2024-12-25,Robert Eggers,"Lily-Rose Depp, Nicholas Hoult, Bill Skarsgård, Aaron Taylor-Johnson, Willem Dafoe","Terror,Fantasía",6.706,/5qGIxdEO841C0tdY8vOdLoRVrr0.jpg,Historia gótica de obsesión entre una joven hechizada y el aterrador vampiro encaprichado de ella que causa un indescriptible terror a su paso.,P
1138194,Heretic,2024-10-31,Scott Beck,"Hugh Grant, Sophie Thatcher, Chloe East, Topher Grace, Elle Young","Suspense,Terror",6.978,/fr96XzlzsONrQrGfdLMiwtQjott.jpg,Dos jóvenes misioneras se ven obligadas a demostrar su fe cuando llaman a la puerta equivocada y son recibidas por el Sr. Reed. Los tres se verán envueltos en un brutal juego del gato y el ratón durante una larga noche de tormenta.,P
10593,The Phantom of the Opera,1998-11-20,Dario Argento,"Julian Sands, Asia Argento, Andrea Di Stefano, Nadia Rinaldi, Coralina Cataldi-Tassoni","Terror,Romance,Misterio",4.607,/8Xz8BewguBEKxaIw9hHxoY88c0L.jpg,"Una serie de espeluznantes accidentes y brutales asesinatos dejan un sangriento rastro en la cavernas subterráneas que hay bajo los sótanos del Teatro de la Ópera. Nacido en esas tenebrosas cloacas, un hombre-monstruo criado por las ratas, acecha. La oscura y grotesca vida de ese fantasma cambiará al enamorarse locamente de una hermosa y joven cantante, a la que seduce con sus encantos. Una revisión del clásico, con altas dosis de erotismo.",P
10728,Faust,1926-10-13,F. W. Murnau,"Gösta Ekman, Emil Jannings, Camilla Horn, Frida Richard, William Dieterle","Fantasía,Drama,Terror",7.9,/wyqcaa9Cbj1G0mCD8uesGpJWFfP.jpg,"Relata la historia de un célebre pensador que después de buscar sin descanso la esencia del conocimiento y la verdad oculta de las cosas, es tentado por el diablo y vende su alma.",P
140680,The Fall of the House of Usher,1950-06-01,Ivan Barnett,"Gwen Watford, Kaye Tendeter, Irving Steen, Vernon Charles, Connie Goodwin",Terror,5.1,/gMCsfgQU37XbPiC14OoLvFigcp4.jpg,,P
1233413,Sinners,2025-04-16,Ryan Coogler,"Michael B. Jordan, Hailee Steinfeld, Miles Caton, Jack O'Connell, Wunmi Mosaku","Terror,Acción,Suspense",7.479,/705nQHqe4JGdEisrQmVYmXyjs1U.jpg,"Tratando de dejar atrás sus problemáticas vidas, dos hermanos gemelos regresan a su pueblo natal para empezar de nuevo, solo para descubrir que un mal aún mayor les espera para darles la bienvenida.",P
1433,The Devil's Backbone,2001-04-20,Guillermo del Toro,"Marisa Paredes, Eduardo Noriega, Federico Luppi, Fernando Tielve, Íñigo Garcés","Fantasía,Drama,Terror,Suspense",7.285,/wKHHsu1awdIUHq6OlkMoxEPNylB.jpg,"España, 1939. En los últimos días de la guerra civil española, el joven Carlos llega al orfanato de Santa Lucía, donde hará amigos y enemigos mientras sigue los quedos pasos de una misteriosa presencia ávida de venganza…",P
7340,Carrie,1976-11-03,Brian De Palma,"Sissy Spacek, Piper Laurie, Amy Irving, William Katt, John Travolta","Terror,Suspense",7.328,/8tT1rqlsTguyfUBMrbHR9cv1rxM.jpg,"Carrie es una torturada estudiante de secundaria que no encaja en su entorno, sin confianza en sí misma y sin amigos… y sin ser consciente de la amplitud de sus poderes telequinéticos. Pero cuando su psicótica madre y sus sádicos compañeros de clase llegan demasiado lejos, la una vez tímida adolescente se convierte en una máquina desenfrenada y, con ayuda de su «don especial», hace caer el infierno sobre sus cabezas en un frenesí de sangre, fuego y azufre que te llevará a las profundidades del horror… y aún más lejos.",P
133805,Carrie,2013-10-16,Kimberly Peirce,"Chloë Grace Moretz, Julianne Moore, Gabriella Wilde, Ansel Elgort, Alex Russell","Drama,Terror",6.0,/kloXz9qwO23z9Kbt3z3MgnjF4xO.jpg,"Carrie White, una adolescente a la que sus compañeros humillan constantemente, posee poderes psíquicos que se manifiestan cuando se siente dominada por la ira. El día del baile de graduación la situación llega a hacérsele insoportable.",P
1151031,Bring Her Back,2025-05-28,Michael Philippou,"Billy Barratt, Sally Hawkins, Mischa Heywood, Jonah Wren Phillips, Stephen Phillips",Terror,7.356,/1Q3GlCXGYWELifxANYZ5OVMRVZl.jpg,"Un hermano y su hermana descubren un aterrador ritual en la apartada casa de su nueva madre adoptiva. Lo que parece un hogar seguro pronto se convierte en una pesadilla, donde figuras siniestras, extrañas imágenes en vídeo y sucesos paranormales los rodean.",P
188761,The German Doctor,2013-05-19,Lucía Puenzo,"Àlex Brendemühl, Natalia Oreiro, Diego Peretti, Elena Roger, Florencia Bado","Drama,Suspense,Historia",6.461,/x5FaEJgVrl2xf9FOuQ99svRCGC9.jpg,"En el verano de 1959, un médico alemán conoce a una familia argentina en la región más desolada de la Patagonia. El viajero no es otro que Josef Mengele. Esta familia revive en él todas las obsesiones relacionadas con la pureza y la perfección. En especial Lilith, una adolescente con un cuerpo demasiado pequeño para su edad. La fascinación es mutua: en pleno despertar sexual, Lilith siente una inquietante atracción por ese forastero.",N
517331,The Realm,2018-09-28,Rodrigo Sorogoyen,"Antonio de la Torre, Josep Maria Pou, Mónica López, Bárbara Lennie, Nacho Fresneda","Suspense,Misterio,Drama",7.075,/hPYRQYycflQbUcb6H0XRGwZkGLz.jpg,"Manuel, un influyente vicesecretario autonómico que lo tiene todo a favor para dar el salto a la política nacional, observa cómo su perfecta vida se desmorona a partir de unas filtraciones que le implican en una trama de corrupción junto a Paco, uno de sus mejores amigos. Mientras los medios de comunicación empiezan a hacerse eco de las dimensiones del escándalo, el partido cierra filas y únicamente Paco sale indemne. Manuel es expulsado, señalado por la opinión pública y traicionado por los que hasta hace unas horas eran sus amigos. Aunque el partido pretende que cargue con toda la responsabilidad, Manuel no se resigna a caer solo. Con el único apoyo de su mujer y de su hija, y atrapado en una espiral de supervivencia, Manuel se verá obligado a luchar contra una maquinaria de corrupción que lleva años engrasada, y contra un sistema de partidos en el que los reyes caen, pero los reinos continúan.",K
25376,The Secret in Their Eyes,2009-08-13,Juan José Campanella,"Ricardo Darín, Soledad Villamil, Pablo Rago, Javier Godino, Guillermo Francella","Misterio,Suspense,Drama",7.973,/sd6LML87wa9UPZgfuPnGwic82YH.jpg,"Argentina. Benjamín Espósito es oficial de un Juzgado de Instrucción de Buenos Aires recién retirado. Obsesionado por un brutal asesinato ocurrido veinticinco años antes, en 1974, decide escribir una novela sobre el caso, del cual fue testigo y protagonista. Reviviendo el pasado, viene también a su memoria el recuerdo de una mujer, a quien ha amado en silencio durante todos esos años.",M
649825,El silencio del cazador,2019-11-16,Martín Desalvo,"Pablo Echarri, Alberto Ammann, Mora Recalde, César Bordón, Mercedes Burgos","Drama,Suspense",6.8,/zHxFXGykNIUqAWLxsZkN4ictX0M.jpg,"Guzmán trabaja en un parque nacional con un grupo pequeño pero comprometido de guardas en alerta, ante la aparición de un animal salvaje que acecha desde la selva. Sara, esposa de Guzmán, es una médica dedicada a la comunidad local. Entre ellos se encuentra un amigo de la infancia de ambos y expareja de Sara. Los celos, las cuestiones no saldadas y las relaciones de poder enfrentarán a los tres hasta llegar a un desenlace sin tregua.",N
862965,Emily the Criminal,2022-08-12,John Patton Ford,"Aubrey Plaza, Theo Rossi, Megalyn Echikunwoke, Gina Gershon, Jonathan Avigdori","Crimen,Drama,Suspense",6.683,/iZvzMpREGiqDQ5eYbx8z70qPgst.jpg,"Emily, que tiene una deuda estudiantil y está excluida del mercado laboral debido a antecedentes penales menores, se ve involucrada en una estafa con tarjeta de crédito que la lleva al inframundo criminal de Los Ángeles, lo que finalmente la lleva a consecuencias mortales.",N
10734,Escape from Alcatraz,1979-06-22,Don Siegel,"Clint Eastwood, Patrick McGoohan, Roberts Blossom, Jack Thibeau, Fred Ward","Drama,Suspense",7.5,/uORr2GXQnyqgBOg6tVsRCJD2qxc.jpg,"Bahía de San Francisco, 18 de enero de 1960. Frank Lee Morris es trasladado a Alcatraz, una prisión de máxima seguridad situada en una isla rocosa. A pesar de que nadie ha conseguido nunca evadirse de allí, Frank y otros reclusos empiezan a preparar minuciosamente un plan de fuga.",N
4193,Evil Under the Sun,1982-03-05,Guy Hamilton,"Peter Ustinov, James Mason, Sylvia Miles, Roddy McDowall, Maggie Smith","Suspense,Crimen,Misterio,Drama",6.9,/rQNMZoVVURf9YyYiBTsrOTEKALH.jpg,"La investigación sobre un diamante falso lleva al detective Hércules Poirot a alojarse en un hotel donde coincide con Arlena, una actriz con un pasado tumultuoso a la que los demás huéspedes parecen odiar.",J
38363,Fair Game,2010-05-20,Doug Liman,"Naomi Watts, Sean Penn, Sam Shepard, Noah Emmerich, Michael Kelly","Drama,Suspense",6.452,/tX2cafjaDnEOi50xnUIloAc2fp2.jpg,"Narra la historia real de Valerie Plame, una agente de la CIA cuya identidad fue desvelada por miembros de la Casa Blanca, supuestamente para desacreditar a su marido, que en el año 2003 había escrito un polémico artículo en el New York Times. En dicho artículo, el marido de Plame acusaba a la administración Bush de haber manipulado a la Agencia Central de Inteligencia con respecto a la existencia de armas de destrucción masiva por parte del régimen de Sadam Hussein, para poder así justificar la invasión de Irak.",H
910571,Fair Play,2023-09-28,Chloe Domont,"Phoebe Dynevor, Alden Ehrenreich, Eddie Marsan, Rich Sommer, Sebastian de Souza","Drama,Suspense,Romance",6.304,/tGgojtD6vJKYeCfktAhhA1pmH0n.jpg,"Recién comprometidos, Emily (Phoebe Dynevor) y Luke (Alden Ehrenreich), una próspera pareja de Nueva York, no se cansan el uno del otro. Cuando surge un codiciado ascenso en su despiadada empresa financiera, los intercambios de apoyo entre los amantes comienzan a agriarse hasta convertirse en algo más siniestro. A medida que la dinámica de poder cambia irrevocablemente en su relación, Luke y Emily deben enfrentarse al verdadero precio del éxito y a los desconcertantes límites de la ambición.",O
5854,Family Plot,1976-04-09,Alfred Hitchcock,"Barbara Harris, Bruce Dern, Karen Black, William Devane, Ed Lauter","Comedia,Crimen,Suspense,Misterio",6.8,/k4ha3GUNDJ864gx81e91kvp97aW.jpg,"Blanche Tyler, una mujer que se gana la vida haciéndose pasar por vidente, sabe que Arthur Adamson es hijo ilegítimo de una rica anciana que desea dejarle su herencia. Adamson se ha convertido en un estafador con la complicidad de su amante Fran.",M
275,Fargo,1996-03-08,Joel Coen,"Frances McDormand, William H. Macy, Steve Buscemi, Peter Stormare, Harve Presnell","Crimen,Drama,Suspense",7.848,/rt7cpEr1uP6RTZykBFhBTcRaKvG.jpg,"Un hombre apocado y tímido, casado con la hija de un millonario que le impide disfrutar de su fortuna, decide contratar a dos delincuentes para que secuestren a su mujer con el fin de montar un negocio propio con el dinero del rescate. Pero, por una serie de azarosas circunstancias, al secuestro se suman tres brutales asesinatos, lo que obliga a la policía a intervenir.",O
10998,Fatal Attraction,1987-09-18,Adrian Lyne,"Michael Douglas, Glenn Close, Anne Archer, Ellen Hamilton Latzen, Stuart Pankin","Suspense,Drama,Romance",6.842,/vjB9XwJKnYqFKKjhWcE6WpAf5Ki.jpg,"Mientras su mujer y su hija pasan el fin de semana fuera de casa, Dan tiene una aventura con Alex, una compañera de trabajo. Pero lo que para él no es más que una excitante pasatiempo, para ella es mucho más. Por eso, cuando Dan le comunica que quiere dejar de verla, enloquece.",M
550,Fight Club,1999-10-15,David Fincher,"Edward Norton, Brad Pitt, Helena Bonham Carter, Meat Loaf, Jared Leto","Drama,Suspense",8.438,/pB8BM7pdSp6B6Ih7QZ4DrQ3PmJK.jpg,"Un hombre consumido por el insomnio y una vida sin sentido conoce a Tyler Durden, un carismático anarquista que lo arrastra a un club secreto donde el dolor despierta algo dormido. Lo que comienza como liberación pronto se convierte en una guerra contra el sistema…",M
60216,Five Graves to Cairo,1943-05-26,Billy Wilder,"Franchot Tone, Anne Baxter, Akim Tamiroff, Erich von Stroheim, Peter van Eyck","Bélica,Suspense,Drama",6.9,/sZuSO4VcIzsGWuoQoM6oEyfp1HV.jpg,"Durante la Segunda Guerra Mundial, en Junio de 1942, el ejército británico se retira del Norte de África ante el victorioso avance de Rommel, dejando un único hombre detrás de sus líneas, en el desierto entre Libia y Egipto. John Bramle, único superviviente del equipo de un tanque capturado por los alemanes, busca refugio en un remoto hotel perdido en pleno desierto.",J
32653,Flic Story,1975-10-01,Jacques Deray,"Alain Delon, Jean-Louis Trintignant, Claudine Auger, Renato Salvatori, André Pousse","Crimen,Suspense,Drama",6.41,/yYOvqWARJKE1xxxA7VeNd3Qk8m0.jpg,"Roger Borniche es un policía distinto a los demás: no lleva armas e incluso los gángsters le escriben para agradecerle su humanidad. Emile Buisson es, en cambio, un criminal que no duda en matar a sus propios cómplices. Los dos acabarán enfrentándose en un fantástico duelo.",M
23668,"Fort Apache, the Bronx",1981-02-06,Daniel Petrie,"Paul Newman, Ed Asner, Ken Wahl, Danny Aiello, Pam Grier","Crimen,Drama,Acción",6.492,/8p57OvRAG5qswa5UW9O5Y6xZjAV.jpg,"El barrio neoyorquino de South Bronx está considerado como el peor de todos por la policía de la ciudad. En su centro se alza una comisaría conocida como ""Fort Apache"" por su parecido con un puesto avanzado en pleno territorio enemigo. Uno de los agentes destinados a este lugar es Murphy, un gato viejo que no es lo que parece.",J
568091,Fractured,2019-09-22,Brad Anderson,"Sam Worthington, Lily Rabe, Lucy Capri, Stephen Tobolowsky, Lauren Cochrane","Suspense,Drama",6.751,/paZNRffT3kUckuRFKbeDBuX1YcZ.jpg,"Tras la desaparición de su esposa y de su hija herida de las urgencias del hospital, un hombre se embarca en una búsqueda frenética convencido de que le ocultan algo.",K
228150,Fury,2014-10-15,David Ayer,"Brad Pitt, Shia LaBeouf, Logan Lerman, Michael Peña, Jon Bernthal","Bélica,Drama,Acción",7.542,/pfte7wdMobMF4CVHuOxyu6oqeeA.jpg,"Abril de 1945. Al mando del veterano sargento Wardaddy, un pelotón de cinco soldados americanos a bordo de un carro de combate -el Fury- ha de luchar contra un ejército nazi al borde de la desesperación, pues los alemanes saben que su derrota estaba ya cantada por aquel entonces.",J
97434,Gambit,2012-04-25,Michael Hoffman,"Colin Firth, Cameron Diaz, Alan Rickman, Tom Courtenay, Stanley Tucci","Comedia,Crimen",5.496,/j8euGCM4GkRdPiPcelsLVVn0Bx1.jpg,"Harry Deane es un restaurador de arte que elabora un sofisticado plan para estafar a Lionel Shabandar, el hombre más rico de Inglaterra y, además, un empedernido coleccionista de obras de arte. Su objetivo es venderle un falso Monet. Como cebo utiliza a Nicole, una reina del rodeo de Texas, para que se haga pasar por una mujer cuyo abuelo localizó la pintura a finales de la II Guerra Mundial.",I
210577,Gone Girl,2014-10-01,David Fincher,"Ben Affleck, Rosamund Pike, Neil Patrick Harris, Tyler Perry, Carrie Coon","Misterio,Suspense,Drama",7.889,/ts996lKsxvjkO2yiYG0ht4qAicO.jpg,"El día de su quinto aniversario de boda, Nick Dunne informa de que su esposa Amy ha desaparecido misteriosamente. Pronto la presión policial y mediática hace que el retrato de felicidad doméstica que ofrece Nick empiece a tambalearse. Además, su extraña conducta lo convierte en sospechoso, y todo el mundo comienza a preguntase si Nick mató a su esposa...",G
429200,Good Time,2017-08-11,Josh Safdie,"Robert Pattinson, Benny Safdie, Buddy Duress, Taliah Webster, Jennifer Jason Leigh","Crimen,Suspense,Drama",7.2,/yE1c9hj5Hf8a9KplAdRdhADqUro.jpg,"Después de que el robo chapucero de un banco acabe con su hermano pequeño en prisión, Constantine Nikas se embarca en una odisea a través del mundo subterráneo de la ciudad en un intento, tan desesperado como peligroso, por conseguir el dinero de la fianza para poder sacar a su hermano de la cárcel.",K
769,GoodFellas,1990-09-12,Martin Scorsese,"Robert De Niro, Ray Liotta, Joe Pesci, Lorraine Bracco, Paul Sorvino","Drama,Crimen",8.5,/9OkCLM73MIU2CrKZbqiT8Ln1wY2.jpg,"Henry, un niño de trece años de Brooklyn, vive fascinado con el mundo de los gángsters. Su sueño se hace realidad cuando entra a formar parte de la familia Pauline, dueña absoluta de la zona, que lo educan como un miembro más de la banda convirtiéndole en un destacado mafioso.",N
5279,Gosford Park,2001-12-26,Robert Altman,"Maggie Smith, Michael Gambon, Kristin Scott Thomas, Camilla Rutherford, Charles Dance","Drama,Misterio,Suspense",6.8,/7r8DeZuaaHCiOEbkqZC6MFmwJ69.jpg,"Noviembre de 1932. Godsford Park es la magnífica mansión campestre a la que Sir William McCordle y su esposa Lady Sylvia invitan a familiares y amigos para una partida de caza. Los invitados son muy dispares: una condesa, un héroe de la Primera guerra mundial, el ídolo de masas Ivor Novello, y un productor de cine norteamericano. Mientras los invitados ocupan las lujosas habitaciones de arriba, sus criados conviven abajo con la servidumbre de los anfitriones. Sin embargo, no todo es lo que parece, ni entre los huéspedes ni entre los criados que se afanan por el bienestar de sus amos.",M
29589,Green for Danger,1946-12-07,Sidney Gilliat,"Leo Genn, Alastair Sim, Trevor Howard, Sally Gray, Rosamund John","Misterio,Crimen,Suspense",6.711,/a4DKicJXJc2IZ5Ze8fU34sZTT4L.jpg,"El inspector Cockrill nos cuenta esta historia: mientras Londres está en alerta máxima por la caída de las bombas volantes alemanas, debe resolver el caso de las muertes acaecidas en un hospital de emergencia rural. Basado en ""Green for Danger"" de Christianna Brand.",H
1255,The Host,2006-07-27,Bong Joon-ho,"Song Kang-ho, 변희봉, 박해일, Bae Doona, Ko A-sung","Terror,Drama,Ciencia ficción",6.974,/tqDQzYGi1EWHgUZY91YRSJLDJVf.jpg,"Los habitantes de Seúl observan sorprendidos un extraño objeto que cuelga de un puente sobre el río Han. El objeto es, en realidad, una monstruosa criatura mutante que al despertar devora a todo aquel que se cruza en su camino. En medio de tanto horror, la criatura mutante rapta a la hija del dueño de un quiosco que vive felizmente a la orilla del río. Mientras el ejército fracasa una y otra vez en sus intentos de destruir al monstruo, este hombrecillo anónimo y su familia intentan recuperar a su hija.",J
270487,"Hail, Caesar!",2016-02-05,Joel Coen,"Josh Brolin, George Clooney, Alden Ehrenreich, Ralph Fiennes, Scarlett Johansson","Comedia,Crimen,Drama,Misterio,Historia",5.935,/ozY79UvbYvJUWFg2UCM1CDQ7rBl.jpg,"En el Hollywood de los años 50, uno de los grandes estudios pretende hacer una gran superproducción de romanos protagonizada por una gran estrella (Clooney), pero el actor es secuestrado durante el rodaje.",H
28307,Hammett,1982-06-09,Wim Wenders,"Frederic Forrest, Peter Boyle, Marilu Henner, Roy Kinnear, Lydia Lei","Drama,Suspense",6.2,/ssaXsTAhAYklEmhhjsMZfeyPCuD.jpg,"Chinatown, San Francisco, 1928. El exdetective privado Dashiell Hammett, un bebedor compulsivo con tuberculosis que se gana la vida escribiendo relatos pulp, recibe la inesperada visita de un viejo amigo que dice necesitar ayuda.",G
42506,The Housemaid,1960-11-03,김기영,"이은심, 김진규, 주증녀, 엄앵란, 고선애","Crimen,Drama",7.105,/rE3kETNUBcxZMZRCMNVhClwc9fP.jpg,"Cuenta la historia de un triángulo amoroso entre un profesor de piano puritano y conservador, su esposa aparentemente ideal y la taciturna sirvienta de la casa. En 2010, el director surcoreano Lim Sang-soo realizó un remake con Jeon Do-yeon y Lee Jeong-jae en los papeles principales.",M
11309,Hardware,1990-09-14,Richard Stanley,"Dylan McDermott, Stacey Travis, John Lynch, William Hootkins, Carl McCoy","Terror,Ciencia ficción,Suspense",5.912,/ybauOsdo6ColZ1WsALqIYjpUg4X.jpg,"Estamos en el futuro de La Tierra, en un mundo devastado en el cual sobreviven unos cuantos aventureros que inician una búsqueda de chatarra que pueda ser comercializada. Hasta el refugio de un pequeño comerciante llega un extraño portando un misterioso cargamento
705996,Decision to Leave,2022-06-29,Park Chan-wook,"湯唯, 박해일, 이정현, 고경표, 박용우","Suspense,Misterio,Romance",7.318,/rXEJ28XDQsogIGqwVEgwM2oDdpl.jpg,"Hae-Joon, un veterano detective, investiga la sospechosa muerte de un hombre en la cima de una montaña. Pronto, comenzará a sospechar de Sore, la mujer del difunto, mientras la atracción que siente por ella le desestabilizará.",M
889699,Holy Spider,2022-07-13,Ali Abbasi,"Zar Amir Ebrahimi, Mehdi Bajestani, Arash Ashtiani, Forouzan Jamshidnejad, Sina Parvaneh","Suspense,Drama,Crimen",7.3,/atVPMIhy7FoDOY7IUulIs8vG1sa.jpg,"Irán, 2001. Una periodista de Teherán se sumerge en los barrios con peor reputación de la ciudad santa de Mashhad para investigar una serie de feminicidios. Pronto se dará cuenta de que las autoridades locales no tienen ninguna prisa por resolver el asunto. Los crímenes son obra de un solo hombre, que asegura purificar la ciudad de sus pecados y que ataca a prostitutas por la noche.",N
416144,Hotel Mumbai,2019-03-14,Anthony Maras,"Dev Patel, Armie Hammer, نازنین بنیادی, Tilda Cobham-Hervey, Anupam Kher","Suspense,Historia,Drama,Acción",7.531,/v32SC4HFZtlDRWXMaR2V2dWqAXJ.jpg,"Bombay, 2008. Los huéspedes del hotel Taj Mahal Palace viven momentos de terror. Un grupo de terroristas paquistaníes invade el lugar y mantiene a las personas como rehenes durante 68 horas. Desesperados, un grupo de funcionarios y huéspedes toman coraje para intentar revertir la situación.",K
20942,House of Bamboo,1955-07-01,Samuel Fuller,"Robert Ryan, Robert Stack, 山口淑子, Cameron Mitchell, Brad Dexter","Crimen,Drama",6.2,/7LxWQZA0PCSJ0jGcZ7KYq1uFupL.jpg,"La acción transcurre en Tokyo. Un policía, Eddie Kenner, se infiltra en el seno de una banda brutal de ex-compañeros de armas, dirigido por Sandy Dawson, con el fin de aclarar el asesinato de una persona durante el atraco a un tren de municiones. Sandy salva la vida del policía y hace de él su mano derecha, pero no tardará en descubrir su doble juego.",G
852448,I Came By,2022-08-19,Babak Anvari,"George MacKay, Percelle Ascott, Kelly Macdonald, Varada Sethu, Franc Ashman","Crimen,Suspense",6.272,/pFB9jZDl52jBNbMPVSlISXD1ggS.jpg,Un grafitero que tiene como objetivo las casas de la élite descubre un retorcido secreto en un sótano oculto y desata acontecimientos que ponen en peligro a sus seres queridos.,M
601666,I Care a Lot,2021-02-19,J Blakeson,"Rosamund Pike, Peter Dinklage, Eiza González, Dianne Wiest, Chris Messina","Crimen,Suspense,Drama,Comedia",6.577,/gKnhEsjNefpKnUdAkn7INzIFLSu.jpg,"Marla Grayson (Rosamund Pike) no tiene escrúpulos a la hora de beneficiarse de los demás. Después de haberse aprovechado de docenas de jubilados como tutora legal, ella y su compañera Fran (Eiza González) ven a Jennifer Peterson (Dianne Wiest) como la nueva víctima: una gallina de los huevos de oro a la que pueden desplumar fácilmente. Pero mientras intentan llevar a cabo su plan, Marla y Fran descubren que la señora Peterson no es lo que creían, y que sus actos han entorpecido la labor de un importante criminal (Peter Dinklage).",J
58658,The Day of the Owl,1968-02-17,Damiano Damiani,"Franco Nero, Claudia Cardinale, Lee J. Cobb, Tano Cimarosa, Nehemiah Persoff","Drama,Crimen",7.1,/6I2z4aVKJSYhMJbR9ScVloSyGH2.jpg,"La poderosa mafia siciliana, con intereses en la construcción, muestra sus mecanismos para ejercer y mantener el poder. Hay un cadáver y un desaparecido. La esposa del desaparecido, Rosa, es investigada por la policía, pero el Capitán Bellodi comienza a sospechar de Don Mariano, pero no logra encontrar evidencias ni testigos, ya que su labor es obstruída por las influencias del padrino mafioso en el gobierno.",N
62789,Illustrious Corpses,1976-02-12,Francesco Rosi,"Lino Ventura, Tino Carraro, Marcel Bozzuffi, Paolo Bonacelli, Alain Cuny",Suspense,6.832,/An6GY3ZKixURrez4hQuNMKqY5WK.jpg,"En una región del Sur de Italia, un misterioso asesino mata sucesivamente a varios magistrados. Del caso se encarga el inspector Rogas, cuyas investigaciones lo llevan a seguir las huellas de Cres, un farmacéutico que ya había sido condenado por un caso de envenenamiento.",J
10633,In the Heat of the Night,1967-08-02,Norman Jewison,"Sidney Poitier, Rod Steiger, Warren Oates, Peter Whitney, Lee Grant","Crimen,Drama,Misterio,Suspense",7.663,/qFpfALhprXmOAbA5upTNupZw8rq.jpg,"En una pequeña población de Mississippi, el policía Sam Wood descubre el cadáver de un industrial. Poco después, detiene en la estación a un hombre negro que, tras ser interrogado por el jefe de la policía local, Billl Gillespie, resulta ser un inspector de la policía de Filadelfia llamado Virgil Tibbs. Ambos policías deciden colaborar para investigar el asesinato.",M
1730,Inland Empire,2006-12-06,David Lynch,"Laura Dern, Jeremy Irons, Justin Theroux, Harry Dean Stanton, Karolina Gruszka","Terror,Suspense,Misterio,Drama,Fantasía",7.005,/s5f0FbVAABEnJYKaApWORTxhiFC.jpg,"La percepción de la realidad de una actriz (Laura Dern) se va distorsionando cada vez más. Al mismo tiempo descubre que, quizá, se está enamorando de su partenaire (Justin Theroux) en un remake polaco inconcluso y supuestamente maldito.",N
85286,Inside the Walls of Folsom Prison,1951-05-18,Crane Wilbur,"Steve Cochran, David Brian, Philip Carey, Ted de Corsia, Scott Forbes","Crimen,Drama",6.4,/q9FQyJQ1t67Dk8Png2pa9ntmfQk.jpg,,N
80196,Invisible Stripes,1939-12-30,Lloyd Bacon,"George Raft, Jane Bryan, William Holden, Humphrey Bogart, Flora Robson","Crimen,Drama",6.096,/88U6ZWmIUWnxQvVPQzE3RJ2fOXY.jpg,"Cliff Taylor es un exconvicto que intenta llevar una vida normal, pero desde que salió de la cárcel en libertad condicional, su pasado criminal le impide encontrar y mantener un cualquier trabajo. Sin embargo, lo peor es que Tim, su hermano menor, siguiendo sus pasos, se une a la banda de Charles Martin",J
989473,Invitation to a Murder,2023-05-05,Stephen Shimek,"Mischa Barton, Chris Browning, Bianca A. Santos, Giles Matthey, Grace Lynn Kung","Misterio,Suspense,Película de TV",5.5,/ucYuml5QqkcGKmWmJj7JpJdsPc1.jpg,"1934. Sur de Inglaterra. Sin motivo aparente y al igual que otras cinco personas que no se conocen entre sí, Miranda, una florista de 28 años, es invitada a pasar el fin de semana en la mansión del multimillonario Lewis Findley.",N
184,Jackie Brown,1997-12-25,Quentin Tarantino,"Pam Grier, Samuel L. Jackson, Robert De Niro, Bridget Fonda, Michael Keaton","Crimen,Drama,Suspense",7.357,/rOUx7qg4KmEh1juEDwqzbDSL1Nr.jpg,"Jackie Brown es una azafata de vuelo que necesita dinero y hace de correo para Robbie, un mafioso buscado por la policía. Todo parece ir bien hasta que un día es sorprendida en la aduana y acusada de tráfico de drogas y evasión de capital. Sólo podrá evitar su ingreso en prisión, si acepta una propuesta de la policía: ayudarles a llegar hasta Robbie.",J
800510,Kimi,2022-02-10,Steven Soderbergh,"Zoë Kravitz, Byron Bowers, Jaime Camil, Erika Christensen, Derek DelGaudio","Suspense,Misterio,Crimen",6.201,/okNgwtxIWzGsNlR3GsOS0i0Qgbn.jpg,"Durante la pandemia de COVID-19 en Seattle, una trabajadora tecnológica agorafóbica descubre evidencia de un crimen violento mientras revisa un flujo de datos, y se encuentra con resistencia y burocracia cuando intenta informarlo a su empresa. Para involucrarse, se da cuenta de que debe enfrentar su mayor miedo y aventurarse a salir de su apartamento y adentrarse en las calles de la ciudad, que están llenas de manifestantes luego de que el ayuntamiento aprobara una ley que restringe los movimientos de la población sin hogar.",J
9558,King of New York,1990-07-18,Abel Ferrara,"Christopher Walken, David Caruso, Laurence Fishburne, Victor Argo, Wesley Snipes","Suspense,Crimen",6.752,/1MyH4MJAJZJbb6wDVeOc2bTECtK.jpg,"Violento film de gángsters que relata los intentos de un traficante de drogas por recuperar su ""territorio"" perdido mientras cumplía prisión. En Nueva York el crimen se hace a la manera de Frank o no se hace. Recién salido de la prisión, Frank White se reúne con su antigua banda para retomar su posición como ""señor de la droga"" de la ciudad. Se enfrentarán en sangrientas batallas al resto de capos de la ciudad y lucharán por estar en la cima. Incapaces de volver a poner a Frank entre rejas, la policía también les declara la guerra.",N
546554,Knives Out,2019-11-27,Rian Johnson,"Daniel Craig, Chris Evans, Ana de Armas, Jamie Lee Curtis, Michael Shannon","Comedia,Crimen,Misterio",7.8,/pThyQovXQrw2m0s9x82twj48Jq4.jpg,"Cuando el renombrado novelista de misterio Harlan Thrombey es encontrado muerto en su mansión justo después de su 85 cumpleaños, el inquisitivo y cortés detective Benoit Blanc es misteriosamente reclutado para investigar. Se moverá entre una red de pistas falsas y mentiras interesadas para tratar de descubrir la verdad tras la prematura muerte del escritor.",K
631842,Knock at the Cabin,2023-02-01,M. Night Shyamalan,"Dave Bautista, Jonathan Groff, Ben Aldridge, Nikki Amuka-Bird, Rupert Grint","Terror,Misterio,Suspense",6.25,/dm06L9pxDOL9jNSK4Cb6y139rrG.jpg,"Durante unas vacaciones en una cabaña en un bosque alejada de todo, una niña y sus padres se convierten en rehenes de cuatro desconocidos armados que obligan a la familia a tomar una decisión imposible para evitar el apocalipsis. Con acceso limitado al mundo exterior, la familia deberá decidir qué creer antes de que todo esté perdido.",N
38728,A Colt Is My Passport,1967-02-04,野村孝,"Joe Shishido, 小林千登勢, ジェリー藤尾, 深江章喜, 山田禅二","Acción,Crimen,Drama",7.0,/tiJhQY2A229D8gQf2XnNrlyv3jN.jpg,"Un asesino a sueldo y su leal compañero son perseguidos por los miembros del grupo yakuza cuyo jefe mataron. Tras un intento frustrado de huir en avión, intentarán escapar en barco, pero para ello deberán esperar varias horas y resistir el acecho de sus enemigos ávidos de venganza.",N
407,Short Sharp Shock,1998-10-15,Fatih Akin,"Mehmet Kurtuluş, Aleksandar Jovanović, Adam Bousdoukos, Regula Grauwiller, İdil Üner","Crimen,Drama",6.659,/2NqG0XFbVed3vUTXppdgCY9aEaW.jpg,"En Hamburgo, crecieron juntos y se hicieron amigos: Gabriel es turco, Bobby, serbio y Costa es griego. Durante un tiempo formaron una pandilla de pequeños delincuentes. Sin embargo, cuando Gabriel fue encarcelado, decidió cambiar de vida y, al salir, empezó a trabajar en la empresa de su hermano. Bobby, en cambio, se relaciona con la mafia albanesa, y Costa continúa robando coches. El sueño de Gabriel es abrir una cafetería, idea que apoya Alice, la novia de Bobby. Los problemas surgen cuando ésta le pide a Bobby que se aleje de los bajos fondos
32634,Two Rode Together,1961-05-24,John Ford,"James Stewart, Richard Widmark, Shirley Jones, Linda Cristal, Andy Devine",Western,6.4,/gAFUWIeHyaY357N36XLphDfh38u.jpg,"Los familiares de los prisioneros blancos secuestrados por los comanches presionan al ejército federal para que los rescate. Al cínico comisario de Tascosa, Guthrie McCabe, lo convence el comandante Frazer para que se encargue de negociar con los indios la entrega de los cautivos. Le acompañará en su misión el teniente Gary.",N
