Nueid,title,release_date,director,actors,genres,vote_average,poster_path,overview,ubicacion
273481,Sicario,2015-09-17,Denis Villeneuve,"Emily Blunt, Benicio del Toro, Josh Brolin, Victor Garber, Jon Bernthal","Acción,Crimen,Suspense",7.43,/lz8vNyXeidqqOdJW9ZjnDAMb5Vr.jpg,"En la zona fronteriza que se extiende entre Estados Unidos y México la joven Kate Macer, una idealista agente del FBI, es reclutada por una fuerza de élite del Gobierno para luchar contra el narcotráfico. Bajo el mando de Matt Graver, un frío miembro de las fuerzas gubernamentales, y de Alejandro, un enigmático asesor, el equipo emprende una misión que lleva a la mujer a cuestionarse sus convicciones sobre la guerra contra los narcos y los límites de la ley.",H
400535,Sicario: Day of the Soldado,2018-06-27,Stefano Sollima,"Benicio del Toro, Josh Brolin, Isabela Merced, Jeffrey Donovan, Catherine Keener","Acción,Crimen,Suspense",6.947,/qcLYofEhNh51Sk1jUWjmKHLzkqw.jpg,"La guerra contra los cárteles de la droga se ha intensificado en la frontera entre Estados Unidos y México a medida que éstos se han metido en el negocio de tráfico de personas, introduciendo en suelo americano a terroristas islámicos. Para hacer frente a esta nueva guerra sucia, el agente federal Matt Graver planea una idea para que los carteles se enfrenten entre ellos. Para ello volverá a reclutar para la peligrosa misión al volátil mercenario Alejandro Gillick… Secuela de 'Sicario' (2015).",K
19644,Silmido,2003-12-24,강우석,"설경구, 안성기, 허준호, 정재영, 임원희","Acción,Drama",7.1,/xKGjBFfzoip0fTT7JNjF9bd6Dru.jpg,"En 1968 el ejército surcoreano creó una unidad secreta formada por condenados a muerte. Bajo pretexto de salir exculpados se les entrenó durante dos años con tal de cumplir una misión, infiltrarse en Corea del Norte con el único objetivo de asesinar a su presidente y así propiciar una posterior reunificación. Sometidos a un salvaje entrenamiento, estos hombres, la unidad 684, se convertirán en los mejores soldados de Corea. El día señalado llegará pero justo cuando comiencen la misión una llamada de sus superiores los detendrá...",M
189,Sin City: A Dame to Kill For,2014-08-20,Frank Miller,"Jessica Alba, Bruce Willis, Mickey Rourke, Josh Brolin, Joseph Gordon-Levitt","Acción,Crimen,Suspense",6.402,/50kALxDX4mmzIRljbNbPY0u4cie.jpg,"En las sórdidas calles de Sin City, un hombre busca su venganza. Dwight trata de ajustar cuentas con la misteriosa Ava Lord, la letal mujer que le traicionó. Nancy intenta superar la muerte de Hartigan, y Johny tiene una peligrosa misión: acabar con el mayor villano de Sin City. En su propósito, conocerá a la joven stripper Marcy.",G
1576203,Ahlan Singapore,2026-02-05,Indra Gunawan,"Rebecca Klopper, Kiesha Alvaro, Ibrahim Risyad, Alya Rohali, Ferry Salim","Drama,Romance",6.5,/4L2yyh5dUEwUXI8lfvJqYvxVdh8.jpg,Sin sinopsis disponible.,M
18780,Sink the Bismarck!,1960-02-11,Lewis Gilbert,"Kenneth More, Dana Wynter, Carl Möhner, Laurence Naismith, Geoffrey Keen","Bélica,Drama",6.8,/j6yfHLPpxidw2y4cVSA9odveGuW.jpg,"Basada en una historia real, reLata una de las más famosas batallas navales de la Segunda Guerra Mundial. En la primavera de 1941, el Bismarck, el acorazado más temible de la armada alemana, considerado el azote de la flota del Atlántico, permanece anclado en la costa noruega. Buscando el camino hacia la libertad y seguridad proporcionada por la Luftwaffe, el acorazado es perseguido por la Marina Real Británica.",K
1223601,Sisu: Road to Revenge,2025-10-21,Jalmari Helander,"Jorma Tommila, Stephen Lang, Richard Brake, Tommi Korpela, Kaspar Velberg","Acción,Bélica,Suspense",7.298,/kiVSRymeEmXspPvs1KJM5aeWi81.jpg,"Al regresar a la casa donde su familia fue brutalmente asesinada durante la guerra, «el hombre que se niega a morir» la desmantela, la carga en un camión y se propone reconstruirla en un lugar seguro en honor a ellos. Cuando el comandante del Ejército Rojo que mató a su familia regresa empeñado en terminar el trabajo, se produce una implacable y espectacular persecución a través del país, una lucha a muerte llena de escenas de acción increíbles e ingeniosas.",N
107,Snatch,2000-09-01,Guy Ritchie,"Jason Statham, Alan Ford, Stephen Graham, Brad Pitt, Dennis Farina","Crimen,Comedia",7.83,/kJZoAHq1SLDdWjeNGtlHAnGpmFV.jpg,"Franky es una ladrón de diamantes que tiene que entregar una enorme pieza a su jefe Avi, pero en el camino es tentado por Boris para apostar en un combate ilegal de boxeo. En realidad, es una trampa para atracarle por lo que, cuando Avi se entera, contrata a Tony para encontrar a Franky y el diamante. Pronto se descubre el triste destino de Franky, y la caza y captura de la gema desaparecida lleva a todo el mundo a un juego de locos que corre el riesgo de descontrolarse, donde el engaño, el chantaje y el fraude se mezclan de forma sangrienta con perros, diamantes, boxeadores y gran variedad de armas en una caótica merienda de negros.",O
110415,Snowpiercer,2013-08-01,Bong Joon-ho,"Chris Evans, Song Kang-ho, Ed Harris, John Hurt, Tilda Swinton","Acción,Ciencia ficción,Drama",6.909,/jw66dQvYyXkZNA0bJ7nKvua9jDr.jpg,"Un experimento para solucionar el calentamiento global acabó con la mayoría de vida existente en el planeta. El último tren llamado Snowpiercer (Rompenieves) se mueve en círculos por el mundo, a través de un desierto de hielo y nieve. Los últimos supervivientes de la Tierra se amontonan en sus vagones. El joven Curtis (Chris Evans) iniciará una revolución desde los vagones de cola.",G
1637,Speed,1994-06-09,Jan de Bont,"Keanu Reeves, Dennis Hopper, Sandra Bullock, Joe Morton, Jeff Daniels","Acción,Suspense",7.2,/82PkCE4R95KhHICUDF7G4Ly2z3l.jpg,"Jack Traven es un intrépido policía de Los Angeles. La supervivencia en esta ciudad para un agente de la ley no es tarea fácil, pero Jack, además de disfrutar de una proverbial buena suerte, conoce perfectamente los trucos para sortear el peligro. Sin embargo, tendrá que afrontar una dura prueba cuando queda atrapado en un autobús urbano que lleva instalada una bomba programada para explotar si el vehículo disminuye su velocidad a menos de 50 millas por hora (80km/h). Empieza así una loca carrera por la ciudad.",N
581600,Spenser Confidential,2020-03-06,Peter Berg,"Mark Wahlberg, Winston Duke, Alan Arkin, Iliza Shlesinger, Michael Gaston","Comedia,Acción,Suspense",6.5,/fePczipv6ZzDO2uoww4vTAu2Sq3.jpg,"Spenser, un expatrullero de Boston que acaba de salir de prisión, y Hawk, un aspirante a luchador, se alian para descubrir la verdad detrás de la muerte de dos agentes de policía.",K
61880,Strategic Air Command,1955-03-25,Anthony Mann,"James Stewart, June Allyson, Frank Lovejoy, Barry Sullivan, Alex Nicol","Acción,Drama,Bélica",6.1,/7PE3DAgKp9LyUn4XSyPMI3pqOYt.jpg,"Después de jugar en un equipo de béisbol, un militar retirado vuelve al ejército con la ilusión de convertirse en piloto de aviones. Película ambientada en la Guerra Fría.",H
513045,Stuber,2019-07-11,Michael Dowse,"Dave Bautista, Kumail Nanjiani, Mira Sorvino, Natalie Morales, Iko Uwais","Acción,Comedia",6.591,/gqk7ndiGn9WUT5UDTm6KHwGTv3m.jpg,"La vida de un apacible conductor de Uber, Stu (Kumail Nanjiani), cambia repentinamente cuando se sube a su vehículo un pasajero (Dave Bautista) que resulta ser un policía que sigue la pista a un brutal asesino. Stu se ve obligado a luchar por salvar la vida, protagonizando una misión en la que nunca pidió participar, y cuyo principal objetivo tiene claro desde que descubre lo que está sucediendo: obtener las cinco estrellas de calificación en este movido viaje.",K
23629,Sucker Punch,2011-03-24,Zack Snyder,"Emily Browning, Abbie Cornish, Jena Malone, Vanessa Hudgens, Jamie Chung","Acción,Fantasía,Suspense",6.2,/3Cuzw1KSzItbKAKvMcMYsMfuse.jpg,"Ambientada en los años 50. Una chica es internada por su padrastro en una institución psiquiátrica para que le practiquen una lobotomía. Mientras espera, su imaginación crea una realidad alternativa que podría salvarla de su dramática situación. A partir de ahí, la joven comienza a preparar su fuga, cuyo éxito depende del robo de cinco objetos.",M
61262,Task Force,1949-08-30,Delmer Daves,"Gary Cooper, Jane Wyatt, Wayne Morris, Walter Brennan, Julie London","Drama,Romance,Bélica",6.9,/av1YqGB6yXTumCq2K3DpbCkP1C1.jpg,"Film bélico que narra el desarrollo de la aviación norteamericana durante la primera mitad del siglo XX. Jonathan L. Scott (Gary Cooper) es un piloto que aprendió en la Gran Guerra (1914-1918) las tácticas del combate aéreo. Terminada la contienda, sus novedosos proyectos para mejorar la aviación fueron siempre rechazados, pero el inesperado ataque japonés a Pearl Harbor cambiará la situación.",P
33336,Taxi for Tobruk,1961-05-09,Denys de La Patellière,"Hardy Krüger, Lino Ventura, Charles Aznavour, Maurice Biraud, Germán Cobos","Historia,Drama,Bélica",7.109,/5ko85qGwUuwFVeiBxI8f3xguBYl.jpg,"Cerca de Tobruk, donde se ha librado una cruenta batalla entre tropas aliadas y los alemanes, con numerosas bajas, cuatro hombres, aliados, logran escaparse, a través del desierto, con un vieje jeep. Este es atacado por la aviación y deben proseguir a pie. Cuando están exhaustos, se toparán con un gupo de alemanes, a quienes matarán. A todos menos a uno a quien toman por prisionero.Se trata de un capitán, condecorado con la Cruz de Hierro. Al principio su relación será de claros enemigos, pero poco a poco irán conociéndose y haciéndose, cada vez más, camaradas.",J
577922,Tenet,2020-08-22,Christopher Nolan,"John David Washington, Robert Pattinson, Elizabeth Debicki, Kenneth Branagh, डिम्पल कपाड़िया","Acción,Suspense,Ciencia ficción",7.172,/aCIFMriQh8rvhxpN1IWGgvH0Tlg.jpg,"Armado solamente con una palabra, Tenet, el protagonista deberá luchar por la supervivencia del mundo entero y evitar la Tercera Guerra Mundial, en una historia de espionaje internacional. La misión se desplegará más allá del tiempo real. No son viajes en el tiempo, es inversión.",J
280,Terminator 2: Judgment Day,1991-07-03,James Cameron,"Arnold Schwarzenegger, Linda Hamilton, Edward Furlong, Robert Patrick, Earl Boen","Acción,Suspense,Ciencia ficción",8.2,/jFTVD4XoWQTcg7wdyJKa8PEds5q.jpg,"Ha pasado once años desde que Sarah Connor fue marcada como objetivo para ser eliminada por un cyborg del futuro. Ahora su hijo John, el futuro líder de la resistencia, es el objetivo de un Terminator más moderno, más mortífero. Una vez más, la resistencia se las ha ingeniado para enviar un protector de vuelta al pasado para intentar salvar a John y a su madre Sarah.",K O
290859,Terminator: Dark Fate,2019-10-23,Tim Miller,"Linda Hamilton, Arnold Schwarzenegger, Mackenzie Davis, Natalia Reyes, Gabriel Luna","Ciencia ficción,Acción,Aventura,Suspense",6.421,/vqzNJRH4YyquRiWxCCOH0aXggHI.jpg,Sarah Connor une todas sus fuerzas con una mujer cyborg para proteger a una joven de un extremadamente poderoso y nuevo Terminator.,K
87101,Terminator Genisys,2015-06-23,Alan Taylor,"Arnold Schwarzenegger, Jason Clarke, Emilia Clarke, Jai Courtney, J.K. Simmons","Ciencia ficción,Acción,Suspense",5.961,/vvlNR34aejOLZkz7fXkkbKyBj5p.jpg,"Año 2032. La guerra del futuro se está librando y un grupo de rebeldes humanos tiene el sistema de inteligencia artificial Skynet contra las cuerdas. John Connor es el líder de la resistencia, y Kyle Reese es su fiel soldado, criado en las ruinas de una postapocalíptica California. Para salvaguardar el futuro, Connor envía a Reese a 1984 para salvar a su madre, Sarah de un Terminator programado para matarla con el fin de que no llegue a dar a luz a John. Pero lo que Reese encuentra en el otro lado no es como él esperaba.",K
45978,The 47 Ronin,1941-12-08,Kenji Mizoguchi,"四代目 河原崎長十郎, 三代目 中村翫右衛門, 五代目 河原崎國太郎, 坂東調右衛門, 六代目 瀬川菊之丞","Drama,Historia",6.9,/1d9MHqcFaGvZ40M5yTMyv1O8ZER.jpg,"El 14 de Marzo de 1701, en la real capital de Edo, el señor feudal Asano ataca al señor Kiru mientras se encuentra en tierra sagrada. A causa de esta grave ofensa, Asano es obligado a hacerse el harakiri. Sin embargo, 47 de sus samuráis juran vengar a su amo. Estrenada en dos partes en Japón, la primera de 112 minutos el 1 de diciembre de 1941 y la segunda de 111 minutos el 11 de febrero de 1942. (FILMAFFINITY).",J
870028,The Accountant²,2025-04-23,Gavin O'Connor,"Ben Affleck, Jon Bernthal, Cynthia Addai-Robinson, J.K. Simmons, Allison Robertson","Misterio,Crimen,Suspense",7.1,/lUvfTcOZiK0sdcX0WNLPbMyKjGm.jpg,"Cuando un viejo conocido es asesinado, Wolff se ve obligado a resolver el caso. Al darse cuenta de que son necesarias medidas más extremas, Wolff recluta a su hermano Brax, distanciado y muy letal, para que le ayude. En colaboración con Marybeth Medina, descubren una conspiración mortal y se convierten en objetivo de una despiadada red de asesinos que no se detendrán ante nada para mantener sus secretos enterrados.",P
870028,The Accountant²,2025-04-23,Gavin O'Connor,"Ben Affleck, Jon Bernthal, Cynthia Addai-Robinson, J.K. Simmons, Allison Robertson","Misterio,Crimen,Suspense",7.1,/lUvfTcOZiK0sdcX0WNLPbMyKjGm.jpg,"Cuando un viejo conocido es asesinado, Wolff se ve obligado a resolver el caso. Al darse cuenta de que son necesarias medidas más extremas, Wolff recluta a su hermano Brax, distanciado y muy letal, para que le ayude. En colaboración con Marybeth Medina, descubren una conspiración mortal y se convierten en objetivo de una despiadada red de asesinos que no se detendrán ante nada para mantener sus secretos enterrados.",P
1617234,The Actor,2026-10-02,Aaron Saldaña Cisneros,"JD Hathway, Angelica Dulen","Suspense,Terror",0.0,/4v7y7Kzel089gHfE0ChI9RpKck0.jpg,Sin sinopsis disponible.,O
282631,The Admiral: Roaring Currents,2014-07-30,김한민,"Choi Min-sik, Ryu Seung-ryong, 조진웅, 진구, 이정현","Bélica,Acción,Drama,Historia",6.975,/fl3G8TprVzt4icbYyQKqdPmUfIO.jpg,"Esta película cuenta la historia del almirante Yi Sun Shin, el militar más venerado por los coreanos, y en la batalla de Myeongryang (26 de octubre de 1597) en la que con tan sólo 13 barcos venció a la armada japonesa compuesta por 330 embarcaciones fuertemente armadas. Una hazaña sin precedentes en la historia militar mundial.",M
1087891,The Amateur,2025-04-09,James Hawes,"Rami Malek, Holt McCallany, Danny Sapani, Rachel Brosnahan, Michael Stuhlbarg","Suspense,Acción",6.9,/SNEoUInCa5fAgwuEBMIMBGvkkh.jpg,"Charlie Heller es un brillante pero introvertido decodificador de la CIA que trabaja en una oficina en el sótano de la sede de Langley. Su vida cambia radicalmente cuando su esposa muere en un ataque terrorista en Londres. Cuando sus supervisores se niegan a tomar cartas en el asunto, él mismo toma las riendas y se embarca en un peligroso viaje por todo el mundo para localizar a los responsables. Su inteligencia puede ser el arma definitiva para llevar a cabo su venganza.",P
414906,The Batman,2022-03-01,Matt Reeves,"Robert Pattinson, Zoë Kravitz, Jeffrey Wright, Colin Farrell, Paul Dano","Crimen,Misterio,Suspense",7.67,/74xTEgt7R36Fpooo50r9T25onhq.jpg,"Cuando un asesino se dirige a la élite de Gotham con una serie de maquinaciones sádicas, un rastro de pistas crípticas envía Batman a una investigación en los bajos fondos. A medida que las pruebas comienzan a acercarse a su casa y se hace evidente la magnitud de los planes del autor, Batman debe forjar nuevas relaciones, desenmascarar al culpable y hacer justicia al abuso de poder y la corrupción que durante mucho tiempo han asolado Gotham City.",M
17591,The Battle of the River Plate,1956-10-30,Michael Powell,"John Gregson, Anthony Quayle, Ian Hunter, Jack Gwillim, Bernard Lee","Drama,Historia,Bélica",6.4,/xeI1M8GR467AigykGxhPFf16xzS.jpg,"En los primeros años de la Segunda Guerra Mundial, la Royal Navy libra una batalla desesperada para mantener abiertas las rutas de convoyes en el Atlántico y poder abastecer a las islas británicas, enfrentándose así al gran peligro que suponen los numerosos buques de guerra alemanes que, como el Admiral Graf Spee, recorren el océano en busca de cargueros que hundir.",J
866398,The Beekeeper,2024-01-08,David Ayer,"Jason Statham, Emmy Raver-Lampman, Josh Hutcherson, Jeremy Irons, Bobby Naderi","Acción,Crimen,Suspense",7.28,/A7EByudX0eOzlkQ2FIbogzyazm2.jpg,La brutal campaña de venganza de Adam Clay adquiere tintes nacionales tras revelarse que es un antiguo agente de una poderosa organización clandestina conocida como 'Beekeeper'.,O
2503,The Bourne Ultimatum,2007-08-03,Paul Greengrass,"Matt Damon, Julia Stiles, David Strathairn, Scott Glenn, Paddy Considine","Acción,Drama,Misterio,Suspense",7.445,/15rMz5MRXFp7CP4VxhjYw4y0FUn.jpg,"Jason Bourne sigue investigando quién es y qué hay realmente detrás del programa secreto de la CIA llamado Treadstone. Ahora un reportero británico de The Guardian le pone sobre una nueva pista con el nombre de Blackbriar. Bourne dará con él en Londres, en un intento de encajar las últimas piezas de ese pasado que él aún intenta recuperar.",O
15873,The Bridge at Remagen,1969-06-25,John Guillermin,"George Segal, Robert Vaughn, Ben Gazzara, Bradford Dillman, E.G. Marshall","Bélica,Acción",6.7,/ez04diSu5hw9jl74fYaY0C2SBK4.jpg,"Fin de la II Guerra Mundial, 1945. Los aliados realizan el último avance en territorio alemán, pero queda un puente, situado en un lugar estratégico sobre el Rhin, que todavía permanece en manos de los nazis. Los dos bandos tienen mucho que ganar: los alemanes, la vida de 50.000 soldados apostados en el lado equivocado del puente. los aliados: la aceleración del fin de la guerra, con el menor número posible de bajas. Aunque ambos ejércitos luchan valientemente, sólo uno podrá ganar la batalla de 'El puente de Remagen'.",M
826,The Bridge on the River Kwai,1957-10-11,David Lean,"William Holden, Alec Guinness, Jack Hawkins, Sessue Hayakawa, James Donald","Drama,Historia,Bélica",7.819,/7paXMt2e3Tr5dLmEZOGgFEn2Vo7.jpg,"Durante la Segunda Guerra Mundial (1939-1945), un grupo de prisioneros británicos son obligados por los japoneses a construir un puente. Los oficiales, capitaneados por su flemático coronel, se opondrán a toda orden que viole la Convención de Ginebra sobre los derechos y las condiciones de vida de los prisioneros de guerra.",N
42193,The Charge of the Light Brigade,1968-04-10,Tony Richardson,"Trevor Howard, Vanessa Redgrave, John Gielgud, Harry Andrews, Jill Bennett","Drama,Historia,Bélica",6.2,/ptEaZjVn6ilw4kYDrZz1gBaNhJL.jpg,"El capitán Nolan, procedente de la India, se incorpora al regimiento de Lord Cardigan. Considerado un oficial de inferior categoría por sus compañeros, Nolan mantendrá continuos enfrentamientos con Lord Cardigan a causa de su despótica actitud. En la guerra de Crimea (1854-1856), en pleno asedio de Sebastopol, tendrá lugar una terrible batalla. (FILMAFFINITY).",K
65114,The Cockleshell Heroes,1955-11-16,José Ferrer,"Trevor Howard, José Ferrer, Anthony Newley, Victor Maddern, Percy Herbert",Bélica,5.9,/hD1p8FAcs7zx4C81crvpSTvefMO.jpg,"Esta es la verdadera historia sobre cómo un grupo de marines se arriesgaron a surcar el Garona en kayak para atacar a un buque alemán, cuando Francia estaba bajo ocupación nazi.",M
399035,The Commuter,2018-01-11,Jaume Collet Serra,"Liam Neeson, Patrick Wilson, Sam Neill, Jonathan Banks, Vera Farmiga","Acción,Suspense,Misterio",6.369,/rDeGK6FIUfVcXmuBdEORPAGPMNg.jpg,"Durante su trayecto habitual de vuelta a casa en tren, un hombre de negocios felizmente casado comienza a hablar con una misteriosa pasajera. Pronto el hombre se verá envuelto en una conspiración criminal que amenaza con poner en peligro tanto su vida como la de sus seres más cercanos.",H
628900,The Contractor,2022-03-10,Tarik Saleh,"Chris Pine, Kiefer Sutherland, Ben Foster, Gillian Jacobs, Sander Thomas","Acción,Suspense",6.344,/rJPGPZ5soaG27MK90oKpioSiJE2.jpg,"Después de ser dado de baja involuntariamente de las Fuerzas Especiales de EE. UU., James Harper decide apoyar a su familia uniéndose a una organización de contratación privada junto a su mejor amigo y bajo el mando de un compañero veterano. En el extranjero en una misión encubierta, Harper debe evadir a quienes intentan matarlo mientras regresa a casa.",M
9954,The Covenant,2006-09-07,Renny Harlin,"Chace Crawford, Taylor Kitsch, Toby Hemingway, Sebastian Stan, Steven Strait","Fantasía,Terror,Aventura",5.6,/r6jbhgqKao3K3in4eftu7gqgMNH.jpg,"Los privilegios y la belleza abundan en la Academia Spenser, un internado de Nueva Inglaterra destinado a la élite dominante de la región. Los Hijos de Ipswich son cuatro de estos jóvenes estudiantes ligados por su ascendencia sagrada. Como descendientes de las primeras familias que se establecieron en la Colonia Ipswich, en la década de 1600, estos cuatro chicos tienen poderes especiales innatos. Cuando, de pronto, un quinto descendiente se traslada a vivir a la ciudad, comienzan a desvelarse ciertos secretos que amenazan con romper el pacto de silencio que ha protegido a sus familias durante años.",N
16914,The Cruel Sea,1953-02-24,Charles Frend,"Jack Hawkins, Donald Sinden, Denholm Elliott, John Stratton, Stanley Baker","Drama,Historia,Bélica",6.9,/kmMGoeLx7rntdbqKZFp6bmT8ZCW.jpg,Aventuras de un buque escolta de convoy británico durante la Segunda Guerra Mundial. Al comienzo de la guerra al Capitán de Corbeta Ericson se le asigna el buque HMS Compass Rose con oficiales sin experiencia y hombres que acaban de salir de la formación militar. Tendrán que enfrentarse al mar invernal y a los temibles submarinos alemanes.,J P
13210,The Dam Busters,1955-05-16,Michael Anderson,"Richard Todd, Michael Redgrave, Ursula Jeans, Basil Sydney, Patrick Barr","Drama,Historia,Bélica",6.9,/bZKmBxzy5O5PjguhfMYgSaUxUmi.jpg,"Los británicos están desesperados por acortar el transcurso de la Segunda Guerra Mundial y proponen un atrevido bombardeo con el propósito de destrozar el corazón industrial de Alemania. Al principio, el objetivo parece imposible. Hasta que un científico británico inventa una ingeniosa arma capaz de destrozar al objetivo propuesto.",O
49026,The Dark Knight Rises,2012-07-17,Christopher Nolan,"Christian Bale, Gary Oldman, Tom Hardy, Joseph Gordon-Levitt, Anne Hathaway","Acción,Crimen,Drama,Suspense",7.798,/hr0L2aueqlP2BYUblTTjmtn0hw4.jpg,"Hace ocho años que Batman desapareció, dejando de ser un héroe para convertirse en un fugitivo. Al asumir la culpa por la muerte del fiscal del distrito Harvey Dent, el Caballero Oscuro decidió sacrificarlo todo por lo que consideraba, al igual que el Comisario Gordon, un bien mayor. La mentira funciona durante un tiempo, ya que la actividad criminal de la ciudad de Gotham se ve aplacada gracias a la dura Ley Dent. Pero todo cambia con la llegada de una astuta gata ladrona que pretende llevar a cabo un misterioso plan. Sin embargo, mucho más peligrosa es la aparición en escena de Bane, un terrorista enmascarado cuyos despiadados planes obligan a Bruce a regresar de su voluntario exilio.",G P
81847,The Dawn Patrol,1930-07-10,Howard Hawks,"Richard Barthelmess, Douglas Fairbanks Jr., Neil Hamilton, Frank McHugh, Clyde Cook","Bélica,Drama,Acción",6.6,/rJQIJGOx1EMkPt0vkRGpEUuXvSw.jpg,"Primera película sonora de Hawks, que relata la historia de un grupo de aviadores ingleses que se enfrentan a pilotos alemanes. En 1938 el director Edmund Goulding realizó un remake protagonizado por Errol Flynn en el que se usaron algunas escenas aéreas de esta primera versión. (FILMAFFINITY).",H
1654,The Dirty Dozen,1967-06-15,Robert Aldrich,"Lee Marvin, Ernest Borgnine, Charles Bronson, Jim Brown, John Cassavetes","Acción,Aventura,Bélica",7.602,/tFWWsuhp22zJ6OG6QepJIiPUfeF.jpg,"El comandante Reisman es un oficial estadounidense que se ha distinguido en la campaña de Italia, durante la Segunda Guerra Mundial. A pesar de ello, su mayor virtud no es la disciplina, de ahí que las relaciones con sus superiores sean más bien tensas. Sin embargo, debido a su brillante historial militar, no dudan en encargarle una misión suicida: asaltar una fortaleza nazi y matar a sus ocupantes, todos ellos altos mandos del régimen. Para ello debe someter a un duro entrenamiento a doce presidiarios.",J
508935,The Eight Hundred,2020-08-14,管虎,"王千源, 张译, 黄志忠, 姜武, 欧豪","Bélica,Historia,Drama,Acción",7.037,/pg8X6dK5MIbtMThrri0GX5cTp1s.jpg,"En 1937, ochocientos soldados chinos luchan bajo el asedio en Shanghai, desde un almacén en medio del campo de batalla, completamente rodeados por el ejército japonés.",O
15876,The Enemy Below,1957-12-25,Dick Powell,"Robert Mitchum, Curd Jürgens, David Hedison, Theodore Bikel, Russell Collins",Bélica,7.166,/9IUUCfrEEkq92sCLznzSAjDPusk.jpg,"Durante la Segunda Guerra Mundial, un destructor estadounidense, al mando de un comandante al que la tripulación creía poco experimentado pero que resulta ser un gran estratega, encuentra un submarino alemán al que persigue por todo el Atlántico.",H
345887,The Equalizer 2,2018-07-19,Antoine Fuqua,"Denzel Washington, Pedro Pascal, Ashton Sanders, Orson Bean, Bill Pullman","Acción,Suspense,Crimen",6.794,/cQvc9N6JiMVKqol3wcYrGshsIdZ.jpg,"Robert McCall imparte una justicia inquebrantable a los explotados y oprimidos, pero eso podría cambiar cuando se trata de un ser querido.",K
926393,The Equalizer 3,2023-08-30,Antoine Fuqua,"Denzel Washington, Dakota Fanning, Eugenio Mastrandrea, David Denman, Gaia Scodellaro","Acción,Suspense,Crimen",7.292,/b0Ej6fnXAP8fK75hlyi2jKqdhHz.jpg,"Desde que renunció a su vida como asesino del gobierno, Robert McCall ha luchado para reconciliarse con las cosas horribles que ha hecho en el pasado y encuentra un extraño consuelo en hacer justicia en nombre de los oprimidos. Mientras se encuentra en su casa en el sur de Italia, descubre que sus nuevos amigos están bajo el control de los jefes del crimen local. A medida que los acontecimientos comienzan a complicarse, McCall entiende lo que tiene que hacer, convertirse en el protector de sus amigos enfrentándose a la temida mafia.",O
27578,The Expendables,2010-08-07,Sylvester Stallone,"Sylvester Stallone, Jason Statham, 李连杰, Dolph Lundgren, Eric Roberts","Suspense,Aventura,Acción",6.251,/j09ZkH6R4JWVylBcDai1laCmGw7.jpg,"Un grupo de mercenarios es contratado para infiltrarse en un país sudamericano y derrocar a su despiadado y corrupto dictador. Una vez allí, se verán atrapados en una telaraña de engaño y traición. Una vez fracasada la misión, tendrán que enfrentarse a un reto aún más difícil, salvar la unidad del grupo y la amistad que los ha unido durante largos años.",G
76163,The Expendables 2,2012-08-15,Simon West,"Sylvester Stallone, Jason Statham, 李连杰, Dolph Lundgren, Chuck Norris","Acción,Aventura,Suspense",6.356,/74rTIGyGoIu5KSxDVMdr8H3MtMo.jpg,"Barney Ross, Lee Christmas, Yin Yang, Gunner Jensen, Toll Road, Hale Caesar y Billy, un nuevo colega, se vuelven a reunir cuando el señor Church les encarga un trabajo aparentemente sencillo y muy lucrativo. Sin embargo, el plan se tuerce cuando un peligroso terrorista llamado Villain les tiende una emboscada. Entonces su único deseo será vengarse. Así es como van sembrando a su paso la destrucción y el caos entre sus enemigos hasta que se encuentran con una amenaza inesperada: cinco toneladas de plutonio apto para uso militar, una cantidad más que suficiente para cambiar el equilibrio de poder en el mundo.",G
138103,The Expendables 3,2014-08-07,Patrick Hughes,"Sylvester Stallone, Jason Statham, Harrison Ford, Arnold Schwarzenegger, Mel Gibson","Acción,Aventura,Suspense",6.202,/utS5euWHlEdKBNnEFwjpZ2oGuhF.jpg,"El grupo de los mercenarios, dirigidos por Barney, durante una misión en África, se encuentran frente a frente con Stonebanks, el otro miembro fundador del grupo, al que Barney creía muerto. Stonebanks es ahora un rico y despiadado traficante de armas que el gobierno de los EEUU quiere capturar con vida para llevarlo al tribunal internacional de la Haya.",G
746036,The Fall Guy,2024-04-24,David Leitch,"Ryan Gosling, Emily Blunt, Aaron Taylor-Johnson, Hannah Waddingham, Teresa Palmer","Acción,Comedia,Romance",6.951,/e7olqFmzcIX5c23kX4zSmLPJi8c.jpg,"Es un doble de acción, y al igual que todos en la comunidad de especialistas, sale volando, le disparan, se estrella, se tira desde ventanas y cae desde las alturas más extremas, todo para nuestro entretenimiento. Y ahora, tras un accidente que casi acaba con su carrera, este héroe de clase trabajadora debe seguir la pista de una estrella de cine desaparecida, resolver una conspiración y tratar de recuperar el amor de su vida mientras sigue haciendo su trabajo. ¿Qué podría salir bien?",O
9799,The Fast and the Furious,2001-06-22,Rob Cohen,"Paul Walker, Vin Diesel, Michelle Rodríguez, Jordana Brewster, Rick Yune","Acción,Crimen,Suspense",7.021,/gqY0ITBgT7A82poL9jv851qdnIb.jpg,"Una misteriosa banda de delincuentes se dedica a robar camiones en plena marcha desde vehículos deportivos. La policía decide infiltrar a un hombre en el mundo de las carreras ilegales para descubrir posibles sospechosos. El joven y apuesto Brian entra en el mundo del tuning donde conoce a Dominic, rey indiscutible de este mundo y sospechoso número uno, pero todo se complica cuando se enamora de la hermana de éste.",N
9615,The Fast and the Furious: Tokyo Drift,2006-06-03,Justin Lin,"Lucas Black, Nathalie Kelley, Sung Kang, Shad Moss, Brian Tee","Acción,Crimen,Suspense",6.562,/46xqGOwHbh2TH2avWSw3SMXph4E.jpg,"Shaun Boswell es un chico que no acaba de encajar en ningún grupo. Su única conexión con el mundo de indiferencia que le rodea es a través de las carreras ilegales, lo que no le ha convertido en el chico favorito de la policía. Cuando amenazan con encarcelarle, le mandan fuera del país a pasar una temporada con su tío, un militar destinado en Japón. En el país donde nacieron la mayoría de los coches modificados, las simples carreras en la calle principal han sido sustituidas por el último reto automovilístico que desafía la gravedad, las carreras de 'drift' (arrastre), una peligrosa mezcla de velocidad en pistas con curvas muy cerradas y en zigzag. En su primera incursión en el salvaje mundo de las carreras de 'drift', Shaun acepta ingenuamente conducir un D.K, el Rey del Drift, que pertenece a los Yakuza, la mafia japonesa. Para pagar su deuda, no tiene más remedio que codearse con el hampa de Tokio y jugarse la vida.",N
337339,The Fate of the Furious,2017-04-12,F. Gary Gray,"Vin Diesel, Jason Statham, Dwayne Johnson, Michelle Rodríguez, Tyrese Gibson","Acción,Crimen,Suspense",6.849,/dImWM7GJqryWJO9LHa3XQ8DD5NH.jpg,La carrera ha comenzado. Dom Toretto y su equipo volverán en esta ocasión con más ganas de guerra que nunca. No faltarán los excesos de velocidad y la adrenalina a raudales para un filme del que se espera que sea la entrega con más acción de esta saga callejera por excelencia.,N
18,The Fifth Element,1997-05-02,Luc Besson,"Bruce Willis, Milla Jovovich, Gary Oldman, Ian Holm, Chris Tucker","Ciencia ficción,Acción,Aventura",7.592,/8nx8sttha1Zidt73SbNncVfSwqk.jpg,"Cada 5.000 años se abre una puerta entre las dimensiones. En una dimensión existe el Universo y la vida. En la otra dimensión existe un elemento que no está hecho ni de tierra, ni de fuego, ni de aire, ni de agua, sino que es una anti-energía, la anti-vida: es el quinto elemento.",N
602223,The Forever Purge,2021-06-30,Everardo Gout,"Ana de la Reguera, Josh Lucas, Willow Beuoy, Leven Rambin, Will Patton","Acción,Terror,Suspense",6.863,/lB068qa6bQ0QKYKyC2xnYGvYjl7.jpg,"Para los miembros de un movimiento clandestino, ya no es suficiente una noche anual de anarquía y asesinatos, así que deciden devolver a Estados Unidos el caos y las masacres sin fin, donde nadie volverá a estar a salvo... jamás. Adela (Ana de la Reguera) y su esposo Juan (Tenoch Huerta) viven en Texas, donde él trabaja como peón en un rancho para la adinerada familia Tucker. En la mañana después de la tradicional purga, una banda de asesinos enmascarados ataca violenta e ilegalmente a la familia Tucker, Tras este hecho, la familia texana se ve obligada a unirse con Juan y su esposa para enfrentar un país entero a punto de colapsar, que se hunde en un mar de caos y de sangre. Quinta y última entrega de la saga 'The Purge'.",J
581528,"The Gangster, the Cop, the Devil",2019-05-15,이원태,"Don Lee, 김무열, Kim Sung-kyu, 허동원, 유재명","Acción,Crimen,Suspense",7.885,/az4OVqXbFVaHoZlktcm7oCm0LZo.jpg,Un jefe de la mafia (Ma Dong-seok) y un oficial de policía responsable de un sanguinario comando (Kim Mu-yeol) tendrán que dejar a un lado sus diferencias para unirse en la persecución de un asesino de nombre K (Kim Sung-kyun).,J
522627,The Gentlemen,2020-01-01,Guy Ritchie,"Matthew McConaughey, Charlie Hunnam, Michelle Dockery, Jeremy Strong, Lyne Renee","Acción,Comedia,Crimen",7.659,/jtrhTYB7xSrJxR1vusu99nvnZ1g.jpg,Un capo de la droga con un marcado estilo británico intenta vender su imperio a una dinastía de multimillonarios procedentes de Oklahoma.,K
2087,The Getaway,1994-02-11,Roger Donaldson,"Alec Baldwin, Kim Basinger, Michael Søren Madsen, James Woods, David Morse","Acción,Aventura,Crimen,Suspense",5.8,/ftbdJTJi6mR5iZV5ESJWv8f8pWN.jpg,"A pesar de moverse en el mundo del crimen, Doc McCoy, el rey de los ladrones, es un hombre responsable y con con sentido de la ética. Carol, su esposa y al mismo tiempo su cómplice, trata por todos los medios de liberarlo de la prisión mexicana en la que está recluido.",I
950396,The Gorge,2025-02-13,Scott Derrickson,"Miles Teller, Anya Taylor-Joy, Sigourney Weaver, Ṣọpẹ́ Dìrísù, William Houston","Romance,Ciencia ficción,Suspense",7.701,/7iMBZzVZtG0oBug4TfqDb9ZxAOa.jpg,"Mandan a dos operativos de élite a vigilar lados opuestos de un misterioso abismo y allí intiman desde la distancia, pero deberán aunar fuerzas para sobrevivir al mal que esconde el abismo.",P
44865,The Grandmaster,2013-01-10,Wong Kar Wai,"Tony Leung Chiu-Wai, Zhang Ziyi, 張震, 赵本山, 小沈阳","Acción,Drama,Historia",6.625,/kI29JLoIH3uQkvY8cX3RqC92Ut1.jpg,"Un relato sobre las artes marciales y el alma de la civilización china. Dos maestros de kung fu, Ip Man (Tony Leung), el hombre que entrenó al mítico Bruce Lee, y la bella Gong Er (Zhang Ziyi) se reúnen en la ciudad natal de Ip Man en vísperas de la invasión japonesa de 1936. El padre de Gong Er, un gran maestro de renombre, también viaja a esa ciudad para la ceremonia de su jubilación, que tendrá lugar en el legendario burdel El pabellón de oro. Historia de traición, honor y amor que se desarrolla en la tumultuosa época que siguió a la caída de la última dinastía china, un tiempo de caos y guerra, pero también una época de oro de las artes marciales en China.",N
725201,The Gray Man,2022-07-13,Joe Russo,"Ryan Gosling, Chris Evans, Ana de Armas, Billy Bob Thornton, Jessica Henwick","Acción,Suspense",6.902,/8cXbitsS6dWQ5gfMTZdorpAAzEH.jpg,"El agente de la CIA Court Gentry (Ryan Gosling), alias Sierra Seis, fue sacado de una cárcel federal reclutado por su supervisor, Donald Fitzroy (Billy Bob Thornton) Tras 18 años de servicio, Gentry es uno de los mejores activos autorizados por la Agencia, pero las tornas cambian y se convierte en el objetivo, perseguido por Lloyd Hansen (Chris Evans), un antiguo compañero de la CIA de métodos muy cuestionables. La agente Dani Miranda (Ana de Armas) acaba siendo una inesperada y necesaria aliada que le cubrirá las espaldas.",M
5925,The Great Escape,1963-07-03,John Sturges,"Steve McQueen, James Garner, Richard Attenborough, James Donald, Charles Bronson","Aventura,Drama,Bélica",7.925,/gBH4H8UMFxl139HaLz6lRuvsel8.jpg,"En 1943 los nazis, exasperados por el número de fugas de sus prisiones por un número relativamente pequeño de prisioneros aliados, deciden trasladarlos a todos a una prisión de alta seguridad 'a prueba de fugas' durante el resto de la guerra. Los presos no tardan en trazar el plan de uno de los intentos de fuga más ambiciosos de la Segunda Guerra Mundial. Basado en una historia real.",M
22377,The Green Berets,1968-07-04,John Wayne,"John Wayne, David Janssen, Jim Hutton, Aldo Ray, Raymond St. Jacques","Bélica,Drama",5.7,/c5WG23iqf3RakGOTjZnBATbYM1f.jpg,"Durante la guerra de Vietman, un coronel estadounidense del cuerpo especial conocido como 'Boinas verdes', invita a un escéptico reportero a que los acompañe en una ofensiva en la que tratarán de capturar a un oficial vietnamita.",N
10911,The Guns of Navarone,1961-04-27,J. Lee Thompson,"Gregory Peck, David Niven, Anthony Quinn, Stanley Baker, Anthony Quayle","Aventura,Drama,Bélica",7.293,/j6VSFnm20GlkUi8yb7hM5Qfc1fA.jpg,"Durante la II Guerra Mundial (1939-1945), los alemanes dominan las aguas del Mediterráneo gracias a un eficaz sistema de defensa que los aliados no pueden contrarrestar. La causa de la superioridad alemana es el fortín de Navarone, que, gracias a sus gigantescos cañones, cierra el paso a la navegación por el mar Egeo.",M
16850,The Heroes of Telemark,1965-11-12,Anthony Mann,"Kirk Douglas, Richard Harris, Ulla Jacobsson, Michael Redgrave, David Weston","Acción,Drama,Bélica",6.9,/rKGD7tR8mj02IyQbacmBxE5RIae.jpg,"II Guerra Mundial. En 1942, en la Noruega ocupada por los nazis, los aliados encuentran un documento que es la prueba irrefutable de que los alemanes están avanzando en la búsqueda de la fisión atómica. Con la ayuda de partisanos noruegos, un comando británico intenta sabotear las instalaciones alemanas dedicadas a la fabricación de la bomba atómica.",O
500682,The Highwaymen,2019-03-15,John Lee Hancock,"Kevin Costner, Woody Harrelson, Kathy Bates, John Carroll Lynch, Thomas Mann","Crimen,Drama,Suspense",6.775,/4bRYg4l12yDuJvAfqvUOPnBrxno.jpg,"El legendario legislador Frank Hamer y Manny Gault, dos ex Rangers en el momento en que Bonnie & Clyde comenzó su reinado de robo, son comisionados como investigadores especiales, convencidos por un consorcio de bancos para armar un grupo y terminar con el robo del conocido dúo mató a 13 policías y otros.",N
522931,Hitman's Wife's Bodyguard,2021-06-14,Patrick Hughes,"Ryan Reynolds, Samuel L. Jackson, Salma Hayek Pinault, Antonio Banderas, Morgan Freeman","Acción,Comedia,Crimen,Suspense",6.625,/6zwGWDpY8Zu0L6W4SYWERBR8Msw.jpg,"El guardaespaldas Michael Bryce (Ryan Reynolds) y el asesino a sueldo Darius Kincaid (Samuel L. Jackson) vuelven a la carga en una nueva misión para garantizar la paz y estabilidad en Europa. Bryce, aún bajo investigación y sin licencia, se encuentra disfrutando de su año sabático, cuando Sonia Kincaid (Salma Hayek), la impulsiva y peligrosa esposa de Darius, reaparece para que la ayude a liberar a su marido y luchar contra un complot mundial en el que están implicados un malvado griego (Antonio Banderas) y un célebre exagente (Morgan Freeman).",J
1669,The Hunt for Red October,1990-03-02,John McTiernan,"Sean Connery, Alec Baldwin, Scott Glenn, Sam Neill, James Earl Jones","Acción,Suspense",7.386,/yVl7zidse4KiWtGMqHFtZCx4X3N.jpg,"Un submarino nuclear, bajo el mando de un prestigioso general de la Unión soviética, se interna en el Océano Atlántico con rumbo a los Estados Unidos. La CIA, que ignora si pretende atacarles o desertar de su país, encarga al agente Jack Ryan que se ponga en contacto con él para saber sus verdaderas intenciones. Entretenida cinta de suspense y acción. Fue la primera entrega de una saga sobre las aventuras de Jack Ryan, el brillante analista y agente de la inteligencia americana creado por Tom Clancy.",M
646207,The Ice Road,2021-06-24,Jonathan Hensleigh,"Liam Neeson, Amber Midthunder, Marcus Thomas, Holt McCallany, Laurence Fishburne","Acción,Suspense",6.742,/gl1dlX9sKYpiKujq80Yxve7l4yg.jpg,"Una remota mina de diamantes ha colapsado dejando atrapados a un grupo de mineros en una región lejana y helada de Canadá. Como parte de un equipo contratado para rescatarlos, el experimentado conductor de una quitahielos emprende un rescate imposible, teniendo que luchar contra una carretera helada, contra las aguas que están descongelándose y contra una amenaza que no ve venir.",J
9654,The Italian Job,2003-05-30,F. Gary Gray,"Mark Wahlberg, Charlize Theron, Edward Norton, Seth Green, Jason Statham","Acción,Crimen",6.801,/eSkjK4kctyrWpFhxl35GPvSs6tI.jpg,"El plan era impecable, se ejecutó a la perfección y tenían libre la vía de escape. El único factor de riesgo que la mente maestra del crimen Charlie Croker no pudo prevenir, procedía de uno de los miembros de la banda. Después de dar un asombroso golpe millonario en un 'palazzo' veneciano fuertemente custodiado, Charlie y la banda se quedan asombrados al descubrir que uno de ellos les ha traicionado. Ahora la cosa ya no tiene que ver con el botín sino con la venganza. Entonces entra en escena la bella Stella, una experta reventadora de cajas fuertes que se une a Charlie y a la banda cuando regresan a California en busca del traidor.",N
958006,The Kill Room,2023-09-14,Nicol Paone,"Uma Thurman, Joe Manganiello, Samuel L. Jackson, Maya Hawke, Debi Mazar","Comedia,Crimen",5.854,/ciEZWh4fkq394ToQBr91UDUK45O.jpg,"Un asesino a sueldo, su jefe, una comerciante de arte y un plan de blanqueo de dinero convierten accidentalmente de la noche a la mañana a este asesino en una sensación vanguardista, que hace que se enfrente al mundo del arte y a los bajos fondos.",O
800158,The Killer,2023-10-25,David Fincher,"Michael Fassbender, Tilda Swinton, Charles Parnell, Arliss Howard, Kerry O'Malley","Crimen,Suspense",6.585,/ipkcgvN7h3yZnbYowthloHLKsf4.jpg,"Después de un fatídico error, un asesino se enfrenta a sus jefes —y a sí mismo— en una persecución internacional de castigo, según él, no es nada personal.",O
476669,The King's Man,2021-12-22,Matthew Vaughn,"Ralph Fiennes, Gemma Arterton, Rhys Ifans, Matthew Goode, Tom Hollander","Acción,Aventura,Suspense",6.703,/iMjSfMUuCkCE7z5fzGtjeDusPD3.jpg,"Cuando un grupo formado por los tiranos y las mentes criminales más malvadas de la historia se une para desencadenar una guerra que matará a millones de personas, un hombre tendrá que luchar a contrarreloj para detenerlos. Tercera entrega de la saga 'Kingsman', ambientada muchos años antes de las anteriores y explicando el origen de la agencia.",J
948713,The Last Kingdom: Seven Kings Must Die,2023-04-14,Edward Bazalgette,"Alexander Dreymon, Harry Gilby, Mark Rowley, Arnas Fedaravičius, Cavan Clerkin","Acción,Aventura,Bélica",7.225,/qcNDxDzd5OW9wE3c8nWxCBQoBrM.jpg,"Tras la muerte del rey Eduardo, Uhtred de Bebbanburg y sus camaradas se aventuran a través de un reino fracturado con la esperanza de unir por fin a Inglaterra.",N
9361,The Last of the Mohicans,1992-08-26,Michael Mann,"Daniel Day-Lewis, Madeleine Stowe, Jodhi May, Russell Means, Wes Studi","Historia,Bélica,Drama",7.386,/qzJMPWRtZveBkxXOv3ucWhoJuyj.jpg,"En 1757, a orillas del río Hudson, tropas francesas e inglesas luchan por el dominio de la región. Los ingleses reclutan a los granjeros asentados en esas tierras para formar un ejército capaz de enfrentarse a las tropas franco-indias. Hawkeye -Ojo de halcón- (Daniel Day-Lewis) es un hombre blanco adoptado por los indios mohicanos que vive con su padre (Russell Means) y su hermano Uncas (Eric Schweig). Tras rescatar de una emboscada de los hurones a Cora Munro (Madeleine Stowe) y a su hermana pequeña Alice (Jodhi May), hijas de un oficial británico, los tres deciden acompañarlas al fuerte inglés William Henry, que está siendo asediado por franceses y hurones. Allí les obligan a quedarse con un grupo de británicos que acaban de llegar de las colonias...",N
9361,The Last of the Mohicans,1992-08-26,Michael Mann,"Daniel Day-Lewis, Madeleine Stowe, Jodhi May, Russell Means, Wes Studi","Historia,Bélica,Drama",7.386,/qzJMPWRtZveBkxXOv3ucWhoJuyj.jpg,"En 1757, a orillas del río Hudson, tropas francesas e inglesas luchan por el dominio de la región. Los ingleses reclutan a los granjeros asentados en esas tierras para formar un ejército capaz de enfrentarse a las tropas franco-indias. Hawkeye -Ojo de halcón- (Daniel Day-Lewis) es un hombre blanco adoptado por los indios mohicanos que vive con su padre (Russell Means) y su hermano Uncas (Eric Schweig). Tras rescatar de una emboscada de los hurones a Cora Munro (Madeleine Stowe) y a su hermana pequeña Alice (Jodhi May), hijas de un oficial británico, los tres deciden acompañarlas al fuerte inglés William Henry, que está siendo asediado por franceses y hurones. Allí les obligan a quedarse con un grupo de británicos que acaban de llegar de las colonias...",O
616,The Last Samurai,2003-12-05,Edward Zwick,"Tom Cruise, Ken Watanabe, Timothy Spall, Tony Goldwyn, Hiroyuki Sanada","Drama,Acción,Bélica",7.611,/a8jmJPs5eZBARmnuEEvZwbjwyz4.jpg,"1870. El capitán Nathan Algren es un hombre a la deriva. Las batallas que libró en otro tiempo parecen ahora lejanas e inútiles. Una vez arriesgó su vida por el honor y por la patria, pero, en los años transcurridos desde la Guerra de Secesión estadounidense, el mundo ha cambiado. El pragmatismo ha reemplazado al valor, el interés personal ha ocupado el lugar del sacrificio y el honor no se encuentra en ninguna parte, especialmente en el Oeste, donde su papel en las campañas contra los indios acabó en desilusión y tristeza. En algún lugar de las implacables llanuras junto a la ribera del río Washita, Algren perdió su alma. En un mundo completamente distinto, otro soldado ve como su modo de vida está a punto de desintegrarse.",O
1411773,The Last Stand of Ellen Cole,2024-10-18,Derek Lee,"Lin Shaye, Liz Caribel Sierra, Craig Tate, Ty Olsson, Karan Gill","Acción,Aventura,Western",8.2,/oq1pGVQ2t3Cy4v7sA4LRhNjtZuJ.jpg,"Cuando un malvado contratista toma medidas extremas para desalojar a un inquilino irritable que se interpone en el camino de su nuevo proyecto, no tiene en cuenta que esta anciana aparentemente inofensiva es una asesina entrenada y hará cualquier cosa para proteger su amado hogar.",I
9289,The Longest Day,1962-09-25,Ken Annakin,"John Wayne, Robert Mitchum, Henry Fonda, Richard Burton, Sean Connery","Bélica,Drama,Historia",7.6,/5zmvEofdIlgXrQl9A7e5IOzlnFU.jpg,Reconstrucción con todo lujo de detalles de uno de los episodios claves para el desarrollo de la II Guerra Mundial: el desembarco en las playas de Normandía llevado a cabo por las tropas aliadas en junio de 1944.,H
45978,The 47 Ronin,1941-12-08,Kenji Mizoguchi,"四代目 河原崎長十郎, 三代目 中村翫右衛門, 五代目 河原崎國太郎, 坂東調右衛門, 六代目 瀬川菊之丞","Drama,Historia",6.9,/1d9MHqcFaGvZ40M5yTMyv1O8ZER.jpg,"El 14 de Marzo de 1701, en la real capital de Edo, el señor feudal Asano ataca al señor Kiru mientras se encuentra en tierra sagrada. A causa de esta grave ofensa, Asano es obligado a hacerse el harakiri. Sin embargo, 47 de sus samuráis juran vengar a su amo. Estrenada en dos partes en Japón, la primera de 112 minutos el 1 de diciembre de 1941 y la segunda de 111 minutos el 11 de febrero de 1942. (FILMAFFINITY).",J
634528,The Marksman,2021-01-15,Robert Lorenz,"Liam Neeson, Jacob Perez, Katheryn Winnick, Teresa Ruiz, Sean A. Rosales","Acción,Drama,Suspense",6.761,/6vcDalR50RWa309vBH1NLmG2rjQ.jpg,Un ranchero en la frontera de Arizona se convierte en el improbable defensor de un joven mexicano que huye desesperadamente de los asesinos del cartel que lo han perseguido hasta Estados Unidos.,J
603,The Matrix,1999-03-31,Lana Wachowski,"Keanu Reeves, Laurence Fishburne, Carrie-Anne Moss, Hugo Weaving, Gloria Foster","Acción,Ciencia ficción",8.26,/dXNAPwY7VrqMAo51EKhhCJfaGb5.jpg,"Thomas Anderson lleva una doble vida: por el día es programador en una importante empresa de software, y por la noche un hacker informático llamado Neo. Su vida no volverá a ser igual cuando unos misteriosos personajes le inviten a descubrir la respuesta a la pregunta que no le deja dormir: ¿qué es Matrix?",M O H
604,The Matrix Reloaded,2003-05-15,Lilly Wachowski,"Keanu Reeves, Laurence Fishburne, Carrie-Anne Moss, Hugo Weaving, Jada Pinkett Smith","Aventura,Acción,Suspense,Ciencia ficción",7.086,/8xEVAe84zlL9rkfYT6dZXero4KK.jpg,"Las máquinas avanzan imparables hacia Zion en su afán por destruir a toda la humanidad y todas las naves se preparan para la dura batalla. Neo junto con Morfeo y Trinity buscan el camino del elegido dentro de Matrix para vencer a las máquinas y se encuentran con dificultades inesperadas: el agente Smith ha vuelto y no sólo eso, otros programas dentro de Matrix intentarán acabar con su misión. Mientras tanto Neo se tendrá que adaptar a la vida real y a la fama de ser el elegido.",M O H
605,The Matrix Revolutions,2003-11-05,Lilly Wachowski,"Keanu Reeves, Laurence Fishburne, Carrie-Anne Moss, Hugo Weaving, Jada Pinkett Smith","Aventura,Acción,Suspense,Ciencia ficción",6.76,/qEWiBXJGXK28jGBAm8oFKKTB0WD.jpg,"Quedan veinte horas para la irrupción de las máquinas en Sión, el último bastión de los humanos libres. Mientras el cuerpo de Neo permanece en coma, su consciencia se encuentra en tierra de nadie, en un lugar entre el mundo humano y el de las máquinas.",M H
624860,The Matrix Resurrections,2021-12-16,Lana Wachowski,"Keanu Reeves, Carrie-Anne Moss, Yahya Abdul-Mateen II, Jonathan Groff, Jessica Henwick","Ciencia ficción,Acción,Aventura",6.3,/8c4a8kE7PizaGQQnditMmI1xbRp.jpg,"En un mundo compuesto por dos realidades, lo cotidiano y lo oculto tras ella, Thomas Anderson se ve obligado de nuevo a ir tras el conejo blanco. Dicha elección continúa siendo la vía de acceso a Matrix, que esta vez es más poderosa e intrincada que en ocasiones anteriores.",J
345940,The Meg,2018-08-08,Jon Turteltaub,"Jason Statham, Li Bingbing, Rainn Wilson, Cliff Curtis, Ruby Rose","Acción,Ciencia ficción,Terror",6.25,/eyWICPcxOuTcDDDbTMOZawoOn8d.jpg,"Un sumergible de aguas profundas que forma parte de un programa internacional de vigilancia submarina, ha sido atacado por una enorme criatura que se creía extinta. Ahora está averiado en el fondo de la fosa oceánica más profunda del Pacífico con su tripulación atrapada en el interior. El tiempo se acaba y, en contra de los deseos de su hija Suyin (Li Bingbing), un visionario oceanógrafo chino (Winston Chao) contrata a Jonas Taylor (Jason Statham), un especialista en rescate en aguas profundas. Su misión será salvar a la tripulación y también al océano de una amenaza imparable: un tiburón prehistórico de 23 metros conocido con el nombre de Megalodón.",K
799583,The Ministry of Ungentlemanly Warfare,2024-04-18,Guy Ritchie,"Henry Cavill, Eiza González, Alan Ritchson, Henry Golding, Cary Elwes","Acción,Comedia,Bélica",6.998,/8aF0iAKH9MJMYAZdi0Slg77RYa2.jpg,El ejército británico recluta a un pequeño grupo de soldados de élite para atacar a los nazis detrás de las líneas enemigas durante la Segunda Guerra Mundial.,O
152760,The Monuments Men,2014-01-24,George Clooney,"George Clooney, Matt Damon, Bill Murray, John Goodman, Cate Blanchett","Bélica,Drama,Historia",6.064,/wiWAg4mKV2S4vImPxsPRIdj2R2B.jpg,"A finales de la II Guerra Mundial (1939-1945), a un selecto grupo de historiadores, directores de museos y expertos en arte, tanto británicos como norteamericanos, se les encomienda la importante y peligrosa misión de recuperar las obras de arte robadas por los nazis durante la guerra para devolvérselas a sus legítimos propietarios. Era una misión imposible: las obras estaban muy bien custodiadas y el ejército alemán tenía orden de destruirlas en cuanto el Reich cayera. Pero aquellos hombres, en una carrera contrarreloj, arriesgaron sus vidas para evitar la destrucción de miles de años de cultura de la humanidad.",G
564,The Mummy,1999-04-16,Stephen Sommers,"Brendan Fraser, Rachel Weisz, John Hannah, Arnold Vosloo, Patricia Velásquez","Aventura,Acción,Fantasía",6.997,/yhIsVvcUm7QxzLfT6HW2wLf5ajY.jpg,"El legionario Rick O'Connell y su socio descubren durante una batalla en Egipto las ruinas de Hamunaptra, la ciudad de los muertos. Pasado un tiempo, este descubrimiento le permitirá salvar su vida y volver al lugar con una egiptóloga y su hermano, donde coinciden con un grupo de americanos. Todos ellos, seducidos por la aventura, provocarán la resurrección de la momia de un diabólico sacerdote egipcio que intenta desesperadamente recuperar a su amada.",M
449992,The Night Comes For Us,2018-10-05,Timo Tjahjanto,"Joe Taslim, Iko Uwais, Julie Estelle, Sunny Pang, Asha Kenyeri Bermudez","Acción,Crimen,Suspense",6.933,/aFf3Mmjvu0uOKL8tJPJCgK24R3s.jpg,"Un antiguo sicario debe proteger a una joven mientras trata de escapar de la tríada a la que pertenecía. En su fuga, desatará una violenta batalla en las calles de Djakarta. Una hiperbólica cinta de acción urbana, indispensable para cualquier fan de la adrenalina.",K
639933,The Northman,2022-04-07,Robert Eggers,"Alexander Skarsgård, Nicole Kidman, Claes Bang, Ethan Hawke, Anya Taylor-Joy","Acción,Aventura,Fantasía",7.022,/aSSJMnHknzKjlZ6zybwD7eyJ4Po.jpg,"El príncipe Amleth está a punto de convertirse en hombre pero, en ese momento, su tío asesina brutalmente a su padre y secuestra a la madre del niño. Dos décadas después, Amleth es un vikingo que tiene la misión de salvar a su madre.",M
547016,The Old Guard,2020-07-09,Gina Prince-Bythewood,"Charlize Theron, KiKi Layne, Ngô Thanh Vân, Matthias Schoenaerts, Marwan Kenzari","Acción,Fantasía",7.084,/cjr4NWURcVN3gW5FlHeabgBHLrY.jpg,Cuatro guerreros inmortales que llevan siglos protegiendo a la humanidad en secreto son perseguidos a causa de sus misteriosos dones tras descubrir a una nueva inmortal.,K
479718,The Outlaws,2017-10-03,Kang Yun-sung,"Don Lee, 윤계상, 조재윤, 최귀화, 임형준","Acción,Crimen,Suspense",7.7,/sVwbHA4nhw389PwpDzkJam4WMoB.jpg,"Jang Chen llega de China y trabaja como prestamista en una sórdida zona de Chinatown en Seúl. Está respaldado por sus esbirros sanguinarios Wei Sung-Rak y Yang-Tae. Mientras tanto, Ma Suk-Do es un detective en el área de Chinatown de Seúl. Él trata de mantener la paz, mientras que dos pandillas chino-coreanas luchan por el poder.",N
752623,The Lost City,2022-03-23,Aaron Nee,"Sandra Bullock, Channing Tatum, Daniel Radcliffe, Da'Vine Joy Randolph, Brad Pitt","Acción,Aventura,Comedia",6.434,/rnheO8cFvCYcmZsDrBoabJbKLFE.jpg,Una solitaria novelista romántica de gira con el modelo de la portada de su último libro se ve envuelta en un intento de secuestro que llevará a ambos a una feroz aventura en la jungla.,M
203801,The Man from U.N.C.L.E.,2015-08-13,Guy Ritchie,"Henry Cavill, Armie Hammer, Alicia Vikander, Elizabeth Debicki, Luca Calvani","Comedia,Acción,Aventura",7.078,/y5yZaForGSJbPD66Cvq9AT5WMAD.jpg,"Guerra fría, años 60. Narra las aventuras de dos agentes secretos que se parecen más de lo que creen: Napoleon Solo, de la CIA, e Illya Kuryakin, del KGB. Ambos se ven obligados a olvidar sus diferencias y formar un equipo cuya misión será poner fin a una misteriosa organización criminal internacional que pretende desestabilizar el frágil equilibrio de poder provocado por la proliferación de las armas nucleares. La hija de un científico alemán desaparecido es la clave para infiltrarse en la organización, encontrar al científico y evitar una catástrofe mundial.",H
9313,The Man in the Iron Mask,1998-03-12,Randall Wallace,"Leonardo DiCaprio, Gabriel Byrne, Jeremy Irons, John Malkovich, Gérard Depardieu","Aventura,Acción,Drama",6.652,/zHE9yRURvA7DyhYtQxkGTfE1Ywi.jpg,"Francia se muere de hambre, mientras el Rey Luis XIV mantiene un reinado de terror. Sólo 'los tres mosqueteros' podrán salir al rescate. Su misión: liberar a un misterioso prisionero en La Bastilla, en cuya identidad radica el secreto que podrá salvar a la nación...",K
983,The Man Who Would Be King,1975-12-03,John Huston,"Sean Connery, Michael Caine, Christopher Plummer, Saeed Jaffrey, Doghmi Larbi","Aventura,Drama",7.5,/1FCpHiZSez9iaLpDmvyrNt9lBua.jpg,"Danny Dravot y Peachy Carnehan son dos aventureros que viajan a la India en 1880 y sobreviven gracias al contrabando de armas y otras mercancías. Un día deciden hacer fortuna en el legendario reino de Kafiristán. Después de un durísimo viaje a través del Himalaya, alcanzan su meta justo a tiempo para hacer uso de su experiencia en el combate y salvar a un pueblo de sus asaltantes. Está inspirada en un relato de Kipling.",H
32093,The Mark of Zorro,1940-11-08,Rouben Mamoulian,"Tyrone Power, Linda Darnell, Basil Rathbone, Gale Sondergaard, Eugene Pallette","Aventura,Romance,Acción",7.2,/bJDonmAPnDV8jDv9jLlsejAdAoL.jpg,"Cuando Don Diego Vega regresa a su hogar, descubre que su padre, el alcalde del pueblo de Los Angeles, ha sido destituido por el capitán Esteban Pasquale. Ocultando su identidad bajo una máscara, se convierte en el abanderado de la justicia social, e intentará que Don Luis Quintero abandone el puesto usurpado. Obra maestra que narra las aventuras de El Zorro, el famoso espadachín. Tyrone Power tenía el difícil reto de hacer olvidar a Fairbanks, pero la acertada decisión de acentuar el lado romántico del personaje -en contraposición a su faceta atlética- ayudó a conseguir una versión a la altura de sus predecesoras.",H
609681,The Marvels,2023-11-08,Nia DaCosta,"Brie Larson, Teyonah Parris, Iman Vellani, Samuel L. Jackson, Zawe Ashton","Ciencia ficción,Aventura,Acción",5.9,/9GBhzXMFjgcZ3FdR9w3bUMMTps5.jpg,"Cuando sus obligaciones la envían a un agujero de gusano vinculado a un revolucionario kree, los poderes de Carol Danvers, la capitana Marvel, se entremezclan con los de Kamala Khan, también conocida como la Sra. Marvel y la sobrina de Carol, ahora astronauta de S.A.B.E.R., Monica Rambeau. Juntas, deberán salvar el universo como 'The Marvels'.",O
61988,The Naked Jungle,1954-03-03,Byron Haskin,"Eleanor Parker, Charlton Heston, Abraham Sofaer, William Conrad, Romo Vincent","Aventura,Romance,Drama",6.58,/gZyPloNh7m2uaaJa1TvKHhlAFFR.jpg,"A lo largo de los años, Christopher Leiningen ha conseguido tirar adelante una próspera plantación de café en la jungla sudamericana. Para tener un hijo que herede sus propiedades, decide casarse por correspondencia. Su esposa resulta ser la bella Joanna Leiningen, a quien le costará adaptarse a la rudeza de su marido y al aislamiento del entorno. Por si fuera poco, una plaga de voraces hormigas amenaza con arrasar la plantación.",J
34584,The NeverEnding Story,1984-04-06,Wolfgang Petersen,"Noah Hathaway, Barret Oliver, Tami Stronach, Alan Oppenheimer, Sydney Bromley","Aventura,Fantasía,Familia",7.225,/2vwm7KtIHa4tN6mtNqyqQzlwbgl.jpg,"Bastián Baltasar Bux es un niño de once años que descubre en una antigua librería un libro titulado “La historia interminable”, el cual posee poderes mágicos. Esa magia hace que el mismo Bastián se convierta en un héroe de esa historia que parece no terminarse nunca, en la que se unirá a Atreyu, otro niño, con el objetivo de salvar al mundo de fantasía.Escondido en el desván de su colegio, Bastián devora durante las horas de clase este enigmático libro, que relata la destrucción de todo un mundo lleno de fantasía. Una especie de 'Nada' misteriosa destruye todo el país y a todas las criaturas que lo habitan. A medida que avanza en su lectura, Bastián se da cuenta de que la salvación de Fantasía depende de él, de que consiga entrar en el libro.",H
508570,The One and Only Ivan,2020-08-21,Thea Sharrock,"Bryan Cranston, Sam Rockwell, Brooklynn Prince, Angelina Jolie, Danny DeVito","Familia,Comedia,Drama",7.3,/wDOyGAiTaXvjKGmnmXsoFO7zItt.jpg,"Ivan es un gorila de espalda plateada de 400 libras que comparte un hábitat comunal en un centro comercial suburbano con Stella el elefante, Bob el perro y varios otros animales. Tiene pocos recuerdos de la jungla donde fue capturado, pero cuando llega una cría de elefante llamada Ruby, toca algo profundo dentro de él. Ruby se separó recientemente de su familia en la naturaleza, lo que le hace cuestionar su vida, de dónde viene y dónde quiere estar en última instancia.",K
169881,The Physician,2013-12-25,Philipp Stölzl,"Tom Payne, Stellan Skarsgård, Olivier Martinez, Emma Rigby, Ben Kingsley","Aventura,Drama,Historia",7.3,/18eJr4Fc4HKymLgKLgGQbD37SPK.jpg,"Ambientada en el siglo XI en Inglaterra, narra la historia de Rob Cole, un joven que se queda huérfano, tras morir su madre por una extraña enfermedad. Decidido a convertirse en médico por la tragedia sufrida, el joven decide ir a Persia a estudiar medicina a las órdenes del sabio doctor Ibn Sina.",K
12268,The Pink Panther Strikes Again,1976-09-16,Blake Edwards,"Peter Sellers, Herbert Lom, Leonard Rossiter, Colin Blakely, Graham Stark","Comedia,Crimen",6.872,/GGCch9LNAKwp4ZADAcNz1hd1dn.jpg,"Mientras el jefe del inspector Clouseau, Paul Dreyfus, se recupera paulatinamente de una crisis nerviosa provocada por su temible subordinado, éste decide acudir al hospital a visitarlo. Al verlo en su habitación, Dreyfus, sufre un arrebato de locura y jura que en lo sucesivo dedicará su vida a la venganza.",M
830896,The Portable Door,2023-03-23,Jeffrey Walker,"Patrick Gibson, Christoph Waltz, Damon Herriman, Sophie Wilde, Sam Neill","Fantasía,Aventura,Comedia",6.485,/49NQGuvaMWYeAD22h135tFd2Grs.jpg,"Paul Carpenter (Patrick Gibson) se convierte de la noche a la mañana en el nuevo becario de la misteriosa empresa J.W. Wells & Co, compartiendo mesa con la brillante Sophie (Sophie Wilde). Rápidamente, ambos se dan cuenta que su nuevo trabajo es cualquier cosa menos convencional. Mientras Sophie es ascendida al Departamento de Casualidades, el director general de la empresa, Humphrey Wells (Christoph Waltz) persuade al joven Paul para que busque el objeto más poderoso y codiciado del mundo: la puerta mágica. Esa oscura y peligrosa misión llevará a Paul a adentrarse en un sinfín de lugares increíbles: Desde las profundidades de un sótano infestado de duendes hasta las alturas del Himalaya. Será en esa búsqueda que Paul se convertirá en un héroe inesperado y deberá salvar al mundo del plan más maléfico y diabólico que jamás haya amenazado la raza humana.",N O
28512,The Poseidon Adventure,2005-11-20,John Putch,"Adam Baldwin, Rutger Hauer, Steve Guttenberg, Bryan Brown, C. Thomas Howell","Aventura,Suspense,Acción,Película de TV",5.2,/a8eznt2qshQS8qnZ70vdsM6UBeF.jpg,"Miniserie de TV de 2 episodios. El Poseidón es un enorme transatlántico de lujo que naufraga cuando unos terroristas hacen estallar unas bombas en pleno océano. El hundimiento sorprende a todos en plena nochevieja, y a partir de entonces los supervivientes intentarán ponerse a salvo. (FILMAFFINITY).",K
346910,The Predator,2018-09-05,Shane Black,"Boyd Holbrook, Trevante Rhodes, Sterling K. Brown, Jacob Tremblay, Keegan-Michael Key","Ciencia ficción,Acción,Suspense",5.617,/a3eWGF6YPF7No5Rbtjc8QpDvz7l.jpg,"Cuando el pequeño Rory activa accidentalmente el regreso a la Tierra de los yautjas, desencadenará la vuelta de los cazadores más letales del universo, una especie extraterrestre caracterizada por convertir en su trofeo al resto de criaturas y por obtener su poder a través de la hibridación. Ahora, estos alienígenas han mejorado su ADN y ahora son aún más peligrosos, fuertes, inteligentes y mortales. Por eso, solo un grupo de exsoldados y una profesora de ciencias podrán evitar el fin de la humanidad.",K
2493,The Princess Bride,1987-09-25,Rob Reiner,"Cary Elwes, Robin Wright, Mandy Patinkin, Chris Sarandon, Christopher Guest","Aventura,Fantasía,Familia",7.712,/2FC9L9MrjBoGHYjYZjdWQdopVYb.jpg,"Después de buscar fortuna durante cinco años, Westley retorna a su tierra para casarse con su amada, la bella Buttercup, a la que había jurado amor eterno. Sin embargo, para recuperarla habrá de enfrentarse a Vizzini y sus esbirros. Una vez derrotados éstos, tendrá que superar el peor de los obstáculos: el príncipe Humperdinck pretende desposar a la desdichada Buttercup, pese a que ella no lo ama, ya que sigue enamorada de Westley.",K
43867,The Prisoner of Zenda,1937-09-03,John Cromwell,"Ronald Colman, Madeleine Carroll, Douglas Fairbanks Jr., Mary Astor, C. Aubrey Smith","Romance,Aventura",7.5,/tvMF7iljOgOXLvkVsWGr5GrPE4j.jpg,"En un imaginario país, la víspera de su coronación, Rodolfo V, es secuestrado por su ambicioso hermano que desea arrebatarle el trono. Los súbditos más leales convencen a un turista, que se parece asombrosamente al rey, para que lo suplante por unas horas. Al día siguiente, se prepara una expedición para rescatar al rey, que está encerrado en el Castillo de Zenda. El turista, enamorado de una princesa de la corte, participará activamente en la lucha.",H
111750,The Real Glory,1939-09-29,Henry Hathaway,"Gary Cooper, David Niven, Andrea Leeds, Reginald Owen, Broderick Crawford","Drama,Bélica",6.3,/fWUlNt585JRfFNBFdYGrfBGO7GS.jpg,"Fuerte Mysang, sur de las islas Filipinas, bajo dominio estadounidense, 1906. Un pequeño grupo de oficiales del ejército y tropas nativas resisten los feroces y traicioneros ataques del despiadado Alisang y sus fanáticos seguidores.",J
11843,The Return of the Pink Panther,1975-05-21,Blake Edwards,"Peter Sellers, Christopher Plummer, Catherine Schell, Herbert Lom, Peter Arne","Comedia,Crimen,Misterio",6.789,/cDi6lHXmY12SxtjcP6IdK7mB3W1.jpg,"Un valioso diamante conocido como la 'Pantera Rosa' ha sido robado, y sólo hay una pista: un guante blanco, la inconfundible firma del mundialmente famoso ladrón apodado 'El Fantasma' (Christopher Plummer). Aunque se creía que se había retirado, para el inspector Clouseau (Peter Sellers) es el primer sospechoso. Decidido a limpiar su nombre, 'El Fantasma' se lanza a la búsqueda del verdadero ladrón y engaña a Clouseau con una serie de pistas falsas.",M
23615,The Scarlet Pimpernel,1982-11-09,Clive Donner,"Anthony Andrews, Jane Seymour, Ian McKellen, James Villiers, Eleanor David","Romance,Película de TV,Aventura",6.7,/89jU2EH7ccpK6jDEJ6fO9bIe2RN.jpg,"Sir Pierce Blakeney es un noble inglés que se relaciona con las altas esferas de una sociedad que vive con preocupación los ajusticiamientos de ingleses en la Francia revolucionaria. Para combatir este mal, Blakeney adopta una personalidad secreta, 'La Pimpinela Escarlata', bajo la cual hará numerosas incursiones en tierra francesa para rescatar a sus compatriotas condenados a muerte.",J
779782,The School for Good and Evil,2022-10-19,Paul Feig,"Sofia Wylie, Sophia Anne Caruso, Kerry Washington, Charlize Theron, Laurence Fishburne","Fantasía,Comedia,Aventura",7.0,/6oZeEu1GDILdwezmZ5e2xWISf1C.jpg,Un grupo de jóvenes son llevados a una institución donde los entrenan para convertirse en héroes y villanos.,O
26201,The Sea Hawk,1940-08-10,Michael Curtiz,"Errol Flynn, Brenda Marshall, Claude Rains, Donald Crisp, Flora Robson",Aventura,7.2,/mBJhR84lKoScUPSUfC9mO4yEhjf.jpg,Clásico del género de piratas en el que un pletórico Errol Flynn interpreta a un bucanero inglés del siglo XVI al que la reina Isabel I concede patente de corso para abordar la flota española y atacar y saquear sus ciudades en el Nuevo Mundo. Las autoridades españolas elaboran un plan para acabar con el temido pirata. El maestro Curtiz deja su sello con una perfecta narración y espectaculares batallas navales.,K
626393,The Sleepover,2020-08-21,Trish Sie,"Sadie Stanley, Maxwell Simkins, Cree, Lucas Jaye, Malin Akerman","Familia,Acción",6.371,/9iEc34Qje2V3FZnrSXKfZsbiHjW.jpg,"Durante una fiesta de pijamas con sus mejores amigos, dos hermanos descubren que su madre, Margot (Malin Akerman), no es lo que parece. Ahora es un ama de casa normal y corriente, pero fue una ladrona de guante blanco que se acogió al programa de protección de testigos. Cuando ella y el padre de los niños (Ken Marino) desaparecen, obligados a dar un último golpe con el ex novio de Margot (Joe Manganiello), los hermanos deciden formar un grupo para rescatarla a lo largo de una noche repleta de acción.",K
454992,The Spy Who Dumped Me,2018-08-02,Susanna Fogel,"Mila Kunis, Kate McKinnon, Justin Theroux, Sam Heughan, Lolly Adefope","Comedia,Acción,Aventura",6.364,/szEKivKPOdRyogROoQIldwbMl.jpg,Audrey y Morgan son dos amigas que se ven involucradas en una conspiración internacional cuando una de ellas descubre que su ex-novio era en realidad un espía.,K
92399,The Story of Dr. Wassell,1944-07-04,Cecil B. DeMille,"Gary Cooper, Laraine Day, Signe Hasso, Dennis O'Keefe, Carol Thurston","Bélica,Aventura,Drama,Acción,Romance",6.4,/yjrMxwMxhsahGbCHLFpDUW5fR1t.jpg,"El Doctor Corydon M. Wassell, un médico rural, viajó a China tras ver una foto de Madeleine, un bella enfermera. Cuando estalla la Segunda Guerra Mundial se incorpora al ejército, en el cuerpo médico de la marina de los EEUU, que combate duramente a los japoneses en el Pacífico. En marzo de 1942 es destinado a Tjilatjap, en la isla de Java, coincidiendo con la batalla del estrecho de Maccasar. Allí se hará cargo de un grupo de soldados heridos a los que se les impide embarcarse con rumbo a casa.",J
436969,The Suicide Squad,2021-07-28,James Gunn,"Margot Robbie, Idris Elba, John Cena, Joel Kinnaman, Sylvester Stallone","Acción,Comedia,Aventura",7.443,/q61qEyssk2ku3okWICKArlAdhBn.jpg,"Un grupo de super villanos se encuentran encerrados en Belle Reve, una prisión de alta seguridad con la tasa de mortalidad más alta de Estados Unidos. Para salir de allí harán cualquier cosa, incluso unirse al grupo Task Force X, dedicado a llevar a cabo misiones suicidas bajo las órdenes de Amanda Waller. Fuertemente armados son enviados a la isla Corto Maltese, una jungla repleta de enemigos.",J
52451,The Three Musketeers,2011-08-31,Paul W. S. Anderson,"Logan Lerman, Milla Jovovich, Matthew Macfadyen, Ray Stevenson, Luke Evans","Aventura,Acción,Suspense",5.794,/woCADkkDIIKrOMEokbFOEsAYtUa.jpg,"Francia, siglo XVII. Athos, Porthos y Aramis son tres prodigiosos espadachines que pertenecen al cuerpo de mosqueteros del rey Luis XIII de Francia (1610-1643). A París llega un joven y valeroso gascón que ingresa en la guardia del Rey para hacerse mosquetero. Los cuatro tendrán que hacer frente a una maquiavélica conspiración urdida por el cardenal Richelieu para derrocar al rey. Adaptación actualizada de la novela homónima de Alejandro Dumas.",K
338315,Revenge of the Musketeers,1963-10-09,Fulvio Tului,"Fernando Lamas, Gloria Milland, Roberto Risso, Walter Barnes, Franco Fantasia","Acción,Aventura,Drama",7.0,,Sin sinopsis disponible.,H
3090,The Treasure of the Sierra Madre,1948-01-15,John Huston,"Humphrey Bogart, Walter Huston, Tim Holt, Bruce Bennett, Barton MacLane","Aventura,Drama,Western",7.951,/pWcst7zVbi8Z8W6GFrdNE7HHRxL.jpg,"Fred C. Dobbs (Humphrey Bogart) decide ir a Tampico en busca de oro con la intención de dejar atrás la miseria. Emprende el viaje en compañía de otros dos vagabundos (Walter Huston y Tim Holt), pero la codicia y la envidia que surge entre ellos les creará poco a poco más problemas que cualquier otra dificultad del camino.",M
42661,The Vikings,1958-06-11,Richard Fleischer,"Kirk Douglas, Tony Curtis, Ernest Borgnine, Janet Leigh, James Donald","Aventura,Historia,Acción",7.0,/fagWQmo7VZkjtMchqCu9jR7d6fK.jpg,"En la Alta Edad Media, los vikingos o normandos (hombres del Norte) adoraban a Odin, el dios pagano de la guerra, que los guiaba a través de los mares cada vez que emprendían sus habituales incursiones de saqueo. Einar y Eric, hijos ambos del rey vikingo Ragnar -aunque ignoraban su parentesco-, se odiaban profundamente, pero se vieron obligados a luchar juntos para rescatar a la princesa Morgana, de la que ambos estaban enamorados, de las garras del rey de Inglaterra.",H
839033,The Lord of the Rings: The War of the Rohirrim,2024-12-05,神山健治,"Brian Cox, Gaia Wise, Luke Pasqualino, Laurence Ubong Williams, Lorraine Ashbourne","Animación,Fantasía,Aventura,Acción",6.499,/23WCoDo6wzBfzbX7BGTNwVUqZfi.jpg,"Explora la 'historia no contada' del Abismo de Helm, cientos de años antes de la mítica batalla, y de su fundador, Helm Hammerhand, Rey de Rohan.",G
755898,War of the Worlds,2025-07-29,Rich Lee,"Ice Cube, Eva Longoria, Clark Gregg, Iman Benson, Henry Hunter Hall","Ciencia ficción,Suspense",4.032,/yvirUYrva23IudARHn3mMGVxWqM.jpg,"Will Radford, un destacado analista de ciberseguridad, pasa sus días rastreando posibles amenazas a la seguridad nacional a través de un programa de vigilancia masiva. Un ataque de una entidad desconocida le lleva a cuestionarse si el gobierno le está ocultando algo a él... y al resto del mundo.",M
11474,The Warriors,1979-02-01,Walter Hill,"Michael Beck, James Remar, David Patrick Kelly, Dorsey Wright, David Harris","Acción,Suspense",7.7,/d6YZpBq4BhQr1K985J3CuL1cA8J.jpg,"Una batalla de proporciones gigantescas va a tener lugar en los bajos fondos de la ciudad de Nueva York. Los ejércitos de la noche, con más de 100.000 integrantes, quintuplican los efectivos de la policía. Se enfrentan a los Warriors, una banda callejera a la que acusan injustamente del asesinato del líder de un grupo rival. Es la historia de un mundo insólito de subculturas, de guerrillas entre bandas nocturnas, desde Coney Island a Manhattan, pasando por el Bronx. Los miembros de los Warriors luchan por sus vidas, intentan sobrevivir en la jungla urbana y aprenden el significado de la lealtad.",H
10166,The Witches,1990-05-25,Nicolas Roeg,"Jasen Fisher, Mai Zetterling, Anjelica Huston, Charlie Potter, Rowan Atkinson","Fantasía,Familia,Terror",6.974,/mPYBjVkeHakkPGY7WaKyyNU4RWm.jpg,"Luke es un niño apasionado por las historias de misterio. Un día, las leyendas contadas por su abuela sobre la existencia de las brujas lo introducen en un mundo misterioso.",J
630,The Wizard of Oz,1939-08-21,Victor Fleming,"Judy Garland, Ray Bolger, Jack Haley, Bert Lahr, Frank Morgan","Aventura,Fantasía,Familia",7.6,/uCC3j4pV9eOZwzDUWp2ilbcTf1f.jpg,"La huérfana Dorothy Gale vive una vida sencilla en Kansas con su tía Emma Clara Blandick, su tío Henry y tres pintorescos peones: Hunk, Zeke y Hickory. Un día la severa vecina Miss Gulch es mordida por el perro de Dorothy, Toto. Miss Gulch se lo lleva, por orden del sheriff, a pesar de las apasionadas protestas de tía Emma y el tío Henry. Toto escapa y regresa junto a Dorothy, la cual se alegra momentáneamente, pero pronto se da cuenta de que Miss Gulch regresará. Decide llevarse a Toto y fugarse en busca de una vida mejor 'en algún lugar sobre el arco iris'.",J O
76170,The Wolverine,2013-07-24,James Mangold,"Hugh Jackman, Hiroyuki Sanada, 岡本多緒, Rila Fukushima, Famke Janssen","Acción,Ciencia ficción,Aventura",6.435,/t2wVAcoRlKvEIVSbiYDb8d0QqqS.jpg,"Lobezno investiga su pasado dentro del crimen organizado japonés haciendo frente a samuráis, yakuzas, ronins, ninjas y un gran robot llamado Silver Samurai.",G
923939,The Wonderful Story of Henry Sugar,2023-09-20,Wes Anderson,"Ralph Fiennes, Benedict Cumberbatch, Dev Patel, Ben Kingsley, Richard Ayoade","Fantasía,Aventura,Drama",7.262,/fDUywEHwHh6nsLnVXAdPN9m4ZUG.jpg,Un cuento de Roald Dahl sobre un hombre rico que oye hablar de un gurú que puede ver sin abrir los ojos y decide aprender su técnica para hacer trampas en el juego.,O
616037,Thor: Love and Thunder,2022-07-06,Taika Waititi,"Chris Hemsworth, Natalie Portman, Christian Bale, Tessa Thompson, Taika Waititi","Fantasía,Acción,Comedia",6.357,/pIkRyD18kl4FhoCNQuWxWu5cBLM.jpg,"El Dios del Trueno emprende un viaje que no se parece en nada a lo que se ha enfrentado hasta ahora: una búsqueda de la paz interior. Pero el retiro de Thor se ve interrumpido por un asesino galáctico conocido como Gorr el Carnicero de Dioses. Para hacer frente a la amenaza, Thor solicita la ayuda de Valkiria, de Korg y de su ex novia Jane Foster que, para sorpresa de Thor, empuña su martillo mágico, Mjolnir, como la Poderosa Thor. Juntos, se embarcan en una aventura cósmica en la que tendrán que descubrir el misterio de la venganza del Carnicero de Dioses y detenerlo antes de que sea demasiado tarde.",M
284053,Thor: Ragnarok,2017-10-02,Taika Waititi,"Chris Hemsworth, Mark Ruffalo, Tom Hiddleston, Cate Blanchett, Idris Elba","Acción,Aventura,Comedia,Ciencia ficción",7.58,/rzRwTcFvttcN1ZpX2xv4j3tSdJu.jpg,"Thor está preso al otro lado del universo sin su poderoso martillo y se enfrenta a una carrera contra el tiempo. Su objetivo es volver a Asgard y parar el Ragnarok porque significaría la destrucción de su planeta natal y el fin de la civilización Asgardiana a manos de una todopoderosa y nueva amenaza, la implacable Hela. Pero, primero deberá sobrevivir a una competición letal de gladiadores que lo enfrentará a su aliado y compañero en los Vengadores, ¡el Increíble Hulk!",G
76338,Thor: The Dark World,2013-10-30,Alan Taylor,"Chris Hemsworth, Natalie Portman, Tom Hiddleston, Christopher Eccleston, Anthony Hopkins","Acción,Aventura,Fantasía",6.5,/wp6OxE4poJ4G7c0U2ZIXasTSMR7.jpg,"Thor lucha por restablecer el orden en el cosmos, pero una antigua raza liderada por el vengativo Malekith regresa con el propósito de volver a sumir el universo en la oscuridad. Se trata de un villano con el que ni siquiera Odín y Asgard se atreven a enfrentarse, por esa razón, Thor tendrá que emprender un viaje muy peligroso, durante el cual se reunirá con Jane Foster y la obligará a sacrificarlo todo para salvar el mundo.",G
36819,Time Bandits,1981-07-13,Terry Gilliam,"Craig Warnock, David Rappaport, Kenny Baker, Mike Edmonds, Malcolm Dixon","Familia,Fantasía,Ciencia ficción,Aventura,Comedia",6.6,/4VZtpwdhHQSa4LUkvujyGAHb1hG.jpg,"A Kevin, un chico con una imaginación desbordante, una noche lo despierta un grupo de enanos que sale de su propio armario. Estos personajes eran antiguos criados del 'Ser Supremo', pero, cansados de trabajar para él, decidieron robarle un mapa para poder viajar a través del tiempo y del espacio con la intención de robar grandes tesoros en distintas épocas. Además, sus viajes les han permitido conocer a diversos personajes históricos: Napoleón, Agamenón, el rey de Micenas, e incluso Robin Hood.",G
550440,Timmy Failure: Mistakes Were Made,2020-01-25,Tom McCarthy,"Winslow Fegley, Ophelia Lovibond, Wallace Shawn, Craig Robinson, Kyle Bornheimer","Familia,Comedia,Fantasía,Misterio",6.2,/9Ic99kyJewgPHwl4JftJSwzUmtD.jpg,"Timmy es un imaginativo niño de 11 años que es fundador, presidente y director general de la mejor agencia de detectives de la ciudad, probablemente del estado y quizás de la nación: de nombre Total Failure. Timmy dirige la agencia junto a su mejor amigo, un imaginario oso polar de 1500 libras de peso cuyo mayor talento parece ser comer de la basura.",K
606856,Togo,2019-12-20,Ericson Core,"Willem Dafoe, Julianne Nicholson, Christopher Heyerdahl, Richard Dormer, Adrien Dorval","Aventura,Historia,Drama",8.1,/921q4gPNN4J6UxvKaw6SCNBe3F8.jpg,"'Togo' es la historia real no contada ambientada en el invierno de 1925 de un periplo por el terreno traicionero de la tundra de Alaska en busca de una aventura emocionante que pondrá a prueba la fuerza, el coraje y la determinación de un hombre, Leonhard Seppala, y de su perro de trineo guía, Togo.",J
338970,Tomb Raider,2018-03-05,Roar Uthaug,"Alicia Vikander, Dominic West, Walton Goggins, Daniel Wu, Kristin Scott Thomas","Acción,Aventura,Fantasía",6.363,/s4Qn5LF6OwK4rIifmthIDtbqDSs.jpg,"Tras la desaparición de su padre, Lara vive una vida imprudente y despreocupada. Cuando la policía la arresta después de provocar un accidente de tráfico, Ana Miller, la socia de negocios de su progenitor, deposita su fianza y le advierte que si no reclama la herencia de éste, se liquidarán todos sus bienes.",K
158852,Tomorrowland,2015-05-19,Brad Bird,"Britt Robertson, George Clooney, Raffey Cassidy, Hugh Laurie, Tim McGraw","Aventura,Familia,Misterio,Ciencia ficción",6.312,/kziYpr5Nfw60P0My8aj1sgCEqed.jpg,"Unidos por el mismo destino, una adolescente inteligente y optimista, llena de curiosidad científica, y un antiguo niño prodigio inventor, hastiado por las desilusiones, se embarcan en una peligrosa misión para desenterrar los secretos de un enigmático lugar localizado en algún lugar del tiempo y el espacio, conocido en la memoria colectiva como “Tomorrowland”, y así salvar a la humanidad.",H
588654,Tracks,2018-10-04,Jamie Patterson,"April Pearson, Chris Willoughby, Skye Lourie, Lily Donovan, Richard D. Myers","Comedia,Romance",3.2,/oYPC4fTzJ9zOb2wZFm0HwS5DwW4.jpg,Sin sinopsis disponible.,J
91314,Transformers: Age of Extinction,2014-06-25,Michael Bay,"Mark Wahlberg, Peter Cullen, Stanley Tucci, Kelsey Grammer, Nicola Peltz","Ciencia ficción,Acción,Aventura",5.974,/jyzrfx2WaeY60kYZpPYepSjGz4S.jpg,"Han pasado cuatro años desde la tragedia de Chicago y la humanidad sigue reparando los destrozos, pero tanto los Autobots como los Decepticons han desaparecido de la faz de la Tierra. Ahora el Gobierno de los Estados Unidos está utilizando la tecnología rescatada en el asedio de Chicago para desarrollar sus propios Transformers. Al frente del proyecto está Joshua Joyce, un arrogante diseñador que piensa que los Autobots son 'basura tecnológica' y se cree capaz de fabricar unos robots infinitamente más avanzados. Mientras tanto, Cade Yeager, un mécánico inventor, encuentra un Marmon semi-trailer. Al intentar repararlo, descubre que el camión no solo era un Transformer, sino también el mismísimo Optimus Prime, líder de los Autobots. Lo que Cade ignora son las consecuencias que pueden derivarse de este hallazgo.",G
667538,Transformers: Rise of the Beasts,2023-06-06,Steven Caple Jr.,"Anthony Ramos, Dominique Fishback, Peter Cullen, Ron Perlman, Peter Dinklage","Ciencia ficción,Aventura,Acción",7.159,/gPbM0MK8CP8A174rmUwGsADNYKD.jpg,"Cuando surge una nueva amenaza capaz de destruir todo el planeta, Optimus Prime y los Autobots deben unirse a una poderosa facción conocida como los Maximals. Con el destino de la humanidad en juego, los humanos Noah y Elena harán lo que sea necesario para ayudar a los Transformers mientras se involucran en la batalla final para salvar la Tierra.",O
36955,True Lies,1994-07-15,James Cameron,"Arnold Schwarzenegger, Jamie Lee Curtis, Tom Arnold, Bill Paxton, Tia Carrere","Acción,Suspense",7.104,/pqdvCBDThAOjlA0XBzbNm7GvwpU.jpg,"El agente especial Harry Tasker mantiene una doble vida. Harry habla seis idiomas, conoce y domina todas las formas de contraespionaje y trabaja como espía internacional para Omega, una agencia gubernamental ultrasecreta encargada de la neutralización del terrorismo nuclear. Por razones de seguridad nacional, Harry oculta su verdadera profesión a su mujer Helen, que empieza a aburrirse del hombre gris y rutinario que, según ella cree, se dedica a vender ordenadores. Harry, que tiene recursos y valor para salvar a su país, quizá no sea capaz de salvar su matrimonio. Pero, cuando Helen descubre la verdadera profesión de su marido, excitada por la novedad, decide ayudarle a acabar con un comando integrista que planea un sangriento atentado.",J
718821,Twisters,2024-07-10,Lee Isaac Chung,"Daisy Edgar-Jones, Glen Powell, Anthony Ramos, Brandon Perea, Maura Tierney","Acción,Suspense",6.755,/pjnD08FlMAIXsfOLKQbvmO0f0MD.jpg,"Kate Carter, una ex cazadora de tormentas perseguida por un devastador encuentro con un tornado, es llamada por su amigo Javi de regreso a las llanuras para probar un nuevo e innovador sistema de seguimiento. Allí, se cruza con el encantador e imprudente ídolo de las redes sociales Tyler Owens y su estridente equipo. A medida que la temporada de tormentas se intensifica, se desatan fenómenos terroríficos nunca vistos, y Kate, Tyler y sus equipos competidores se encuentran directamente en el camino de múltiples sistemas de tormentas que convergen sobre Oklahoma en lo que será una lucha por sobrevivir.",O
335787,Uncharted,2022-02-10,Ruben Fleischer,"Tom Holland, Mark Wahlberg, Sophia Ali, Tati Gabrielle, Antonio Banderas","Acción,Aventura,Misterio",6.869,/rJHC1RUORuUhtfNb4Npclx0xnOf.jpg,"Descubre la primera aventura de Nathan Drake, un joven, astuto y carismático cazatesoros, con su ingenioso compañero Victor “Sully” Sullivan. En una aventura de acción que se extiende por todo el mundo, ambos se embarcan en una peligrosa búsqueda de “el mayor tesoro nunca antes encontrado” al tiempo que rastrean las claves que les podrían conducir al hermano de Nathan, perdido hace ya mucho tiempo.",M
443791,Underwater,2020-01-08,William Eubank,"Kristen Stewart, Vincent Cassel, Mamoudou Athie, T.J. Miller, John Gallagher Jr.","Terror,Ciencia ficción,Acción,Aventura",6.312,/gzlbb3yeVISpQ3REd3Ga1scWGTU.jpg,Un grupo de investigadores submarinos debe ponerse a salvo después de que un terremoto destroce por completo el laboratorio subterráneo en el que trabajaban.,K
335983,Venom,2018-09-28,Ruben Fleischer,"Tom Hardy, Michelle Williams, Riz Ahmed, Scott Haze, Reid Scott","Ciencia ficción,Acción",6.823,/2uNW4WbgBXL25BAbXGLnLqX71Sw.jpg,"Eddie Brock es un consolidado periodista y astuto reportero que está investigando una empresa llamada Fundación Vida. Esta fundación, dirigida por el eminente científico Carlton Drake, está ejecutando secretamente experimentos ilegales en seres humanos y realizando pruebas que involucran formas de vida extraterrestres y amorfas conocidas como simbiontes. Durante una visita furtiva a la central, el periodista quedará infectado por un simbionte. Comenzará entonces a experimentar cambios en su cuerpo que no entiende, y escuchará una voz interior, la del simbionte Venom, que le dirá lo que tiene que hacer. Cuando Brock adquiera los poderes del simbionte que le usa como huésped, Venom tomará posesión de su cuerpo, convirtiéndole en un despiadado y peligroso súpervillano.",J O
580489,Venom: Let There Be Carnage,2021-09-30,Andy Serkis,"Tom Hardy, Woody Harrelson, Michelle Williams, Naomie Harris, Reid Scott","Ciencia ficción,Acción,Aventura",6.727,/pzKsRuKLFmYrW5Q0q8E8G78Tcgo.jpg,Eddie Brock y su simbionte Venom todavía están intentando descubrir cómo vivir juntos cuando un preso que está en el corredor de la muerte se infecta con un simbionte propio.,O
976720,Vesper,2022-08-17,Kristina Buozyte,"Raffiella Chapman, Eddie Marsan, Rosy McEwen, Richard Brake, Edmund Dehn","Ciencia ficción,Drama,Aventura,Fantasía",6.256,/etvK8ni1adjXU8obDpdUxTTQT6n.jpg,"Ambientada en un futuro distópico después del colapso del ecosistema de la Tierra, Vesper, una niña de 13 años que lucha por sobrevivir con su padre paralizado, conoce a una misteriosa mujer con un secreto que obliga a Vesper a utilizar su ingenio, su fuerza y sus habilidades de bio-hackeo para luchar por la posibilidad de un futuro.",M
68735,Warcraft,2016-05-25,Duncan Jones,"Travis Fimmel, Paula Patton, Ben Foster, Dominic Cooper, Ben Schnetzer","Acción,Aventura,Fantasía",6.422,/eGi5aoxaZveqNLtE7BZJCuWwR3G.jpg,"El pacífico reino de Azeroth está a punto de entrar en guerra para enfrentarse a unos terribles invasores: orcos guerreros que han dejado su destruido mundo para colonizar otro. Al abrirse un portal que conecta ambos mundos, un ejército se enfrenta a la destrucción, y el otro, a la extinción. Dos héroes, uno en cada bando, están a punto de chocar en un enfrentamiento que cambiará el destino de su familia, su pueblo y su hogar. Así empieza una espectacular saga de poder y sacrificio donde se descubren las numerosas caras de la guerra y donde cada uno lucha por lo suyo. Adaptación del popular videojuego homónimo.",M
13183,Watchmen,2009-03-04,Zack Snyder,"Malin Akerman, Patrick Wilson, Billy Crudup, Matthew Goode, Jackie Earle Haley","Misterio,Acción,Ciencia ficción",7.356,/aVURelN3pM56lFM7Dgfs5TixcIf.jpg,"Estados Unidos, años 80. La Guerra Fría está en su apogeo, y los superhéroes, que antes habían sido admirados, ahora son perseguidos por la ley. Un día aparece muerto uno de ellos, 'El Comediante', que trabajaba para la CIA. Su amigo Rorschach, el único héroe enmascarado en activo, emprenderá la investigación de su muerte, tras la que se oculta algo muy importante. Esperadísima adaptación del cómic de Alan Moore y Dave Gibbons (1986).",H
16380,When Worlds Collide,1951-09-14,Rudolph Maté,"Richard Derr, Barbara Rush, Peter Hansen, John Hoyt, Larry Keating","Ciencia ficción,Drama",6.362,/zVBEXGxtnD83t0PfKm9uZbnpDbA.jpg,"Una estrella gigante está a punto de chocar con la Tierra, lo que inevitablemente provocará el fin del mundo. El Gobierno rehúsa escuchar a los científicos, pero un grupo de empresarios financia la construcción de una nave espacial, con el fin de transportar a un número limitado de personas a otro planeta, para crear allí una nueva civilización. A medida que se aproxima el fin, tendrán que luchar no sólo contra el tiempo, sino también contra el pánico de los que están condenados a quedarse en la Tierra.",K
4893,Where the Spies Are,1966-01-26,Val Guest,"David Niven, Françoise Dorléac, John Le Mesurier, Cyril Cusack, Eric Pohlmann",Comedia,5.4,/esyyrqS1RQgfVmNxTW6KLD2z8jV.jpg,"Los servicios secretos británicos consiguen, gracias a mentiras y promesas falsas, que un sencillo médico lleve a cabo una arriesgada misión de espionaje en Beirut. A su llegada al país conoce a una atractiva agente doble a la que confía sus secretos.",N
8487,Wild Wild West,1999-06-30,Barry Sonnenfeld,"Will Smith, Kevin Kline, Kenneth Branagh, Salma Hayek Pinault, M. Emmet Walsh","Acción,Aventura,Comedia,Ciencia ficción,Western",5.322,/mCdo7nykEVCa25bjnkwgyX35fjm.jpg,"Jim West es un viejo héroe de la guerra de Secesión (1861-1865). Artemus Gordon es un imaginativo shériff que lo supera en el arte del disfraz. Cuando los Estados Unidos se ven amenazados por Arliss Loveless, un lunático confederado, el presidente Ulysses Grant encarga a esta excéntrica pareja que se ocupe de él. En un movido viaje desde Washington a Utah, nuestros héroes deberán enfrentarse a los diabólicos artilugios de Loveless.",G
464052,Wonder Woman 1984,2020-12-16,Patty Jenkins,"Gal Gadot, Chris Pine, Kristen Wiig, Pedro Pascal, Robin Wright","Acción,Aventura,Fantasía",6.346,/8UlWHLMpgZm9bx6QYh0NFoq67TZ.jpg,"En 1984, en plena guerra fría, Diana Prince, conocida como Wonder Woman se enfrenta al empresario Maxwell Lord y a su antigua amiga Barbara Minerva / Cheetah, una villana que posee fuerza y agilidad sobrehumanas.",J
57165,Wrath of the Titans,2012-03-28,Jonathan Liebesman,"Sam Worthington, Liam Neeson, Ralph Fiennes, Rosamund Pike, Bill Nighy","Fantasía,Aventura,Acción",5.775,/b9n2R3xZWQ8MVZgndQoV34stS0h.jpg,"Diez años después de los sucesos de “Furia de titanes”, Perseo (Sam Worthington) está decidido a llevar una vida tranquila con su hijo Helio. Sin embargo, los dioses, debilitados por la falta de fe de la humanidad, pierden el control sobre los Titanes, cuyo líder no es otro que Kronos, el padre de Zeus (Liam Neeson), Hades (Ralph Fiennes) y Poseidón (Danny Huston). Cuando Hades y Ares (Edgar Ramírez) llegan a un acuerdo con Kronos para capturar a Zeus, entonces Perseo tendrá que abandonar su apacible vida para rescatarlo, misión en la que cuenta con la ayuda de Andrómeda (Rosamund Pike), Agénor (Toby Kebbell) y Hefesto (Bill Nighy).",G
127585,X-Men: Days of Future Past,2014-05-15,Bryan Singer,"Hugh Jackman, James McAvoy, Michael Fassbender, Patrick Stewart, Ian McKellen","Acción,Aventura,Ciencia ficción",7.537,/tYfijzolzgoMOtegh1Y7j2Enorg.jpg,"Ambientada en la década de los 70, los miembros de la famosa Patrulla X tendrán que evitar un futuro apocalíptico en el que los mutantes luchan por sobrevivir en campos de concentración controlados por los temibles Centinelas. Para ello, los héroes del universo Marvel deberán unificar sus fuerzas dejando a un lado la creciente enemistad de los bandos liderados por Charles Xavier y Magneto. Trask Industries, la empresa encargada de crear a estos gigantescos cazamutantes, será el origen de todos sus problemas. Tan sólo viajando en el tiempo podrán impedir la masacre que se avecina. ¿Serán capaces nuestros héroes de derrocar a la multinacional y evitar así el exterminio de su especie?",G
791373,Zack Snyder's Justice League,2021-03-18,Zack Snyder,"Ben Affleck, Henry Cavill, Gal Gadot, Ray Fisher, Jason Momoa","Acción,Aventura,Fantasía",8.072,/tnAuB8q5vv7Ax9UAEje5Xi4BXik.jpg,"Con la determinación de asegurar que el sacrificio definitivo de Superman no fue en vano, Bruce Wayne une fuerzas con Diana Prince para reclutar a un equipo de metahumanos que protejan el mundo de una amenaza inminente de proporciones catastróficas. La tarea es más difícil de lo que Bruce imaginaba, ya que cada uno de los reclutas deberá enfrentarse a sus propios demonios para trascender aquello que los detenía, para unirse y formar de manera definitiva una liga de héroes sin precedentes. Ahora unidos, Batman, Wonder Woman, Aquaman, Cyborg y Flash deberán salvar al planeta de la amenaza de Steppenwolf, DeSaad y Darkseid, antes de que sea demasiado tarde.",J
338967,Zombieland: Double Tap,2019-10-09,Ruben Fleischer,"Jesse Eisenberg, Woody Harrelson, Emma Stone, Abigail Breslin, Zoey Deutch",Comedia,6.888,/dtRbVsUb5O12WWO54SRpiMtHKC0.jpg,"En esta secuela y empleando el característico sentido del humor del que hizo gala 'Zombieland', el grupo de protagonistas tendrá que viajar desde la Casa Blanca hasta el corazón de los Estados Unidos, sobreviviendo a nuevas clases de muertos vivientes que han evolucionado desde lo sucedido hace algunos años, así como a algunos supervivientes humanos rezagados. Pero, por encima de todo, tendrán que tratar de soportar los inconvenientes de convivir entre ellos.",K
912649,Venom: The Last Dance,2024-10-22,Kelly Marcel,"Tom Hardy, Chiwetel Ejiofor, Juno Temple, Rhys Ifans, Stephen Graham","Ciencia ficción,Acción,Aventura",6.668,/vGXptEdgZIhPg3cGlc7e8sNPC2e.jpg,"Eddie y Venom están a la fuga. Perseguidos por sus sendos mundos y cada vez más cercados, el dúo se ve abocado a tomar una decisión devastadora que hará que caiga el telón sobre el último baile de Venom y Eddie.",O
845781,Red One,2024-10-31,Jake Kasdan,"Dwayne Johnson, Chris Evans, Lucy Liu, J.K. Simmons, Bonnie Hunt","Acción,Aventura,Comedia,Fantasía",6.953,/cdqLnri3NEGcmfnqwk2TSIYtddg.jpg,"Tras el secuestro de Papá Noel (nombre en clave: RED ONE), el Jefe de Seguridad del Polo Norte (Dwayne Johnson) debe formar equipo con el cazarrecompensas más infame del mundo (Chris Evans) en una misión trotamundos llena de acción para salvar la Navidad.",N
860,WarGames,1983-06-03,John Badham,"Matthew Broderick, Dabney Coleman, John Wood, Ally Sheedy, Barry Corbin","Drama,Ciencia ficción,Suspense",7.07,/zZ1rN4LoPxKNfAp67Xl300WxVeD.jpg,"A David Lughtman, estudiante de diecisiete años, le han suspendido varias asignaturas. Pero haciendo uso de su gran habilidad con las computadoras, logra cambiar las notas y aprobar el curso. Un día, jugando con su máquina, David entra en contacto con 'Joshua', la computadora del Departamento de Defensa de los Estados Unidos, y decide 'jugar a la guerra'. El muchacho cree que es un juego más pero, sin darse cuenta, desafía a 'Joshua' a un escalofriante juego de guerra termonuclear mundial. Entre las dos máquinas planean desplegar todas las estrategias y opciones para una Tercera Guerra Mundial.",P
564,The Mummy,1999-04-16,Stephen Sommers,"Brendan Fraser, Rachel Weisz, John Hannah, Arnold Vosloo, Patricia Velásquez","Aventura,Acción,Fantasía",6.997,/yhIsVvcUm7QxzLfT6HW2wLf5ajY.jpg,"El legionario Rick O'Connell y su socio descubren durante una batalla en Egipto las ruinas de Hamunaptra, la ciudad de los muertos. Pasado un tiempo, este descubrimiento le permitirá salvar su vida y volver al lugar con una egiptóloga y su hermano, donde coinciden con un grupo de americanos. Todos ellos, seducidos por la aventura, provocarán la resurrección de la momia de un diabólico sacerdote egipcio que intenta desesperadamente recuperar a su amada.",P
1734,The Mummy Returns,2001-05-04,Stephen Sommers,"Brendan Fraser, Rachel Weisz, John Hannah, עודד פהר, Arnold Vosloo","Aventura,Acción,Fantasía",6.417,/kdJsW7hcy1lrj7tdMPycTAQPAiR.jpg,"Han pasado diez años, Rick O'Connell se ha casado con Evelyn, y ambos son padres del pequeño Alex, de ocho años. Cuando, tras una serie de acontecimientos, la momia del antiguo sacerdote egipcio Im-Ho-Tep es resucitada por una extraña secta en el British Museum, y la maldición milenaria del Rey Escorpión -que seis mil años atrás traicionó al dios Anubis- lo devuelve a la vida, el choque entre ambas fuerzas malignas desencadenará el caos en el mundo... si Rick y Evelyn no consiguen evitarlo.",P
4034,That Man from Rio,1964-02-05,Philippe de Broca,"Jean-Paul Belmondo, Françoise Dorléac, Jean Servais, Simone Renant, Adolfo Celi","Aventura,Acción,Comedia",7.3,/33Fe3pZs3PTfHoK9mSbcIG3Bz7j.jpg,"El soldado francés Adrien Dufourquet está a punto de pasar una semana de permiso más ajetreada de lo esperable. Mientras se dirige a París para visitar a su novia, se produce el robo de una estatuilla de origen amazónico en el Museo del Hombre de la capital. Los ladrones se llevan, además, al profesor Chatillón, miembro de la expedición que halló el objeto, y a su novia. Cuando Adrien aterriza en París tiene que seguir el rastro de los secuestradores hasta Río, Brasilia y el corazón del Amazonas.",O
71524,Ace of Aces,1982-10-27,Gérard Oury,"Jean-Paul Belmondo, Marie-France Pisier, Rachid Ferrache, Frank Hoffmann, Günter Meisner","Aventura,Comedia",7.1,/28vPYQiZsnpAhhMEK6MmHShkgfT.jpg,"Joe Cavalier (Jean-Paul Belmondo) fue uno de los más hábiles y valientes pilotos de la Primera Guerra Mundial (1914-1918). Veinte años después, es el entrenador de un equipo de púgiles franceses que participarán en las Olimpíadas de Berlín de 1936. Aprovechando la competición, Cavalier decide ayudar a escapar a un grupo de judíos, pero la falta de sentido de la orientación hace que el grupo se extravíe en la montaña.",O
762509,Mufasa: The Lion King,2024-12-18,Barry Jenkins,"Aaron Pierre, Kelvin Harrison Jr., Tiffany Boone, Kagiso Lediga, Preston Nyman","Aventura,Familia,Animación",7.284,/jbOSUAWMGzGL1L4EaUF8K6zYFo7.jpg,"Rafiki debe transmitir la leyenda de Mufasa a la joven cachorro de león Kiara, hija de Simba y Nala, y con Timón y Pumba prestando su estilo característico. Mufasa, un cachorro huérfano, perdido y solo, conoce a un simpático león llamado Taka, heredero de un linaje real. Este encuentro casual pone en marcha un viaje de un extraordinario grupo de inadaptados que buscan su destino.",O
822119,Captain America: Brave New World,2025-02-12,Julius Onah,"Anthony Mackie, Harrison Ford, Danny Ramirez, Shira Haas, Tim Blake Nelson","Acción,Suspense,Ciencia ficción",6.0,/pzIddUEMWhWzfvLI3TwxUG2wGoi.jpg,"Tras reunirse con el recién elegido presidente de los EE. UU., Thaddeus Ross, Sam se encuentra en medio de un incidente internacional. Debe descubrir el motivo que se esconde tras un perverso complot global, antes de que su verdadero artífice enfurezca al mundo entero.",P
433498,Papillon,2017-09-07,Michael Noer,"Charlie Hunnam, Rami Malek, Christopher Fairbank, Eve Hewson, Michael Socha","Aventura,Crimen,Drama",7.321,/ahF5c6vyP8HWMqIwlhecbRALkjq.jpg,"Henri “Papillon” Charrière está en la cárcel por un crimen que no ha cometido. Condenado a cadena perpetua y enviado a una prisión de la Guayana Francesa, salva la vida a otro preso, Louis Dega, un falsificador de documentos que decide ayudarle a escapar. Juntos planean el más increíble plan de fuga.",P
777443,The Electric State,2025-02-24,Joe Russo,"Millie Bobby Brown, Chris Pratt, Ke Huy Quan, Jason Alexander, Woody Norman","Acción,Aventura,Ciencia ficción",6.471,/sI2NiMU8o65hmIMY0JI9CjJ0p7f.jpg,"Una adolescente huérfana emprende un viaje para encontrar a su hermano desaparecido junto con un misterioso robot, un cínico contrabandista y su ocurrente compañero.",P
43898,The Lives of a Bengal Lancer,1935-01-11,Henry Hathaway,"Gary Cooper, Franchot Tone, Richard Cromwell, Guy Standing, C. Aubrey Smith","Aventura,Drama",6.6,/lcThieJiNXmXk9cjqfIYU4QEkhm.jpg,"Ambientada en la frontera del noroeste de la India en tiempos de la dominación británica, narra las luchas del 41º regimiento de Bengala contra las tribus de Mohammed Khan.",P
9292,Hudson Hawk,1991-05-23,Michael Lehmann,"Bruce Willis, Danny Aiello, Andie MacDowell, James Coburn, Richard E. Grant","Acción,Aventura,Comedia",5.733,/2AiR7HZuIOUdJp6LYOEOA8z7pF3.jpg,"Eddie Hawkins, más conocido como 'el gran halcón', es un ladrón de guante blanco que, después de cumplir una condena de diez años de prisión, ha decidido vivir como una persona honrada. Pero el loco Mayflower amenaza con matar a su amigo Tommy, si no roba unas obras de Leonardo Da Vinci.",P
823464,Godzilla x Kong: The New Empire,2024-03-27,Adam Wingard,"Rebecca Hall, Brian Tyree Henry, Dan Stevens, Kaylee Hottle, Alex Ferns","Acción,Aventura,Ciencia ficción",7.0,/z1p34vh7dEOnLDmyCrlUVLuoDzd.jpg,"Una aventura cinematográfica completamente nueva, que enfrentará al todopoderoso Kong y al temible Godzilla contra una colosal amenaza desconocida escondida dentro de nuestro mundo. La nueva y épica película profundizará en las historias de estos titanes, sus orígenes y los misterios de Isla Calavera y más allá, mientras descubre la batalla mítica que ayudó a forjar a estos seres extraordinarios y los unió a la humanidad para siempre.",P
45926,Victory,1996-12-13,Mark Peploe,"Willem Dafoe, Sam Neill, Irène Jacob, Rufus Sewell, Jean Yanne","Drama,Romance",5.2,/nWognOmUoqljccLmVoAvLe1XUo4.jpg,Sin sinopsis disponible.,P
608,Men in Black II,2002-07-03,Barry Sonnenfeld,"Tommy Lee Jones, Will Smith, Rip Torn, Lara Flynn Boyle, Johnny Knoxville","Acción,Comedia,Ciencia ficción",6.392,/enA22EPyzc2WQ1VVyY7zxresQQr.jpg,El agente J es enviado para encontrar al agente K y devolverle la memoria tras la reaparición de un caso del pasado de K.,P
950387,A Minecraft Movie,2025-03-31,Jared Hess,"Jason Momoa, Jack Black, Sebastian Eugene Hansen, Emma Myers, Danielle Brooks","Familia,Fantasía,Comedia,Aventura",6.218,/yFHHfHcUgGAxziP1C3lLt0q2T4s.jpg,"Cuatro inadaptados se encuentran luchando con problemas ordinarios cuando de repente se ven arrastrados a través de un misterioso portal al Mundo Exterior: un extraño país de las maravillas cúbico que se nutre de la imaginación. Para volver a casa, tendrán que dominar este mundo mientras se embarcan en una búsqueda mágica con un inesperado experto artesano, Steve.",P
1098006,Fountain of Youth,2025-05-19,Guy Ritchie,"John Krasinski, Natalie Portman, Eiza González, Domhnall Gleeson, Arian Moayed","Aventura,Fantasía,Misterio",6.237,/4iWjGghUj2uyHo2Hyw8NFBvsNGm.jpg,"Un genio cazatesoros reúne a un equipo para una misión que cambiará vidas. Pero para esquivar y superar los obstáculos que se encontrará, necesitará a alguien más listo que él: su distanciada hermana.",P
986056,Thunderbolts*,2025-04-30,Jake Schreier,"Florence Pugh, Sebastian Stan, Julia Louis-Dreyfus, Lewis Pullman, David Harbour","Acción,Ciencia ficción,Aventura",7.296,/hqcexYHbiTBfDIdDWxrxPtVndBX.jpg,"Un grupo de supervillanos poco convencional es reclutado para hacer misiones para el gobierno: Yelena Belova, Bucky Barnes, Red Guardian, Ghost, Taskmaster y John Walker. Después de verse atrapados en una trampa mortal urdida por Valentina Allegra de Fontaine, estos marginados deben embarcarse en una peligrosa misión que les obligará a enfrentarse a los recovecos más oscuros de su pasado.",P
1195631,William Tell,2025-01-17,Nick Hamm,"Claes Bang, Connor Swindells, گلشیفته فراهانی, Jonah Hauer-King, Ellie Bamber","Acción,Aventura,Drama,Historia",6.214,/8SdaetXSTPyQVDb5pTEPRLBSx15.jpg,"En el siglo XIV, las potencias europeas luchan por el dominio del Sacro Imperio Romano. El ambicioso Imperio Austríaco invade la pacífica Suiza, arrasando con todo a su paso. Guillermo Tell, un humilde cazador, se ve obligado a empuñar las armas cuando su familia y su tierra sufren la tiranía del rey austríaco y sus despiadados señores de la guerra.",P
2687,Memoirs of an Invisible Man,1992-02-28,John Carpenter,"Chevy Chase, Daryl Hannah, Sam Neill, Michael McKean, Stephen Tobolowsky","Ciencia ficción,Comedia,Romance,Suspense",5.9,/zSy5SyhacsgqRfuJToU6jXFZ1DD.jpg,"Nick Halloway (Chevy Chase) es un analista financiero muy jovial y divertido que conoce a Alice Monroe (Daryl Hannah), una atractiva rubia de la que se enamora. Un día Nick, estando en un laboratorio, es víctima de un accidente que le convierte en invisible. Cuando el agente del gobierno David Jenkins (Sam Neill) conoce la existencia de Nick, intenta recrutarlo como agente de espionaje para la CIA.",P
1234821,Jurassic World Rebirth,2025-06-23,Gareth Edwards,"Scarlett Johansson, Mahershala Ali, Jonathan Bailey, Rupert Friend, Manuel García-Rulfo","Ciencia ficción,Aventura,Acción",6.255,/1RICxzeoNCAO5NpcRMIgg1XT6fm.jpg,"Cinco años después de los eventos de 'Dominion', la ecología del planeta ha demostrado ser insoportable para los dinosaurios, donde los pocos que quedan viven aislados en las regiones ecuatoriales. Zora Bennett es contratada para dirigir a un equipo de especialistas cuyo objetivo es conseguir el material genético de las tres criaturas más grandes, las cuales tienen en su ADN la clave para fabricar un medicamento que aportará grandes beneficios a la humanidad. Pero la operación se cruzará con una familia cuyo barco volcó y todos acabarán en una isla prohibida ocupada por dinosaurios de numerosas especies, donde tendrán que hacer lo imposible para sobrevivir.",P
1061474,Superman,2025-07-09,James Gunn,"David Corenswet, Rachel Brosnahan, Nicholas Hoult, Edi Gathegi, Nathan Fillion","Ciencia ficción,Aventura,Acción",7.323,/ldyfo0BKmz5rWtJJKCvwaNS4cJT.jpg,"En un mundo que ha perdido la fe en la bondad, Superman lucha por reconciliar su herencia kryptoniana con los valores humanos que moldearon su carácter. Criado en la Tierra, representa la verdad, la justicia y el estilo americano, pero debe enfrentarse a un mundo cínico que cuestiona sus ideales. Entre el deber de proteger a la humanidad y la búsqueda de su identidad, Superman demuestra que la esperanza y la bondad nunca pasan de moda, incluso en los tiempos más oscuros, inspirando a otros a creer en un futuro mejor.",P
169066,Blindfold,1966-05-23,Philip Dunne,"Rock Hudson, Claudia Cardinale, Jack Warden, Guy Stockwell, Anne Seymour","Comedia,Romance,Suspense",6.3,/fzJ5UXjrahKtzwVL407miJX01tH.jpg,"Al doctor Bartolomew Snow, un afamado psiquiatra, lo contratan para tratar a un científico neurótico, pero tendrá que ir con los ojos vendados al lugar donde se encuentra el paciente. Sin embargo, una noche, cuando Snow, acompañado por un agente del gobierno, llega a su destino, se encuentra con una situación tan anómala que se da cuenta inmediatamente de que una importantísima red de espionaje lo está utilizando sin escrúpulo alguno. (FILMAFFINITY).",P
11385,Hatari!,1962-06-19,Howard Hawks,"John Wayne, Hardy Krüger, Elsa Martinelli, Red Buttons, Gérard Blain","Aventura,Comedia,Acción",6.8,/fT1Ht8PSM5cFKmejrnufWvpXAPk.jpg,Un grupo de cazadores se desplaza a África para capturar animales y llevarlos a los zoológicos y a los circos de Europa y Estados Unidos. La armonía de la expedición se rompe cuando entre en escena la bella fotógrafa Anna Maria D'Allesandro.,P
129,Spirited Away,2001-07-20,Hayao Miyazaki,"Rumi Hiiragi, Miyu Irino, Mari Natsuki, Takashi Naito, Yasuko Sawaguchi","Animación,Familia,Fantasía",8.535,/8TEs6twIANAc2qiU8m17JO8Ujcx.jpg,"Durante el traslado de su familia a los suburbios, una niña de 10 años de edad deambula por un mundo gobernado por dioses, brujas y espíritus, y donde los humanos se convierten en bestias.",N
1248230,Splash City,2026-07-20,Alex Ferrufino,"T.J. Atoms, Reed Shannon, Christopher Ammanuel, Zach Sowers, Destiny Hernandez","Crimen,Suspense",6.0,/pOdwaXV1w3vvTn1s7FTvqBQIDp.jpg,Sin sinopsis disponible.,N
238713,Spy,2015-05-06,Paul Feig,"Melissa McCarthy, Rose Byrne, Jason Statham, Jude Law, Miranda Hart","Acción,Comedia,Crimen",6.832,/vPBmfMHxQvRRNGYD5S5ko2KnX56.jpg,"Susan Cooper (Melissa McCarthy) es una modesta y sedentaria analista de la CIA y la heroína olvidada de las misiones más peligrosas de la agencia. Pero cuando su compañero (Jude Law) desaparece de la faz de la Tierra y otro agente (Jason Statham) se ve envuelto en problemas, Susan se presenta voluntaria como agente secreto para emprender una misión encubierta en la que se tendrá que infiltrar en el mundo de un sanguinario traficante de armas para evitar un desastre mundial.",H
239563,St. Vincent,2014-10-09,Theodore Melfi,"Bill Murray, Melissa McCarthy, Jaeden Martell, Naomi Watts, Chris O'Dowd",Comedia,7.1,/1bb7MTHCIPhpKZFysDpxNaNrdMk.jpg,"La película cuenta la historia de un chico cuyos padres se acaban de divorciar. La situación no es sencilla para él, le cuesta aceptar la nueva realidad y lo está pasando mal. Sin embargo, las cosas cambian cuando conoce al vecino que vive al lado de él. El hombre es un veterano de guerra misántropo y hedonista, y aparentemente no tienen nada en común. No obstante, entre ambos se establece una extraña relación de amistad y el hombre se convierte en el mentor del chico.",H
525814,Steve Martin and Martin Short: An Evening You Will Forget for the Rest of Your Life,2018-05-25,Marcus Raboy,"Steve Martin, Martin Short, Jesse Lunsford","Comedia,Música,Película de TV",6.6,/3STPYldeX274Uw20UikS55irMXM.jpg,Sin sinopsis disponible.,N
21629,Stir Crazy,1980-12-12,Sidney Poitier,"Gene Wilder, Richard Pryor, Georg Stanford Brown, JoBeth Williams, Miguel Ángel Suárez","Comedia,Crimen",6.5,/ehCdQewg9SxjhnimJrKwNKbr80C.jpg,"Dos amigos de Nueva York en paro aceptan un trabajo, en el que se disfrazan de pájaros gigantes en un banco. Unos atracadores entran en el banco utilizando el mismo disfraz, y los testigos confundirán a los inocentes amigos con los delincuentes, acabando en prisión.",O
912908,Strays,2023-08-17,Josh Greenbaum,"Will Ferrell, Jamie Foxx, Isla Fisher, Randall Park, Will Forte","Comedia,Aventura",7.178,/n1hqbSCtyBAxaXEl1Dj3ipXJAJG.jpg,"Dicen que el perro es el mejor amigo del hombre, pero ¿qué pasa cuando el humano en cuestión es un malnacido? En tal caso, puede que se merezca sufrir una dulce y perruna venganza. Reggie, un border terrier ingenuo y optimista hasta la médula, acaba abandonado en las despiadadas calles de la ciudad por su despreciable dueño, Doug, totalmente convencido de que todo ha sido un malentendido y que su adorado compañero de vida nunca se desentendería así de él.",O
10890,Stripes,1981-06-26,Ivan Reitman,"Bill Murray, Harold Ramis, Warren Oates, P. J. Soles, Sean Young","Acción,Comedia",6.6,/toyyN62VLUXoUudFbHPdrrmRFSZ.jpg,"Dos jóvenes, aburridos de la vida, deciden alistarse en el ejército. Pero pronto se dan cuenta de que la vida militar es tan caótica y disparatada como la vida cotidiana. Bajo la influencia de un sargento chiflado y de unos compañeros extravagantes, se verán en seguida envueltos en una serie de aventuras.",G
248507,Superchondriac,2014-02-26,Dany Boon,"Dany Boon, Kad Merad, Alice Pol, Jean-Yves Berteloot, Judith El Zein",Comedia,5.5,/3J84HvgThJyBSqNaAiX9EuiIGwx.jpg,"Romain Faubert es soltero, sin esposa ni niños. Trabaja como fotógrafo para un diccionario médico online, cosa que no alivia su condición de hiponcondríaco. Su único amigo es el Dr. Dimitri Zvenka, pero es una amistad no correspondida, pues el médico quiere librarse de Romain a toda costa, especialmente porque saca de quicio a su mujer.",H
11918,Superhero Movie,2008-03-28,Craig Mazin,"Drake Bell, Sara Paxton, Christopher McDonald, Leslie Nielsen, Kevin Hart","Comedia,Acción,Ciencia ficción",5.3,/nAzo5OOmoE9SXOv4mHTuiu58QXA.jpg,"Parodia de las películas de superhéroes, desde Spider-Man, hasta Batman Begins o Los 4 Fantásticos, de nuevo a cargo de los creadores de 'Scary Movie'. En esta ocasion la historia se centra en Rick Riker, un joven agradable pero muy torpe que adquiere superpoderes.",H
455980,Tag,2018-05-30,Jeff Tomsic,"Ed Helms, Jon Hamm, Jeremy Renner, Jake Johnson, Hannibal Buress","Comedia,Acción",6.7,/eXXpuW2xaq5Aen9N5prFlARVIvr.jpg,"Un mes al año, cinco amigos de lo más competitivos ponen en marcha el juego del tag, al que han estado jugando desde el instituto, sin límite alguno, arriesgando en ellos sus relaciones y trabajos para lograr derrotar al resto. Este año, el juego coincide con la boda del único jugador invicto, que finalmente puede ser presa fácil. Pero él sabe que vendrán… y está preparado.",K
24510,Red Carpet,2005-10-07,Luiz Alberto Pereira,"Matheus Nachtergaele, Gorete Milagres, Vinícius Miranda, Fernanda Ventura, Manoel Messias",Comedia,7.3,/wlUeXfZcR6zXGhJZ58vkw673Z1Z.jpg,Sin sinopsis disponible.,M
542922,Taxi to Treasure Rock,2019-03-15,Alejo Flah,"Dani Rovira, Ingrid García Jonsson, Joaquín Furriel, José Manuel Poga, Mona Martínez",Comedia,5.2,/n8oqnT7bPaubI6hRDc4dKQdJAdm.jpg,"Tres personajes (Dani Rovira, Joaquín Furriel, Ingrid García-Jonsson), unidos por la desesperación, emprenden un viaje siguiendo la promesa de un cargamento de oro perdido en los túneles del lugar más raro y desconocido de la Península Ibérica: Gibraltar.",K
877703,Teen Wolf: The Movie,2023-01-18,Russell Mulcahy,"Tyler Posey, Crystal Reed, Holland Roden, Tyler Hoechlin, Shelley Hennig","Acción,Fantasía,Película de TV",7.435,/wAkpPm3wcHRqZl8XjUI3Y2chYq2.jpg,"La luna llena se eleva en Beacon Hills, y con ella ha surgido un mal aterrador. Los lobos están aullando una vez más, pidiendo el regreso de Banshees, Werecoyotes, Hellhounds, Kitsunes y todos los demás cambiaformas en la noche. Pero solo un hombre lobo como Scott McCall, que ya no es un adolescente pero sigue siendo un Alfa, puede reunir nuevos aliados y reunir a amigos de confianza para luchar contra lo que podría ser el enemigo más poderoso y letal al que se han enfrentado jamás.",J
9388,Thank You for Smoking,2005-09-09,Jason Reitman,"Aaron Eckhart, Maria Bello, Cameron Bright, Adam Brody, Sam Elliott","Comedia,Drama",7.201,/41bMmglWT72OaRXrMROEyksOf3J.jpg,"Nick Naylor, jefe de prensa de una gran compañía de tabaco, dedica su vida a defender los derechos de los fumadores en medio de la cultura neo-puritana dominante. Enfrentado a grupos de defensa de la salud y a un oportunista senador, Nick pasa a la ofensiva como relaciones públicas del consumo de cigarrillos, pero al mismo tiempo comienza a pensar en la imagen que está dando a su hijo pequeño Joey.",G
221829,Thanks for the Memory,1938-11-11,George Archainbaud,"Bob Hope, Shirley Ross, Charles Butterworth, Otto Kruger, Hedda Hopper","Comedia,Música,Romance",5.8,/Ah1wNPkHP5b9sW3HcnZniXZJ0dD.jpg,"Un escritor en paro se ocupa de las labores domésticas, mientras su esposa va a trabajar para su ex novio, y editor del marido, quien todavía está enamorado de ella.",O
43799,That Uncertain Feeling,1941-04-20,Ernst Lubitsch,"Merle Oberon, Melvyn Douglas, Burgess Meredith, Alan Mowbray, Olive Blakeney","Comedia,Romance",6.564,/gkasJPQy4DtYCtllr68AZjDrJLQ.jpg,"Larry Baker (Melvyn Douglas), un agente de seguros que ama su trabajo y la vida hogareña, ignora, sin embargo, que su esposa Jill (Merle Oberon) se siente deprimida y abandonada, porque él no suele mostrarse ni cariñoso ni apasionado con ella. Cuando, para tratar el asunto, decide visitar a un psiquiatra, conoce en la sala de espera a un excéntrico pianista llamado Alexander Sebastian (Burguess Meredith).",O
481084,The Addams Family,2019-10-10,Conrad Vernon,"Oscar Isaac, Charlize Theron, Chloë Grace Moretz, Finn Wolfhard, Nick Kroll","Familia,Animación,Comedia,Fantasía",6.606,/q1epO0eO8DWu8Vo8tPfvVlzW48T.jpg,"Los integrantes de la espeluznante familia Addams preparan una fiesta a la que asistirán sus terroríficos familiares, pero una amenaza se cierne sobre todos ellos: una estrella de la televisión se ha dado cuenta de que la lúgubre mansión de la familia le impide vender todas las casas del vecindario y hará lo que sea necesario para deshacerse de ellos.",N
103747,The Angels' Share,2012-06-01,Ken Loach,"Paul Brannigan, Siobhan Reilly, John Henshaw, Gary Maitland, William Ruane","Drama,Comedia",6.9,/bt9kJ8gwTMaDcmL0INlJYIZ887t.jpg,"La nueva película del británico Ken Loach, se centra en el joven Robbie, que después de que casi lo condenen a ir a la cárcel, sigue sin levantar cabeza. Ahora tiene que cuidar de su hijo pequeño, pero lejos de abandonar su pasado de delincuente, en vez de enderezarse, continuará por el mal camino, ya que es lo único que conoce como medio para salir adelante. A través del trabajo social que le asignan para que realice una serie de tareas para conmutar su pena, se encuentra con Henri, un apasionado del whisky que le enseñará todos los secretos de este embaucador licor. Robbie se convertirá en un gran experto en el tema, y demostrará tener un gran paladar para diferenciar los ingredientes de cada variedad,saber su antigüedad, y qué cosecha es la más valiosa. Este nuevo descubrimiento de sus capacidades podría haberle abierto nuevas perspectivas de futuro, pero... ¿qué se puede hacer si uno tiene un don innato para el robo y el engaño?",G
14675,The Awful Truth,1937-10-21,Leo McCarey,"Irene Dunne, Cary Grant, Ralph Bellamy, Alexander D'Arcy, Cecil Cunningham","Comedia,Romance",7.216,/2VtsJoxvjpcMpwh0gweS8IMfHxO.jpg,"Jerry y Lucy Warriner están a punto de divorciarse y luchan por la custodia de su perro, Mr. Smith. Antes de que el divorcio se haga oficial, Jerry decide volver con Lucy, pero se entera de que ella va a casarse con un hombre que se ha hecho rico gracias al petróleo. Jerry contraataca anunciando su compromiso con la aristocrática Barbara Vance.",I
26509,The Bed Sitting Room,1969-06-01,Richard Lester,"Ralph Richardson, Rita Tushingham, Michael Hordern, Arthur Lowe, Mona Washbourne","Comedia,Ciencia ficción",5.9,/q2hbnDZI0R8myBsW0MLuA5et0px.jpg,"Inmediatamente después de la extraña y brevísima Tercera Guerra Mundial, están empezando a manifestarse las extrañas consecuencias de un accidente nuclear: un embarazo de 17 meses y, sobre todo, extrañas mutaciones entre los supervivientes, que se convierten en loros, armarios o incluso en una sala de estar con cama como le ha ocurrido a Lord Fortnum (Ralph Richardson). (FILMAFFINITY).",J
1206617,The Best Christmas Pageant Ever,2024-11-07,Dallas Jenkins,"Judy Greer, Pete Holmes, Molly Belle Wright, Beatrice Schneider, Sebastian Billingsley-Rodriguez","Comedia,Drama,Familia",6.8,/6XjvhydAlXbQodoWbIf77H0Dd9R.jpg,"Los niños Herdman son sin lugar a dudas los peores niños de la historia del mundo. Mienten, roban, engañan, intimidan y, en general, aterrorizan a su pequeña comunidad. Pero esta Navidad, se harán cargo del desfile de su iglesia local y, sin saberlo, podrían enseñarle a un pequeño pueblo sorprendido el verdadero significado de la Navidad..",N
115,The Big Lebowski,1998-03-06,Joel Coen,"Jeff Bridges, John Goodman, Julianne Moore, Steve Buscemi, David Huddleston","Comedia,Crimen",7.834,/3bv6WAp6BSxxYvB5ozKFUYuRA8C.jpg,"El Nota es un hombre fracasado y en paro que un día es confundido con otra persona con su mismo nombre. Dos matones irrumpen en su apartamento y destrozan su alfombra creyendo que están ante Jeff Lebowski un millonario de Pasadena. El primer error de El Nota es visitar a su opulento tocayo con la esperanza de que le reponga su vieja alfombra.Sin embargo, nuestro reticente héroe y su compinche Water se ven atrapados en un thriller con toques humorísticos muy al estilo de los hermanos Coen donde se mezclan la extorsión, la traición, la decepción, el chantaje, el sexo y las drogas.",G
525,The Blues Brothers,1980-06-16,John Landis,"John Belushi, Dan Aykroyd, James Brown, Cab Calloway, Ray Charles","Música,Comedia,Crimen",7.716,/b0hq1d2d7FIvRGNLewKLm79JNTK.jpg,"Tras pasar años en la cárcel por robo a mano armada, Jake Blues es puesto en libertad por buen comportamiento. Sale de prisión vestido de la misma forma en la que entró: traje y sombrero negro y gafas oscuras. En la puerta le espera su hermano Elwood vestido de idéntica manera. Ahora, el único hogar que conocieron está en peligro. El orfelinato de Santa Elena necesita una gran cantidad de dinero. Los hermanos se ponen manos a la obra.",H
267193,Grimsby,2016-02-24,Louis Leterrier,"Sacha Baron Cohen, Mark Strong, Isla Fisher, Penélope Cruz, Rebel Wilson","Acción,Comedia",5.951,/2jQGFmShpdflApc5oidJZ97m1d1.jpg,"Un implacable agente del MI6 británico (Mark Strong), del grupo de operaciones especiales, descubre que tiene un hermano (Sacha Baron Cohen) muy diferente a él: fanático del fútbol y protagonista de numerosos y disparatados altercados dado su peculiar y conflictivo carácter.",H
44747,The Caddy,1953-08-10,Norman Taurog,"Jerry Lewis, Dean Martin, Donna Reed, Barbara Bates, Joseph Calleia","Comedia,Música",6.3,/h1zLzZ8Ko6FdT4ISJOZM6I21l7K.jpg,"Harvey Miller (Jerry Lewis) es un dotado golfista pero extremadamente nervioso para jugar al golf en público, y actúa como entrenador y caddy para su amigo Joe Anthony (Dean Martin).",O
20625,The Cocoanuts,1929-05-23,Robert Florey,"Groucho Marx, Harpo Marx, Chico Marx, Zeppo Marx, Oscar Shaw","Comedia,Música",6.5,/xfiyCaWDfftKHzft2MKxAFFwHYL.jpg,"Durante el auge inmobiliario de Florida, los Hermanos Marx gestionan un hotel, subastan tierras, frustran un robo de joyas y, en general, actúan como ellos mismos.",J
69017,The Dancing Masters,1943-11-19,Malcolm St. Clair,"Stan Laurel, Oliver Hardy, Trudy Marshall, Robert Bailey, Matt Briggs",Comedia,6.257,/48gPXhikfcCr4FvMP68fWLZ6EAa.jpg,"Laurel y Hardy dirigen una escuela de danza. Laurel se encarga de los bailes clásicos y Hardy de los modernos. Bob Bailey ha hecho un invento importante, pero no puede casarse con la mujer a la que ama porque el padre de ésta se opone a la boda. Hardy trata de ayudarle en la comercialización del invento y ensaya distintos métodos para hacer dinero. Uno de ellos consiste en suscribir una póliza de seguros a favor de Laurel. Hardy, para cobrar la póliza, se entrevista con una banda de maleantes especialistas en eliminar a personajes asegurados...",K
371638,The Disaster Artist,2017-03-12,James Franco,"Dave Franco, James Franco, Seth Rogen, Ari Graynor, Alison Brie","Comedia,Drama",7.094,/2HuLGiyH0TPYxnCvYHAxc8K738o.jpg,"Narra la historia real del 'making of' de la película The Room, que ha sido considerada como “una de las peores películas de la historia'. Dirigida en 2003 por Tommy Wiseau, The Room se ha estado proyectando en salas completamente llenas por todo Norteamérica desde hace más de una década. The Disaster Artist es una buddy comedy sobre dos inadaptados en busca de un sueño. Cuando el mundo los rechaza, deciden hacer su propia película, un film maravillosamente espantoso gracias a sus momentos involuntariamente cómicos, sus tramas dispersas y sus terribles interpretaciones.",K
2925,The First Wives Club,1996-09-20,Hugh Wilson,"Goldie Hawn, Bette Midler, Diane Keaton, Maggie Smith, Sarah Jessica Parker",Comedia,6.7,/2ApifgYnfdJUSmCKzTBrWOYYWsn.jpg,"En Nueva York, tres mujeres maduras, antiguas compañeras, coinciden en el entierro de una amiga común. Son tres divorciadas que llegan a la conclusión de que sus maridos las han abandonado por mujeres más jóvenes. Deciden entonces formar un club para vengarse de ellos.",O
987,The Front Page,1974-11-01,Billy Wilder,"Jack Lemmon, Walter Matthau, Susan Sarandon, Vincent Gardenia, David Wayne",Comedia,7.297,/r4RtbJk8wVyZ1yk6yBZjzGD4ANU.jpg,"Chicago 1929. Ewan Williams, convicto del asesinato de un policía, espera en la cárcel el momento de su ejecución. Mientras tanto, en la sala de prensa del Tribunal Supremo, un grupo de periodistas espera el indulto o la confirmación de la sentencia. Hiddy Johnson, el cronista de sucesos del Chicago Examiner, que tendría que cubrir la información, está a punto de contraer matrimonio y abandonar su trabajo, pero Walter Burns, el maquiavélico director del periódico, empeñado en retenerlo, tratará de impedir su boda por todos los medios.",G
961,The General,1926-12-25,Clyde Bruckman,"Buster Keaton, Marion Mack, Glen Cavender, Jim Farley, Frederick Vroom","Comedia,Bélica,Romance",7.913,/4NmV1Wei4LxT2lpjViCAScgCZLq.jpg,"A pesar de querer alistarse, durante la Guerra de Secesión Johnny Gray (Buster Keaton) es destinado a la retaguardia. Todo cambia cuando un comando enemigo le roba las dos cosas que más ama: Anabelle Lee y 'La General', una locomotora.",J
82687,The Guilt Trip,2012-12-19,Anne Fletcher,"Seth Rogen, Barbra Streisand, Yvonne Strahovski, Colin Hanks, Brett Cullen",Comedia,5.6,/55JqWqocsMNx5uanELDRDFqu40J.jpg,"Andy Brewster está a punto de emprender el viaje de su vida, y quién mejor para acompañarle que su autoritaria madre, Joyce. Tras decidir comenzar su aventura con una rápida visita a la casa de su madre, Andy se siente culpable, y se la lleva en su viaje. A lo largo de casi 5.000 kilómetros con paisajes diferentes, a él le exasperan las constantes bufonadas de su madre, pero con el tiempo se va dando cuenta de que sus vidas tienen más cosas en común de lo que había creído en un principio.",I
18785,The Hangover,2009-06-02,Todd Phillips,"Bradley Cooper, Ed Helms, Zach Galifianakis, Justin Bartha, Heather Graham",Comedia,7.338,/A0uS9rHR56FeBtpjVki16M5xxSW.jpg,"'The Hangover' es la historia de una desmadrada despedida de soltero en la que el futuro novio y sus tres amigos, dos días antes de la boda, se montan la juerga padre en Las Vegas. Doug viaja a la ciudad del juego con sus mejores amigos Phil y Stu, así como su futuro cuñado Alan. La juerga es de campeonato y, como era de esperar, a la mañana siguiente tienen una resaca monumental. El problema es que, siendo incapaces de recordar nada de lo ocurrido durante la noche anterior, se encuentran con que el prometido ha desaparecido, topándose en su lugar con otras dos sorpresas en la suite del hotel: un tigre y un bebé.",H
45243,The Hangover Part II,2011-05-25,Todd Phillips,"Bradley Cooper, Ed Helms, Zach Galifianakis, Justin Bartha, Mason Lee",Comedia,6.513,/cKZu0Fdkj7dmwbfMpgDqVVCkLJQ.jpg,"Phil, Stu, Alan y Doug viajan a la exótica Tailandia para la boda de Stu. Con el recuerdo de la desastrosa despedida de soltero en Las Vegas aún vivo en su memoria - o al menos bien documentado -, Stu no deja nada al azar. Ha optado por un brunch preboda seguro y tranquilo con tortitas, café, y sin alcohol... Sin embargo, las cosas no siempre salen como se piensa. Dos noches antes del gran día, en un fabuloso resort de Tailandia, Stu cede. Una cerveza para cada uno. En botellas cerradas, ¿qué podría pasar?Lo que ocurre en Las Vegas se queda en Las Vegas, pero lo que ocurre en Bangkok resulta difícil de imaginar.",H
109439,The Hangover Part III,2013-05-23,Todd Phillips,"Bradley Cooper, Ed Helms, Zach Galifianakis, Justin Bartha, Ken Jeong",Comedia,6.213,/vtxuPWkdllLNLVyGjKYa267ntuH.jpg,"Tras la inesperada muerte de su padre, Alan (Zach Galifianakas) es llevado por sus amigos Phil (Bradley Cooper), Stu (Ed Helms) y Doug (Justin Bartha) a un centro especializado para que mejore. Esta vez no hay boda ni fiesta de despedida ¿Qué puede ir mal? Pues que cuando estos chicos salen a la carretera, y sobre todo cuando aparece Chow (Ken Jeong)... la suerte está echada. Tercera entrega de la franquicia iniciada en 2009 con 'Resacón en Las Vegas'.",G
23127,The Haunted World of El Superbeasto,2009-09-22,Rob Zombie,"Tom Papa, Sheri Moon Zombie, Paul Giamatti, Rosario Dawson, Joe Alaskey","Animación,Acción,Comedia,Fantasía,Terror,Música",5.9,/obOr6ir0UlLGqln6HVMa2My9ENs.jpg,"El film narra la retorcida historia de El Superbeasto (voz de Tom Papa), una especie de antiguo luchador enmascarado con fuerza sobrenatural, quien en estos momentos se dedica a la producción/dirección como estrella del Beastoworld Enterprise, pero que cuando puede pasa el tiempo luchando contra el mal junto a su Super-Sexy hermana, Suzi X (voz de Sheri Moon Zombie). Basado en el cómic de Rob Zombie, se trata de un film de animación que fue lanzado directamente a DVD con la calificación R.",H
136795,The Heat,2013-06-27,Paul Feig,"Sandra Bullock, Melissa McCarthy, Demián Bichir, Marlon Wayans, Michael Rapaport","Acción,Comedia,Crimen",6.6,/yERBa1y5zNUOTRKQPiDCPIc2fuv.jpg,"Sarah Ashburn es una arrogante detective del FBI que se verá obligada a trabajar a regañadientes junto a Shannon Mullins, una agente de policía de la ciudad de Boston, Massachusetts, de carácter excéntrico e impulsivo. Las dos mujeres tendrán que aprender a resolver sus grandes diferencias, a compartir sus habilidades y a unir sus fuerzas, para conseguir el objetivo que tienen en común: acabar de una vez por todas con un terrorista ruso extremadamente peligroso.",G
12620,The House Bunny,2008-08-22,Fred Wolf,"Anna Faris, Colin Hanks, Emma Stone, Kat Dennings, Hugh Hefner","Romance,Comedia",5.684,/4oGGJ824vqIqDtyMvMuK44pDEmx.jpg,"Shelly (Anna Faris) es una conejita del Playboy que, tras ser expulsada de la famosa mansión Playboy, y sin sitio donde ir, entra a formar parte de la hermandad Zeta Tau Zeta del campus de la universidad. Allí tendrá mucho que enseñar a sus compañeras de estudios.",H
244688,The Hungover Games,2014-02-01,Josh Stolberg,"Ben Begley, Herbert Russell, Ross Nathan, Sam Pancake, John Livingston",Comedia,4.076,/sOqB812jWYgcHCyT2PVEk3RBtSm.jpg,"Tras celebrar la inminente boda de Doug, Bradley, Ed y Zach se despiertan en una habitación extraña en un mundo aún más extraño sin su amigo Doug. Cuando conocen a la altiva Effing y al alcohólico Justmitch, los tres empiezan a encajar las piezas del misterio y se dan cuenta de que están en los Juegos del resacón. Pero en lugar de los doce distritos de los Juegos del Hambre, los chicos tienen que hacer un mano a mano con varios distritos de la cultura pop, como el Distrito de los Superhéroes, el Distrito de la Desnudez Gratuita y el Distrito Johnny Depp.",G
449562,The Hustle,2019-05-09,Chris Addison,"Anne Hathaway, Rebel Wilson, Alex Sharp, Dean Norris, Timothy Simons","Comedia,Crimen",6.191,/qZniBGQRESLIfxw6GeZLZ2G1osa.jpg,"Dos artistas del engaño, una de clase alta y la otra de los barrios bajos, deciden unirse para timar a los hombres... Remake de la comedia de 1988 'Dirty Rotten Scoundrels'.",K
124459,The Incredible Burt Wonderstone,2013-03-14,Don Scardino,"Steve Carell, Steve Buscemi, Olivia Wilde, Jim Carrey, James Gandolfini",Comedia,5.762,/Bl95sg5Ljo3Hu9SSL0JOvLerLh.jpg,"Burt Wonderstone, un convencional mago de Las Vegas, está pasando un mal momento: acaba de romper una larga relación romántica con su pareja en el escenario y, por si fuera poco, un nuevo ilusionista, que hace trucos más espectaculares y peligrosos, amenaza con destronarlo.",I
257211,The Intern,2015-09-23,Nancy Meyers,"Robert De Niro, Anne Hathaway, Rene Russo, Anders Holm, JoJo Kushner",Comedia,7.225,/slAaLd8ar2JW8RFrfyIjEQR49OT.jpg,"La joven dueña de un exitoso negocio online dedicado a la moda no se toma demasiado bien el hecho de que la compañía contrate como becario a un hombre de 70 años, pero eso irá cambiando progresivamente, ya que poco a poco el hombre comienza a convertirse en alguien indispensable.",H O
261098,The Kid Brother,1987-03-11,Claude Gagnon,"Kenny Easterday, Caitlin Clarke, Liane Curtis, Zach Grenier, Jesse Easterday",Drama,5.9,/m3vi23Gp5HVUOSyxgcxxCa1oP3M.jpg,Sin sinopsis disponible.,M
3086,The Lady Eve,1941-02-25,Preston Sturges,"Barbara Stanwyck, Henry Fonda, Charles Coburn, Eugene Pallette, William Demarest","Comedia,Romance",7.258,/lJYD3CMgKtv12hazSHc7xt3i2uq.jpg,"Durante un viaje en un trasatlántico, Charles Pike, un soltero millonario experto en serpientes que vuelve de la jungla, se enamora de Jean Harrington, una jugadora profesional que, junto con su padre, hace trampas con las cartas. Jean, que también se ha enamora de Charlie, decide abandonar el juego pero, cuando Charlie se entera de cuál es su medio de vida, rompe su compromiso con ella. Jean, dolida, intenta vengarse. La oportunidad se presenta cuando Los Harrington se encuentran con un estafador amigo suyo. Entonces Jean decide hacerse pasar por su sobrina: Lady Eve Sidwich. Charlie conoce en una fiesta a Lady Eve y queda anonadado por su parecido con Jean.",H
3086,The Lady Eve,1941-02-25,Preston Sturges,"Barbara Stanwyck, Henry Fonda, Charles Coburn, Eugene Pallette, William Demarest","Comedia,Romance",7.258,/lJYD3CMgKtv12hazSHc7xt3i2uq.jpg,"Durante un viaje en un trasatlántico, Charles Pike, un soltero millonario experto en serpientes que vuelve de la jungla, se enamora de Jean Harrington, una jugadora profesional que, junto con su padre, hace trampas con las cartas. Jean, que también se ha enamora de Charlie, decide abandonar el juego pero, cuando Charlie se entera de cuál es su medio de vida, rompe su compromiso con ella. Jean, dolida, intenta vengarse. La oportunidad se presenta cuando Los Harrington se encuentran con un estafador amigo suyo. Entonces Jean decide hacerse pasar por su sobrina: Lady Eve Sidwich. Charlie conoce en una fiesta a Lady Eve y queda anonadado por su parecido con Jean.",O
55628,The Last Remake of Beau Geste,1977-06-15,Marty Feldman,"Ann-Margret, Marty Feldman, Michael York, Peter Ustinov, James Earl Jones","Aventura,Acción,Comedia",5.708,/6GwMgIuOKxf1TCdgZGDQ56Kvyt.jpg,"'Mi bello legionario' es una adaptación de la novela 'Beau Geste', de Sir Christopher Percival. Es una película cómica que trata la temática de la legión a través de la historia de dos hermanos muy diferentes entre sí. Uno es guapo, valiente y habilidoso, mientras que el otro destaca más bien por su bondad y fragilidad. Ambos se alistan en la legión, donde llevarán a cabo la misión de encontrar una piedra preciosa muy codiciada, y el primero está muy preocupado porque no le ocurra nada a su hermano. Marty Feldman es el encargado de dirigir esta versión cómica de la novela. Aunque la de Percival ha sido adaptada ya en otras ocasiones, esta es la única vez que se trata el tema con un toque de humor y momentos surrealistas. Los personajes principales son interpretados por el propio Marty Feldman, Michael York y Ann-Margret, entre otros.",M
576156,The Lovebirds,2020-05-22,Michael Showalter,"Issa Rae, Kumail Nanjiani, Paul Sparks, Anna Camp, Nicholas X. Parsons","Romance,Comedia",6.1,/5jdLnvALCpK1NkeQU1z4YvOe2dZ.jpg,"A punto de separarse, una pareja se enreda involuntariamente en un extraño, divertido y misterioso asesinato. A medida que se acercan al momento de limpiar sus nombres y resolver el caso, necesitan descubrir cómo ellos y su relación pueden sobrevivir a esa noche.",K
854,The Mask,1994-07-29,Chuck Russell,"Jim Carrey, Peter Riegert, Peter Greene, Amy Yasbeck, Richard Jeni","Comedia,Fantasía,Crimen,Romance",6.997,/jPC2eYub74zwf2tPGVtzSlBW6Oy.jpg,"Stanley es un ingenuo empleado de banca incapaz de enterarse de cuándo se aprovechan de él, al que su jefe mangonea, al que su casera humilla, y al que solamente su perro parece ser capaz de aguantar. Su amigo Charlie le invita a ir al cabaret Coco Bongo para intentar estimularle y conseguir que espabile, pero antes de que eso ocurra, aparece la bella Tina Carlyle, que entra en el banco para hablar con Stanley y de paso fotografiar la caja fuerte con una mini cámara. Es entonces cuando Stanley encuentra una máscara que le da grandes poderes y que también le quita todos sus miedos: ahora es libre de actuar como quiera.",K O
339024,The Milky Way,2014-04-01,Jon Fitzgerald,"Minnie Driver, Rachel Luttrell, Alanis Morissette, Carrie-Anne Moss","Documental,Familia",7.0,/3qx94kK4Q8Iu931htlTTmcqSzug.jpg,Sin sinopsis disponible.,J
10466,The Money Pit,1986-03-26,Richard Benjamin,"Tom Hanks, Shelley Long, Александр Годунов, Maureen Stapleton, Joe Mantegna","Comedia,Romance",6.523,/bohhidIi1WWU5NNYF9l5wLQu3Ii.jpg,"Anna es una joven y atractiva violinista que, con su novio Walter, vive provisionalmente en el apartamento de su ex-marido, un famoso director de orquesta. De repente, éste aparece en la casa y la pareja tiene que buscar otra residencia. Walter recurre a su amigo Jack, agente de la propiedad, que le proporciona una auténtica ganga en las afueras de la ciudad.",O
5353,The Hunting Party,2007-09-03,Richard Shepard,"Richard Gere, Terrence Howard, Jesse Eisenberg, Dylan Baker, מארק איווניר","Acción,Aventura,Suspense,Drama",6.5,/kXUfQGa7BoW856hDYAFtZLtiAAQ.jpg,"El reportero de televisión Simon Hunt y el cámara Duck han trabajado en la zonas de guerra más candentes del mundo. Pero un fatídico día, en un pequeño pueblo de Bosnia, todo cambia de repente. Durante una emisión en directo para la televisión nacional, Simon se derrumba. Como consecuencia Duck es ascendido y Simon simplemente desaparece. Cinco años más tarde, Duck regresa a Sarajevo con un corresponsal novato, Benjamin, para cubrir el quinto aniversario del final de la guerra. Simon aparece como un fantasma del pasado y convence a Duck de que sabe dónde está el criminal de guerra más buscado de Bosnia: El Zorro. Armado únicamente de unos cuantos datos escasos, Simon, Duck y Benjamin se embarcan en un oscuro y peligroso viaje que les adentrará en territorios hostiles.",O
1546001,The More the Merrier,2025-11-28,Peter Benson,"Rachel Boston, Brendan Penny, Lucia Walters, Aadila Dosani, Jecca Beauchamp","Romance,Drama,Película de TV",6.3,/3wiTWMVT6RpnMkWfW5tW39Ou8ba.jpg,Sin sinopsis disponible.,J
33536,The Naughty Nineties,1945-06-20,Jean Yarbrough,"Bud Abbott, Lou Costello, Alan Curtis, Rita Johnson, Henry Travers",Comedia,6.7,/ilmFwtwiheeAFkDsdqiyCASVqZZ.jpg,"En la década de 1890, el capitán Sam lleva su barco-teatro River Queen a lo largo del río Mississippi, llevando su espectáculo de entretenimiento a cada pueblo. Durante una de esas escalas, en la ciudad de Ironville, se encuentra con tres granujas, Crawford, Bonita y Bailey, que se esconden de la policía local. Dexter Broadhurst y su jefe Sebastian Dinwiddle, se unen a ellos para jugar una partida de cartas. Después de beber hasta embriagarse, y a resultas de una partida amañada, el capitán pierde su barco. Los nuevos dueños usan su poder para convertir el Showboat en un casino flotante. Pero Dexter y Sebastian ayudarán al capitán a recuperar la propiedad de su buque y expulsar a los delincuentes...",O
38966,The Night Before,1988-04-15,Thom Eberhardt,"Keanu Reeves, Lori Loughlin, Theresa Saldana, Trinidad Silva, Suzanne Snyder","Comedia,Romance",6.1,/o3GOrWh7ytlKsdOGI77WFauZORr.jpg,"Winston Connelly (Keanu Reeves) solo recuerda que la noche anterior no pudo llegar a la fiesta de graduación. En plena noche se despierta vestido con su smoking sucio y arrugado en una calle desconocida de Los Ángeles, pero no sabe por qué. Tendrá que averiguar qué ha ocurrido con sus llaves del coche, con su dinero y con la chica que le acompañaba al baile. Además, hay un chico llamado ‘Tito’ que parece que le quiere ver muerto.",H
26200,The Nude Bomb,1980-05-09,Clive Donner,"Don Adams, Sylvia Kristel, Rhonda Fleming, Dana Elcar, Andrea Howard","Acción,Comedia,Crimen,Misterio",5.342,/1Cw5dYefeLfQ2NkMSEuRoWfsXt9.jpg,"Un desconocido terrorista ha fabricado un nuevo tipo de bomba que destruye la ropa y deja a la gente desarmada. El agente Maxwell Smart, que se había retirado, recibe la orden de capturarlo. Nominada en los Razzie de 1981 como peor película.",M
193610,The Other Woman,2014-04-16,Nick Cassavetes,"Cameron Diaz, Leslie Mann, Kate Upton, Nikolaj Coster-Waldau, Don Johnson","Comedia,Romance",6.423,/yHnbb6z8REuFIyBLT2Nj3MX54dY.jpg,"Una mujer se entera de que el hombre con quien sale está casado. Además descubre que tiene mucho en común con la esposa, por lo que ambas, junto a su actual amante, deciden vengarse de él por sus infidelidades.",G
8970,The Out-of-Towners,1999-04-02,Sam Weisman,"Steve Martin, Goldie Hawn, Mark McKinney, John Cleese, Joe Grifasi","Comedia,Romance,Aventura",5.8,/wOmLJYh7oOfATE236XpoDfcXhOh.jpg,"Remake de un film de Arthur Hill de 1970, de mismo título original y protagonizado entonces por Jack Lemmon y Sandy Dennis. En esta ocasión son Steve Martin y Goldie Hawn la pareja de visita en Nueva York para una entrevista de trabajo cuyo viaje y estancia en la Gran Manzana no sale como ellos esperaban.",O
5353,The Hunting Party,2007-09-03,Richard Shepard,"Richard Gere, Terrence Howard, Jesse Eisenberg, Dylan Baker, מארק איווניר","Acción,Aventura,Suspense,Drama",6.5,/kXUfQGa7BoW856hDYAFtZLtiAAQ.jpg,"El reportero de televisión Simon Hunt y el cámara Duck han trabajado en la zonas de guerra más candentes del mundo. Pero un fatídico día, en un pequeño pueblo de Bosnia, todo cambia de repente. Durante una emisión en directo para la televisión nacional, Simon se derrumba. Como consecuencia Duck es ascendido y Simon simplemente desaparece. Cinco años más tarde, Duck regresa a Sarajevo con un corresponsal novato, Benjamin, para cubrir el quinto aniversario del final de la guerra. Simon aparece como un fantasma del pasado y convence a Duck de que sabe dónde está el criminal de guerra más buscado de Bosnia: El Zorro. Armado únicamente de unos cuantos datos escasos, Simon, Duck y Benjamin se embarcan en un oscuro y peligroso viaje que les adentrará en territorios hostiles.",J O
981,The Philadelphia Story,1940-12-05,George Cukor,"Cary Grant, Katharine Hepburn, James Stewart, Ruth Hussey, John Howard","Comedia,Romance",7.5,/dKUubjvxO78XDts6VP1Ggcp4R9O.jpg,"Historias de Filadelfia es una comedia protagonizada por Cary Grant, Katherine Hepburn y James Stewart. Tracy Lord (Katherine Hepburn) es idolatrada por todo el mundo y debe mantener a su siniestro ex-marido, un periodista alcohólico, y su futuro marido contentos.",O
5185,The Private Life of Sherlock Holmes,1970-10-29,Billy Wilder,"Robert Stephens, Colin Blakely, Geneviève Page, Christopher Lee, Tamara Toumanova","Misterio,Crimen,Comedia",6.818,/vQSYu0DXkqTOEfWF21AzaqXxYCZ.jpg,"Sherlock Holmes y el doctor Watson parten hacia Escocia para investigar la desaparición del marido de una bella mujer. Una vez allí, descubren que en el caso está involucrada una sociedad que pertenece al Servicio Secreto de su Majestad. Pero, antes de que pueda aplicar sus extraordinarias dotes de deducción para resolver el asunto, Holmes comete un error que, además de arruinar su reputación, podría también poner en peligro la seguridad de Gran Bretaña.",G
18240,The Proposal,2009-06-02,Anne Fletcher,"Sandra Bullock, Ryan Reynolds, Malin Akerman, Craig T. Nelson, Mary Steenburgen","Comedia,Romance,Drama",7.182,/6stnAm1wSek8ZrislwK4xGTyCnt.jpg,"Margaret es una poderosa y estricta editora de gran éxito de Nueva York que, por un problema con su visado, de repente se enfrenta a ser deportada a Canadá, su país de origen. Para evitarlo y poder mantener su visa en Estados Unidos, la astuta ejecutiva declara que está comprometida con su joven asistente Andrew, al que lleva torturando durante años. Andrew acepta participar en la farsa, pero con algunas condiciones. La 'pareja' se dirige entonces a Alaska a conocer la peculiar familia de él, y la ejecutiva de ciudad, acostumbrada a tener todo bajo control, se encuentra inmersa en situaciones surrealistas que escapan a cualquier lógica conocida. Con planes de boda en camino y un agente de inmigración tras sus pasos, Margaret y Andrew se comprometen a seguir con el plan previsto pese a las consecuencias.",K
64382,The Reluctant Debutante,1958-08-14,Vincente Minnelli,"Rex Harrison, Kay Kendall, John Saxon, Sandra Dee, Angela Lansbury","Comedia,Romance",6.7,/prqscm98H6Ybt5AD8JvIhOgqXFO.jpg,Jimmy Broadbent (Rex Harrison) quiere introducir a su joven hija (Sandra Dee) en los salones de la alta sociedad londinense para que pueda conocer jóvenes solteros y ricos. Pero a la chica ese ambiente le resulta demasiado aburrido. Sus padres se quedan horrorizados cuando se enteran de que está saliendo con el batería de un grupo de rock.,K
31804,The Road to Hong Kong,1962-03-29,Norman Panama,"Bing Crosby, Bob Hope, Joan Collins, Robert Morley, Walter Gotell","Comedia,Aventura,Música,Ciencia ficción",5.824,/6HWu1UwUbXls12RgyLh4EvrHT6u.jpg,"Harry (Crosby) y Chester (Hope) son dos actores de vodevil que viajan al Tíbet en busca de una cura que devuelva la memoria a Chester. Cuando por fin dan con ella, su memoria mejora tanto que se aprende sin querer una fórmula secreta que hace posibles los viajes espaciales.",K
31918,The Russians Are Coming! The Russians Are Coming!,1966-05-25,Norman Jewison,"Carl Reiner, Eva Marie Saint, Alan Arkin, Brian Keith, Paul Ford","Comedia,Bélica",6.5,/rRGeIp9MOAfFHH3Exr5Ago7hEuq.jpg,Un submarino ruso encalla en un tranquilo lugar de la costa de los Estados Unidos y sus tripulantes salen al exterior a pedir ayuda. Pero cerca de allí hay una pequeña población cuyos habitantes transforman esta llegada en invasión.,H
116745,The Secret Life of Walter Mitty,2013-12-18,Ben Stiller,"Ben Stiller, Kristen Wiig, Sean Penn, Shirley MacLaine, Adam Scott","Aventura,Comedia,Drama,Fantasía",7.232,/iAo1hlzsPV9XpYcLQp6Ud065tGO.jpg,"Remake de 'La vida secreta de Walter Mitty', película estrenada en 1947 y que fue dirigida por Norman Z. McLeod. La historia se basaba en un relato de James Thurber que giraba en torno al tímido empleado de una editorial que consigue evadirse de su gris existencia imaginando que es el héroe de grandes aventuras, un día, su sueño se hace realidad cuando conoce a una misteriosa mujer que le implica en una peligrosa misión.",G
113947,The Sessions,2012-05-02,Ben Lewin,"John Hawkes, Helen Hunt, William H. Macy, Moon Bloodgood, Annika Marks","Drama,Romance,Comedia",6.888,/57o1DBc5DfJXVc8wArAblSbZ8sD.jpg,"Mark O'Brien, poeta y periodista que vive con un pulmón artificial, a sus 36 años decide perder la virginidad. Con la ayuda de su terapeuta y la orientación de un sacerdote, se pone en contacto con una profesional que intentará que alcance la edad adulta.",I
35,The Simpsons Movie,2007-07-25,David Silverman,"Dan Castellaneta, Julie Kavner, Nancy Cartwright, Yeardley Smith, Hank Azaria","Animación,Comedia,Familia",7.024,/s3b8TZWwmkYc2KoJ5zk77qB6PzY.jpg,"Homer debe salvar al mundo de una catástrofe que él mismo ha provocado. Todo comienza con Homer, su nueva mascota, un cerdo, y un silo lleno de excrementos que tiene una fuga, una combinación que desencadena un desastre distinto a todo lo que Springfield haya experimentado jamás. Mientras Marge está indignada por la monumental metedura de pata de su patán marido, una turba vengativa cae sobre el hogar de los Simpson...",H
57431,The Sitter,2011-12-09,David Gordon Green,"Jonah Hill, Landry Bender, Max Records, Kevin Hernandez, Ari Graynor",Comedia,5.569,/jlGzZ8McDp73PAaWMeYCHWeHiM4.jpg,"Todo comienza con un simple favor que con el tiempo se transforma en algo terrible. Cuando el peor canguro del mundo (Jonah Hill) embarca a los tres peores niños del mundo en una inolvidable aventura nocturna por las calles de la ciudad de Nueva York, con transporte de drogas y strippers incluidas, nadie puede predecir quién va a volver a su casa de una pieza...",M
58182,The Stooge,1951-11-15,Norman Taurog,"Dean Martin, Jerry Lewis, Polly Bergen, Marion Marshall, Eddie Mayehoff","Comedia,Drama,Romance",6.6,/cskQxPZ9hvOAnfnmhfvMMmplIeI.jpg,"Bill (Deam Martin) utiliza a un cómico colocado entre el público (Jerry Lewis) para mejorar su espectáculo, el cual es su socio Ted. Los problemas inician cuando él sobresale más que Bill quien no puede soportarlo.",K
24381,The Titfield Thunderbolt,1953-03-04,Charles Crichton,"Stanley Holloway, George Relph, Naunton Wayne, John Gregson, Godfrey Tearle",Comedia,7.0,/pGIAJXG5l8mrtuljnkufBM0ARaQ.jpg,"Un pequeño pueblo inglés está a punto de perder su estación de tren, por lo que decidirán unir esfuerzos y hacerla funcionar ellos mismos, compitiendo con la compañía local de autobuses.",H
426264,The Trip to Spain,2017-08-24,Michael Winterbottom,"Steve Coogan, Rob Brydon, Marta Barrio, Claire Keelan, Tom Clegg","Comedia,Drama",6.5,/74RSdBGWdtbdClQ2NGJeTTyO7fq.jpg,"Gastronomía y amistad, charlas y restaurantes se han sucedido por las regiones de Cantabria, País Vasco, Aragón, Castilla La Mancha y Andalucía. Coogan y Brydon hablan de celebridades entre bromas ingeniosas junto a la paella y el gazpacho, y sus cómicas observaciones sobre la fama son tan secas como el mejor vino español. Esta misma película tiene también su versión en formato serie.",K
252838,The Wedding Ringer,2015-01-16,Jeremy Garelick,"Kevin Hart, Josh Gad, Kaley Cuoco, Affion Crockett, Olivia Thirlby",Comedia,6.458,/ciR2suRkfJen9lQvfz22lgCj7g7.jpg,"A menos de dos semanas de casarse con Gretchen, la chica de sus sueños, Doug Harris no encuentra siquiera a un conocido que pueda hacer de padrino en su boda, por lo que termina contratando a Jimmy Callahan, propietario de una empresa que provee de falsos padrinos a novios solitarios como él.",H
106646,The Wolf of Wall Street,2013-12-25,Martin Scorsese,"Leonardo DiCaprio, Jonah Hill, Margot Robbie, Matthew McConaughey, Kyle Chandler","Crimen,Drama,Comedia",8.027,/kW9LmvYHAaS9iA0tHmZVq8hQYoq.jpg,"Película basada en hechos reales del corredor de bolsa neoyorquino Jordan Belfort. A mediados de los años 80, Belfort era un joven honrado que perseguía el sueño americano, pero pronto en la agencia de valores aprendió que lo más importante no era hacer ganar a sus clientes, sino ser ambicioso y ganar una buena comisión. Su enorme éxito y fortuna le valió el mote de 'El lobo de Wall Street'. Dinero. Poder. Mujeres. Drogas. Las tentaciones abundaban y el temor a la ley era irrelevante. Jordan y su manada de lobos consideraban que la discreción era una cualidad anticuada, nunca se conformaban con lo que tenían.",G
5968,The Woman in Red,1984-08-15,Gene Wilder,"Gene Wilder, Charles Grodin, Joseph Bologna, Judith Ivey, Michael Huddleston","Comedia,Romance",6.315,/4cBhKj5wVEyJdXwZfxHB1E4P749.jpg,"Teddy Pierce lo tiene aparentemente todo: una buena esposa, hijos, amigos y un buen puesto de trabajo en una agencia de publicidad. Un día se cruza con una mujer que viste un provocativo vestido de seda rojo. Teddy descubre que la chica es la modelo seleccionada por su agencia para una nueva campaña publicitaria. A partir de este momento, el sueño de Teddy será tener una aventura con ella.",J
19662,The World of Henry Orient,1964-03-19,George Roy Hill,"Peter Sellers, Tippy Walker, Merrie Spaeth, Paula Prentiss, Angela Lansbury","Comedia,Drama",5.9,/9FWPyQuLy1wsQfDwudM2tHamzBg.jpg,"Dos colegialas, fascinadas por un concertista de piano, lo espían, lo siguen por todas partes y conspiran para introducirse en su vida en una desenfrenada y loca historia. Con Nueva York como telón de fondo, las precoces adolescentes harán todo lo posible por no perder de vista a su héroe, poniendo patas arriba la vida de Henry Orient.",K
107985,The World's End,2013-07-18,Edgar Wright,"Simon Pegg, Nick Frost, Paddy Considine, Martin Freeman, Eddie Marsan","Comedia,Acción,Ciencia ficción",6.812,/kpglnOBYmKn0AkkWDzGxzKHDbds.jpg,"Cinco amigos de la infancia se reúnen después de 20 años porque uno de ellos está empeñado en volver a probar suerte en un maratón alcohólico que nunca pudieron llegar a completar. Gary King, un cuarentón que todavía no ha conseguido superar la adolescencia, convence a sus cuatro reacios amigos y los arrastra a su pueblo natal en un desesperado intento por llegar al famoso pub “The World’s End”. Pero mientras intentan reconciliar el presente con el pasado, empiezan a darse cuenta de que la auténtica lucha debe librarse por el futuro, y no solo el suyo, sino el de toda la humanidad. Llegar al pub “The World’s End” es ahora el último de sus problemas.",G
544,There's Something About Mary,1998-07-15,Peter Farrelly,"Cameron Diaz, Matt Dillon, Ben Stiller, Lee Evans, Chris Elliott","Romance,Comedia",6.639,/slJD1Dvnsf15LoeqhERsyzisAdn.jpg,"Ted Strohehmann ha vivido angustiado durante 14 años de su vida, la razón de su desgracia no es otra que la famosa Mary Jensen, la chica que todos desean y con la que por fin, consigue tener una cita en la fiesta de fin de curso.",M O
180296,They Came Together,2014-06-27,David Wain,"Paul Rudd, Amy Poehler, Bill Hader, Ellie Kemper, Cobie Smulders",Comedia,5.6,/ifvKTtvmPYOGed2hP9ogPq98In7.jpg,Un ejecutivo de una gran empresa se cruza con la dueña de un pequeño establecimiento de chucherías que la multinacional pretende adquirir.,J
89492,This Is 40,2012-12-20,Judd Apatow,"Paul Rudd, Leslie Mann, John Lithgow, Megan Fox, Maude Apatow",Comedia,5.907,/mzUuOIFoVkRTHACRb58vm6mkbBN.jpg,"El director y productor Judd Apatow ('Virgen a los 40'), regresa a su particular universo tragicómico derivado de la crisis de la mediana edad partiendo esta vez de dos personajes conocidos: Debbie (Leslie Mann) y Pete (Paul Rudd), el matrimonio que ya aparecía en su exitosa 'Lío embarazoso' y que ahora adquiere el máximo protagonismo en este spin-off titulado 'This Is 40'. A partir de ellos, el director profundizará en los conflictos derivados del matrimonio y la familia a partir de sus altibajos, sus incovenientes y sus problemas, así como en las cuestiones derivadas en torno a la paternidad. Si en 'Lío embarazoso' descubríamos que esta pareja no era todo lo equilibrada y madura que podría parecernos en un principio, ahora descubriremos por qué, nos introduciremos en sus excentricidades y en la forma en la que afrontan las responsabilidades.",I
11031,This Is Spinal Tap,1984-03-02,Rob Reiner,"Christopher Guest, Michael McKean, Harry Shearer, Rob Reiner, June Chadwick","Comedia,Música",7.4,/b3lllDltoBws5uKZzBYVSjpjjJx.jpg,"Documental, más bien rockumental, sobre la banda de rock más ruidosa de la historia, el grupo de heavy metal 'Spinal Tap'. (FILMAFFINITY).",J
109414,This Is the End,2013-06-12,Seth Rogen,"James Franco, Jonah Hill, Seth Rogen, Jay Baruchel, Danny McBride","Acción,Comedia",6.234,/tNIW0NhX1hKvUsy6PQ80DOKUhkD.jpg,"Un grupo de amigos que va a parar a una fiesta en el apartamento de Los Ángeles de uno de ellos, James Franco. Allí, el grupo en cuestión (entre los que se encuentran los actores Seth Rogen y Jay Baruchel), quedarán atrapados en la casa justo en el momento en el que comienza el auténtico Apocalipsis. Ninguno de ellos sabe muy bien cómo van a salir de la gran catástrofe en la que están metidos y, por si fuera poco, no soportan la idea de tener que estar juntos durante tanto tiempo bajo el mismo refugio. ¿Sobrevivirán al fin del mundo?",G
12154,3 Men and a Baby,1987-11-27,Leonard Nimoy,"Tom Selleck, Steve Guttenberg, Ted Danson, Margaret Colin, Celeste Holm",Comedia,6.2,/oYetboAljWR2N5A7MU3i63DvUtd.jpg,"Cuando tres solteros, el arquitecto Peter, el artista Michael y el actor Jack, se encuentran en la puerta de su casa un pequeño bebé del que no saben nada, se ven obligados a hacer de padres. Hasta entonces disfrutaban de una libertad total que dedicaban a la diversión, a las mujeres y al trabajo. A partir de ese momento tendrán que aprender a poner pañales, dar biberones...",O
615678,Thunder Force,2021-04-09,Ben Falcone,"Melissa McCarthy, Octavia Spencer, Jason Bateman, Bobby Cannavale, Pom Klementieff","Comedia,Acción,Ciencia ficción",5.467,/3mKMWP5OokB7QpcOMA1yl8BXFAF.jpg,"En un mundo en el que los supervillanos son algo común, dos amigas de la infancia distanciadas se reúnen después de que una de ellas idee un tratamiento que les da superpoderes para proteger su ciudad.",J
81836,To Rome with Love,2012-04-20,Woody Allen,"Woody Allen, Roberto Benigni, Penélope Cruz, Alec Baldwin, Judy Davis","Comedia,Romance",5.795,/sMmYRgvFRk5Ginhytx7ciU7UwVs.jpg,"Cuatro historias independientes con un escenario común: la ciudad de Roma. En la primera, un matrimonio americano (Woody Allen y Judy Davis) viaja a italia para conocer a la familia del prometido de su hija. En la segunda, un italiano (Roberto Benigni) es confundido con una estrella de cine. En la tercera, un arquitecto californiano (Alec Baldwin) visita Roma con sus amigos, y en la cuarta, unos reción casados (Alessandro Tiberi y Alessandra Mastronardi) se pierden en la capital italiana, a la que han ido a visitar a unos familiares.",I
437033,Toc Toc,2017-09-01,Vicente Villanueva,"Alexandra Jiménez, Paco León, Rossy de Palma, Oscar Martínez, Inma Cuevas",Comedia,7.111,/8OM0FBfnpHmJVX9IiiuLGld3J6k.jpg,"Un grupo de pacientes coincide en la consulta de un eminente psicólogo, todos ellos aquejados de TOC (Trastorno Obsesivo Compulsivo). Pero como el médico se retrasa, tendrán que esperarle intentando mantener a raya (o no tanto) sus manías, impulsos, convulsiones, obsesiones y rituales. Adaptación de la famosa obra teatral del autor y humorista francés Laurent Baffie.",H
9576,Tootsie,1982-12-17,Sydney Pollack,"Dustin Hoffman, Jessica Lange, Teri Garr, Dabney Coleman, Charles Durning","Comedia,Romance",7.206,/ngyCzZwb9y5sMUCig5JQT4Y33Q.jpg,"Michael Dorsey es un actor neoyorkino sin éxito. Además, en los círculos artísticos tiene fama de conflictivo. Como su mala racha no se acaba, un día toma una importante decisión: hacerse pasar por una mujer para encontrar trabajo. Consigue un papel, pero su nueva identidad le traerá no pocas complicaciones en su vida diaria.",J
284296,Top Five,2014-12-12,Chris Rock,"Chris Rock, Rosario Dawson, JB Smoove, Gabrielle Union, Romany Malco","Drama,Comedia,Romance",6.1,/hNFhzLpg3A34p9qFXXIBJfQIMoK.jpg,"Top cinco nos cuenta la historia de un cómico y actor muy exitoso, que empieza a tener problemas con su carrera cuando un crítico del New York Times habla pestes de su último trabajo, lo cual lo afecta bastante. La crítica no sólo le afecta en lo personal, sino que también lo hace en lo profesional. De repente, y pese a que es un actor famoso, se ve en la tesitura de relanzar su carrera, para lo cual tiene que buscar un nuevo proyecto. La gente que hay a su alrededor trata de ayudarlo como pueden. Su novia le dice que tiene que lanzar un nuevo programa de televisión, y su agente le dice que haga una película. Por eso, más que ayudar lo que hacen es liarlo. Él no quiere hacer nada de eso, ya que lo que en realidad quiere hacer es un documental sobre Haití, en concreto sobre la última revolución que hubo en el país.",H
8764,Top Secret!,1984-06-22,Jim Abrahams,"Val Kilmer, Lucy Gutteridge, Peter Cushing, Jeremy Kemp, Christopher Villiers",Comedia,7.113,/hRTbfR27xghnVMs3ZJ3EhK3zzud.jpg,"El jóven ídolo del rock estadounidense Nick Rivers viaja a Alemania Oriental para participar en un prestigioso festival cultural. Pero lo que parece ser una simple gira musical pronto se convierte en un enredo internacional cuando un plan militar secreto amenaza con destrozar el orden geopolítico. Rivers se ve arrastrado a una aventura llena de conspiraciones, persecuciones y alianzas inesperadas.",K
23101,Topper,1937-07-16,Norman Z. McLeod,"Constance Bennett, Cary Grant, Roland Young, Billie Burke, Alan Mowbray","Comedia,Fantasía,Romance",6.7,/4HEIYO1WVb1fYOBaHnfWrSJnPHm.jpg,"George y Marion Kerby mueren en un accidente de tráfico, pero regresan al mundo de los vivos como fantasmas y con la intención de vivir la lujosa vida de su amigo Cosmo Topper, presidente de un banco.",O
1283,Torrente: The Dumb Arm of the Law,1998-03-13,Santiago Segura,"Santiago Segura, Javier Cámara, Neus Asensi, Chus Lampreave, Tony Leblanc","Comedia,Crimen",6.5,/bYAqKRiDVL0f38AoUKpDI32oY5r.jpg,"Torrente es un policía español, fascista, machista, racista, alcohólico y del Atleti. Tiene un vecino llamado Rafi, al que le gustan las películas de acción y las pistolas, y que vive con su madre y su prima Amparito, una ninfómana. Juntos, Torrente y Rafi, patrullarán por la noche las calles de la ciudad.",M
1284,Torrente 2: Mission in Marbella,2001-03-30,Santiago Segura,"Santiago Segura, Gabino Diego, Tony Leblanc, José Luis Moreno, Inés Sastre","Acción,Comedia,Crimen",6.1,/pAXIn7wFa6140zi6LzYMD6Rt8CD.jpg,"Torrente decide instalarse en plena Costa del sol, en el ayuntamiento de Marbella, y trabajar como investigador privado. Allí, cuenta con la ayuda de Cuco, que colabora con él a tiempo parcial. La misión de Cuco consiste en desenmascarar a Spinelli, un peligroso traficante de armas que amenaza con destruir la ciudad si no le pagan 2.000 millones de pesetas.",M
1285,Torrente 3: The Protector,2005-09-30,Santiago Segura,"Santiago Segura, José Mota, Javier Gutiérrez, Carlos Latre, Tony Leblanc","Comedia,Crimen",5.4,/wDPujLAIQTfUCkrS21l8FXGXb5E.jpg,"Una popular eurodiputada, Giannina Ricci, llega de visita a España. Su objetivo, a través de un detallado informe que desvela las ilegalidades e irregularidades de la multinacional Petronosa, es cerrar las factorías de dicha empresa, que atentan contra el medio ambiente. El más alto directivo de la compañía soborna a dos mandos de los cuerpos de seguridad encargados de proteger a la señorita Ricci, para que faciliten el atentado que planea contra la eurodiputada. No se les ocurre nada mejor que encargar la protección durante la estancia en España de la diputada a Jose Luis Torrente, con probabilidad, uno de los individuos más anormales de la tierra. Por si fuera poco, le dejan elegir y entrenar los que conformarán el cuerpo de élite que le ayude con la protección. Una panda de seres más aberrantes que el propio Torrente si cabe. Se masca la tragedia.",M
59117,Torrente 4: Lethal crisis,2011-03-11,Santiago Segura,"Santiago Segura, Carlos Areces, Goyo Jiménez, Javier Gutiérrez, Ernesto Sevilla","Acción,Comedia,Crimen",5.5,/ye6vXu1Ts4lo8gPlKUBRESvdgic.jpg,"El grosero, lascivo y grosero José Luis Torrente ha fracasado en su intento de llevar una vida digna, por lo que acepta un encargo muy peligroso de un viejo conocido.",M
254869,Torrente 5: Operation Eurovegas,2014-10-03,Santiago Segura,"Santiago Segura, Julián López, Jesulín de Ubrique, Fernando Esteso, Carlos Areces","Acción,Comedia,Crimen",5.66,/dfd0rTS4g6J7EqJDxWZm8KJjGKT.jpg,"Año 2018. Torrente sale de la cárcel, y se encuentra aturdido ante una España convulsa y dividida. Debe encontrar respuestas en su interior para despejar su confusión, y por ello decide convertirse en un 'fuera de la ley'. Así que se propone atracar un casino con una banda de incompetentes. A través de un contacto de su estancia en prisión, localiza a John Marshall, la persona que se ocupó de supervisar la seguridad cuando se planificó el principal casino-hotel de Eurovegas. Marshall, el más indicado para planificar un golpe, le explica la necesidad de organizar una banda de especialistas, que Torrente se encargará de reclutar entre sus 'contactos'.",G
1621,Trading Places,1983-06-07,John Landis,"Dan Aykroyd, Eddie Murphy, Ralph Bellamy, Don Ameche, Denholm Elliott",Comedia,7.23,/8mBuLCOcpWnmYtZc4aqtvDXslv6.jpg,"Dos hombres de negocios sostienen distintas tesis sobre las condiciones de la naturaleza humana. Para uno es cuestión de genética, para el otro es cuestión de educación. Para corroborar sus teorías hacen una apuesta para lo cual cambian los destinos de dos personas socialmente antagónicas.",J
353577,Love at First Sight,2023-09-15,Vanessa Caswill,"Haley Lu Richardson, Ben Hardy, Rob Delaney, Katrina Nare, Jameela Jamil","Romance,Drama",7.2,/vCMGlarDrcmhclBmnYoH7JUCDuA.jpg,"Hadley y Oliver comienzan a enamorarse en su vuelo de Nueva York a Londres. La probabilidad de volver a encontrarse parece imposible, pero el amor, y Londres, pueden tener una forma de desafiar las probabilidades.",O
1172674,The Rat Catcher,2023-09-28,Wes Anderson,"Richard Ayoade, Ralph Fiennes, Rupert Friend, Eliel Ford, Benoît Herlin",Comedia,6.606,/29WJ7dOHt48AtXK1J1rONEEvIMN.jpg,"En un pueblo inglés, un reportero y un mecánico escuchan a un cazador de ratas explicar su astuto plan para burlar a su presa.",O
791295,Expiration Date,2023-07-06,Fernán Mirás,"Natalia Oreiro, Diego Velázquez, Paola Barrientos, Ariel Staltari, Violeta Urtizberea","Comedia,Romance",7.2,/gSezYOBs7H3RG8rDcjsK3MqluxN.jpg,"María y Javi son amigos de toda la vida. Sin embargo están distanciados hace más de un año. Cuando María sufre un accidente que la deja al borde de la muerte, los amigos se reencuentran y descubren que siempre estuvieron enamorados. Ahora Javi debe decidir si seguir con su nueva vida, con novia incluida, o apostar a un amor de juventud que puede morir en cualquier momento.",O
840430,The Holdovers,2023-10-27,Alexander Payne,"Paul Giamatti, Dominic Sessa, Da'Vine Joy Randolph, Carrie Preston, Brady Hepner","Drama,Comedia",7.647,/VHSzNBTwxV8vh7wylo7O9CLdac.jpg,"A nadie le gusta el profesor Paul Hunham (Giamatti), ni a sus alumnos, ni a sus compañeros, ni al director de la escuela secundaria donde trabaja, a todos les resulta exasperante su pomposidad y rigidez. Sin familia y sin ningún lugar a donde ir durante las vacaciones de Navidad de 1970, Paul se queda en la escuela para supervisar a los estudiantes que no han podido viajar a casa. Después de unos días, solo queda allí un estudiante: un problemático chico de 15 años llamado Angus, un buen estudiante cuyo mal comportamiento siempre amenaza con expulsarlo. Junto a Paul y Angus está la cocinera Mary (Randolph), una mujer afroamericana que atiende a hijos privilegiados y cuyo propio hijo perdió la vida recientemente en Vietnam. Estos tres náufragos tan diferentes formarán una improbable familia durante dos semanas muy nevadas en Nueva Inglaterra.",O
792293,Dumb Money,2023-09-15,Craig Gillespie,"Paul Dano, Shailene Woodley, America Ferrera, Pete Davidson, Seth Rogen","Historia,Comedia,Drama",6.682,/e9u7luSxFKOZgPTB9XHFnPArGdP.jpg,"Dumb Money 'Golpe a Wall Street' Narra la última historia de David contra Goliat, basada en una historia real en la que unas personas comunes dieron la vuelta al guion de Wall Street y se enriquecieron, convirtiendo GameStop en la compañía más popular del mundo.",O
1100795,Mr. Monk's Last Case: A Monk Movie,2023-12-08,Randall Zisk,"Tony Shalhoub, Traylor Howard, Jason Gray-Stanford, Melora Hardin, Héctor Elizondo","Comedia,Crimen,Misterio,Película de TV",6.8,/gj74sUGsPMg5qDQooh8GTs4MvbP.jpg,Monk sale de la jubilación cuando la boda de su hijastra se vuelve trágica cuando su prometido muere en un accidente de puenting.,O
350,The Devil Wears Prada,2006-06-29,David Frankel,"Meryl Streep, Anne Hathaway, Emily Blunt, Stanley Tucci, Simon Baker","Drama,Comedia",7.434,/8912AsVuS7Sj915apArUFbv6F9L.jpg,"En el vertiginoso mundo de la moda en Nueva York, la revista 'Runway' es el Santo Grial. Dirigida con puño de hierro y elegante manicura por Miranda Priestly, trabajar en ella es un temible reto para todo aquel que quiera triunfar en ese mundo. Hacerlo como ayudante de Miranda podría abrirle cualquier puerta a Andy Sachs, recientemente graduada. Pero ella es una chica que destaca por su desaliño dentro del pequeño ejército de guapísimas redactoras de la revista. Andy comprende muy pronto que para triunfar en ese negocio va a necesitar algo más que iniciativa y determinación. Y la prueba definitiva está delante de ella, vestida de Prada de pies a cabeza.",P
350,The Devil Wears Prada,2006-06-29,David Frankel,"Meryl Streep, Anne Hathaway, Emily Blunt, Stanley Tucci, Simon Baker","Drama,Comedia",7.434,/8912AsVuS7Sj915apArUFbv6F9L.jpg,"En el vertiginoso mundo de la moda en Nueva York, la revista 'Runway' es el Santo Grial. Dirigida con puño de hierro y elegante manicura por Miranda Priestly, trabajar en ella es un temible reto para todo aquel que quiera triunfar en ese mundo. Hacerlo como ayudante de Miranda podría abrirle cualquier puerta a Andy Sachs, recientemente graduada. Pero ella es una chica que destaca por su desaliño dentro del pequeño ejército de guapísimas redactoras de la revista. Andy comprende muy pronto que para triunfar en ese negocio va a necesitar algo más que iniciativa y determinación. Y la prueba definitiva está delante de ella, vestida de Prada de pies a cabeza.",O
14239,Cool World,1992-07-10,Ralph Bakshi,"Kim Basinger, Gabriel Byrne, Brad Pitt, Michele Abrams, Deirdre O'Connell","Animación,Comedia,Fantasía",5.662,/mqzRUHNtFwmgJCmSnvq3JnX0xgZ.jpg,"Un extraño accidente lleva a Frank Harris a Cool World, un reino de dibujos animados. Años más tarde, el dibujante Jack Deebs, que ha estado dibujando Cool World, también se cruza. Él fija su mirada lujuriosa en la femme fatale animada Holli Would, pero ella tiene sus propios planes para volverse real, y depende de Frank detenerla.",O
621587,Next Goal Wins,2023-11-16,Taika Waititi,"Michael Fassbender, Oscar Kightley, Kaimana, David Fane, Rachel House","Comedia,Drama",6.438,/xTQCL1zGugIck8MgvJ2lXSrxENR.jpg,"Drama deportivo que cuenta la historia del entrenador holandés Thomas Rongen, artífice de realizar una tarea prácticamente imposible en el deporte: tomó las riendas del equipo de fútbol de la Samoa Americana y trató de hacer de un grupo de perdedores unos ganadores natos.",O
37165,The Truman Show,1998-06-04,Peter Weir,"Jim Carrey, Laura Linney, Noah Emmerich, Natascha McElhone, Holland Taylor","Comedia,Drama",8.16,/vuza0WqY239yBXOadKlGwJsZJFE.jpg,"Truman Burbank es un hombre corriente y algo ingenuo que ha vivido toda su vida en uno de esos pueblos donde nunca pasa nada. Sin embargo, de repente, unos extraños sucesos le hacen sospechar que algo anormal está ocurriendo. Todos sus amigos son actores, toda su ciudad es un plató, toda su vida está siendo filmada y emitida como el reality más ambicioso de la historia.",O
118198,Sweet Money,1982-07-08,Fernando Ayala,"Federico Luppi, Julio De Grazia, Gianni Lunadei, Nora Cullen, Adriana Aizemberg",Comedia,6.9,/nPskchDZ8abXE3uajsktPw3IdAE.jpg,"Un hombre se encuentra con un antiguo compañero del servicio militar que le ofrece un buen trato. El dinero empieza a llegar en abundancia, pero las cosas cambian de un día para otro.",O
1056360,American Fiction,2023-11-10,Cord Jefferson,"Jeffrey Wright, John Ortiz, Erika Alexander, Leslie Uggams, Sterling K. Brown","Comedia,Drama",7.243,/57MFWGHarg9jid7yfDTka4RmcMU.jpg,"El profesor de inglés y escritor Thelonious 'Monk' Ellison escribe una novela satírica bajo seudónimo, con la intención de denunciar la hipocresía de la industria editorial.",O
658674,The Empty Nest,2012-12-14,Francisco Lupini Basagoiti,"Francisco Huergo, Soledad López, Joaquina Nuñez, Miguel Belmonte, Ydaiber Orozco",,0.0,/nnNJebazJaNYgAB2Vv05yCqKhcA.jpg,Sin sinopsis disponible.,O
1072790,Anyone but You,2023-12-21,Will Gluck,"Sydney Sweeney, Glen Powell, Mia Artemis, Nat Buchanan, GaTa","Romance,Comedia",6.746,/5qHoazZiaLe7oFBok7XlUhg96f2.jpg,"Bea y Ben se conocen y parecen la pareja perfecta, pero tras una increíble primera cita sucede algo que enfría su fuerte atracción, hasta que meses después ambos se encuentran inesperadamente en una boda en Australia. Obligados a verse, y a pesar de su rechazo mutuo, por conveniencia para ambos deciden fingir que son una pareja.",O
792307,Poor Things,2023-12-07,Yorgos Lánthimos,"Emma Stone, Mark Ruffalo, Willem Dafoe, Ramy Youssef, Christopher Abbott","Ciencia ficción,Romance,Comedia",7.631,/kCGlIMHnOm8JPXq3rXM6c5wMxcT.jpg,"Bella Baxter es una joven revivida por el brillante y poco ortodoxo científico Dr. Godwin Baxter. Bajo la protección de Baxter, Bella está ansiosa por aprender. Hambrienta de la mundanidad que le falta, Bella se escapa con Duncan Wedderburn, un sofisticado y perverso abogado, en una aventura vertiginosa a través de los continentes. Libre de los prejuicios de su época, Bella se vuelve firme en su propósito de defender la igualdad y la liberación.",O
3085,His Girl Friday,1940-01-18,Howard Hawks,"Cary Grant, Rosalind Russell, Ralph Bellamy, Gene Lockhart, Porter Hall","Comedia,Romance,Crimen",7.39,/lu86Y9zTPH3neCiUzLzHCEFHf7f.jpg,"Hildy Johnson, la mejor reportera del periódico Morning Post, anuncia que va a dejar el periodismo para casarse y dedicarse a su familia y a las labores del hogar. Pero Walter Burns, el editor del periódico y ex-marido de Hildy, no puede aceptarlo, por lo que se sirve de toda clase de tretas para retenerla en el periódico y, de paso, intentar reconquistarla.",O
1011367,Operation Nation,2022-09-02,Piotr Kumik,"Maciej Musiałowski, Magdalena Maścianica, Borys Szyc, Antoni Królikowski, Cezary Pazura","Comedia,Romance",5.5,/zrmVNoap8VgDf00KZspHm8kaVPp.jpg,"Si no fuera por una lesión, Staszek sería hoy una estrella de la Premier League. Si no fuera por su corazón roto, Pola seguiría viviendo en Varsovia. Si no fuera por una casualidad ciega, es posible que nunca se hubieran conocido, por lo tanto, las cosas que fueron noticia en todo el país nunca habrían sucedido. Pero lo que se hace no se puede deshacer, y así es como comienza una montaña rusa. Él resulta ser un alborotador local y un miembro de la pandilla nacionalista de Roman, mientras que ella es una activista que representa todo aquello contra lo que Staszek y sus amigos radicales luchan.",O
975773,Wicked Little Letters,2024-02-23,Thea Sharrock,"Olivia Colman, Jessie Buckley, Anjana Vasan, Timothy Spall, Gemma Jones","Comedia,Drama,Misterio",6.921,/scAU7YudKNVeZlOfgSEWntAUSJ.jpg,"Años 20. En la ciudad costera de Littlehampton, la devota Edith Swan (Olivia Colman) y otros habitantes de la localidad empiezan a recibir escandalosas cartas escritas con un lenguaje tan excéntrico como obsceno. Rápidamente las sospechas recaen sobre Rose Gooding (Jessie Buckley), una vecina impetuosa que ve cómo su libertad y la custodia de su hija peligran debido a estas acusaciones. Mientras las cartas siguen asolando la población, la agente de policía Gladys Moss (Anjana Vasan) pondrá su ingenio a trabajar para resolver el misterio y atrapar al verdadero culpable de todo este embrollo.",O
1214474,Stress Positions,2024-04-19,Theda Hammel,"John Early, Qaher Harhash, Theda Hammel, Amy Zimmer, Faheem Ali",Comedia,5.6,/dsVWPrHJvXEt1XPxAEqLiSq0eyy.jpg,Sin sinopsis disponible.,O
804,Roman Holiday,1953-08-26,William Wyler,"Gregory Peck, Audrey Hepburn, Eddie Albert, Hartley Power, Harcourt Williams","Romance,Comedia,Drama",7.886,/8lI9dmz1RH20FAqltkGelY1v4BE.jpg,"Durante una visita a Roma, Ana, la joven princesa de un pequeño país centroeuropeo que detesta sus obligaciones y desea pasar inadvertida, se escapa de palacio para visitar la ciudad de incógnito. Así conoce a Joe, un periodista americano que busca una exclusiva y finge desconocer su verdadera identidad. La pareja vivirá entonces unas jornadas inolvidables.",O
1255350,Find Me Falling,2024-07-18,Stelana Kliris,"Harry Connick Jr., Agni Scott, Ali Fumiko Whitney, Clarence Smith, Αθηνά Ροδίτου","Romance,Comedia,Música",6.6,/8BnahuMWBt9b3migk0as6Ojgr7F.jpg,"Tras el fracaso de su disco de relanzamiento, una estrella del rock se refugia en Chipre, pero su nueva vida se ve alterada por visitas no deseadas y un antiguo amor.",O
11775,Intolerable Cruelty,2003-10-10,Joel Coen,"George Clooney, Catherine Zeta-Jones, Geoffrey Rush, Cedric the Entertainer, Edward Herrmann","Comedia,Romance,Crimen",5.964,/7K8hDwOWsZv0MluyrB8nWlhJOgB.jpg,"Miles Massey es un famoso abogado de Los Ángeles especializado en casos de divorcio. Su hastío a causa del éxito termina cuando conoce a Marylin Rexroth, la esposa de un rico constructor cliente de Miles, al que tiene atrapado por una infidelidad gracias a las pesquisas de un detective. Sin embargo la habilidad de Miles en su oficio hace que Marylin no reciba ni un sólo dolar. Pero Marylin, lejos de desanimarse, decide pagarle con la misma moneda: planea casarse con el multimillonario petrolero Howard Doyle.",O
9442,Dead Men Don't Wear Plaid,1982-05-21,Carl Reiner,"Steve Martin, Rachel Ward, Alan Ladd, Carl Reiner, Barbara Stanwyck","Comedia,Misterio,Crimen",6.645,/cwYwZBEE73PakUWzbICzxYKlXAz.jpg,"Rigby Reardon es el mejor de los sabuesos. Es un tipo duro, dispuesto a investigar lo que sea. Juliet Forrest lo contrata para que investigue la misteriosa muerte de su padre, un célebre científico, filántropo y fabricante de quesos. Reardon enseguida huele algo sospechoso, y sigue un intrincado laberinto de pistas que le llevan a las “Carlotta Lists”. Contando con la ayuda de algunos colegas, intentará atrapar a los culpables.",O
801,"Good Morning, Vietnam",1987-12-23,Barry Levinson,"Robin Williams, Forest Whitaker, Tom T. Tran, จินตหรา สุขพัฒน์, Bruno Kirby","Comedia,Drama,Bélica",7.299,/sreISlFUn5TyR41QNjlfAdX5SEW.jpg,"Vietnam. 1965. Un pinchadiscos de la radio, Adrian Cronauer, es enviado a Saigón para trabajar en la emisora del ejército norteamericano. En contraste con sus aburridos antecesores, Cronauer es pura dinamita, sus comentarios irreverentes, sus tacos e improperios y sus críticas al vicepresidente, le hacen ganarse el aprecio de las tropas. Sin embargo su superior el teniente Hauk no es de la misma opinión.",O
956842,Fly Me to the Moon,2024-07-10,Greg Berlanti,"Scarlett Johansson, Channing Tatum, Woody Harrelson, Ray Romano, Jim Rash","Romance,Comedia",6.797,/gjk8YdXpItoC1in53FCrZMFIuBx.jpg,"Ambientada en el histórico alunizaje del Apolo 11, en 1969. Llamados para mejorar la imagen pública de la NASA, las chispas vuelan en todas las direcciones cuando la prodigio del marketing Kelly Jones causa estragos en la ya difícil tarea del director de lanzamiento Cole Davis. Cuando la Casa Blanca considera que la misión es demasiado importante para fracasar, Jones recibe la orden de simular un alunizaje falso como respaldo y comienza la verdadera cuenta atrás.",O
1727,Bird on a Wire,1990-05-18,John Badham,"Mel Gibson, Goldie Hawn, David Carradine, Bill Duke, Stephen Tobolowsky","Comedia,Romance,Aventura",6.2,/m98qoFAJg09nZmWyI6gricLagX.jpg,"Un hombre que vive con una nueva identidad acogido al sistema de protección de testigos es descubierto por su ex-novia, justo en el mismo momento en el que un criminal que acaba de salir de la cárcel trata de vengarse de él...",O
522,Ed Wood,1994-09-28,Tim Burton,"Johnny Depp, Martin Landau, Sarah Jessica Parker, Patricia Arquette, Jeffrey Jones","Comedia,Drama,Historia",7.5,/n8SrO3WbyuY2b6KazogqbQF348C.jpg,"Ed Wood es un joven director de cine, un visionario sin ninguna formación académica, aficionado a vestirse de mujer y con muy pocas oportunidades de hacer películas en un gran estudio. Sin embargo no ceja en su empeño de convertirse en un director famoso. Tras reunir a un curioso grupo de personajes, realiza películas de bajo presupuesto, excéntricas y no muy cuidadas técnicamente.",N
84209,Busting,1974-02-27,Peter Hyams,"Elliott Gould, Robert Blake, Allen Garfield, Antonio Fargas, Michael Lerner","Crimen,Drama,Acción,Suspense",6.258,/99tAd8PINgZSu6OrH6ZKClREIpH.jpg,"Gould y Blake, dos policías de Los Ángeles, hacen caso omiso a sus superiores y le siguen la pista a Rizzo, un peligroso capo de la mafia. Hartos de que les encarguen siempre asuntos irrelevantes, se dan cuenta de que este caso puede ser la oportunidad para encontrarle un sentido a su trabajo. (FILMAFFINITY).",O
1555,The Spanish Apartment,2002-06-19,Cédric Klapisch,"Romain Duris, Judith Godrèche, Audrey Tautou, Kelly Reilly, Cécile de France","Drama,Comedia,Romance",7.1,/qKq4uLZDAJhBfpRsfPRYouQ5jW5.jpg,"Javier, un estudiante francés de económicas, decide pasar un año en Barcelona para aprender español. Se instala en una casa donde convive con otros siete estudiantes europeos: un italiano, una inglesa, un danés, un belga, un alemán y una española. Todos los compañeros del piso se encuentran en la misma situación, todos ellos están estudiando en Barcelona gracias al programa de intercambio universitario europeo Erasmus.",O
933010,A Way of Dancing,1997-08-22,Álvaro Buela,"María Elena Pérez, Leonardo Lorenzo, Jenny Galvan, Diego Wainer, Susana Castro",Comedia,7.0,/ktfCl7xkgjhNlHyVpwFSyjFZRMo.jpg,"Retrato generacional de treintañeros en los 90. Indecisiones amorosas, compromiso, amistades problemáticas y la necesidad de tomar decisiones.",O
161686,Mean and Lean Cows,2012-07-10,Santiago Svirsky,"Jenny Goldstein, Paula Guía, Verónica Perrotta, Monina Bonelli, Cecilia Mártire",Comedia,8.2,/A1snJyZWNjFSzi9x9wnmS16MTw3.jpg,"Desde que tienen memoria, Olga, Teresa y Magdalena son amigas. Después de un par de años casi sin verse, el divorcio de Teresa (Verónica Perrotta) les da la excusa perfecta para retomar una tradición que mantuvieron durante años: unas vacaciones las tres solas, en verano, lejos de parejas, familia, amigos… A poco de estar juntas en una casita precaria y con pocas comodidades, se hace evidente que ya no son las mismas….",O
917496,Beetlejuice Beetlejuice,2024-09-04,Tim Burton,"Michael Keaton, Winona Ryder, Catherine O'Hara, Jenna Ortega, Justin Theroux","Comedia,Fantasía",6.917,/kKgQzkUCnQmeTPkyIwHly2t6ZFI.jpg,"Tras una inesperada tragedia familiar, tres generaciones de la familia Deetz regresan a Winter River. La vida de Lydia, todavía atormentada por Bitelchús, da un vuelco cuando su rebelde hija adolescente, Astrid, descubre la misteriosa maqueta de la ciudad en el desván y el portal al Más Allá se abre accidentalmente. Con los problemas que se avecinan en ambos reinos, es sólo cuestión de tiempo que alguien diga el nombre de Bitelchús tres veces y el travieso demonio regrese para desatar su propio caos.",O
11009,Saturday Night Fever,1977-12-16,John Badham,"John Travolta, Karen Lynn Gorney, Barry Miller, Joseph Cali, Paul Pape",Drama,6.7,/ylA7E5Md21aqgzxbwa2dFxX8LKV.jpg,"En Nueva York, después de trabajar toda la semana en una tienda de pinturas de Brooklyn, Tony Manero (John Travolta) se prepara esmeradamente para disfrutar de la noche del sábado: se empapa en colonia Brut, se pone una camisa de flores ajustada, pantalones de tela de gabardina y zapatos de plataforma. En la discoteca de moda, Tony deslumbrará a todos con lo que mejor sabe hacer: bailar.",O
1280465,Transmitzvah,2024-10-10,Daniel Burman,"Penélope Guerrero, Juan Minujín, Alejandra Flechner, Gustavo Bassani, Alejandro Awada","Drama,Comedia",6.5,/iIytaofTcCgGT5RU1Mg3v1DIC30.jpg,Una célebre cantante iddish regresa a sus orígenes en Buenos Aires para confrontarse con su familia y su pasado.,O
764442,Puan,2023-10-05,Benjamín Naishtat,"Marcelo Subiotto, Leonardo Sbaraglia, Julieta Zylberberg, Alejandra Flechner, Mara Bestelli",Comedia,6.4,/z0jLa2Ke2JASn21C2idntTnMmfF.jpg,"Marcelo Peña es desde hace años profesor asistente de filosofía política en la Facultad de la UBA de la calle Puan. Tras la muerte de su mentor, el venerable profesor Caselli, se ha abierto una brutal e inesperada rivalidad por la cátedra con Rafael Sujarchuk, un antiguo discípulo de Caselli que vuelve de Alemania.",O
11545,Rushmore,1998-12-11,Wes Anderson,"Jason Schwartzman, Bill Murray, Olivia Williams, Seymour Cassel, Brian Cox","Comedia,Drama",7.4,/hSJ6swahAuZ8wM96lHDTwQPXUvZ.jpg,"Max Fisher (Jason Schwartzman), un estudiante de Rushmore, una de las escuelas más prestigiosas del país, es el editor del periódico escolar y el capitán y presidente de numerosos clubs y sociedades, pero también es un pésimo estudiante, por eso, no deja de pensar que algún día lo expulsarán del colegio. Max se enamora de la elegante profesora Miss Cross (Olivia Williams), pero su cortejo fracasa cuando se entera de que el señor Blume (Bill Murray), el padre de dos compañeros de clase, también intenta conquistar el amor de la profesora.",O
25560,The Taming of the Shrew,1967-03-08,Franco Zeffirelli,"Elizabeth Taylor, Richard Burton, Natasha Pyne, Michael York, Cyril Cusack","Comedia,Romance",6.9,/2LpU3kyg1PowiQoEHf7oUXOUmVa.jpg,"Italia, siglo XVI. Petruchio, un colérico, mentiroso y pobre propietario rural de Verona, llega a Padua en busca de fortuna y esposa, al tiempo que Bautista, un rico comerciante, anuncia que no permitirá que Blanca, su hija menor, se case hasta que lo haga la temperamental e intratable Catalina, su hija mayor.",O
13685,Bottle Rocket,1996-02-21,Wes Anderson,"Luke Wilson, Owen Wilson, Robert Musgrave, Lumi Cavazos, James Caan","Comedia,Crimen,Drama",6.7,/6E7mJ5wpzTFbYFbJvTzzZ8Til9C.jpg,"Dignan (Owen Wilson) y su compañero Anthony (Luke Wilson), recién salidos del manicomio donde ingresaron voluntariamente, deciden seguir por la senda del delito. Con la ayuda de su amigo Bob, que debe ayudarles a escapar, puesto que es el único que sabe conducir, intentarán cometer algunos atracos para llamar la atención de un jefe mafioso (James Caan).",O
9374,Death Becomes Her,1992-07-30,Robert Zemeckis,"Meryl Streep, Goldie Hawn, Bruce Willis, Isabella Rossellini, Ian Ogilvy","Comedia,Fantasía,Terror",6.802,/kkWxyyyWFK5KNk9WVwQuGEC9H9H.jpg,"Madeline Ashton es una prestigiosa actriz cuya fama empieza a declinar a causa de la edad. Está casada con Ernest, un maquillador de cadáveres alcohólico al que Madeline ha arruinado la vida. Madeline se casó con Ernest tras robárselo a Helen Sharp, una antigua compañera de colegio que se ha convertido en una mujer obesa que vive con la fantasía de eliminar a Madeline y recuperar a su antiguo novio. Helen pronto se da cuenta de que la única manera de conseguir recuperar a Ernest es llegar a ser una guapa y exitosa escritora. Para ello entrará en contacto con Lisle von Rhuman, una bruja que le subministra la pócima de la eterna juventud.",O
9675,Sideways,2004-10-22,Alexander Payne,"Paul Giamatti, Thomas Haden Church, Virginia Madsen, Sandra Oh, Marylouise Burke","Comedia,Drama,Romance",7.102,/zOsaxYLgvZVU7cJBpPn8CuE0MrP.jpg,"Miles, un profesor de instituto divorciado y escritor frustrado, y su amigo Jack, un ex-actor famoso a punto de casarse, se embarcan un buen día en un viaje a través de la ruta vinícola de California. Durante el viaje conocerán a dos mujeres y se preguntarán acerca del rumbo que tienen sus vidas, acerca de la felicidad y de sus relaciones pasadas, presentes y futuras.",P
1098378,Your Monster,2024-10-25,Caroline Lindy,"Melissa Barrera, Tommy Dewey, Edmund Donovan, Kayla Foster, Taylor Trensch","Romance,Comedia,Terror",6.5,/nHlHRntqfDM0ORsfgPL28u4GiTT.jpg,"Laura, una actriz con problemas, encuentra un monstruo en su armario que cambiará su vida. Esta historia mezcla comedia romántica, terror y drama para explorar la rabia y el empoderamiento, permitiéndole recuperar la confianza en sí misma.",O
61765,Up to His Ears,1965-12-04,Philippe de Broca,"Jean-Paul Belmondo, Ursula Andress, Valérie Lagrange, Jean Rochefort, Maria Pacôme","Comedia,Aventura",7.0,/8jEtVld6b7SDS270x3iPxmZcGzl.jpg,"Arturo Lempeur (Belmondo) es un joven rico y caprichoso que, hastiado de la vida que lleva, intenta sin éxito suicidarse una y otra vez mientras realiza un viaje en su velero alrededor del mundo. Harto de sus fallidos intentos, al llegar a China decide suscribir una póliza de seguros por la que, en caso de muerte accidental, se repartirían dos millones de dólares su prometida y su mejor amigo, Mister Goh (Valéry Inkijinoff), quien le asegura a Lempeur que antes de un mes sufrirá un accidente inesperado. Sin embargo, enseguida se arrepiente de su decisión y entonces tendrá que concentrar todos sus esfuerzos en la difícil tarea de salvar la vida. En esta aventura lo acompañarán su fiel asistente Leon (Jean Rochefort) y Alejandrina (Ursula Andrews), una cantante de cabaret a quien acaba de conocer.",O
437294,Thi Mai,2018-01-12,Patricia Ferreira,"Carmen Machi, Aitana Sánchez-Gijón, Adriana Ozores, Dani Rovira, Pedro Casablanc",Comedia,6.2,/aBaelrkyfHBznIH00lOpcESV7nB.jpg,"Narra la odisea de Carmen, una mujer que, tras perder a su hija en un accidente, recibe una carta que le anuncia que se le ha concedido la adopción de una niña vietnamita. Acompañada de sus dos mejores amigas, Elvira y Rosa, que nunca han salido de España, viajarán hasta Asia para encontrarse con la cría y con situaciones complicadas, exóticas y rocambolescas que sacarán a la luz los aspectos más peculiares de sus distintas personalidades. Andrés, un actor español que ha ido hasta Hanoi para vivir con su pareja y un guía turístico formarán parte también de la aventura.",O
1187417,Rumours,2024-07-01,Guy Maddin,"Cate Blanchett, Roy Dupuis, Nikki Amuka-Bird, Charles Dance, Takehiro Hira","Terror,Comedia",4.8,/lAjLzQDyUXxCH4tOBxkRYDbBpY.jpg,"Los líderes de siete democracias mas ricas del mundo se pierden en un bosque, al tiempo que tratan de redactar una declaración sobre una crisis mundial, enfrentándose a peligros mientras intentan encontrar la salida.",O
1581,The Holiday,2006-12-05,Nancy Meyers,"Cameron Diaz, Kate Winslet, Jude Law, Jack Black, Eli Wallach","Comedia,Romance",7.1,/h1ITOpvJN3Tw4Sy60w2QTfYMvdd.jpg,"Amanda Woods, una chica americana que posee una próspera agencia de publicidad especializada en trailers de películas, vive en el sur de California y acaba de romper con su novio. Por su parte, Iris Simpkins, redactora de la popular columna de bodas para el London Daily Telegraph, vive en una encantadora casa de campo en Inglaterra y sus relaciones con los hombres tampoco son fáciles. A través de internet llegan a un acuerdo para intercambiarse sus respectivas viviendas durante las Navidades.",O
728949,Nightbitch,2024-12-06,Marielle Heller,"Amy Adams, Scoot McNairy, Arleigh Snowden, Emmett Snowden, Jessica Harper","Comedia,Terror",5.684,/h49Pie8gM2jK0UHGFRjfPB3YTd.jpg,"Una mujer pausa su carrera profesional para ejercer de madre y ama de casa, pero pronto su nueva vida doméstica da un giro surrealista.",P
284,The Apartment,1960-06-21,Billy Wilder,"Jack Lemmon, Shirley MacLaine, Fred MacMurray, Ray Walston, Jack Kruschen","Comedia,Drama,Romance",8.183,/hhSRt1KKfRT0yEhEtRW3qp31JFU.jpg,C.C. Baxter es un modesto pero ambicioso empleado de una compañía de seguros de Manhattan. Está soltero y vive solo en un discreto apartamento que presta ocasionalmente a sus superiores para sus citas amorosas. Tiene la esperanza de que estos favores le sirvan para mejorar su posición en la empresa. Pero la situación cambia cuando se enamora de una ascensorista que resulta ser la amante de uno de los jefes que usan su apartamento.,O
925,Do the Right Thing,1989-06-14,Spike Lee,"Danny Aiello, Ossie Davis, Ruby Dee, Richard Edson, Giancarlo Esposito",Drama,7.774,/63rmSDPahrH7C1gEFYzRuIBAN9W.jpg,"En uno de los barrios más humildes de Brooklyn, Bedford Stuyvesant, conviven atropelladamente varias familias de raza negra, algunos hispanos, una pareja de comerciantes vietnamitas y una familia de italoamericanos que tienen una pizzeria. Mookie, un chico que trabaja de repartidor de pizzas, es un testigo privilegiado de los personajes y de los hechos cotidianos que tienen lugar en el barrio, así como de las tensiones y las actitudes racistas de algunos de sus habitantes.",P
112,Italian for Beginners,2000-12-07,Lone Scherfig,"Anders W. Berthelsen, Anette Støvelbæk, Ann Eleonora Jørgensen, Peter Gantzler, Lars Kaalund","Comedia,Drama,Romance",6.44,/jzdHexZ4lYVN3kWvEf6gy6cgpXZ.jpg,"Un curso de italiano une a seis daneses que tienen problemas sentimentales y de comunicación. Andreas, un joven sacerdote, es enviado a la parroquia de un pequeño barrio de Copenhague para reemplazar a Wredmann, un cura que vive enfrentado con sus feligreses y que no le pondrá las cosas fáciles. Provisionalmente se aloja en un hotel, donde conoce a Jorgen, un tímido conserje. Para aprovechar las noches, Andreas se apunta a un curso nocturno de italiano. Allí conoce a Olympia, una ayudante de pastelería, y a su amiga Karen, que es peluquera. El ambiente latino de las clases, favorecido por la presencia de la italiana Giulia, empieza a producir sus efectos, y los enredos pasionales se suceden.",P
443653,Winner,2017-02-24,గోపీచంద్ మలినేని,"Sai Dharam Tej, Rakul Preet Singh, Jagapati Babu, Thakur Anoop Singh, Aadarsh Balakrishna","Romance,Acción",4.2,/h8LelgrsLLhheTfKrSLFs02t7mi.jpg,Sin sinopsis disponible.,P
15196,Clue,1985-12-13,Jonathan Lynn,"Tim Curry, Eileen Brennan, Madeline Kahn, Christopher Lloyd, Michael McKean","Comedia,Crimen,Misterio",7.2,/aRxbYOYHS8T73nzR8hsLousoplR.jpg,"En una gran y apartada mansión victoriana se reúnen varios personajes pintorescos para cenar ante una misteriosa invitación de un anfitrión desconocido. Todos ellos tienen secretos que ocultar, por los que son vilmente chantajeados desde hace años. Cuando la casa se queda a oscuras por culpa de un momentáneo apagón de luz, el chantajista aparece asesinado en el salón. Ahora deben averiguar quién de ellos ha sido el culpable, una tarea muy complicada teniendo en cuenta que todos ellos tenían motivos de peso para cometer el crimen.",O
1063314,Outsider Girls,2024-01-11,Alexandra Hyland,"Nicole Sazo, Alicia Rodríguez, Dindi Jane, Gabriela Arancibia, Paola Lattus","Comedia,Drama",5.6,/ovNbDFoMPtCJHP86ud9fHBbhQkW.jpg,"Rafaela (20) y Gabriela (21) son mejores, mejores amigas. El inesperado embarazo de Rafa, amenaza el rosado y extravagante oasis que han construido. El aborto en Chile es ilegal, pero no imposible y juntas deberán enfrentar la hostilidad del sistema, para realizarse el procedimiento sin reventar su preciosa burbuja ni su relación.",O
52906,Goodbye Charlie,1964-11-18,Vincente Minnelli,"Tony Curtis, Debbie Reynolds, Pat Boone, Joanna Barnes, Ellen Burstyn","Comedia,Romance,Fantasía",5.8,/tA7MNMfk1BQdEMM8aJhQSLP4fA5.jpg,"Charlie Sorel, un joven guionista de Hollywood, es asesinado debido a su relación con una de las amantes del productor Sir Leopold Sartori (Walter Matthau). El mejor amigo de Charlie, George (Tony Curtis), hereda su casa. Pero Charlie deseoso de saber cómo van las cosas en el mundo sin él, se presenta bajo la figura de Virginia Mason (Debbie Reynolds).",O
67884,Chinese Take-Away,2011-03-24,Sebastián Borensztein,"Ricardo Darín, Ignacio Huang, Carolina Hsu, Muriel Santa Ana, Iván Romanelli",Comedia,7.267,/aol93ghyDZqgc1s9WnlQlUmwHp3.jpg,"Roberto Di Cesare, un ferretero gruñón y solitario que se cruza por casualidad en Buenos Aires con Jun, un chino que no habla español y que esta sólo en Argentina, en busca de un tío. El encuentro entre ambos lleva a una serie de situaciones graciosas en la convivencia entre ambos, así como a situaciones dramáticas cuando ambos comparten sus pasados, signados por una tragedia relacionada con una vaca que cae del cielo, y con la Guerra de Malvinas. Al mismo tiempo, Mari, una mujer llegada del campo, intenta conquistar a Roberto.",O
1026227,There's Still Tomorrow,2023-10-26,Paola Cortellesi,"Paola Cortellesi, Valerio Mastandrea, Romana Maggiora Vergano, Emanuela Fanelli, Giorgio Colangeli","Drama,Comedia,Historia",8.065,/hc9SHN0vB6iyr6MBYI6bKrpDHvJ.jpg,"Es primavera y toda la familia está alborotada por el inminente compromiso de la querida hija mayor, Marcella, quien, por su parte, sólo espera casarse rápidamente con un simpático chico de clase media, Giulio, y librarse por fin de esa incómoda familia.",P
318846,The Big Short,2015-12-11,Adam McKay,"Steve Carell, Christian Bale, Ryan Gosling, Brad Pitt, Marisa Tomei","Comedia,Drama",7.373,/scVEaJEwP8zUix8vgmMoJJ9Nq0w.jpg,"Cuando cuatro tipos fuera del sistema descubren que los grandes bancos, los medios de comunicación y el gobierno se niegan a reconocer el colapso de la economía, tienen una idea: 'La Gran Apuesta'… pero sus inversiones de riesgo les conducen al lado oscuro de la banca moderna, donde deben poner en duda todo y a todos...",P
1377,Houseboat,1958-11-19,Melville Shavelson,"Cary Grant, Sophia Loren, Martha Hyer, Harry Guardino, Eduardo Ciannelli","Comedia,Romance",6.4,/nfaOBiZktPHOV0f3DTqTftgTo3B.jpg,"Tom es un viudo que vive con tres hijos pequeños en una casa flotante. Para cuidarlos contrata como niñera a Cintia, una bella italiana que oculta su verdadera identidad.",P
850920,The Parenting,2025-03-12,Craig Johnson,"Brandon Flynn, Nik Dodani, Brian Cox, Edie Falco, Lisa Kudrow","Terror,Comedia",6.1,/5lMu14IMuHo0hKYCwCIogt7IioX.jpg,"Josh y Rohan, una pareja de novios, organizan una escapada de fin de semana para presentar a sus padres.",P
696506,Mickey 17,2025-02-28,Bong Joon-ho,"Robert Pattinson, Naomi Ackie, Steven Yeun, Mark Ruffalo, Toni Collette","Ciencia ficción,Comedia,Aventura",6.823,/edKpE9B5qN3e559OuMCLZdW1iBZ.jpg,"Mickey 17, un miembro de la tripulación 'expendable' (prescindible) enviado a un planeta helado para colonizarlo, se niega a dejar que su clon de reemplazo, Mickey 18, tome su lugar... Adaptación del libro original de Edward Ashton.",P
1151039,Nonnas,2025-05-01,Stephen Chbosky,"Vince Vaughn, Lorraine Bracco, Talia Shire, Susan Sarandon, Linda Cardellini",Comedia,6.771,/5Bf1xlxLuCHdi74MpdFi2Yz3FGJ.jpg,"Tras la muerte de su madre, un hombre lo arriesga todo y decide honrarla abriendo un restaurante italiano donde abuelas de verdad toman el mando en la cocina.",P
1193647,Message in a Bottle,2025-05-01,Gabriel Nesci,"Luisana Lopilato, Benjamín Vicuña, Benjamín Amadeo, Luciano Cáceres, Rafael Spregelburd","Comedia,Fantasía,Drama,Romance",7.2,/sj5JljXWvxnxVrIW9oj6U43FgRm.jpg,"Una sommelier descubre un método para enviarse mensajes al pasado y lo usa para corregir una mala decisión. Sin embargo, su presente cambia de forma inesperada, llevándola a una realidad aún peor. Al intentar enmendar el error, las consecuencias se vuelven catastróficas. Desesperada, recurre una y otra vez al mecanismo, atrapándose en un ciclo donde cada intento por arreglar su vida y la de quienes la rodean la aleja más de la realidad que anhela.",P
891770,Mazel Tov,2021-10-15,Eli Zuzovsky,"Maya Dagan, עמית רהב, אמיר ח'ורי, Yaniv Biton, Ruby Porat Shoval",Drama,0.0,/dUGQOXrWrRCvVFqSzbpfsZHJq4s.jpg,Sin sinopsis disponible.,P
1249454,Las corredoras,2024-05-23,Néstor Montalbano,"Diego Capusotto, Carola Reyna, Alejandra Flechner, Alejandro Müller, Eduardo Calvo",Comedia,8.5,/qmGVDQAbcs4wbMQzN6Ax2nSrCCT.jpg,"En 1959, en Buenos Aires, Mabel, empleada de un ministerio debe viajar al campo a firmar un contrato con el estanciero Antonovich. En ese paraje solitario, asediada por una sorprendente mujer automovilista, vivirá situaciones inesperadas con personajes intrigantes que cambiarán para siempre el rumbo de su vida.",P
1137350,The Phoenician Scheme,2025-05-23,Wes Anderson,"Benicio del Toro, Mia Threapleton, Michael Cera, Riz Ahmed, Tom Hanks","Comedia,Aventura,Crimen",6.525,/iXxIUVqpQAlyy98UjUlzjkMYuj6.jpg,"El magnate Zsa-zsa Korda es un rico empresario europeo que se ve envuelto en una trama de espionaje junto a su hija Liesl, una monja con la que mantiene una relación difícil y a la quiere dejar el negocio familiar.",P
2639,Deconstructing Harry,1997-12-12,Woody Allen,"Woody Allen, Judy Davis, Kirstie Alley, Elisabeth Shue, Billy Crystal","Comedia,Drama",7.2,/i7Z5DdznqANJUjqWISEFu9bw6J7.jpg,"Harry Block, un escritor de mediana edad y con un cierto éxito, se ha servido con frecuencia de sus experiencias sentimentales y familiares para escribir sus obras, razón por la cual la mayor parte de sus amigos, parientes y ex-mujeres lo odian. En tales circunstancias, le resulta muy difícil encontrar a alguien que quiera acompañarlo en un viaje a su vieja universidad para recibir un homenaje.",J
858,Sleepless in Seattle,1993-06-24,Nora Ephron,"Meg Ryan, Tom Hanks, Ross Malinger, Bill Pullman, Rosie O'Donnell","Comedia,Drama,Romance",6.743,/jAXfku1u1uaLGh4cUmK0ESf1pPu.jpg,"Tras la muerte de su esposa, el arquitecto Sam Baldwin se encuentra muy abatido. Jonah, su hijo de ocho años, cree que su padre necesita una mujer que le devuelva la alegría de vivir, así que el dia de Navidad decide llamar a un programa de radio para contar su historia. Miles de mujeres le escuchan: una de ellas es Annie Reed, que está a punto de contraer matrimonio. Pero Annie comienza a obsesionarse con la idea de que debe conocer a Sam antes de casarse con su novio.",P
9428,The Royal Tenenbaums,2001-10-05,Wes Anderson,"Gene Hackman, Anjelica Huston, Ben Stiller, Gwyneth Paltrow, Luke Wilson","Comedia,Drama",7.453,/nG7hZJn7wQTSDCQT39Gy3s3tbrp.jpg,"Royal Tenenbaum y su mujer Etheline, después de tener tres hijos, Chas, Richie y Margot, se han separado. Chas, que trabaja en el sector inmobiliario, parecía tener un don innato para las finanzas internacionales. Margot fue dramaturga y obtuvo una beca Braverman de 50.000 dólares cuando aún estaba en el instituto. Richie fue campeón junior de tenis y ganó los campeonatos de Estados Unidos tres años consecutivos. Pero todos los brillantes recuerdos de los jóvenes Tenenbaums quedan repentinamente borrados por dos décadas de traiciones, fracasos y decepciones de las que consideran que su padre es el principal responsable.",P
15389,Metropolitan,1990-08-03,Whit Stillman,"Edward Clements, Chris Eigeman, Taylor Nichols, Carolyn Farina, Isabel Gillies","Comedia,Drama,Romance",6.964,/852ZwTRj9tRxkGOT0Pu0Ep8yimk.jpg,"Un grupo de jóvenes acomodados de la neoyorquina Park Avenue se reune por las noches para jugar al bridge o teorizar sobre la lucha de clases. Tom Townsend, del Upper West Side, es un antiguo conocido que vive de manera más modesta, tanto que ha gastado el poco dinero que tiene en el alquiler de un smoking para asistir a una de las fiestas de sus antiguos compañeros.",P
1420,Breakfast on Pluto,2005-11-16,Neil Jordan,"Cillian Murphy, Stephen Rea, Brendan Gleeson, Liam Neeson, Eva Birthistle","Drama,Comedia",7.2,/14tmdb1PiLNDZf3VD29S2nUKVV0.jpg,"Patrick Braden es un joven encantador, pero más duro de lo que aparenta. Abandonado al nacer en un pequeño pueblo irlandés, es consciente desde el principio de que es diferente a los demás. Patrick sobrevive en un ambiente hostil gracias no sólo a su ingenio y a su encanto, sino también a que no está dispuesto a que nada ni nadie lo cambie. Le pasarán mil y una peripecias, algunas surrealistas, otras divertidas e incluso conmovedoras, siempre en las carnes de un joven que resiste las pruebas y los desafíos con una sonrisa y manteniendo su fe en la bondad inherente a todos los seres humanos.",P
1203713,A Little Family Drama,2025-04-30,Nadia Zoe,"Alma Martinez, Marissa Reyes, Romi Dias, Diana Elizabeth Torres, Jeff Meacham","Drama,Comedia",7.0,/kfbAPzWlkf7ybsdBRv2c0cJOn7K.jpg,Sin sinopsis disponible.,P
31121,Shampoo,1975-02-11,Hal Ashby,"Warren Beatty, Julie Christie, Goldie Hawn, Lee Grant, Jack Warden","Comedia,Drama",6.1,/6jmFvXPV6OhtX3AkAVnH7rwdeUJ.jpg,"George es el hombre más atractivo de Los Ángeles, un peluquero de Beverly Hills que vuelve locas a todas sus clientas. Animado por su novia Jill a montar su propia peluquería, George recurre a un rico empresario, Lester, para que invierta en su negocio. El único problema es que George se está acostando con su mujer, su amante y su hija adolescente... (FILMAFFINITY).",P
962,The Gold Rush,1925-07-13,Charlie Chaplin,"Charlie Chaplin, Mack Swain, Tom Murray, Henry Bergman, Malcolm Waite","Aventura,Comedia,Drama",8.0,/eQRFo1qwRREYwj47Yoe1PisgOle.jpg,"Aventuras de un solitario buscador de oro en Alaska, donde se topa con varios personajes rudos, y se enamora de la hermosa Georgia, a la que trata de conquistar.",P
1136867,Materialists,2025-06-12,Celine Song,"Dakota Johnson, Chris Evans, Pedro Pascal, Zoë Winters, Marin Ireland","Romance,Drama",6.274,/eDo0pNruy0Qgj6BdTyHIR4cxHY8.jpg,"Lucy es una joven casamentera de Nueva York que se encarga de unir solteros para encontrar la pareja perfecta. Sin embargo, su mundo se desestabiliza al encontrarse atrapada en un triángulo amoroso con Harry, un apuesto financiero multimillonario, y su exnovio John, un actor de poco éxito.",P
38151,It Started in Naples,1960-08-06,Melville Shavelson,"Clark Gable, Sophia Loren, Vittorio De Sica, Marietto Angeletti, Paolo Carlini","Comedia,Romance",6.4,/cqgViygbWqqGJs1AOPKRcKEj4rg.jpg,"Michael Hamilton (Clark Gable), un estirado abogado de Filadelfia, tiene que viajar a Italia para hacerse cargo de la herencia de su hermano. Nada más llegar se siente muy molesto por la ruidosa y espontánea vida nocturna de Capri. Pero le espera una sorpresa aún mayor: su difunto hermano le ha dejado una herencia viva: Nando, su hijo de 10 diez años, un niño un tanto rebelde y fumador empedernido. Y por si fuera poco, tiene que afrontar una auténtica batalla por su custodia contra la tía del chico (Sophia Loren), una cantante de club nocturno que sueña con llegar a ser estrella del cine.",P
9427,The Full Monty,1997-08-13,Peter Cattaneo,"Robert Carlyle, Mark Addy, Wim Snape, Steve Huison, Tom Wilkinson",Comedia,7.001,/fjg4EvzoLZVcZli4BwJIytJ6yjn.jpg,"El cierre de la fábrica de acero de Yorkshire deja sin trabajo a casi toda la población masculina. Gaz, uno de los obreros afectados, perderá el derecho de ver a su hijo si no consigue dinero para pagar la pensión de manutención familiar a su mujer. En medio de la desesperación, se le ocurre una idea, a primera vista disparatada, y se la plantea a los amigos que están en la misma situación: organizar un espectáculo de strip-tease.",P
15659,Foul Play,1978-07-14,Colin Higgins,"Goldie Hawn, Chevy Chase, Burgess Meredith, Eugene Roche, Dudley Moore","Comedia,Misterio,Suspense",6.3,/mk3enoeLNRXRnYGxKcvPXYY1xci.jpg,"Al salir de una fiesta, la bibliotecaria Gloria Mundy recoge a un chico en autostop. Se trata de un policía camuflado que tiene en su poder un microfilme relacionado con un complot para asesinar al Papa. Cuando se citan para ir al cine, él muere asesinado mientras que ella es víctima de una persecución. Los que la siguen averiguan dónde trabaja e intentan asesinarla. Entonces es cuando conoce a Tony Carlson, un policía que se encargará de protegerla. (FILMAFFINITY).",P
1122099,The Ballad of Wallis Island,2025-03-28,James Griffiths,"Tom Basden, Tim Key, Carey Mulligan, Sian Clifford, Akemnji Ndifornyen","Comedia,Drama,Música",7.3,/haS6bnqDqZoi5sYcCPJWaj2yMbB.jpg,"Charles, un excéntrico ganador de la lotería, sueña con volver a reunir a sus músicos favoritos. Su fantasía se hace realidad cuando los miembros de la banda y antiguos amantes aceptan su invitación para tocar en un concierto privado en su casa de Wallis Island. Las viejas tensiones resurgen mientras Charles intenta desesperadamente salvar el concierto de sus sueños.",P
30890,Radio Days,1987-01-30,Woody Allen,"Danny Aiello, Jeff Daniels, Mia Farrow, Seth Green, Robert Joy","Comedia,Drama",7.038,/ljZ3yyYznAiq1vF6nHITdJn6qXB.jpg,"Absorbido por las fantásticas historias de la radio sobre sangrientas guerras y bellas celebridades, Joe Needleman, un niño de 10 años anhela vivir aventuras y sueña con el día en que verá a un espía enemigo, a un soldado alemán o incluso a su sexy profesora de sexto con una gran sonrisa... (y poco más). Pero mientras la vida de Joe está llena de fantasías sobre las voces de la radio, los verdaderos dueños de esas voces tienen sus propias fantasías. Y, mientras nacen estrellas, se derrumban carreras profesionales y una nación se precipita hacia su futuro, sólo hay una cosa absolutamente segura: los días de radio quizá acaben, pero la magia de los recuerdos de Joe durará para siempre.",P
1239655,Friendship,2025-05-09,Andrew DeYoung,"Tim Robinson, Paul Rudd, Kate Mara, Jack Dylan Grazer, Rick Worthy","Comedia,Drama",6.411,/eikAu9gPJTQQmwFwa1zX5Hfz96P.jpg,"Un padre de un barrio residencial (Tim Robinson) lucha por mantener su trabajo y su matrimonio a flote mientras anhela hacerse amigo de Brian, su nuevo y encantador vecino (Paul Rudd).",P
38438,Buffet Froid,1979-12-19,Bertrand Blier,"Gérard Depardieu, Bernard Blier, Jean Carmet, Michel Serrault, Geneviève Page","Comedia,Crimen",7.059,/mZPZQUi5MFmmG8e22moE0HG45e9.jpg,"Comedia negra sobre la soledad y la deshumanización del mundo actual que narra las peripecias de tres hombres: Alphonse Tram, un joven desempleado, su vecino, el policía Morvandieu, y el asesino de la mujer de Alphonse.",P
1161108,The Second Act,2024-05-14,Quentin Dupieux,"Léa Seydoux, Vincent Lindon, Louis Garrel, Raphaël Quenard, Manuel Guillot","Comedia,Drama",6.083,/xDjc1spoT79ncIteIeM1EFoh3lm.jpg,"Florence quiere presentar a David, el hombre del que está locamente enamorada, a su padre Guillaume. Pero David no se siente atraído por Florence y quiere arrojarla a los brazos de su amigo Willy. Los cuatro se reúnen en un restaurante en medio de la nada.",P
2107,L.A. Story,1991-02-08,Mick Jackson,"Steve Martin, Victoria Tennant, Richard E. Grant, Marilu Henner, Sarah Jessica Parker","Comedia,Fantasía,Romance",6.509,/At97val6UZyQoQtmH1b2Pe7bWqG.jpg,"Harry Telemacher (Steve Martin), un estrambótico hombre del tiempo de la televisión, cree que su vida es perfecta, excepto por la imprevisible relación que mantiene con una novia que es una fanática de la moda. Un día de sol radiante y contaminación espesa, el mensaje de una señal electrónica de autopista le cambia la vida, lanzándolo a un frívolo idilio con una joven y bella rubia.",P
47352,Mr. Lucky,1943-07-01,H. C. Potter,"Cary Grant, Laraine Day, Charles Bickford, Gladys Cooper, Alan Carney","Comedia,Romance,Crimen",7.2,/bNwlZCUuueYydkgVL5bcfrYKRNl.jpg,"Un jugador profesional suplanta la personalidad de un fallecido y se introduce en una fundación para recaudar fondos para la guerra, se propone montar una sala de juegos, para quedarse con la recaudación, pero el amor se interpondrá en sus planes.",P
43137,Teacher's Pet,1958-04-01,George Seaton,"Clark Gable, Doris Day, Gig Young, Mamie Van Doren, Nick Adams","Comedia,Romance",6.8,/nScpsAfMBj0ehlisTOuwivnulH5.jpg,"James Gannon (Clark Gable), un maduro editor de prensa se enamora de Erica Stone (Doris Day), una joven que ejerce como profesora en una escuela de periodismo. Con el fin de conquistarla, el editor no duda en matricularse, como un novato más, para que ella le dé clases.",P
509967,6 Underground,2019-12-10,Michael Bay,"Ryan Reynolds, Mélanie Laurent, Manuel García-Rulfo, Ben Hardy, Adria Arjona","Acción,Comedia,Suspense",6.326,/lnWkyG3LLgbbrIEeyl5mK5VRFe4.jpg,"¿Cuál es la mejor parte de estar muerto? No se trata de escapar de tu jefe, de tu ex, de borrar tu historial criminal. La mejor parte de estar muerto es la libertad. Poder acabar con gente mala de verdad, sin tener que responder ante nadie. Liderados por el el enigmático Uno (Ryan Reynolds), seis individuos de distintas partes del mundo han sido elegidos no solo por su habilidad, sino por su deseo de eliminar su pasado para cambiar el futuro. Este equipo de justicieros, que han fingido su muerte, se dedican a desmantelar organizaciones criminales. Y es que, a pesar de estar muertos, harán historia.",P
1266860,What We Wanted to Be,2024-10-18,Alejandro Agresti,"Eleonora Wexler, Luis Rubio, Antonio Agresti, Carlos Gorosito","Drama,Comedia,Romance",7.8,/zSzA0H1Ya9edqXAsIMFJ7F1rwle.jpg,"Una historia de amor original: la de un hombre y una mujer que por años se encuentran todos los viernes en un mismo café para contarse y crear una historia entre ellos de lo que hubiesen deseado llegar a ser si la realidad no se hubiera entrometido con sus sueños. Dos, que, a través de sus encuentros, se enamoran profundamente, pero eligen proteger del mundo exterior la pactada relación hecha de a ratos de cada uno de sus viernes.",P
1058128,The Astronaut Lovers,2024-06-20,Marco Berger,"Javier Orán, Lautaro Bettoni, Mora Arenillas, Agustín Frías, Ailín Salas","Comedia,Drama,Romance",8.426,/yQ5iYpYjVNZXgslPTgIbrb62c5.jpg,"Pedro llega a la costa para pasar sus vacaciones en la casa de sus tíos, donde se reencuentra con Maxi, un amigo de la infancia. Maxi se sorprende al descubrir que Pedro es gay. Cuando Maxi se encuentra con su ex novia, le pide a Pedro que finja ser su novio para reconquistarla. Pedro acepta divertido, sin advertir los peligros de jugar con el amor.",P
744653,The Thursday Murder Club,2025-08-22,Chris Columbus,"Helen Mirren, Pierce Brosnan, Ben Kingsley, Celia Imrie, David Tennant","Comedia,Misterio,Crimen",6.579,/jbnazCHr8S2l2glyvjPTpa4NbEw.jpg,Un grupo de jubilados aficionados a resolver casos antiguos se enfrenta a un asesinato real cargado de misterio en esta comedia de humor negro basada en la novela homónima.,P
1380651,All in Favor,2025-06-12,Santiago Requejo,"Raúl Fernández de Pablo, Clara Lago, Tito Valverde, Gonzalo de Castro, Christian Checa","Comedia,Drama",6.5,/rVYEP9R8fBe6sxrqc3gP1cAehYZ.jpg,"En un edificio del centro de Madrid, una comunidad de vecinos se reúne para votar el cambio de ascensor. Sin embargo, la noticia inesperada de que un nuevo inquilino con problemas de salud mental va a alquilar el piso de uno de los propietarios, cae como una bomba en la reunión, que toma un inesperado rumbo.",P
620350,National Theatre Live: Fleabag,2019-09-12,Tony Grech-Smith,Phoebe Waller-Bridge,"Comedia,Drama",7.8,/ym3Jo2mo2dK9Z27ryMr5mmkDljx.jpg,Sin sinopsis disponible.,P
784,Kolya,1996-05-15,Jan Svěrák,"Zdeněk Svěrák, Андрей Халимон, Libuše Šafránková, Ondřej Vetchý, Stella Zázvorková","Drama,Comedia",7.4,/pb5GvmCdftxUCqw64HiDR3gHl4l.jpg,"Franka Louka es un concertista de violoncelo y profesor de renombre en la Checoslovaquia ocupada por los soviéticos. Al perder su puesto en la orquesta, no le queda más remedio que tocar en los funerales para sobrevivir. Pero ha contraído muchas deudas y no puede saldarlas. Por eso, cuando el señor Broz, el enterrador, le sugiere que resuelva sus problemas económicos casándose con una joven rusa que quiere conseguir la nacionalidad checa, acepta. Ella se aprovecha de esta situación para emigrar con su amante a Alemania Occidental, dejando a su hijo de cinco años con su abuela. Pero cuando la abuela muere, Kolya deberá vivir con su padrastro.",P
512,Scoop,2006-07-27,Woody Allen,"Scarlett Johansson, Woody Allen, Hugh Jackman, Ian McShane, Charles Dance","Comedia,Misterio",6.597,/1nF290EoEn2rs4W9VVercKa4S5o.jpg,"Sondra Pransky (Scarlett Johansson), una estudiante americana de periodismo, se encuentra en Gran Bretaña visitando a unos amigos. Durante su estancia en Londres, acude a un espectáculo de magia, donde un ilusionista (Woody Allen) la invita a subir al escenario para hacerla desaparecer. Mientras espera que el mago ponga en práctica su truco, recibe la visita del fantasma de un prestigioso periodista muerto (Ian McShane), que ha venido desde el más allá para servirle en bandeja la exclusiva del año. El espíritu afirma que Peter Lyman (Hugh Jackman), el rico y atractivo hijo de un conocido aristócrata británico, es en realidad el famoso asesino en serie conocido como 'el asesino del tarot'.",P
120467,The Grand Budapest Hotel,2014-02-26,Wes Anderson,"Ralph Fiennes, F. Murray Abraham, Tony Revolori, Adrien Brody, Willem Dafoe","Comedia,Drama",8.026,/eWdyYQreja6JGCzqHWXpWHDrrPo.jpg,"El Sr. Gustave H., un legendario conserje de un famoso hotel europeo de entreguerras, entabla amistad con Zero Moustafa, un joven empleado al que convierte en su protegido. La historia trata sobre el robo y la recuperación de una pintura renacentista de valor incalculable y sobre la batalla que enfrenta a los miembros de una familia por una inmensa fortuna. Como telón de fondo, los levantamientos que transformaron Europa durante la primera mitad del siglo XX.",P
17887,Barefoot in the Park,1967-05-25,Gene Saks,"Robert Redford, Jane Fonda, Charles Boyer, Mildred Natwick, Herb Edelman","Comedia,Romance",7.1,/qh64tAOmbQNoYMLTETkhmBQgSbu.jpg,"Un joven y conservador abogado (Robert Redford) es la quintaesencia de la sensatez y el sentido común. En cambio, su esposa (Jane Fonda) es un poco alocada y sólo piensa en pasárselo lo mejor posible. Ambos se enamoran al instante y se casan de inmediato, pero la dura realidad (un quinto piso sin ascensor, un apartamento como una caja de cerillas) hace que la pasión y la armonía se resientan.",P
39231,Man's Favorite Sport?,1964-01-31,Howard Hawks,"Rock Hudson, Paula Prentiss, Maria Perschy, John McGiver, Charlene Holt","Comedia,Romance",7.0,/ku6w1vtaKM0lIR9jz1MupKmzqZR.jpg,"Roger Willoughby, un famoso experto en pesca, acaba de escribir un libro que se ha convertido en un best seller. Sin embargo, Roger nunca ha pescado nada. Su jefe acepta la idea de Abigail, la directora publicitaria, de inscribirle en un concurso de pesca.",P
3001,How to Steal a Million,1966-07-13,William Wyler,"Audrey Hepburn, Peter O'Toole, Eli Wallach, Hugh Griffith, Charles Boyer","Comedia,Crimen,Romance",7.511,/xaf3pwmITJvfz9Ab8DiGM8OOtBC.jpg,"El padre de Nicole, un legendario coleccionista de arte, presta su preciada Venus de Cellini a un prestigioso museo parisino. Pero la Venus no es auténtica, la ha esculpido su abuelo, que era un falsificador lo mismo que su padre. Antes de que se descubra la estafa, Nicole contrata los servicios de Simon Demott, un ladrón de guante blanco, para robar el original.",P
8390,"Definitely, Maybe",2008-02-08,Adam Brooks,"Ryan Reynolds, Abigail Breslin, Elizabeth Banks, Isla Fisher, Rachel Weisz","Comedia,Romance",6.935,/7eS5RurcMyi8eVUDenaCjPGAzJ2.jpg,"Will Hayes (Ryan Reynolds) es un papá de treinta y pico años en pleno divorcio. Su hija (Abigail Breslin) de diez años le pregunta por su vida antes de casarse, quiere enterarse de cómo se conocieron sus padres, de cómo se enamoraron. Para contestar a Maya, Will rememora el pasado de un joven idealista que aprende los tejemanejes de la política en una gran ciudad, y le cuenta que conoció a tres mujeres. Desesperado, intenta construir una versión “tolerada” para su hija y cambia los nombres de las protagonistas. Maya tendrá que adivinar con cuál de las tres acabó casándose. ¿Quién es su madre? ¿Emily (Elizabeth Banks), la novia de universidad de Will? ¿O quizá sea su amiga de siempre, su confidente, la apolítica April (Isla Fisher)? Aunque también podría ser una ambiciosa e inconformista periodista llamada Summer (Rachel Weisz). Maya empieza a unir las piezas del rompecabezas romántico de su padre y entiende que el amor no es fácil ni simple.",P
5038,Vicky Cristina Barcelona,2008-08-15,Woody Allen,"Scarlett Johansson, Rebecca Hall, Javier Bardem, Penélope Cruz, Christopher Evan Welch","Drama,Romance",6.798,/ekAIg0GSbbHTH7y1GPgWj0brLTW.jpg,"Dos jóvenes norteamericanas, Vicky (Rebecca Hall) y Cristina (Scarlett Johansson) van a Barcelona a pasar unas vacaciones de verano. Vicky es sensible, racional y tiene intención de casarse, Cristina es emocional y busca aventuras emocionantes, no sabe lo que quiere, sólo sabe lo que no quiere. En Barcelona, ambas se ven envueltas en una relación poco convencional con Juan Antonio (Javier Bardem), un carismático pintor vinculado emocionalmente a su tempestuosa ex-mujer, María Elena (Penélope Cruz).",P
857800,Becoming Led Zeppelin,2025-02-05,Bernard MacMahon,"Jimmy Page, John Paul Jones, Robert Plant, John Bonham, Jeff Beck","Documental,Música",7.431,/zK67RUQeVXv01q6E1TnS4g3Hlw2.jpg,"Los viajes individuales de los cuatro miembros de la banda, mientras se mueven a través de la escena musical de la década de 1960, tocando en pequeños clubes por toda Gran Bretaña e interpretando algunos de los mayores éxitos de la época, hasta su encuentro en el verano de 1968 para un ensayo que cambia sus vidas para siempre.",P
824409,The Alps,2020-12-09,Otmar Penker,,Documental,8.3,/ahdCbUTzmPqHqDsSCKVcBxbHUWq.jpg,Sin sinopsis disponible.,P
1325909,"Hammer: Heroes, Legends and Monsters",2024-10-31,Benjamin Field,"Charles Dance, Tim Burton, John Carpenter, Joe Dante, John Landis","Documental,Terror",7.667,/2qbS8CaSV4UNxg2JecAuiAozJRq.jpg,"Repaso por la increíble historia de Hammer Films, el histórico estudio que revitalizó leyendas del terror como Drácula y Frankenstein y lanzó al estrellato a Christopher Lee.",P
1473107,Days on PCT,2024-05-16,Andrew Martin,Andrew Martin,Documental,0.0,/14hyzetJhO0vdRsR6293eH8fIhI.jpg,Sin sinopsis disponible.,P
927081,Explorer: The Last Tepui,2022-04-06,Renan Öztürk,"Alex Honnold, Mark Synnott, Bruce Means, Michael Strahan","Documental,Aventura",7.5,/u3csCMawDUyB6DZKI4q3j8m6vjG.jpg,Sigue al escalador de élite Alex Honnold y a un equipo de escalada de clase mundial dirigido por el explorador y escalador de National Geographic Mark Synnott en una agotadora misión en las profundidades de la selva amazónica mientras intentan un primer ascenso por un acantilado escarpado de 1000 pies.,P
1341552,Kaizen,2024-09-13,Basile Monnot,"Ines Benazzouz, Mathis Dumas, Manish Tamang",Documental,7.3,/mbpZW0TOykpaEZwEIO5RR4ul3ca.jpg,Sin sinopsis disponible.,P
4539,Hearts of Darkness: A Filmmaker's Apocalypse,1991-11-27,Fax Bahr,"Francis Ford Coppola, Eleanor Coppola, John Milius, George Lucas, Sam Bottoms",Documental,7.9,/nVMCtL3r2nj4fySihDDvamaVkfx.jpg,"Documental que relata el largo y problemático rodaje de 'Apocalypse Now', la obra maestra de Francis Ford Coppola sobre la guerra de Vietnam. Incluye abundante material inédito rodado por Eleanor Coppola, la mujer del director, con una cámara de 16 mm. El título alude a la novela de Conrad 'Hearts of Darkness' (El corazón de las tinieblas), en la que se inspira la película. Obtuvo excelentes críticas.",P
1465026,Untold: The Fall of Favre,2025-05-19,Rebecca Gitlitz,"Brett Favre, Jenn Sterger, Bill Michaels, Jemele Hill, Peter King",Documental,5.9,/t11mBtF6xd3KnaSGfoP3Q0TnnoE.jpg,"Este revelador documental profundiza en la controvertida carrera de Brett Favre, el lado oscuro del estrellato deportivo y los escándalos que empañaron su legado.",P
1484253,Trainwreck: Poop Cruise,2025-06-23,James Ross,"Frank Spagnoletti, Devin Marble, Kalin Lamm, Ashley Lamm, Jayme Lamm","Documental,Drama",5.9,/nJZlsBpDxx3LrGwXvwXkQyVnp9A.jpg,"En este impactante documental sobre el infame «crucero de la caca» de 2013, un incendio en un motor deja a 4000 pasajeros varados en alta mar sin electricidad ni retretes.",P
191720,Jodorowsky's Dune,2013-08-30,Frank Pavich,"Alejandro Jodorowsky, Michel Seydoux, Chris Foss, H. R. Giger, Jean-Paul Gibon",Documental,7.824,/maxjevZcGbfrp55XRk4gcZGeJVd.jpg,"En 1974, el director chileno-francés Alejandro Jodorowsky se embarcó en el quijotesco proyecto de adaptar la influyente novela «Dune» (1969), de Frank Herbert, a la gran pantalla. Tras invertir dos años, y millones de dólares, el gigantesco proyecto terminó en fracaso, pero los artistas que Jodorowsky reunió para llevarlo a cabo continuaron trabajando juntos, y acabaron sentando las bases del cine de ciencia-ficción moderno.",P
1430460,Inbound,2025-02-21,Davin Black,"Vince Carter, Shai Gilgeous-Alexander, Nickeil Alexander-Walker, Bennedict Mathurin, Zach Edey",Documental,6.0,/haSJsah4mxl0dAkbYIZx93VdVDD.jpg,Sin sinopsis disponible.,P
1197842,Brian Johnson Meets Dave Grohl - A Life On The Road Special,2020-09-17,,,Documental,8.0,/aaD7OgkbrFxnZyWkZSjsf1kCS6g.jpg,Sin sinopsis disponible.,P'
1491570,Shark Whisperer,2025-06-30,JP Stiles,"Ocean Ramsey, Juan Oliphant",Documental,6.7,/v0WEubJKWTfqYX8laBGIPI07Z7t.jpg,"En este documental, Ocean Ramsey, una conservacionista marina y activista en redes sociales, bucea sin miedo entre tiburones en su misión de protegerlos.",P
1458708,Rita Lee: Mania de Você,2025-05-08,Guido Goldberg,"Rita Lee, Roberto de Carvalho, Hebe Camargo, Moogie Canazio, Luis Sérgio Carlini",Documental,8.2,/7bD5lOOfWCcrlav2U8IzbEfETp0.jpg,Sin sinopsis disponible.,P
243345,A Long Way from Nowhere,1970-01-01,Bob Aller,Paul Newman,Documental,7.0,/dhB3NiHAAKSeyJOGFQJ1VR8p5IE.jpg,Sin sinopsis disponible.,P
1308619,Jaws @ 50: The Definitive Inside Story,2025-06-20,Laurent Bouzereau,"Steven Spielberg, Cameron Crowe, Jordan Peele, Steven Soderbergh, Carl Gottlieb",Documental,7.5,/kCvCb548scfD0HhkCAwBMKHey5b.jpg,"En su aniversario, un famoso cineasta nos cuenta la historia detrás de un clásico del cine que nos impactó a todos. Desde sus orígenes en un libro hasta su famosa película, el legado de esta obra sigue vivo gracias a las voces de directores y científicos que hablan sobre su influencia en la cultura y la conservación de los tiburones.",P
324277,Jaco,2015-03-17,Paul Marchand,"Bootsy Collins, Flea, Joni Mitchell, Wayne Shorter, Sting","Documental,Música",7.5,/sKKmFdxwy7HEq5j98QOwlRratUo.jpg,Documental que rinde homenaje a la vida de uno de los más grandes bajistas de la historía de la música contemporanea. El documental ha sido producido por Robert Trujillo junto a John Battsek y la dirección ha estado a cargo de Stephen Kijak y Paul Marchand.,P
41355,The Memphis Belle,1944-04-13,William Wyler,"Vince Evans, Jacob L. Devers, Ira C. Eaker, Haywood Hansell, Robert J. Hanson","Documental,Bélica",6.7,/nB3fVpM6JumgiyeuL59Ht1FfzI5.jpg,"Documental sobre la 25 y última misión del bombardeo B17, el 'Memphis Belle'. El avión participó en un gran bombardeo en Wilhelmshafen, Alemania. En su camino encontró artillería pesada antiaérea e interceptores.",P
1387483,Quinografía,2025-04-13,Mariano Donoso,"Quino, Miguel Rep, Milena Busquets, Jorge Valdano, Joan Manuel Serrat",Documental,8.0,/kEHChI3jDZmtrQKGoVNslxFhZIq.jpg,"Con imágenes y testimonios inéditos, damos cuenta del lugar donde Quino forjó su creatividad. Descubrimos, junto a él, su trabajo, sus afectos y los lugares significativos de quien luego de convertirse en celebridad mundial, volvió viudo y casi ciego, para despedirse de la luz de la infancia. Un recorrido a través del mundo, con grabaciones en seis países y entrevistados referentes de la cultura internacional y al mismo Quino, para abordar la vida de uno de los argentinos más talentosos y sensibles, la de sus personajes más conocidos y también descubrir el humor mordaz, irónico, a veces ingenuo, de toda su obra.",P
890836,Dean Martin: King of Cool,2021-11-14,Tom Donahue,"Dean Martin, Alec Baldwin, Jeanine Basinger, Jerry Blavat, Peter Bogdanovich",Documental,7.438,/nis7mAsTjvIQxi0qVxxzFaej6wY.jpg,"Dean Martin tenía un encanto relajado que lo hizo exitoso en todo, desde comedias de pantalla grande hasta programas de variedades de televisión y actos en vivo en Las Vegas. El cineasta Tom Donahue explora la variada carrera de Martin, incluidas sus complicadas relaciones con Jerry Lewis, Frank Sinatra, Sammy Davis Jr y otros. Escuchamos a admiradores como el crítico Gerald Early, el actor Jon Hamm y el artista de hip-hop RZA, quienes dan testimonio de la perdurable mística de Martin.",P
277621,The Doors Are Open,1968-10-04,John Sheppard,"Jim Morrison, Robby Krieger, Ray Manzarek, John Densmore","Música,Documental",7.2,/gVE5W5OC6x6BzTvI8cYrpk0MwZu.jpg,Sin sinopsis disponible.,P
61488,Foo Fighters: Back and Forth,2011-04-05,James Moll,"Dave Grohl, Chris Shiflett, Pat Smear, Taylor Hawkins, Nate Mendel","Documental,Música",7.6,/9t11iPy8Mo5O4yHorqcKXXDLwtt.jpg,"Documental sobre la banda de rock 'Foo Fighters', desde los inicios del grupo comandado por Dave Grohl (ex componente de 'Nirvana') hasta la grabación de su último disco, 'Wasting Light'.",P
54692,Once Brothers,2010-10-12,Michael Tolajian,"Vlade Divac, Dražen Petrović, Kenny Anderson, Larry Bird",Documental,7.4,/gAF0vH9ChP880lkr7LlOYKCg45u.jpg,"Drazen Petrovic y Vlade Divac eran dos amigos que crecieron juntos compartiendo el vínculo común del baloncesto. Juntos, levantaron el equipo nacional yugoslavo a alturas inimaginables. Después de la conquista de Europa, ambos fueron a EE.UU., donde se convirtieron en los primeros dos jugadores extranjeros en alcanzar el estrellato en la NBA. Pero con la caída de la Unión Soviética en la Navidad de 1991, Yugoslavia se separó. La guerra rompió en una Croacia de Petrovic y una Serbia de Divac. Tanto Petrovic como Divac siguieron enfrentándose entre sí en las canchas de baloncesto de la NBA, pero no hubo palabras entre los dos. A continuación, en la fatídica noche del 7 de junio de 1993, Drazen Petrovic murió en un accidente automovilístico. Esta película contará la historia apasionante de estos hombres, cómo las circunstancias fuera de su control los separó, y cómo Divac ha liviado ante la muerte de su amigo, antes de que tuvieran la oportunidad de conciliar.",P
1388244,From Roger Moore with Love,2024-12-15,Jack Cocker,"Roger Moore, Steve Coogan, Deborah Moore, Christian Moore, Geoffrey Moore",Documental,8.0,/pHtqrltEcEir9Q2u75Tnt98Gomm.jpg,"Mientras el mundo se pregunta quién será el próximo espía británico, la actuación de uno sigue siendo inolvidable. Con un estilo divertido y elegante, este Bond trajo a la vida un nuevo tipo de masculinidad, respaldado por testimonios de quienes lo conocieron y material personal inédito de su familia.",P
553649,ReMastered: Tricky Dick & The Man in Black,2018-11-02,Barbara Kopple,"Johnny Cash, Pat Buchanan, John Carter Cash, Lou Robin, Joanne Cash Yates","Documental,Música",6.6,/nN511RlOvXXTiz8BT65o8ZR5feT.jpg,"Preocupado por la creciente influencia del rock-n-roll en una creciente base de fanáticos liberales, el presidente Nixon invitó a Johnny Cash a la Casa Blanca para consolidar su base en el género tradicionalmente más conservador de la música country. Lo que Cash hizo en cambio fue subversivo y sorprendió a todos.",P
103016,Ornette: Made in America,1986-02-21,Shirley Clarke,"Ornette Coleman, William S. Burroughs, Gregory Gelman, Alex Deych, Larissa Blitz","Documental,Música",6.5,/8rRBNmyZ94ckQc4H3StS8O4IwmV.jpg,"La película se enfoca en la lucha y los triunfos de Ornette Coleman, así como en la extraordinaria inteligencia que fecundó su creatividad y aseguró su éxito. El pietaje de Clarke incluye escenas de Ornette conversando con familiares y amigos, fragmentos de entrevistas, riffs y viajes, así como pietaje de sus presentaciones —en su ciudad natal (Fort Worth, Texas), en Nueva York, en Marruecos y demás lugares— y constituye el recuento más exhaustivo de su carrera disponible hasta ahora. Aclamada por los críticos cuando se estrenó en 1985, la película resulta todavía más importante en nuestros días. La influencia de Coleman ha ido aumentado en los últimos años, a la par que la interpretación que Clarke hizo de su vida resulta más actual que nunca.",P
1517758,Stiller & Meara: Nothing Is Lost,2025-10-17,Ben Stiller,"Jerry Stiller, Anne Meara, Ben Stiller, Amy Stiller, Ella Stiller",Documental,6.5,/zJuzuanxfc7D7Kqz4qYQqsDhRY3.jpg,"Ben Stiller cuenta la historia de sus padres, los iconos de la comedia Jerry Stiller y Anne Meara, y explora el impacto que tuvieron en la cultura popular y en su vida familiar, donde la creatividad, la familia, la vida y el arte se entremezclaban.",P
497727,Beyond the Edge,2018-03-01,Александр Богуславский,"Милош Биковић, Lyubov Aksyonova, Antonio Banderas, Евгений Стычкин, Аристарх Венес","Aventura,Fantasía,Acción",5.5,/fam9DzYI99OBNse5A6QGTjgQUga.jpg,Moscú Actual. Un talentoso Apostador reúne a un equipo de personas con poderes sobrenaturales para ganar a lo grande en un casino. Pero encuentran un rival místico mucho más fuerte.,P
1425725,Hans Zimmer & Friends: Diamond in the Desert,2025-02-19,Paul Dugdale,"Hans Zimmer, Billie Eilish, Christopher Nolan, Denis Villeneuve, FINNEAS","Música,Documental",8.2,/aAbU0BuIQa6CUPOqsvUoPK39apD.jpg,"Una extraordinaria interpretación en directo de las bandas sonoras de películas más queridas y reconocidas de Hans Zimmer, incluyendo música de Dune, Gladiador, Interestelar y El Rey León. Con conversaciones con colaboradores creativos como Billie Eilish, Christopher Nolan, Denis Villeneuve, Finneas, Jerry Bruckheimer, Pharrell Williams, Timothée Chalamet, Zendaya y más.",P
1196882,The Land of Giants,2023-10-07,,"Mark Abma, Emily Childs, Sam Kuch, Logan Pehota, Sammy Carlson",,0.0,/eSI9L6vWBJrrGjWXIhQLClXczoT.jpg,Sin sinopsis disponible.,P
36208,A Dog's Life,1918-04-14,Charlie Chaplin,"Charlie Chaplin, Dave Anderson, Bert Appling, Albert Austin, Henry Bergman",Comedia,7.313,/41vqtliesQrsJQ9iTJh5nFYQgBg.jpg,Charlot se encuentra sin trabajo y sus perspectivas no son nada halagüeñas cuando salva a una perra errante llamada Scraps del ataque de otros perros. Ambos se hacen inseparables y persiguen un mismo objetivo: conseguir comida.,P
23965,The White Diamond,2004-11-13,Werner Herzog,"Werner Herzog, Graham Dorrington, Annette Scheurich, Marc Anthony Yhap, Dieter Plage",Documental,7.0,/oYSEPp5uyXZ0UXNhTGQtwvGUGKC.jpg,"El documentalista alemán Dieter Plage encontró la muerte en el corazón de la selva de la Guayana, mientras volaba en un ingenio propulsado por helio, el Jungle Airship, inventado por un amigo suyo. Su intención era observar la vida salvaje en las copas de los árboles. En 2004, Werner Herzog emprende este viaje de alto riesgo, en un nuevo prototipo aerostático de características parecidas, en compañía del ingeniero del zeppelín siniestrado, para narrar la fatídica historia de Plage.",P
1401601,SKI - The Greatest Ski Tour of All Time,2024-12-05,Nikolai Schirmer,"Nikolai Schirmer, Vegard Rye",Documental,6.5,/izBHbRXKPj65crg6uRgN4x38pxn.jpg,Sin sinopsis disponible.,P
1584780,I'm Chevy Chase and You're Not,2025-12-04,Marina Zenovich,"Chevy Chase, Beverly D'Angelo, Dan Aykroyd, Goldie Hawn, Lorne Michaels",Documental,6.5,/gxPOVkbNQJX94M5wRznyxaV2Svy.jpg,Sin sinopsis disponible.,P
358100,Johnny Cash: American Rebel,2015-09-12,Jordan Tappis,"Johnny Cash, Kris Kristofferson, Willie Nelson, Sheryl Crow, Kid Rock","Documental,Música",8.2,/8zQqQe8yLQCDe5tlgME3AX9FuTV.jpg,Sin sinopsis disponible.,P
1270333,San Pugliese,2024-07-25,Maximiliano Acosta,"Beba Pugliese, Carlo Pugliese, León Gieco, Luis Brandoni, Rodolfo Mederos","Documental,Música",0.0,/lNfwb0sVn6xj8ZOHgg6YTLzDb0L.jpg,"Osvaldo Pugliese trascendió en el mundo, creó su propio estilo en el tango y fue convertido en un santo contra la mala suerte para los músicos. En el film, su hija, su nieta, músicos y fanáticos recorren sus pasos para develar este misterio.",P
1340612,Nobu,2025-06-27,Matt Tyrnauer,"Nobu Matsuhisa, Robert De Niro, Meir Teper, Cindy Crawford, Rande Gerber",Documental,6.2,/puSW90asbfi44bB6RlG9FAk9Tfl.jpg,Sin sinopsis disponible.,P
1294359,The Real Red Tails,2024-06-03,,Sheryl Lee Ralph,Documental,7.5,/fXXjrJtSqIuft5tRyn1TdBFdVfQ.jpg,Sin sinopsis disponible.,P
1356342,Heartbreakers Beach Party,2024-10-17,Cameron Crowe,"Tom Petty, Cameron Crowe, Mike Campbell, Benmont Tench, Stan Lynch","Documental,Música",6.2,/n4rUVZmaHCsKHG3y7vw4986xoIx.jpg,"Este dinámico y sincero recorrido junto a la banda de rock más icónica de Estados Unidos captura el espíritu de los primeros años de la era MTV, ofreciendo una mirada única al talento creativo y la inigualable trayectoria de Tom Petty.",P
355254,De Palma,2016-06-10,Noah Baumbach,Brian De Palma,Documental,7.0,/uYYxSGwKWrnN86Uyuk0NyDzCLwh.jpg,"Noah Baumbach (y Jake Paltrow) entrevistan a Brian de Palma a lo largo de 10 años, una conversación entre cineastas que analiza la carrera de de Palma que alcanza ya 6 décadas.",P
1482168,"The Rise of the Red Hot Chili Peppers: Our Brother, Hillel",2026-03-13,Ben Feldman,"Hillel Slovak, Anthony Kiedis, Flea, Alain Johannes, Jack Irons","Documental,Música",7.2,/y9hHoO3eB7l3ZjYUZoJUJpZW22V.jpg,"Este sincero documental narra los años de formación de los Red Hot Chili Peppers y la profunda influencia de Hillel Slovak, miembro original de la banda.",P
1430149,We Want the Funk!,2025-04-08,Stanley Nelson,"Nona Hendryx, Questlove, George Clinton, Fred Wesley, Marcus Miller","Documental,Música",6.3,/hJtko6EIcE280ZdVnP358or870T.jpg,"Este documental explora el funk, desde sus raíces africanas hasta su explosión en los años 60. Con figuras como James Brown y Fela Kuti, el funk se convirtió en un símbolo de libertad y orgullo negro, resonando con un mensaje poderoso de identidad.",P
859368,Sangre de Campeones,2018-05-31,Sebastián Bednarik,,Documental,0.0,/etRtmz05WDgTnDD7V2qkMe809XU.jpg,Sin sinopsis disponible.,P
407862,Top Gear: Apocalypse,2010-11-22,Phil Churchward,"Richard Hammond, James May","Acción,Comedia,Documental",6.4,/tjOk2zL8SVfZJMiVa1UK0VkTI5c.jpg,Sin sinopsis disponible.,O
96578,Top Gear: At the Movies,2011-11-14,Phil Churchward,"Richard Hammond, James May","Acción,Documental",6.5,/i1nm566KEUO4202Jku8sTuz1QiR.jpg,Sin sinopsis disponible.,O
424844,Top Gear: The Great Adventures 4,2011-03-28,Phil Churchward,"Jeremy Clarkson, James May, Richard Hammond","Documental,Aventura,Comedia",8.4,/8dhYyJe8C5LkA43UdcAqHK86S4h.jpg,Sin sinopsis disponible.,O
629585,Top Gear: Patagonia Special,2014-12-27,Kit Lynch-Robinson,"Jeremy Clarkson, Richard Hammond, James May","Película de TV,Aventura,Documental",8.6,/tZjJK6znVcfzU8mec7colgifL3n.jpg,"El 11.º Top Gear Special es una gloriosa celebración del motor V8, o al menos debería serlo. En él, Jeremy Clarkson, Richard Hammond y James May toman un trío de autos deportivos con motor V8 en un viaje épico y agotador de 1,600 millas a través de espectaculares paisajes patagónicos. En el camino, se encuentran con pantanos, desiertos, bosques, playas y montañas nevadas mientras el trío y sus máquinas que a menudo funcionan mal se dirigen hacia la ciudad más austral del mundo y un inminente partido de fútbol de autos. Desafortunadamente, no es así como suceden las cosas...",O
436511,Top Gear: Polar Special,2007-07-25,Nigel Simpkiss,"Jeremy Clarkson, Richard Hammond, James May, Ranulph Fiennes","Documental,Comedia",8.4,/yHCKk3TKgtEBeO9yyqdly3ebb9O.jpg,Sin sinopsis disponible.,O
276873,Top Gear: The Burma Special,2014-06-02,Kit Lynch-Robinson,"Jeremy Clarkson, Richard Hammond, James May","Documental,Comedia",8.5,/pNwQLHMERd0gfgztLoVblO5evBi.jpg,Sin sinopsis disponible.,O
301235,Top Gear: The Perfect Road Trip 2,2014-11-17,Phil Churchward,"Jeremy Clarkson, Richard Hammond, Ben Collins","Documental,Aventura,Comedia",7.0,/4jy5c40P3kMfJTo1ABVQFXQ7kvu.jpg,Sin sinopsis disponible.,O
144942,Top Gear: The Worst Car In the History of the World,2012-11-19,Phil Churchward,"Jeremy Clarkson, James May, Ben Collins","Comedia,Película de TV,Documental",7.2,/dAjNuW4bwDqXYXxYsTyeh3KnFmW.jpg,Sin sinopsis disponible.,O
518801,McKellen: Playing the Part,2018-05-25,Joe Stephenson,"Ian McKellen, Scott Chambers, Luke Evans, Milo Parker, Adam Brown","Documental,Historia",7.2,/v1NO4TVUjRtw6Fs8Kyit0viuVcr.jpg,Documental que se centra en la vida y obra del actor británico Ian McKellen.,P
1649248,Finding Satoshi,2026-04-22,Tucker Tooley,"William D. Cohan, Tyler Maroney, Hal Finney, Len Sassaman, Bill Gates",Documental,7.4,/kZ5Jum0zjl0g1IAVl258a77zx0c.jpg,Sin sinopsis disponible.,P
77365,Into the Abyss,2011-11-11,Werner Herzog,"Werner Herzog, Jason Burkett, Richard Lopez, Damon Hall, Lisa Stolter-Balloun","Documental,Crimen",6.9,/omYLK5w7N5YeWi4gFcNTylgvL8j.jpg,"Documental sobre una cárcel de máxima seguridad. Muestra la trayectoria de dos asesinos convictos, acusados de la muerte de tres personas en Texas en 2001. Los criminales son Michael Perry y Jason Burkett. Los dos proclamaron su inocencia. Perry fue ejecutado ocho días después de participar en el documental.",P
1620034,"Marty, Life Is Short",2026-05-11,Lawrence Kasdan,"Martin Short, Lawrence Kasdan, Steve Martin, Eugene Levy, Nancy Dolman",Documental,8.0,/5u8r3iMUVeVejv8G2PrRvlTbogC.jpg,"Martin Short repasa toda una vida llena de alegría en este documental con clips clásicos, entrevistas recientes y vídeos caseros inéditos repletos de celebridades.",P
1684246,Untold UK: Vinnie Jones,2026-05-26,David Tryhorn,"Vinnie Jones, John Fashanu, Dave Bassett, Bobby Gould, Sam Hammam","Historia,Documental",6.5,/AilC78z0a3wg0mBpBpurqjWCTxZ.jpg,"La historia del ascenso, caída y regreso de Vinnie Jones contra todo pronóstico (y a pesar de las tarjetas): de ser uno de los jugadores más controvertidos a triunfar en la FA Cup.",P
800204,WWII Bomb Hunters,2018-04-16,Isabelle Weber,Christoph Drobig,Documental,8.5,/1pYp9zz5ugs6duQ9Vfbx9OnFQM7.jpg,"Los aliados tiraron más de 5 millones de bombas sobre la Alemania nazi. Una de cada diez no explotó. El equipo de desactivación de bombas de Alemania arriesga su vida a diario para eliminarlas. Cada año se encuentran 5000 bombas sin detonar y se evacúa a miles de personas. En Alemania, los servicios de desactivación eliminan una media de 100 bombas de la II Guerra Mundial a la semana.",P
1127578,The Stones and Brian Jones,2023-11-17,Nick Broomfield,"Nick Broomfield, Brian Jones, Freddie Fox, Bill Wyman, Zouzou","Documental,Música",6.9,/yiBLSBoyJdAS5dpVCNfYRPLFaGH.jpg,Sin sinopsis disponible.,P
690888,Beyond Dreams,2019-09-26,Rafael Duarte,Roman Romancini,Documental,8.5,/886AZr7gvpG608SH4aQkrVvYKns.jpg,Sin sinopsis disponible.,P
170321,Wild Life,1997-04-05,青山真治,"豊原功補, 五十嵐信次郎, 夏生ゆうな, Jun Kunimura, 光石研","Drama,Suspense",8.0,/anVj8NroGSJyTLQ2tf0FGUhGjTH.jpg,Sin sinopsis disponible.,P
835975,Great Freedom,2021-11-18,Sebastian Meise,"Franz Rogowski, Georg Friedrich, Anton von Lucke, Thomas Prenn, Thomas Stecher","Drama,Romance,Crimen",7.3,/eWjjZBLlL1Re1wAyGFfX0e6ET19.jpg,"Es la historia real de Hans en tres momentos (1945, 1957 y 1969) de su relación con Viktor, un asesino convicto: un amor carcelario, propiciado por las entradas y salidas de prisión de Hans a causa de la represión a la que fueron sometidas las personas homosexuales en la Alemania democrática de posguerra.",M
490132,Green Book,2018-11-16,Peter Farrelly,"Viggo Mortensen, Mahershala Ali, Linda Cardellini, Sebastian Maniscalco, Dimiter D. Marinov","Drama,Comedia,Historia",8.224,/7BsvSuDQuoqhWmU2fL7W2GOcZHU.jpg,"Años 60. Cuando Tony Lip, un rudo italoamericano del Bronx, es contratado como chófer del virtuoso pianista negro Don Shirley durante una gira de conciertos por el Sur de Estados Unidos, deberá confiar en 'El libro verde', una guía de los pocos establecimientos seguros para los afroamericanos, para encontrar alojamiento. Son dos personas que tendrán que hacer frente al racismo y los prejuicios, pero a las que la bondad y el sentido del humor unirán, obligándoles a dejar de lado las diferencias para sobrevivir y prosperar en el viaje de su vida.",K
594306,Gutterbug,2019-04-28,Andrew Gibson,"Andrew Yackel, Justin Pietropaolo, Hannah Mosqueda, Paul Kandarian, Mary Hronicek","Crimen,Drama",3.8,/lYbPIpQyyT9NBCcAF3UUj3xYdxx.jpg,Sin sinopsis disponible.,J
795811,Wheel of Fortune and Fantasy,2021-04-11,濱口竜介,"古川琴音, 中島歩, Hyunri, Kiyohiko Shibukawa, 森郁月","Drama,Romance",7.2,/j1BDCUyliBFztah5f6GBKPupqpi.jpg,"Contada en tres movimientos, es una colección de historias protagonizadas por personajes femeninos que trazan las trayectorias entre sus elecciones y arrepentimientos. Un triángulo amoroso inesperado, una trampa de seducción fallida y un encuentro que resulta de un malentendido.",J
324786,Hacksaw Ridge,2016-10-07,Mel Gibson,"Andrew Garfield, Sam Worthington, Vince Vaughn, Teresa Palmer, Luke Bracey","Drama,Historia,Bélica",8.193,/fnOMP6mjmOmZwmlC1n0K7ivrzt1.jpg,"La historia de Desmond T. Doss, quien, debido a que se lo prohibía su fe, combatió en la Segunda Guerra Mundial sin portar un arma. No disparó ni una bala, pero salvó a 75 personas de la muerte en la batalla de la isla de Okinawa.",N
42720,Violence at Noon,1966-07-15,Nagisa Ōshima,"Saeda Kawaguchi, 小山明子, 佐藤慶, 戸浦六宏, 観世栄夫",Drama,6.2,/7TmMjNusKnBmzsNSujuEIpYGoha.jpg,"En el Japón en ruinas de la postguerra, Eisuke, un hombre desgraciado que va dando tumbos por la vida, conoce a Shino, una joven que trabaja como criada en una residencia y que vive sumida en la pobreza. Pero Shino deja de ser el objeto de sus deseos cuando Eisuke conoce a la mujer del señor Inagaki, el dueño de la residencia.",N
195028,Ballad of Orin,1977-11-19,篠田正浩,"岩下志麻, 原田芳雄, 奈良岡朋子, 殿山泰司, 安部徹",Drama,7.2,/1wGMKly3xLfkLbfsmITaxBIFr4E.jpg,"Orin es una cantante ciega que se gana la vida en una compañía de músicos ambulantes. Tras ser violada, es expulsada de su compañía por haber perdido la virginidad. Abandonada, a Orin no le queda más remedio que seguir ganándose la vida sola de pueblo en pueblo con sus actuaciones. Durante el camino será presa de personas mezquinas que intentarán aprovecharse de ella, pero también conocerá el amor.",N
1020047,In the Hand of Dante,2026-06-12,Julian Schnabel,"Oscar Isaac, Gal Gadot, Gerard Butler, John Malkovich, Louis Cancelmi","Drama,Crimen,Suspense",5.216,/nPPIufTBnzEg0d7NoR5RLL1oPra.jpg,"Cuando el supuesto manuscrito original de 'La Divina Comedia' emerge en los peligrosos bajos fondos de Nueva York, la mafia llama al erudito Nick para autenticarlo. Abrumado por la tentación, Nick roba el manuscrito, emprendiendo un camino oscuro y violento desde un metafórico infierno hasta el paraíso con su amor Giulietta, mientras se desarrolla una historia paralela: la odisea del propio Dante en el siglo XIV, un hombre que está atrapado en un matrimonio sin amor con Gemma. Dante escapa a Sicilia y crea su obra más grande, inmortalizando a su amor perdido, Beatriz. Las líneas de tiempo de Nick y Dante tejen caminos separados y, sin embargo, los dos hombres están inextricablemente unidos: ambos se pierden persiguiendo el amor, la belleza y la promesa misma de lo divino.",M
121873,Hannah Arendt,2012-09-11,Margarethe von Trotta,"Barbara Sukowa, Axel Milberg, Janet McTeer, Julia Jentsch, Nicholas Woodeson",Drama,6.877,/gOsVg7bSWpBJ56y19b8qg10yLAh.jpg,"Gira en torno a la figura de la filósofa judío-alemana Hannah Arendt, que trabajó como reportera cubriendo el juicio a Adolf Eichmann, el nazi que organizó el genocidio contra los judíos. (FILMAFFINITY).",G
506528,Harriet,2019-11-01,Kasi Lemmons,"Cynthia Erivo, Leslie Odom Jr., Janelle Monáe, Clarke Peters, Vanessa Bell Calloway","Drama,Historia",7.319,/rsUs58bDqpJJxZSOebZOMN9gzw2.jpg,"Historia basada en la abolicionista Harriet Tubman (Cynthia Erivo), que liberó a numerosos esclavos tras haber escapado ella misma de la esclavitud en 1849.",K
1024,Heavenly Creatures,1994-09-12,Peter Jackson,"Melanie Lynskey, Kate Winslet, Sarah Peirse, Diana Kent, Clive Merrison","Drama,Fantasía",6.955,/uvb86wVCIqD3Rlbr0GTNgWDF7Zo.jpg,"Nueva Zelanda, mediados del siglo XX. La amistad entre dos compañeras de colegio adolescentes es tan intensa y estrecha que despierta el recelo de los padres de una de ellas. Las chicas crean un mundo imaginario y lleno de fantasía en el que se refugian para vivir de espaldas al resto del mundo. Basada en hechos reales.",H
31681,Hell in the Pacific,1968-12-19,John Boorman,"Lee Marvin, Toshirō Mifune","Drama,Bélica,Aventura",7.0,/kEiJRrDP6m0o96v7n2UMtad4sAF.jpg,"Durante la Segunda Guerra Mundial (1939-1945), los dos únicos supervivientes de una batalla naval, un soldado norteamericano y un oficial japonés, se ven obligados a convivir en una isla desierta del Océano Pacífico.",J
10705,Henry V,1989-10-05,Kenneth Branagh,"Kenneth Branagh, Derek Jacobi, Brian Blessed, James Larkin, Paul Scofield","Bélica,Drama,Historia",7.1,/w9R2HsYNnfF3m9uEo2UAmPNJr8a.jpg,"Enrique V, el joven rey de Inglaterra desde 1413, no es más que un pelele en manos del clero, que lo convence para que invada Francia y reivindique sus derechos al trono del país vecino. Después de la sangrienta batalla de Agincourt, el rey debe levantar la moral de sus tropas, cada vez más hundida, y, además, debe enfrentarse a sus propias dudas.",J
381284,Hidden Figures,2016-12-10,Theodore Melfi,"Taraji P. Henson, Octavia Spencer, Janelle Monáe, Kevin Costner, Kirsten Dunst","Drama,Historia",8.049,/9lfz2W2uGjyow3am00rsPJ8iOyq.jpg,"Narra la historia nunca contada de tres brillantes mujeres científicas afroamericanas que trabajaron en la NASA a comienzos de los años sesenta (en plena carrera espacial, y asimismo en mitad de la lucha por los derechos civiles de los negros estadounidenses) en el ambicioso proyecto de poner en órbita al astronauta John Glenn.",M
592984,Hillbilly Elegy,2020-11-09,Ron Howard,"Amy Adams, Glenn Close, Gabriel Basso, Haley Bennett, Freida Pinto",Drama,6.667,/aA0D6DKIfLtXYNy94Qq2IW5NiGR.jpg,Un estudiante de derecho en Yale vuelve a su pueblo de los Apalaches y reflexiona sobre la historia de su familia y sobre su futuro. Basada en la biografía del mismo título.,J
51378,Intimate Stories,2002-10-24,Carlos Sorín,"Javier Lombardo, Antonio Benedicti, Javiera Bravo, Mariela Díaz, Enrique Otranto","Comedia,Drama",7.286,/dD27iIMNImAnGlSs7OroS0lvV95.jpg,"A miles de kilómetros al sur de Buenos Aires, tres personajes viajan por las solitarias rutas de la Patagonia. Don Justo, un anciano de ochenta años, que es el dueño de un bar de carretera que regenta su hijo, se ha escapado de casa para buscar a su perro desaparecido desde hace tiempo. Roberto, un viajante de comercio de cuarenta años, lleva en su viejo coche una tarta de crema para el cumpleaños del hijo de la joven viuda de uno de sus clientes. Ese mismo día María Flores, una joven de 25 años, viaja con su hija en autobús siguiendo la misma ruta. Es una mujer muy humilde que acaba de saber que ha resultado ganadora en un sorteo de un programa de TV, cuyo premio mayor es un robot de cocina. Cada uno viaja por su cuenta, pero como sucede en las desérticas rutas patagónicas, sus vidas y sus ilusiones se entrecruzan en los escasos paradores de la región.",M
48797,Man Facing Southeast,1987-04-02,Eliseo Subiela,"Lorenzo Quinteros, Hugo Soto, Inés Vernengo, Cristina Scaramuzza, Tomas Voth","Misterio,Ciencia ficción,Drama",7.5,/nopMzXaxd2n3NJkhbWbvqf5MIY9.jpg,"El doctor Julio Denis es un médico psiquiatra y trabaja en un neuropsiquiátrico. Un día llega al hospital un joven, Rantés, que dice ser un ser de otro planeta. Lo trata como paranoico, pero Rantés irá introduciéndose en su vida, haciéndolo dudar de si realmente está loco, con lo que, sutilmente, lo obliga a replantear su vida y profesión.",M
949838,72 HOURS,2026-07-20,Tim Story,"Kevin Hart, Marcello Hernández, Mason Gooding, Kam Patterson, Ben Marshall","Comedia,Crimen",6.726,/9Bu1PW2R1XayqRqnl0aDOgMcrdS.jpg,"Para salvar su carrera, un ejecutivo publicitario de 40 años se une a unos veinteañeros en una alocada despedida de soltero en Miami cuando lo añaden por error a un chat grupal.",G
644495,House of Gucci,2021-11-24,Ridley Scott,"Lady Gaga, Adam Driver, Al Pacino, Jeremy Irons, Jared Leto","Drama,Crimen,Historia",6.561,/oJCQjD2byiVF1EG408F9dBn9ndU.jpg,"Drama criminal en torno al asesinato en 1995 de Maurizio Gucci, nieto del fundador del imperio de la moda Gucci, que apareció asesinado por orden de su exmujer Patrizia Reggiani, conocida como la 'viuda negra de Italia'.",J
8293,Howards End,1992-03-13,James Ivory,"Emma Thompson, Helena Bonham Carter, Anthony Hopkins, Samuel West, Vanessa Redgrave","Drama,Romance",7.0,/1009nhfj28VhhQnVadtjkOacduX.jpg,"Finales del siglo XIX. Margaret Schlegel y su hermana Helen son dos mujeres cultas y emancipadas para la época en que viven. Su relación con la convencional familia Wilcox acaba en enemistad. Sin embargo, pasado cierto tiempo, se establece una estrecha relación entre Margaret y la señora Ruth Wilcox, quien, para disgusto de su familia, decide nombrar heredera de su mansión a la mayor de las Schlegel.",H
24748,Hud,1963-05-24,Martin Ritt,"Paul Newman, Melvyn Douglas, Patricia Neal, Brandon De Wilde, Whit Bissell","Drama,Western",7.258,/A168bF52vmAIGkC2Qafj7M2EmaE.jpg,"Homer Bannon, un viejo ganadero del Oeste, no quiere saber nada de la nueva industria petrolera que poco a poco ha ido cambiando el rostro de la región y ha supuesto una enorme riqueza para todos, y mantiene serias discusiones con su hijo Hud. El joven es un irresponsable que necesita mucho dinero para poder mantener su lujoso tren de vida, dinero que no produce la cría de ganado. Entre padre e hijo se interpone el nieto del primero, sobrino del segundo, que siente un gran cariño por su abuelo y una gran admiración por su tío. En medio de este choque de intereses, algo comienza a suceder al ganado.",G
569711,Human Capital,2020-07-17,Marc Meyers,"Liev Schreiber, Marisa Tomei, Peter Sarsgaard, Maya Hawke, Alex Wolff","Crimen,Drama",5.7,/fgpui5bN3zbpmgIIPPiZ3i1u8pv.jpg,Las vidas de dos familias diferentes chocan cuando sus hijos comienzan una relación que conduce a un trágico accidente.,K
9470,Kung Fu Hustle,2004-02-10,周星馳,"周星馳, 元秋, 元華, 林子聰, 梁小龍","Acción,Comedia,Crimen,Fantasía",7.52,/1n3c4J3yuTnPWe5SckR0kkP9viQ.jpg,"Ambientada en el caos de la China prerrevolucionaria, un ladrón de poca monta, Sing (Ste-phen Chow), aspira a ser uno de los crueles y sofisticados miembros de la Banda del Hacha cuyas actividades ilegales ensombrecen la ciudad. Sing intenta extorsionar a uno de los habitantes de un complejo de apartamentos llamado 'Pig Sty Alley', pero los vecinos no son lo que parecen. Sin pretenderlo, los cómicos intentos de intimidación de Sing atraen a la Banda del Hacha, desencadenando una serie de sucesos que enfrentan cara a cara los dos mundos tan diferentes. Mientras los habitantes de Pig Sty luchan por sus vidas, el choque de titanes de kung fu que sigue desentierra algunos maestros legendarios de artes marciales.",M
29458,One Hundred Steps,2000-09-01,Marco Tullio Giordana,"Luigi Lo Cascio, Luigi Maria Burruano, Lucia Sardo, Paolo Briguglia, Tony Sperandeo","Drama,Historia",7.8,/pScb9QrLFeqlLsDGL9pXMWGiMz2.jpg,"Sicilia, años 50. Cinisi es un pueblo de la provincia de Palermo, conocido por el aeropuerto de Punta Raisi, que los jefes de la mafia local utilizan para sus negocios. Aquí vive el pequeño Peppino Impastato, a cien pasos de la casa del boss Tano Badalamenti, con el que su familia mantiene una estrecha relación, marcada por la ley del silencio. Peppino agobia a su padre con continuas preguntas acerca de la actividad del mafioso, pero a cambio sólo obtiene silencio. En 1968, ya adolescente, comparte los ideales sociales y políticos de su generación y participa en una manifestación contra la ampliación del aeropuerto, que les quitaría las tierras a los campesinos. En los años siguientes, funda un periódico local y una emisora independiente ('Radio Out') en la que se mofa de la mafia y de los que la protegen, llegando a suscitar la ira de Badalamenti (Tano Seduto) y la reprobación de su familia.",N
586940,I Lost My Body,2019-11-06,Jérémy Clapin,"Hakim Faris, Victoire du Bois, Patrick d'Assumçao, Alfonso Arfi, Hichem Mesbah","Animación,Drama,Fantasía",7.487,/P3d0gN4N4rCuW5FdIKzzLfl96u.jpg,"Amor, misterio y aventura se entrelazan en esta película animada sobre un joven que se enamora y una mano amputada que peina la Ciudad de la Luz en busca de su dueño.",K
389015,"I, Tonya",2017-12-07,Craig Gillespie,"Margot Robbie, Sebastian Stan, Allison Janney, Julianne Nicholson, Paul Walter Hauser","Drama,Comedia",7.466,/6gNXwSHxaksR1PjVZRqNapmkgj3.jpg,Tonya Harding fue la primera mujer estadounidense en completar un salto de triple axel en competición en patinaje sobre hielo en 1991. Pero el éxito en el hielo no siempre estuvo acompañado de felicidad en su vida personal.,K
16284,Ice Cold in Alex,1958-06-24,J. Lee Thompson,"John Mills, Sylvia Syms, Anthony Quayle, Harry Andrews, Diane Clare","Bélica,Aventura,Drama",7.319,/lkqTxSL9JwyyXDu5yeOoj5mzsVc.jpg,"Durante la II Guerra Mundial (1939-1945), un grupo de soldados y enfermeras cruzan el desierto en una destartalada ambulancia con la intención de llegar hasta Alejandría. En el camino recogen a un misterioso personaje. (FILMAFFINITY).",J
1016661,Romance of Ida,2022-07-11,Goda Krisztina,"Mentes Júlia, Rohonyi Barnabás, Hevér Gábor, Ember Márk, Mészáros Béla","Romance,Película de TV,Historia",6.7,/zwkneUe28THVEQnDSTBHPoytPDY.jpg,"Década de 1920. A través de un anuncio prometiendo una generosa dote, un padre encuentra un marido para su hija. ¿El matrimonio arreglado podrá convertirse en amor verdadero?",H
25237,Come and See,1985-10-17,Элем Климов,"Алексей Кравченко, Ольга Миронова, Liubomiras Laucevičius, Vladas Bagdonas, Jüri Lumiste","Drama,Bélica,Terror,Historia",8.2,/baK79h2An0J8mzTue13KThAeYC5.jpg,"Tras encontrar un viejo rifle, un joven se une a las fuerzas de la resistencia soviética, que lucha por expulsar a las fuerzas nazis del frente oriental. Allí, será testigo de algunos los mayores horrores cometidos en la Segunda Guerra Mundial.",J
94664,My Way Home,1965-01-14,Miklós Jancsó,"András Kozák, Сергей Никоненко, Béla Barsi, Csurka László, Gera Zoltán","Drama,Bélica",7.1,/fXBITHNZq5Yvi48Dl3aGN5CoUmx.jpg,"Tras la Segunda Guerra Mundial, un adolescente húngaro, capturado por las tropas soviéticas, forma un improbable vínculo con un soldado ruso en un remoto campo de prisioneros.",N
36102,The Swindle,1955-10-07,Federico Fellini,"Broderick Crawford, Giulietta Masina, Richard Basehart, Franco Fabrizi, Sue Ellen Blake","Drama,Crimen",7.3,/e20GAZi3xCdZLDQmLxVkIL7n5vY.jpg,"Tres estafadores que operan en Roma, Augusto, Roberto y Picasso, preparan un golpe con la ayuda de otro timador, conocido con el sobrenombre de 'El Barón'. Éste les espera en una solitaria carretera para entregarles las instrucciones. El trío llega a una casa de campo donde, aprovechándose de la buena fe de unas pobres mujeres, les estafan cerca de medio millón de liras.",J
244088,Human Capital,2013-12-03,Paolo Virzì,"Valeria Bruni Tedeschi, Fabrizio Bentivoglio, Valeria Golino, Fabrizio Gifuni, Luigi Lo Cascio",Drama,7.4,/uMpamRAfW6dP10cEVFF9ti7w15q.jpg,"Inspirado en una novela del norteamericano Stephen Amidon, originalmente ambientada en Connecticut, el film habla de un mundo de una clase pudiente, con mansiones fastuosas y repletas de personal de servicio, dominado por un especulador creador de un fondo que promete un 40 por ciento de interés anual atrayendo y esquilmando a los crédulos inversores. El personaje es un digno 'representante de esa criminalidad financiera que, como ocurrió en la crisis de 2008, puede llegar a destruir la economía de naciones enteras o por lo menos a despojar a los ingenuos de todos sus bienes', declaró Virzì.",H
1040,The Leopard,1963-03-27,Luchino Visconti,"Burt Lancaster, Claudia Cardinale, Alain Delon, Paolo Stoppa, Rina Morelli",Drama,7.72,/oWOxb6FhkVXaUTt5pO2CQ6crvig.jpg,"Película basada en la novela homónima de Giuseppe Tomasi di Lampedusa (1958). Es la época de la unificación de Italia en torno al Piamonte, cuyo artífice fue Cavour. La acción se desarrolla en Palermo y los protagonistas son Don Fabrizio, Príncipe de Salina, y su familia, cuya vida se ve alterada tras la invasión de Sicilia por las tropas de Garibaldi (1860). Para alejarse de los disturbios, la familia se refugia en la casa de campo que posee en Donnafugata. Hasta el lugar se desplazan, además de la mujer del Príncipe y sus tres hijos, el joven Tancredi, el sobrino predilecto de Don Fabrizio, que parece simpatizar con el movimiento liberal de unificación.",K
41054,Il Grido,1957-09-26,Michelangelo Antonioni,"Steve Cochran, Alida Valli, Dorian Gray, Jacqueline Jones, Gabriella Pallotta",Drama,7.5,/sqLGjPK5ePlU52thDEn4Rr6sL8H.jpg,"Después de ser abandonado por Irma (Alida Valli), Aldo (Steve Cochran) deja el trabajo y emprende un largo viaje por el norte de Italia. En su peregrinación conoce mujeres que comparten con él una sensación de inquietud y marginación: Elvia, una amiga resurgida del pasado, y la joven Virginia, que atiende una gasolinera y vive con su anciano padre en una oprimente soledad, Andreína, una prostituta que alberga, ingenuamente, la esperanza de encontrar un lugar en el mundo donde empezar una nueva vida. Con cada una de ellas, Aldo intenta establecer una relación. (FILMAFFINITY).",J
660000,Lost Illusions,2021-10-20,Xavier Giannoli,"Benjamin Voisin, Cécile de France, Vincent Lacoste, Xavier Dolan, Salomé Dewaels","Drama,Romance,Historia",7.362,/wpnN9iRsVmkMe939G62oU3hlnip.jpg,"Ambientada en el siglo XIX. Lucien, un joven francés, sueña con forjar su destino como poeta. Para ello abandona su lugar natal y se muda a París con la ayuda de su mecenas. Adaptación de la famosa novela de Honoré de Balzac, 'Les illusions perdues'.",M
500840,I'm Thinking of Ending Things,2020-08-28,Charlie Kaufman,"Jesse Plemons, Jessie Buckley, Toni Collette, David Thewlis, Guy Boyd","Misterio,Suspense,Drama",6.534,/5ynWWapdl45hJXUh0KIevxSG9JQ.jpg,"Un atajo imprevisto provoca que una mujer, en plena búsqueda de un modo de romper con su novio, tenga que reconsiderar toda su vida.",J
423646,In the Fade,2017-11-23,Fatih Akin,"Diane Kruger, Denis Moschitto, Numan Acar, Johannes Krisch, Ulrich Brandhoff","Drama,Crimen",6.892,/wsyxs6HaQvrGM0Ml0P26DqXnn0w.jpg,"La vida de Katja se derrumba cuando su marido y su hijo mueren en un atentado. La policía detiene enseguida a unos sospechosos -dos jóvenes relacionados con el movimiento neonazi-y Katja se ve inmersa en un complicado proceso judicial. Danilo, abogado y mejor amigo de su marido, lleva el caso y hará todo lo posible para darle el apoyo necesario a Katja, quien cegada por el dolor, solo tiene un objetivo: por encima de todo, quiere que se haga justicia.",K
843,In the Mood for Love,2000-09-29,Wong Kar Wai,"張曼玉, Tony Leung Chiu-Wai, 萧炳林, 潘迪华, 雷震","Drama,Romance",8.09,/8ziW8FLN8YcmH8U66CNZCLEUyzp.jpg,"Hong Kong, 1962. Chow, redactor jefe de un diario local, se muda con su mujer a un edificio habitado principalmente por gentes de Shanghai. Allí conoce a Li-zhen, una joven que acaba de instalarse en el mismo edificio con su esposo. Ella es secretaria de una empresa de exportación y su marido está continuamente de viaje de negocios. Como la mujer de Chow también está casi siempre fuera de casa, Li-zhen y Chow pasan cada vez más tiempo juntos y se hacen muy amigos. Un día, ambos descubrirán que sus respectivos cónyuges los están traicionando.",I
7984,In the Name of the Father,1993-12-27,Jim Sheridan,"Daniel Day-Lewis, Pete Postlethwaite, Emma Thompson, John Lynch, Corin Redgrave",Drama,7.887,/3NcIkKxaO2SmRVsG1v50XhtmL0f.jpg,"Belfast, años 70. Gerry es un gamberro que sólo sabe beber e ir de juerga, para disgusto de su padre Giuseppe, un hombre tranquilo y educado. Cuando Gerry se enfrenta al IRA, su padre lo manda a Inglaterra. Una vez allí, por caprichos del azar, es acusado de participar en un atentado terrorista y condenado a cadena perpetua junto con los 'cuatro de Guildford'. También su padre es arrestado y encarcelado. En la cárcel Gerry descubre que la aparente fragilidad de su padre esconde en realidad una gran fuerza interior. Con la ayuda de una abogada entregada a la causa, Gerry se propone demostrar su inocencia, limpiar el nombre de su padre y hacer pública la verdad sobre uno de los más lamentables errores legales de la historia reciente de Irlanda.",M
10434,"Faraway, So Close!",1993-09-01,Wim Wenders,"Otto Sander, Bruno Ganz, Nastassja Kinski, Peter Falk, Solveig Dommartin","Drama,Fantasía,Romance",6.9,/A2xn5NyWRr6c8WUZPbvjWsslfkb.jpg,"Dos ángeles de la guarda vuelan sobre Berlín. Son invisibles y están llenos de benevolencia, pero no pueden intervenir en la vida de los hombres. Entonces Cassiel, el ángel de las lágrimas, se convierte en un ser humano para saber cómo sienten y perciben el mundo las personas... Secuela de 'El cielo sobre Berlín' (Der Himmel über Berlin, 1987), también dirigida por Wenders.",So Nah!
436828,Uncertain Glory,2017-03-17,Agustí Villaronga,"Núria Prims, Marcel Borràs, Oriol Pla, Bruna Cusí, Terele Pávez",Drama,5.4,/lpsjzwSzgPuozumCdI1t2IGYaKg.jpg,"Año 1937, en el Frente de Aragón, en plena Guerra Civil Española. Lluís, un joven oficial republicano, destinado a un puesto temporalmente inactivo en un páramo desierto, conoce a una enigmática viuda de la que se enamora.",J
9672,Infamous,2006-10-13,Douglas McGrath,"Toby Jones, Sandra Bullock, Daniel Craig, Peter Bogdanovich, Jeff Daniels","Drama,Crimen",6.5,/cIQUn20lUQpi70W0Z7ixezQJ7gj.jpg,"Mientras hacía trabajo de investigación para escribir su libro 'A sangre fria', Truman Capote entabla una estrecha amistad con Dick Hickock y Perry Smith, dos asesinos convictos.",K
171274,Inherent Vice,2014-12-12,Paul Thomas Anderson,"Joaquin Phoenix, Josh Brolin, Owen Wilson, Katherine Waterston, Reese Witherspoon","Drama,Misterio,Comedia",6.542,/pfVua7TzzttOh3RTOuBqT7xN0oY.jpg,"La historia está ambientada a finales de los años sesenta en Los Ángeles. Doc Sportello es un detective privado que hace mucho tiempo que no ve a su ex novia Shasta, hasta que un día ésta contrata sus servicios para resolver la desaparición de su nuevo amante. Sportello se verá entonces enredado en una serie de situaciones donde dejará atrás los escrúpulos y donde la resolución del misterio no será finalmente el objetivo principal.",H
86829,Inside Llewyn Davis,2013-10-18,Ethan Coen,"Oscar Isaac, Carey Mulligan, Justin Timberlake, Ethan Phillips, Robin Bartlett","Drama,Música",7.2,/nNxK3pC3DMpPpWKMvo2p3liREVT.jpg,"La vida de un joven cantante de folk en el universo de Greenwich Village en 1961. Llewyn Davis está en una encrucijada. Con su guitarra a cuestas acurrucado contra el frio de un invierno implacable en Nueva York, el joven lucha por ganarse la vida como músico y hace frente a obstáculos que parecen insuperables – comenzando por aquellos creados por él mismo. Sobrevive gracias a la ayuda de sus amigos o de desconocidos a cambio de pequeños trabajos. De los cafés del Village a un club desierto de Chicago, sus desventuras lo llevan a una audición para el gigante de la música Bud Grossman – antes de volver al lugar de donde viene...",G
15867,Interiors,1978-08-02,Woody Allen,"Geraldine Page, Kristin Griffith, Mary Beth Hurt, Richard Jordan, Diane Keaton",Drama,6.831,/sTPy6Kfa1FRED1eaZdVex8b2MdB.jpg,"Eve, una mujer que ha sido abandonada por su marido, se reúne con sus tres hijas para tratar de afrontar la situación. Ella se encuentra en un momento crítico, pero sus hijas también tienen sus propios problemas, algunos de ellos derivados del poco cariño que han recibido de su madre. Las emociones se desbordan cuando el marido se presenta en la casa familiar acompañado de la mujer con la que quiere casarse.",J
78215,Into the White,2012-03-09,Petter Næss,"Stig Henrik Hoff, Lachlan Nieboer, Rupert Grint, Florian Lukas, David Kross","Bélica,Drama,Historia",6.9,/oiGiQapwBhqXR1uVWWvvBUuxDwm.jpg,"Noruega, 27 de abril de 1940, en plena Segunda Guerra Mundial. Tras un enfrentamiento aéreo varios pilotos enemigos, unos del bando británico y otros del alemán, terminan perdidos en el frío y desolado desierto helado de la tundra Noruega. Allí, juntos, tendrán que dejar atrás sus diferencias por el conflicto bélico e intentar colaborar para conseguir salvar sus vidas. Una experiencia que puede hacer surgir la amistad o acabar con ellos para siempre.",J
5915,Into the Wild,2007-09-21,Sean Penn,"Emile Hirsch, Marcia Gay Harden, William Hurt, Jena Malone, Brian H. Dierker","Aventura,Drama",7.794,/jnLnLYP5pGDfri04gxtAqAvkHMw.jpg,"A principios de los años noventa, el joven e idealista Christopher McCandless adopta el nombre de Alexander Supertramp, deja sus posesiones y sus ahorros a la beneficencia y abandona el mundo civilizado con rumbo a la salvaje Alaska para entrar en contacto con la Naturaleza y descubrir el verdadero sentido de la vida. Adaptación del best-seller de Jon Krakauer, basado en las notas del diario de McCandless.",J
937746,Io Capitano,2023-09-07,Matteo Garrone,"Seydou Sarr, Moustapha Fall, Issaka Sawadogo, Hichem Yacoubi, Doodou Sagna","Aventura,Drama",7.8,/iP6WtSOhlClcIxRUgbTpeFO2rMe.jpg,"Seydou y Moussa son dos jóvenes que abandonan Dakar para emprender camino a Europa. Una odisea contemporánea a través de los peligros del desierto, los horrores de los centros de detención en Libia y los peligros del mar.",O
1079091,It Ends with Us,2024-08-07,Justin Baldoni,"Blake Lively, Justin Baldoni, Jenny Slate, Brandon Sklenar, Hasan Minhaj","Drama,Romance",6.949,/AjV6jFJ2YFIluYo4GQf13AA1tqu.jpg,"Una mujer atraviesa las tumultuosas etapas de una relación abusiva. Tras mudarse a la ciudad de Boston después de la universidad, decide iniciar su propio negocio como florista y se enamora de un joven neurocirujano.",O
399121,An Officer and a Spy,2019-09-30,Roman Polanski,"Jean Dujardin, Louis Garrel, Emmanuelle Seigner, Grégory Gadebois, Hervé Pierre","Historia,Drama,Suspense",7.052,/911kntXCM3WiHYcQDIJ4wZZ9CJx.jpg,"En 1894, el capitán francés Alfred Dreyfus, un joven oficial judío, es acusado de traición por espiar para Alemania y condenado a cadena perpetua en la Isla del Diablo, en la Guayana Francesa. Entre los testigos que hicieron posible esta humillación se encuentra el coronel Georges Picquart, encargado de liderar la unidad de contrainteligencia que descubrió al espía. Pero cuando Picquart se entera de que se siguen pasando secretos militares a los alemanes, se adentrará en un peligroso laberinto de mentiras y corrupción, poniendo en peligro su honor y su vida.",K
184,Jackie Brown,1997-12-25,Quentin Tarantino,"Pam Grier, Samuel L. Jackson, Robert De Niro, Bridget Fonda, Michael Keaton","Crimen,Drama,Suspense",7.359,/rOUx7qg4KmEh1juEDwqzbDSL1Nr.jpg,"Jackie Brown es una azafata de vuelo que necesita dinero y hace de correo para Robbie, un mafioso buscado por la policía. Todo parece ir bien hasta que un día es sorprendida en la aduana y acusada de tráfico de drogas y evasión de capital. Sólo podrá evitar su ingreso en prisión, si acepta una propuesta de la policía: ayudarles a llegar hasta Robbie.",M
312804,James White,2015-11-13,Josh Mond,"Christopher Abbott, Cynthia Nixon, Kid Cudi, Makenzie Leigh, Ron Livingston",Drama,6.606,/a7LzEt0y7CS9q5DGdUcIQ3JuBE5.jpg,"Un joven de Nueva York lucha por controlar sus impulsos autodestructivos, especialmente cuando tiene que enfrentarse con varios retos familiares.",M
1037035,Janet Planet,2024-06-21,Annie Baker,"Julianne Nicholson, Zoe Ziegler, Will Patton, Sophie Okonedo, Elias Koteas",Drama,6.2,/i4qK3vQS4MD8OKhIkqSe3UK6OuH.jpg,"Durante un verano de 1991 en el oeste de Massachusetts, tres personas entran en las vidas de Lacy, de 11 años, y su madre Janet.",O
266031,Jauja,2014-11-27,Lisandro Alonso,"Viggo Mortensen, Ghita Nørby, Viilbjørk Malling Agger, Adrián Fondari, Esteban Bigliardi","Western,Drama",6.474,/qcbRr3a2KEjqQNptdzUUZF4zkMb.jpg,"En la antigüedad, se creía que Jauja era una tierra mitológica de abundancia y felicidad. Se emprendieron muchas expediciones para tratar de encontrar el lugar y comprobarlo. Con el tiempo, la leyenda creció desproporcionadamente. Indiscutiblemente, la gente exageraba, como de costumbre. Lo único que se sabe con seguridad es que todos aquellos que intentaron encontrar este paraíso terrenal se perdieron.",K
44012,"Jeanne Dielman, 23, quai du Commerce, 1080 Bruxelles",1976-01-21,Chantal Akerman,"Delphine Seyrig, Jan Decorte, Henri Storck, Jacques Doniol-Valcroze, Yves Bical",Drama,7.4,/b5cey5yKfPXZBwj2gTRREALUvzA.jpg,"La vida de Jeanne Dielman, una joven viuda con un hijo, sigue un orden inmutable: mientras el muchacho está en la escuela, ella se ocupa de las tareas domésticas por la mañana y ejerce la prostitución por la tarde.",N
209451,Jersey Boys,2014-06-18,Clint Eastwood,"John Lloyd Young, Vincent Piazza, Michael Lomenda, Erich Bergen, Christopher Walken","Música,Drama",6.753,/kz956Y83YtT6vTyg0Q40mzRe2UM.jpg,"Se centra en la carrera de Frankie Valli, el líder de la banda 'Four Seasons', cuyos éxitos más sonados fueron 'Big Girls Don't Cry', 'Grease' o 'Can't take my eyes off you'. La vida de Valli estuvo llena de polémica y mantuvo siempre una relación fluida con la mafia, hecho que acabaría por pasarle factura.",G
552269,Joe Bell,2020-09-14,Reinaldo Marcus Green,"Mark Wahlberg, Reid Miller, Connie Britton, Maxwell Jenkins, Morgan Lily",Drama,6.5,/9HfQD60w6f6PPkfdiI6ipJSw0bD.jpg,"La historia real de un padre de clase trabajadora de un pueblo pequeño, que se embarca en una caminata en solitario por los Estados Unidos, para hacer una cruzada contra el acoso escolar, después de que su hijo es atormentado en la escuela secundaria por ser gay.",J
61742,John and Mary,1969-12-14,Peter Yates,"Dustin Hoffman, Mia Farrow, Michael Tolan, Sunny Griffin, Stanley Beck","Drama,Romance",5.8,/1Uw1LUoDDhBpv9orJOEj1xQytRF.jpg,"John (Dustin Hoffman) conoce a Mary (Mia Farrow) en un bar para solteros de Nueva York. Ambos simpatizan y esa misma noche se acuestan juntos, pero a la mañana siguiente es cuando empiezan a conocerse realmente...",N
475557,Joker,2019-10-01,Todd Phillips,"Joaquin Phoenix, Robert De Niro, Zazie Beetz, Frances Conroy, Brett Cullen","Crimen,Suspense,Drama",8.115,/udDclJoHjfjb8Ekgsd4FDteOkCU.jpg,"Arthur Fleck es un hombre ignorado por la sociedad, cuya motivación en la vida es hacer reír. Pero una serie de trágicos acontecimientos le llevarán a ver el mundo de otra forma. Película basada en Joker, el popular personaje de DC Comics y archivillano de Batman, pero que en este film toma un cariz más realista y oscuro.",K
680952,Josep,2020-09-30,Aurel,"Sergi López, Alba Pujol, Sílvia Pérez Cruz, Valérie Lemercier, Gérard Hernandez","Animación,Drama,Historia",7.448,/z2nijvzlwzqW3pJJmrl3vvXuqJz.jpg,"Febrero, 1939. Abrumado por la oleada de republicanos que huyen de la dictadura de Franco, el gobierno francés opta por confinar a los españoles en campos de concentración. En uno de aquellos campos, dos hombres, separado por un alambre de púas, traban una amistad. Uno de ellos es Josep Bartoli, un dibujante que lucha contra el régimen de Franco.",N
274479,Joy,2015-12-24,David O. Russell,"Jennifer Lawrence, Robert De Niro, Bradley Cooper, Edgar Ramírez, Diane Ladd",Drama,6.551,/nZAs0HbW82TI1i4Xid83M941Pki.jpg,"Joy Mangano, una humilde trabajadora de Long Island, acabó convirtiéndose en una popular inventora de productos del hogar y también en uno de los rostros más conocidos de la teletienda americana.",O
583406,Judas and the Black Messiah,2021-02-12,Shaka King,"Daniel Kaluuya, LaKeith Stanfield, Jesse Plemons, Dominique Fishback, Ashton Sanders","Drama,Historia",7.282,/iIgr75GoqFxe1X5Wz9siOODGe9u.jpg,"Bill O'Neal se infiltra en las Panteras Negras según el agente del FBI Mitchell y J. Edgar Hoover. A medida que el presidente de Black Panther, Fred Hampton, asciende y se enamora de un compañero revolucionario en el camino, una batalla se paga por el alma de O'Neal.",J
821,Judgment at Nuremberg,1961-12-18,Stanley Kramer,"Spencer Tracy, Richard Widmark, Maximilian Schell, Burt Lancaster, Marlene Dietrich","Drama,Historia",7.992,/b6vYatvui1EXeFYfpDX4rcbueuP.jpg,"En 1948, tres años después del final de la Segunda Guerra Mundial (1939-1945), cuatro jueces, cómplices de la política nazi de esterilización y limpieza étnica, van a ser juzgados en Nuremberg. Sobre Dan Haywood (Spencer Tracy), un juez norteamericano retirado, recae la importante responsabilidad de presidir este juicio contra los crímenes de guerra nazis.",H
491283,Judy,2019-09-27,Rupert Goold,"Renée Zellweger, Jessie Buckley, Finn Wittrock, Rufus Sewell, Michael Gambon","Drama,Historia,Música",6.669,/iqJhHjD6k6T07waELjMKDpQJUP.jpg,"La leyenda del mundo del espectáculo Judy Garland llega a Londres en el invierno de 1968 para realizar unos conciertos durante cinco semanas con entradas agotadas en 'The Talk of the Town'. Han pasado treinta años desde que se disparó al estrellato mundial en 'El mago de Oz', pero si su voz se ha debilitado, su intensidad dramática solo ha aumentado. Incluso sus sueños de amor parecen intactos mientras se embarca en un torbellino de romance con Mickey Deans, su futuro quinto marido.",K
1545155,Julius Caesar,1913-02-17,Allen Ramsey,Antony Andre,"Drama,Historia",8.0,,Sin sinopsis disponible.,H
522212,Just Mercy,2019-12-25,Destin Daniel Cretton,"Michael B. Jordan, Brie Larson, Jamie Foxx, O'Shea Jackson Jr., Rafe Spall","Drama,Crimen,Historia",7.843,/2bDZl3PzFLFWe4gaFUQnnaslqT3.jpg,"Cuenta la historia real del joven abogado Bryan Stevenson y de su histórica batalla por la justicia. Después de licenciarse en Harvard, Bryan recibe ofertas de trabajo muy lucrativas. Pero él prefiere poner rumbo a Alabama para defender a personas que han sido condenadas erróneamente o que carecían de recursos para tener una representación legal adecuada, y lo hace con el apoyo de la activista local Eva Ansley. Uno de sus primeros y más turbulentos casos es el de Walter McMillian, que en 1987 fue sentenciado a la pena muerte por el asesinato de una chica de 18 años, a pesar de que las pruebas demostraban ostensiblemente su inocencia. En los años posteriores, Bryan se ve envuelto en un laberinto de maniobras legales y políticas y de un racismo abierto y descarado mientras lucha por Walter y otros como él, a pesar de tenerlo todo en su contra, incluido el sistema legal.",K
159412,The Thick-Walled Room,1956-10-31,小林正樹,"浜田寅彦, 三島耕, 下元勉, 信欣三, 三井弘次","Drama,Bélica",7.2,/6XT0L0Xwa9E4e9ZetrSLwrdCQZK.jpg,Relato sobre las cicatrices de la Segunda Guerra Mundial en el que un grupo de soldados japoneses han sido encarcelados como criminales de guerra.,N
245916,Kill the Messenger,2014-10-09,Michael Cuesta,"Jeremy Renner, Mary Elizabeth Winstead, Michael Sheen, Ray Liotta, Robert Patrick","Crimen,Drama,Misterio,Suspense,Historia",6.6,/8gaNZiKZHvKCqMDByY00dUIV0YC.jpg,"Basada en la historia real del periodista estadounidense Gary Webb, que evidenció conexiones de la CIA con el mundo de la droga, revelando al mundo cómo los barrios negros del país fueron inundados de crack en medio de un narcotráfico destinado a abastecer de dinero y armas a la CIA.",H
157370,Kill Your Darlings,2013-10-16,John Krokidas,"Daniel Radcliffe, Dane DeHaan, Michael C. Hall, Jack Huston, Ben Foster","Drama,Romance,Suspense",6.992,/wYM8VUTh0y6ugSmza1c2MJWCMfO.jpg,"Nueva York, años 40. Narra el crimen que se cometió en la Universidad de Columbia en 1944. Entre los personajes destacan los escritores Jack Kerouac y Allen Ginsberg. Basada en hechos reales.",G
11898,Kind Hearts and Coronets,1949-06-23,Robert Hamer,"Dennis Price, Alec Guinness, Joan Greenwood, Valerie Hobson, Audrey Fildes","Comedia,Crimen",7.6,/eBvpyRjD3DcCsWgdV6Y9oqPS7dO.jpg,"Un joven ambicioso y sin escrúpulos (Dennis Price) proyecta vengar la afrenta que la aristocrática familia D'Ascoyne, a la cual pertenece, les ha infligido a él y a su madre. El plan consiste en eliminar a todos los miembros de la familia que le preceden en la sucesión al título de Duque.",J
1029955,Kinds of Kindness,2024-05-30,Yorgos Lánthimos,"Emma Stone, Jesse Plemons, Willem Dafoe, Margaret Qualley, Hong Chau","Comedia,Drama",6.48,/50lPmjIpDs8gKfgK7fPIeKzpllh.jpg,"Fábula en forma de tríptico que narra tres historias: la de un hombre atrapado que intenta tomar las riendas de su propia vida, la de un policía aterrado porque su mujer, que había desaparecido en el mar, ha vuelto y parece otra persona, y la de una mujer decidida a encontrar a alguien con un don especial, destinado a convertirse en un prodigioso líder espiritual.",O
614917,King Richard,2021-11-18,Reinaldo Marcus Green,"Will Smith, Aunjanue Ellis-Taylor, Saniyya Sidney, Demi Singleton, Jon Bernthal","Drama,Historia",7.596,/2dfujXrxePtYJPiPHj1HkAFQvpu.jpg,"Biopic sobre Richard Williams, un padre inasequible que ayudó a formar a dos de las deportistas más extraordinarias de todos los tiempos, dos atletas que acabarían marcando época en el deporte del tenis. Richard tenía una visión muy clara del futuro de sus hijas, y sirviéndose de métodos arriesgados y poco convencionales, elaboró un plan que llevaría a Venus y Serena Williams de las calles de Compton, California, al olimpo del deporte, convirtiéndolas en iconos del tenis.",J
1214684,Kiss of the Spider Woman,2025-10-09,Bill Condon,"Diego Luna, Tonatiuh, Jennifer Lopez, Bruno Bichir, Josefina Scaglione","Romance,Drama,Suspense,Música",5.8,/c8zDeDq0Uatjly6Fh4ycmWuoLYy.jpg,"Valentín, un preso político, comparte celda con Molina, un escaparatista condenado por escándalo público. Surge un vínculo entre ellos mientras Molina relata la trama de un musical de Hollywood protagonizado por su diva favorita, Ingrid Luna.",M
12102,Kramer vs. Kramer,1979-12-07,Robert Benton,"Dustin Hoffman, Meryl Streep, Jane Alexander, Justin Henry, Howard Duff",Drama,7.565,/3CUP5V5SWfHSK4qvkZF7lMNyugY.jpg,"El ejecutivo publicitario Ted Kramer consigue la mejor cuenta de la agencia el mismo día en que su mujer decide divorciarse, dejándole solo con su hijo de 7 años. Comienza así una dura etapa en la que tendrá que ejercer de padre soltero de un niño que echa de menos a su madre y, al mismo tiempo, no descuidar su carrera profesional. Cuando tras un tiempo parece que la relación con su hijo va mejorando, la madre aparece para pedir la custodia del pequeño.",K O
12806,Nico and Dani,2000-05-18,Cesc Gay,"Fernando Ramallo, Jordi Vilches, Marieta Orozco, Esther Nubiola, Chisco Amado","Comedia,Romance",5.9,/AjbyMOa7Oxyam7ENHz1hARwFJHp.jpg,"Nico, un estudiante de dieciséis años, viaja hasta Barcelona para reunirse con su amigo Dani, cuyos padres están fuera. Los dos deciden plantearse un objetivo: perder la virginidad ese mismo verano. Cuando conocen a Berta y Elena, dos chicas de su edad, Dani comienza a descubrir que siente mucho más interés por su amigo que por las mujeres, poniendo en apuros su amistad con Nico.",N
15776,The Art of Crying,2007-03-17,Peter Schønau Fog,"Jannik Lorenzen, Jesper Asholt, Julie Kolbech, Hanne Hedelund, Thomas Knuth-Winterfeldt",Drama,6.9,/jatPvYvtcfZic1OVKUNXKpn0ZGn.jpg,"Sur de Jutlandia, a principios de los 70. La vida no resulta fácil para Allan, de 11 años. Su padre padece 'nervios psíquicos' y amenaza frecuentemente con suicidarse. Su madre ha tirado la toalla, su hermano mayor se ha ido de casa y la pequeña lechería de la familia no marcha bien. Cuando su hermana mayor deja de pasar las noches en el sofá con su padre, dependerá de Allan mantener unida a la familia.",N
1049439,The Golden Age,2026-11-11,Bérenger Thouin,"Souheila Yacoub, Vassili Schneider, Pierre-Antoine Billon, Yile Yara Vianello, Laïs Mayyas","Historia,Drama",0.0,/tuLe4oHdG4wrCsscEpcCxzibBfB.jpg,Sin sinopsis disponible.,M
259,Love on the Run,1979-01-24,François Truffaut,"Jean-Pierre Léaud, Marie-France Pisier, Claude Jade, Dani, Dorothée","Romance,Drama,Comedia",7.043,/pksvWKsPF8XkWXNi43yONMjbTQD.jpg,"Tras cinco años de matrimonio y con un hijo, Antoine Doinel y Christine se divorcian. Él trabaja como corrector en una imprenta y está enamorado de Sabine, vendedora en una tienda de discos. Un día se encuentra allí a Colette Tazzi, la joven de las Juventudes Musicales que conoció en “Antoine y Colette” y que fue su primer amor. Antoine se encuentra también con otros muchos conocidos, como Monsieur Lucien, ex-amante de su madre, y todas las mujeres que han pasado por su vida.",N
4024,Last Year at Marienbad,1961-09-29,Alain Resnais,"Delphine Seyrig, Giorgio Albertazzi, Sacha Pitoëff, Françoise Bertin, Luce Garcia-Ville","Drama,Romance",7.4,/aGPYM6Y8RtaL8DD8u6rfVsRvhD7.jpg,"En un barroco hotel, un extraño, X, intenta persuadir a una mujer casada, A, de que abandone a su marido, M, y se fugue con él. Se basa en una promesa que ella le hizo cuando se conocieron el año anterior, en Marienbad, pero la mujer parece no recordar aquel encuentro.",O
15383,Army of Shadows,1969-09-10,Jean Pierre Melville,"Lino Ventura, Paul Meurisse, Jean-Pierre Cassel, Simone Signoret, Claude Mann","Drama,Suspense",7.884,/jthoWXDkk8PORPRbyHr0A76J2Hj.jpg,"Philippe Gerbier es un ingeniero civil que ha entregado todos sus esfuerzos a la valerosa resistencia francesa, de la que es uno de sus máximos responsables. Pero llega el día en que la policía colaboracionista le captura, siendo retenido en un campo de concentración bajo atenta vigilancia. Tras un traslado logrará escapar improvisando una fuga relámpago. A partir de ese momento viviremos con su testimonio el día a día de la resistencia y sus dificultades ante el poderoso invasor.",G
1620996,The Blue Box,2026-04-16,Martín Hodara,"Luisana Lopilato, Gustavo Bassani, Jean Pierre Noher, Pedro Merlo, Fabian Novell","Romance,Suspense",7.135,/dkIzjzfv7TbXqjbJKM51CZYORaR.jpg,"Pablo, un joven millonario solitario que vive en la Patagonia, sigue perseguido por un trágico accidente automovilístico que le cambió la vida. Su rutina aislada comienza a cambiar cuando conoce a Lara a través de una aplicación de citas centrada en una premisa peculiar: el intercambio de un objeto misterioso conocido como «la caja azul». A medida que su conexión se profundiza, Lara saca gradualmente a Pablo de su soledad autoimpuesta. Sin embargo, una advertencia anónima pronto plantea interrogantes inquietantes sobre su identidad y sus verdaderas intenciones. Lo que comienza como una relación íntima se convierte rápidamente en un tenso juego psicológico de manipulación y sospecha.",N
837335,La Chimera,2023-10-12,Alice Rohrwacher,"Josh O'Connor, Carol Duarte, Alba Rohrwacher, Isabella Rossellini, Vincenzo Nemolato","Drama,Fantasía,Comedia",7.308,/hpL03rfX1UXqyGxtXljl8A5HIKr.jpg,"Todos tenemos una quimera, algo que deseamos hacer, tener, pero que nunca encontramos. Para la banda de 'tombaroli', los ladrones de antiguas tumbas y de yacimientos arqueológicos, la quimera es soñar con dejar de trabajar y hacerse ricos sin esfuerzo. Para Arthur, la quimera se parece a Benjamina, la mujer a la que perdió. Con tal de encontrarla, Arthur se enfrentará a lo invisible, indagará por todas partes, penetrará en la tierra, decidido a encontrar la puerta que lleva al Más Allá de que hablan los mitos. En su osado recorrido entre vivos y muertos, bosques y ciudades, fiestas y soledades, los destinos de los personajes se cruzan, todos en busca de su quimera.",O
58429,La Ciénaga,2001-04-12,Lucrecia Martel,"Mercedes Morán, Graciela Borges, Martín Adjemián, Leonora Balcarce, Silvia Baylé",Drama,6.824,/emQIM4vtDbt25tVzdS16w2Gzjbk.jpg,"Dos familias -una de clase media urbana y otra de productores rurales en decadencia- se entrecruzan en el sopor provinciano de una Salta caótica e inmutable, donde nada sucede pero todo está a punto de estallar.",J
4837,La Collectionneuse,1967-03-02,Éric Rohmer,"Patrick Bauchau, Haydée Politoff, Daniel Pommereulle, Alain Jouffroy, Mijanou Bardot","Drama,Romance",6.86,/qhQsDn5G6horTFyoDTnZiqiswUy.jpg,"Adrien y Jenny forman una pareja estable, pero han decidido pasar el verano separados. Adrien, propietario de una galería de arte, quiere estar un mes tranquilo sin hacer absolutamente nada. Sin embargo, al llegar a la casa de campo de un amigo se encuentra con Daniel, un pintor conceptual, y con la joven Haydée, una guapa chica con mucho éxito entre los hombres. Ante la actitud aparentemente indiferente de Adrien, Haydée parece aceptar los propósitos de serenidad y descanso declarados por los dos hombres. Poco a poco, sin embargo, Adrien acaricia en su imaginación la idea de que Haydée pretende seducirle, añadiéndolo a su 'colección'.",N
439,La Dolce Vita,1960-02-05,Federico Fellini,"Marcello Mastroianni, Anita Ekberg, Anouk Aimée, Yvonne Furneaux, Magali Noël","Comedia,Drama",8.023,/bT6bICAhQLY40Hrs7Lq2fnwNLsf.jpg,"Marcello Rubini es un desencantado periodista romano, en busca de celebridades, que se mueve con insatisfacción por las fiestas nocturnas que celebra la burguesía de la época. Merodea por distintos lugares de Roma, siempre rodeado de todo tipo de personajes, especialmente de la élite de la sociedad italiana. En una de sus salidas se entera de que Sylvia, una célebre diva del mundo del cine, llega a Roma, cree que ésta es una gran oportunidad para conseguir una gran noticia, y, en consecuencia, la perseguirá por las noches por diferentes lugares de la ciudad.",H
1600,The Double Life of Véronique,1991-05-15,Krzysztof Kieślowski,"Irène Jacob, Halina Gryglaszewska, Philippe Volter, Guillaume de Tonquédec, Kalina Jędrusik","Drama,Fantasía",7.493,/dC0WaoOLkUdFpwHgIXMIJdB1sT1.jpg,"Weronika vive en Polonia y tiene una brillante carrera como cantante, pero padece una grave dolencia cardíaca. En Francia, a más de mil kilómetros, vive Véronique, otra joven idéntica que guarda muchas similitudes vitales con ella, como su enfermedad y su gran pasión por la música. Ambas, a pesar de la distancia y de no tener aparentemente ninguna relación, son capaces de sentir que no están solas.",N
27145,The Aviator's Wife,1981-03-04,Éric Rohmer,"Philippe Marlaud, Marie Rivière, Anne-Laure Meury, Mathieu Carrière, Philippe Caroit","Drama,Comedia,Romance",7.239,/Ew2G6JLcjyvHDuBsdQwEyC2HK0.jpg,"François, un joven estudiante que trabaja de noche, sospecha que su novia, Anne, se está viendo con otro hombre. A partir de ese momento empieza a seguir al 'supuesto' amante, un aviador al que encuentra con otra mujer. Durante su espionaje, François conoce a una joven que le ayudará a encontrar una explicación a esta confusa situación. Amor y celos de juventud dominan esta primera película de la serie de 'Comedias y proverbios' de Rohmer.",N
406,La Haine,1995-05-31,Mathieu Kassovitz,"Vincent Cassel, Hubert Koundé, Saïd Taghmaoui, Abdel Ahmed Ghili, Solo",Drama,8.087,/gfdhSzPyAWtAizqs4ytc0MwOlQg.jpg,"Tras una caótica noche de disturbios en un suburbio marginal de París, tres jóvenes amigos, Vinz, Hubert y Saïd, deambulan desocupados esperando noticias sobre el estado de salud de un amigo común que ha resultado gravemente herido al enfrentarse a la policía.",O
49693,La Lectrice,1988-08-17,Michel Deville,"Miou-Miou, Patrick Chesnais, Pierre Dux, Régis Royer, Christian Ruché","Comedia,Drama",6.5,/oElAqwPGT0FQVoZ6UZyoyL5BYcW.jpg,"Constance es una apasionada lectora. Después de leer todas las noches a su marido un libro en el que se habla de una joven que se ofrece como lectora a domicilio, decide dedicarse también a esa profesión.",H
10376,The Legend of 1900,1998-10-28,Giuseppe Tornatore,"Tim Roth, Pruitt Taylor Vince, Mélanie Thierry, Bill Nunn, Gabriele Lavia","Drama,Música",8.23,/8rttNpb83qdHFMPMgFlcspVGaio.jpg,"Historia de un niño que fue abandonado sobre el piano del Virginia, un enorme trasatlántico. El niño es adoptado por un maquinista y le pone por nombre 'Novecento', ya que lo encuentra justo en el cambio de siglo. Novecento se convertirá en un fabuloso pianista y amenizará las noches del Virginia. Pero nunca pisará tierra firme, ni tan sólo tras las súplicas de su amigo Max.",O
305885,La Mary,1974-08-08,Daniel Tinayre,"Susana Giménez, Carlos Monzón, Alberto Argibay, Dora Baret, Teresa Blasco","Drama,Fantasía",5.35,/kdMdkU4kaWMEDSdthnGeWye6wx9.jpg,"Mary (Susana Giménez) es una atractiva chica de barrio que conoce a Cholo (Carlos Monzón), un joven apuesto y vigoroso con quien se casa. Entran en colisión, entonces, sus tabúes, prejuicios, un deseo sexual desenfrenado y una incipiente locura. ¿Esto hará desembocar la historia en un crimen pasional? (FILMAFFINITY).",M
1581105,La Nuit des rois,1962-11-15,Claude Barma,"Jacques Fabbri, François Chaumette, Geneviève Page, Martine Sarcey, Robert Hirsch",Drama,4.5,/jraYsE54ewJ2ZoRGzMbQMN3UKSf.jpg,Sin sinopsis disponible.,J
64978,Rebellion in Patagonia,1974-06-13,Héctor Olivera,"Héctor Alterio, Luis Brandoni, Federico Luppi, Pepe Soriano, Héctor Pellegrini","Drama,Historia,Suspense",7.6,/oj6OeVMhquRV64gIjxbyoHgaSCL.jpg,"En 1920, los trabajadores de la Patagonia, en el sur de Argentina, se reúnen en torno a una sociedad anarcosindicalista y hacen huelga, exigiendo mejores condiciones de trabajo. Cuando la situación se vuelve insostenible, el presidente Yrigoyen envía al teniente coronel Zavala para imponer el orden.",K
16306,Fantastic Planet,1973-12-01,René Laloux,"Gérard Hernandez, Jean Valmont, Jennifer Drake, Yves Barsacq, Jeanine Forney","Animación,Ciencia ficción",7.635,/jOxKv64pJtybPj5wkhE7wYBImvS.jpg,"En el planeta Ygam, los Draags, humanoides azules extremadamente avanzados tecnológica y espiritualmente, consideran a los diminutos Oms, seres humanos descendientes de los habitantes de Terra, como animales ignorantes. Los que viven en la esclavitud son tratados como simples mascotas y utilizados para entretener a los niños Draag, los que viven escondidos en los hostiles desiertos del planeta son periódicamente cazados y masacrados sin piedad como si fueran alimañas.",O
41411,The Round Up,2010-03-10,Roselyne Bosch,"Jean Reno, Mélanie Laurent, Gad Elmaleh, Raphaëlle Agogué, Sylvie Testud","Drama,Historia,Bélica",7.5,/ii6w8gu4n0XKJIIslxkGOV4a3cR.jpg,"En la noche del 16 de julio de 1942, 4.500 gendarmes del gobierno colaboracionista del Mariscal Pétain, que había firmado un pacto con Hitler y aceptado la ocupación de Francia por el ejército alemán, procedieron en París a una gigantesca redada, en la que 13.152 judíos fueron arrestados y posteriormente encerrados, en condiciones infrahumanas, en el Velódromo de invierno. Estaba previsto detener a 27.391 judíos, pero, aunque la mayoría de los franceses fueron colaboracionistas, una minoría participó en la Resistencia, tanto pasiva como activa, frente al invasor. La desobediencia civil de muchos ciudadanos y de algunos funcionarios permitió escapar a buena parte de los que habían sido previamente fichados y marcados con la estrella amarilla.",G
906126,Society of the Snow,2023-12-15,J. A. Bayona,"Enzo Vogrincic, Agustín Pardella, Matías Recalt, Esteban Bigliardi, Diego Vegezzi","Drama,Historia",7.968,/9tkJPQb4X4VoU3S5nqLDohZijPj.jpg,"El 13 de octubre de 1972, el vuelo 571 de la Fuerza Aérea Uruguaya, fletado para llevar a un equipo de rugby a Chile, se estrella en un glaciar en el corazón de los Andes.",O
405,La Strada,1954-09-23,Federico Fellini,"Giulietta Masina, Anthony Quinn, Richard Basehart, Aldo Silvani, Marcella Rovere",Drama,7.9,/kmWtXoqVDC9ICAoq286E0lUBYu6.jpg,"Cuando Zampanó, un artista ambulante, enviuda, compra a Gelsomina, la hermana de su mujer, sin que la madre de la chica oponga la menor resistencia. Pese al carácter violento y agresivo de Zampanó, la muchacha se siente atraída por el estilo de vida nómada, siempre en la calle (la strada en italiano), sobre todo cuando su dueño la incluye en el espectáculo. Aunque varios de los pintorescos personajes que va conociendo en su deambular le proponen que se una a ellos, Gelsomina se mantendrá fiel a Zampanó hasta las últimas consecuencias.",J
131344,Aunt Tula,1964-09-20,Miguel Picazo,"Aurora Bautista, Carlos Estrada, Irene Gutiérrez Caba, Laly Soldevila, Paul Ellis",Drama,6.7,/uQlNxfK4AEARqL62s5BwkrSfVmi.jpg,"A la muerte de su hermana Rosa, Tula se va a vivir a casa de su cuñado Ramiro para cuidarlo a él y a sus hijos. La convivencia entre Tula y su cuñado, al principio, no está exenta de roces y tensiones, sobre todo cuando Emilio, que desea casarse con Tula, pretende que Ramiro haga valer su influencia sobre ella para facilitarle sus planes de boda. Pero Ramiro se siente atraído por su cuñada, atracción que se ve favorecida por la vida en común.",N
1434973,The Truce,2025-10-10,Miguel Ángel Vivas,"Miguel Herrán, Arón Piper, Javier Pereira, Fernando Valdivielso, Alejandro Jato","Drama,Historia,Bélica",6.5,/g1O3wEA0ZaigQG0RHx7zXeuWbSc.jpg,"Reyes y Salgado son dos militares que durante la guerra civil española lucharon en bandos contrarios, pero que deberán compartir el sufrimiento y la esperanza en un gulag soviético durante la Segunda Guerra Mundial.",J
98422,The Face Behind the Mask,1977-05-13,Chen Chi-Hwa,"Chen Chi-Hwa, 徐楓, 羅烈, 岳華, Chen Shen-Lin",Acción,5.0,/kzi87Anaco4JvPqVmPtZnqTqycT.jpg,Sin sinopsis disponible.,J
522927,The Forgiven,2022-07-01,John Michael McDonagh,"Ralph Fiennes, Jessica Chastain, Matt Smith, Caleb Landry Jones, Abbey Lee",Drama,5.751,/bH7eN8VfKar0fDeAX1Vkryp7dYC.jpg,"Al borde del divorcio, una pareja adinerada, David y Jo, van a una fiesta de fin de semana y por accidente matan a un joven marroquí que vendía fósiles en la carretera. Meten el cuerpo en su coche como si nada y llegan a la fiesta en la mansión cuyos anfitriones son una pareja gay.",M
1051,The French Connection,1971-10-09,William Friedkin,"Gene Hackman, Roy Scheider, Fernando Rey, Tony Lo Bianco, Marcel Bozzuffi","Acción,Crimen,Suspense",7.492,/pH4saPwMjhnVGwmSH6RkMaHrt3s.jpg,"Jimmy Doyle y Buddy Rosso son dos policías neoyorquinos que siguen la pista de una red de traficantes de drogas. El primero, que confía en su olfato, sospecha que una confitería de Brooklyn está implicada y convence a su jefe para intervenir la línea telefónica. Poco después, Doyle y sus hombres siguen al dueño de la confitería, que los conduce hasta Nicoly y Charnier, dos franceses que acaban de llegar a Estados Unidos.",M
25680,The Friends of Eddie Coyle,1973-06-26,Peter Yates,"Robert Mitchum, Peter Boyle, Richard Jordan, Steven Keats, Alex Rocco","Crimen,Drama,Suspense",7.23,/tyV8Bgf2huCIbGUxTdGgnzdIRKZ.jpg,"Eddie “Fingers” Coyle (Robert Mitchum), un hombre que se dedica a suministrar armas de todo tipo a los delincuentes de los bajos fondos de Boston, pretende conseguir el apoyo de la policía, delatando los planes de sus clientes.",J
24468,The Garment Jungle,1957-05-01,Vincent Sherman,"Lee J. Cobb, Kerwin Mathews, Gia Scala, Richard Boone, Valerie French","Drama,Crimen",6.5,/72i06nLvrRlgTURjdO0juiobQdI.jpg,"Alan Mitchell (Kerwin Mathews) vuelve a Nueva York para trabajar para su padre Walter (Lee J. Cobb), propietario de una casa de modas que diseña y fabrica sus propios vestidos. Para librarse de los sindicatos, Walter tiene contratado a Artie Ravidge (Richard Boone), un tipo duro que mantiene a sus empleados a raya.",J
346685,The Girl on the Train,2016-10-05,Tate Taylor,"Emily Blunt, Rebecca Ferguson, Haley Bennett, Luke Evans, Justin Theroux","Crimen,Misterio,Suspense",6.439,/AhTO2QWG0tug7yDoh0XoaMhPt3J.jpg,Rachel (Emily Blunt) es una mujer devastada por su reciente divorcio que dedica cada mañana de camino a su trabajo a fantasear sobre la vida de una pareja aparentemente perfecta que vive en una casa por la que su tren pasa cada día. Pero una mañana Rachel es testigo desde la ventana del tren de un impactante suceso y se ve involucrada en un misterioso y desconcertante caso... Adaptación del best seller homónimo de Paula Hawkins.,O
541134,The Good Nurse,2022-10-19,Tobias Lindholm,"Jessica Chastain, Eddie Redmayne, Nnamdi Asomugha, Kim Dickens, Malik Yoba","Drama,Crimen,Misterio",6.869,/rSq6cq0LCcbro10jbEaPTEb3WmW.jpg,"Sobrecargada de trabajo, una enfermera de la UCI se apoya en su nuevo y servicial compañero. Hasta que la muerte de una paciente empieza a hacerle sospechar de él.",N
1247,The Good Shepherd,2006-12-11,Robert De Niro,"Matt Damon, Angelina Jolie, Robert De Niro, Alec Baldwin, William Hurt","Drama,Suspense,Historia",6.4,/qWmF0rQRPeIVQRfwQN3C9VFKsBh.jpg,"Biografía de James Wilson, entre 1930 y 1960. Graduado en la Universidad de Yale, acabó siendo uno de los fundadores de la CIA. Se supone que el personaje se basa en el legendario y astuto jefe de inteligencia James Jesús Angleton.",J
559907,The Green Knight,2021-07-29,David Lowery,"Dev Patel, Alicia Vikander, Joel Edgerton, Sarita Choudhury, Sean Harris","Aventura,Drama,Fantasía",6.581,/if4hw3Ou5Sav9Em7WWHj66mnywp.jpg,"El obstinado sobrino del rey Arturo (Dev Patel), se embarca en una temeraria misión para enfrentarse a 'el caballero verde', un misterioso gigante que aparece un día en Camelot. Aunque pone en riesgo su cabeza, emprende una aventura épica para demostrar su valía ante su familia y la corte.",J
567748,The Guilty,2021-09-24,Antoine Fuqua,"Jake Gyllenhaal, Ethan Hawke, Riley Keough, Peter Sarsgaard, Christina Vidal Mitchell","Drama,Suspense",6.426,/m8aR1k35oZMOzZ1kYWUyt401mwq.jpg,"A lo largo de una mañana en una centralita del servicio de emergencias, el operador Joe Baylor intenta salvar a su interlocutora, que parece estar en grave peligro. Pero pronto descubre que las cosas no son lo que parecen y que solo tiene una escapatoria: afrontar la verdad.",K
618162,The Harder They Fall,2021-10-22,Jeymes Samuel,"Jonathan Majors, Idris Elba, Regina King, Zazie Beetz, Delroy Lindo",Western,6.612,/su9WzL7lwUZPhjH6eZByAYFx2US.jpg,"El forajido Nat Love (Jonathan Majors) descubre que su enemigo, Rufus Buck (Idris Elba) ha salido de prisión, por lo que reúne a su banda para perseguir a Rufus y buscar venganza.",J
500682,The Highwaymen,2019-03-15,John Lee Hancock,"Kevin Costner, Woody Harrelson, Kathy Bates, John Carroll Lynch, Thomas Mann","Crimen,Drama,Suspense",6.775,/4bRYg4l12yDuJvAfqvUOPnBrxno.jpg,"El legendario legislador Frank Hamer y Manny Gault, dos ex Rangers en el momento en que Bonnie & Clyde comenzó su reinado de robo, son comisionados como investigadores especiales, convencidos por un consorcio de bancos para armar un grupo y terminar con el robo del conocido dúo mató a 13 policías y otros.",K
119655,The House of Fear,1939-06-30,Joe May,"William Gargan, Irene Hervey, Dorothy Arnold, Alan Dinehart, Harvey Stephens","Crimen,Drama,Misterio,Terror",7.7,/p0hUOirK8MeufK1v93QiV9xQSYK.jpg,Sin sinopsis disponible.,H
398173,The House That Jack Built,2018-10-04,Lars von Trier,"Matt Dillon, Bruno Ganz, Uma Thurman, Siobhan Fallon Hogan, Sofie Gråbøl","Drama,Terror,Crimen,Suspense",7.11,/bMUGNkPaHOurcBK9g3XpJx3fxuO.jpg,"Estados Unidos, década de 1970. Seguimos al brillante Jack durante un período de 12 años, descubriendo los asesinatos que marcarán su evolución como asesino en serie. La historia se vive desde el punto de vista de Jack, quien considera que cada uno de sus asesinatos es una obra de arte en sí misma.",K
15247,The Ipcress File,1965-03-18,Sidney J. Furie,"Michael Caine, Nigel Green, Guy Doleman, Sue Lloyd, Gordon Jackson",Suspense,6.8,/iCNRK7NVhBvNpiyMRmCpTBFNoLO.jpg,"A Harry Palmer no le gusta el mundo del espionaje, pero no conoce otro tipo de vida. En esta ocasión, la misión de Harry consiste en localizar al doctor Aubrey Richards, que ha desaparecido teniendo en su poder un valioso archivo que puede haber llegado a manos del enemigo. El gobierno también teme que Richards haya sido sometido a un lavado de cerebro, como ya había pasado con otros dos científicos británicos...",G
398978,The Irishman,2019-11-01,Martin Scorsese,"Robert De Niro, Al Pacino, Joe Pesci, Harvey Keitel, Ray Romano","Crimen,Drama,Historia",7.57,/mbm8k3GFhXS0ROd9AD1gqYbIFbM.jpg,"Pennsylvania, 1956. Frank Sheeran, un veterano de guerra de origen irlandés que trabaja como camionero, conoce accidentalmente al mafioso Russell Bufalino. Una vez convertido en su hombre de confianza, Bufalino envía a Frank a Chicago con el encargo de ayudar a Jimmy Hoffa, un poderoso líder sindical relacionado con el crimen organizado, con quien Frank mantendrá una estrecha amistad durante casi veinte años.",K
800158,The Killer,2023-10-25,David Fincher,"Michael Fassbender, Tilda Swinton, Charles Parnell, Arliss Howard, Kerry O'Malley","Crimen,Suspense",6.585,/ipkcgvN7h3yZnbYowthloHLKsf4.jpg,"Después de un fatídico error, un asesino se enfrenta a sus jefes —y a sí mismo— en una persecución internacional de castigo, según él, no es nada personal.",O
466420,Killers of the Flower Moon,2023-10-18,Martin Scorsese,"Leonardo DiCaprio, Robert De Niro, Lily Gladstone, Jesse Plemons, Tantoo Cardinal","Crimen,Historia,Drama",7.392,/dB6Krk806zeqd0YNp2ngQ9zXteH.jpg,"Miembros de la tribu Osage de los Estados Unidos, son asesinados bajo misteriosas circunstancias en la década de 1920 provocando una importante investigación por el FBI involucrando a J. Edgar Hoover.",H
247,The Killing,1956-06-06,Stanley Kubrick,"Sterling Hayden, Coleen Gray, Vince Edwards, Jay C. Flippen, Ted de Corsia","Crimen,Suspense,Drama",7.641,/A6VzUPcADZGYdGHlVdWvpMNDF5d.jpg,"Después de pasar por la cárcel, Johnny Clay ha decidido dar el último golpe de su vida, el que le permita retirarse junto a su amada Fay. El plan es llevarse la recaudación de las carreras de caballos de un hipódromo. Después de una meticulosa selección de colaboradores, planea la estrategia del asalto con una precisión insospechada. Tratará de provocar un altercado en la sala de apuestas y matar al caballo favorito de la séptima carrera. Clay cuenta con la ayuda de Randy, un policía sobornado, George, el cajero de las apuestas, y Mike, barman del hipódromo. El atraco se desarrolla según lo previsto, pero los problemas se presentan con el reparto del botín.",K
505225,The Last Thing He Wanted,2020-02-14,Dee Rees,"Anne Hathaway, Ben Affleck, Rosie Perez, Willem Dafoe, Edi Gathegi","Drama,Suspense",4.866,/4mDbGqi8mloDdxkviq13SKCfuFH.jpg,"En el punto de inflexión del asunto Irán-Contra, Elena McMahon, una intrépida periodista de investigación que cubre la campaña presidencial estadounidense de 1984, se pone en peligro cuando abandona la tarea que se le ha asignado para cumplir el último deseo de su padre enfermo, un hombre misterioso cuyas actividades pasadas ella apenas conoce.",K
602269,The Little Things,2021-01-28,John Lee Hancock,"Denzel Washington, Rami Malek, Jared Leto, Chris Bauer, Michael Hyatt","Drama,Crimen,Suspense",6.358,/tLO1aD1ghdtVMT32z2sRmzgYKYd.jpg,"Joe 'Deke' Deacon, ayudante de sheriff del condado de Kern, es enviado a Los Angeles para lo que debería ser un caso rápido de recopilación de evidencias. Sin embargo, se ve involucrado en la búsqueda de un asesino en serie que aterroriza a la ciudad. Encabezando la investigación se encuentra el sargento del departamento del sheriff de Los Angeles, Jim Baxter, quien, impresionado por el instinto policial de Deke, le ayuda de manera extraoficial. Pero mientras siguen la pista al asesino, Baxter desconoce que la investigación desentierra partes del pasado de Deke que sacan a la luz secretos más peligrosos que el propio caso.",J
14807,The Long Good Friday,1980-11-01,John Mackenzie,"Bob Hoskins, Helen Mirren, Dave King, Bryan Marshall, Derek Thompson","Crimen,Suspense,Drama",7.195,/pXS667me5Jfoj1b0xuxgjEMKunF.jpg,"Harold Shand, un gángster inglés bien establecido, está a punto de cerrar un lucrativo negocio con la mafia estadounidense. Pero cuando una serie de bombas empiezan a estallar en distintos puntos de Londres, todo parece ir mal. Amigos y miembros de su banda van muriendo a la vez que la relativa calma de los últimos diez años se rompe en mil pedazos. Un misterioso sindicato intenta involucrarle por lo que Harold tendrá que averiguar quiénes son y qué es lo que quieren pero por el camino dejará un rastro sangriento en su recorrido hacia la verdad.",J
37195,The Long Wait,1954-05-26,Victor Saville,"Anthony Quinn, Charles Coburn, Gene Evans, Peggie Castle, Mary Ellen Kay","Crimen,Drama",5.9,/6pz8wzIFZ4lLySHKcqC7xUyLn4V.jpg,"Poco después de pedirle a un camionero que lo llevara, Johnny McBride sufre graves quemaduras y sufre de amnesia total cuando el vehículo en el que viaja explota una llanta y cae por un terraplén en un incendio. Más tarde, McBride recibe un aviso de un conocido de que una foto suya estaba colocada en un lugar destacado en la ventana de un estudio de fotografía en una ciudad llamada Lyncastle, por lo que Johnny se va inmediatamente al pueblo con la esperanza de que algo allí le refresque la memoria.",N
963,The Maltese Falcon,1941-10-18,John Huston,"Humphrey Bogart, Mary Astor, Gladys George, Peter Lorre, Barton MacLane","Misterio,Crimen,Suspense",7.703,/bf4o6Uzw5wqLjdKwRuiDrN1xyvl.jpg,"Un detective privado es abordado por una misteriosa mujer, que dice estar amenazada. Pero tanto el perseguidor como el hombre encargado de su protección aparecen muertos. Todo parece girar alrededor de una estatua de un halcón de valor incalculable.",N O
574,The Man Who Knew Too Much,1956-05-16,Alfred Hitchcock,"James Stewart, Doris Day, Brenda De Banzie, Bernard Miles, Ralph Truman","Suspense,Misterio,Drama",7.431,/gy8YBRjCQRIT9x9G9F5fpnFD4xw.jpg,"Una familia americana, compuesta por el doctor Ben MacKenna, su mujer y su hijo Hank, está pasando unas vacaciones en Marruecos. Tras la muerte de un espía en brazos de Ben, mientras visitaban el mercado de Marrakech, el matrimonio descubre que su hijo ha sido secuestrado. Sin saber en quién confiar, los MacKenna se ven envueltos en una angustiosa pesadilla que tiene que ver con una operación de espionaje internacional.",O
14462,The Manchurian Candidate,2004-07-30,Jonathan Demme,"Denzel Washington, Meryl Streep, Liev Schreiber, Simon McBurney, Kimberly Elise","Suspense,Drama,Misterio",6.497,/4xEWtEbKK2EXMZ8UPff8hDCSiVW.jpg,"En sus conferencias, el comandante norteamericano Bennett Marco habla constantemente de la emboscada que sufrió su pelotón en el desierto kuwaití y del heroísmo del sargento Raymond Shaw, que recibió la Medalla de Honor por salvar a sus compañeros. Sin embargo, una serie de pesadillas recurrentes le hacen dudar del heroísmo del sargento. Cuando Shaw, empujado por su madre, la polémica senadora Eleanor Prentiss, se presenta como candidato a la vicepresidencia de los EE.UU., las sospechas de Marco se acrecientan y, a pesar de todos los obstáculos que se le presentan, se lanza a investigar los hechos para encontrar la verdad antes de que Shaw y su equipo lleguen a la Casa Blanca.",K
524369,The Many Saints of Newark,2021-09-22,Alan Taylor,"Alessandro Nivola, Leslie Odom Jr., Michael Gandolfini, Ray Liotta, Michela De Rossi","Crimen,Drama",6.292,/t9IQebh64kRqoH8ZoMQVJ27X8Ij.jpg,"Precuela de la aclamada serie 'Los Soprano', centrada en la juventud del gángster de Nueva Jersey, Tony Soprano. El guión de la película ha sido escrito por David Chase, el creador de la serie original de HBO y también director del drama independiente 'Not Fade Away'.",J
593643,The Menu,2022-11-17,Mark Mylod,"Anya Taylor-Joy, Ralph Fiennes, Nicholas Hoult, Janet McTeer, Paul Adelstein","Comedia,Terror",7.18,/fPtUgMcLIboqlTlPrq0bQpKK8eq.jpg,"Una joven pareja viaja a uno de los destinos más exclusivos del mundo para cenar en un restaurante que ofrece una experiencia culinaria única. Sin embargo, el chef ha preparado un ingrediente secreto que tendrá un resultado sorprendente en los dos enamorados.",N
20442,The Naked Spur,1953-01-29,Anthony Mann,"James Stewart, Janet Leigh, Robert Ryan, Ralph Meeker, Millard Mitchell",Western,7.0,/xS5EAgCnFFvHbyRydlqTbDbaXZ6.jpg,"Durante la guerra Civil (1861-1865), Howard Kemp (James Stewart) pierde su granja mientras lucha en el frente. Con el fin de reunir el dinero suficiente para recuperarla, trabaja como cazarrecompensas en el territorio de Colorado. Su primer objetivo será Ben Vandergroat (Robert Ryan), acusado de asesinar a un sherif. Tras acorralarlo en las Montañas Rocosas, se unen a él dos hombres que buscan compartir la jugosa recompensa: un viejo buscador de oro y un desertor del ejército de la Unión.",M
192,The Name of the Rose,1986-09-24,Jean Jacques Annaud,"Sean Connery, Christian Slater, Helmut Qualtinger, Elya Baskin, Michael Lonsdale","Drama,Suspense,Misterio",7.498,/2BuVu0j6v2kNY2gGxtO3sDGyob2.jpg,"Siglo XIV. Todo comienza una hermosa mañana de finales de noviembre de 1327, cuando un monje franciscano y antiguo inquisidor, acompañado de su novicio discípulo –quien relata la historia– acuden a una abadía benedictina situada en el norte de Italia para intentar resolver un crimen. Durante su estancia van desapareciendo misteriosamente más religiosos, a quienes después hallan muertos. Poco a poco, gracias a la información aportada por algunos monjes, Guillermo va esclareciendo los hechos. El móvil de los crímenes parecen ser unos antiguos tratados que se custodian en la biblioteca del complejo, de la cual se dice que es la mayor del mundo cristiano. ¿Quién es el asesino? ¿Qué motivó la muerte de sus víctimas? Nadie lo sabe….",H
510,One Flew Over the Cuckoo's Nest,1975-11-19,Miloš Forman,"Jack Nicholson, Brad Dourif, Louise Fletcher, Danny DeVito, William Redfield",Drama,8.404,/kjWsMh72V6d8KRLV4EOoSJLT1H7.jpg,"Randle McMurphy (Jack Nicholson), un violador de espíritu libre, que vive contracorriente, es recluido en un hospital psiquiátrico. La inflexible disciplina del centro acentúa su contagiosa tendencia al desorden, que acabará desencadenando una guerra entre los pacientes y el personal de la clínica con la fría y severa enfermera Ratched (Louise Fletcher) a la cabeza. La suerte de cada paciente del pabellón está en juego.",J
42700,The Night of the Generals,1967-01-29,Anatole Litvak,"Peter O'Toole, Omar Sharif, Tom Courtenay, Donald Pleasence, Joanna Pettet","Suspense,Misterio,Bélica,Crimen",6.8,/qcr0rCbqij3dSDpBsAUTItEBMaC.jpg,"En Varsovia, durante los primeros días de la ocupación alemana, en 1940, una prostituta es salvajemente asesinada. Un testigo afirma que el asesino ha sido un general alemán, al que no vio el rostro, pero sí el uniforme. El mayor Grau es el encargado de investigar el caso. Sin embargo, sólo tres generales en Varsovia carecen de una coartada. Los tres generales se verán implicados en el asesinato de la prostituta. Todas las investigaciones apuntan a que ha sido un alto cargo del ejército y el caso queda archivado hasta que la justicia descubre al verdadero psicópata.",M
3112,The Night of the Hunter,1955-07-26,Charles Laughton,"Robert Mitchum, Shelley Winters, Lillian Gish, Billy Chapin, Sally Jane Bruce","Crimen,Drama,Suspense",7.854,/rBka0nFWiHxabHRLr0KfIA8Yiaq.jpg,"Tras realizar un atraco en el que han muerto dos personas, Ben Harper regresa a su casa y esconde el botín confiando el secreto a sus hijos. En la cárcel, antes de ser ejecutado, comparte celda con Harry Powell y en sueños habla del dinero. Tras ser puesto en libertad, Powell, obsesionado por apoderarse del botín, va al pueblo de Harper, enamora a su viuda y se casa con ella.",O
821427,The Novice,2021-12-17,Lauren Hadaway,"Isabelle Fuhrman, Amy Forsyth, Dilone, Jonathan Cherry, Kate Drummond",Drama,6.435,/dCujw00nVfBrIJc1osoR6HC92SV.jpg,"Una estudiante de primer año de la universidad queer se une al equipo de remo de su universidad y emprende un viaje físico y psicológico obsesivo para llegar al mejor bote universitario, sin importar el costo.",J
799876,The Outfit,2022-02-25,Graham Moore,"Mark Rylance, Zoey Deutch, Johnny Flynn, Dylan O'Brien, Simon Russell Beale","Crimen,Drama,Suspense,Misterio",7.095,/lZa5EB6PVJBT5mxhgZS5ftqdAm6.jpg,"Leonard, es un sastre inglés que confeccionaba trajes en la mundialmente famosa Savile Row de Londres. Después de una tragedia personal termina en Chicago, trabajando en una pequeña sastrería en una zona difícil de la ciudad donde hace ropa elegante para las únicas personas a su alrededor que pueden pagarla: una familia de gángsters.‎.",M
12245,The Oxford Murders,2008-01-18,Álex de la Iglesia,"Elijah Wood, John Hurt, Leonor Watling, Julie Cox, Jim Carter","Crimen,Misterio,Suspense",5.972,/aPGyZg44eCxccfoaNNbJwTJj66J.jpg,"Un joven americano que estudia en Oxford descubre el cuerpo sin vida de su casera, una mujer que en su juventud había formado parte del equipo que descifró el Código Enigma de la Segunda Guerra Mundial (1939-1945). Poco después, un profesor de lógica de la universidad recibe una nota en la que se advierte que ése es el primero de una serie de asesinatos. El estudiante y el profesor deciden investigar el caso, utilizando códigos matemáticos, para encontrar el patrón que sigue este asesino en serie. Basada en el libro 'Oxford Murders' (Crímenes Imperceptibles), de Guillermo Martínez.",I
800815,The Pale Blue Eye,2022-12-22,Scott Cooper,"Christian Bale, Harry Melling, Lucy Boynton, Toby Jones, Simon McBurney","Suspense,Crimen,Terror,Misterio",6.779,/9xkGlFRqrN8btTLU0KQvOfn2PHr.jpg,"Historia ambientada en 1830 sobre un veterano detective, Augustus Landor, que intenta resolver unos asesinatos cometidos en West Point con la ayuda de un joven cadete al que el mundo conocería luego como Edgar Allan Poe.",N
43431,The Longest Penalty Shot in the World,2005-03-08,Roberto Santiago,"Fernando Tejero, María Botto, Marta Larralde, Carlos Kaniowsky, Javier Gutiérrez",Comedia,5.4,/hCHM8G50TUOpAf7CIdxKcKZo9Nu.jpg,"Fernando es un perdedor. Un tipo gris, sin ambición, que trabaja como reponedor en un supermercado del barrio. En sus ratos libres es portero suplente de un equipo de fútbol de tercera regional. En toda la temporada no ha jugado ni un solo minuto, pero el último domingo de la liga el árbitro señala penalti y el portero titular se lesiona. Fernando tiene que ocupar la portería por primera vez. Si para el penalti, el equipo del barrio se proclamará campeón y subirá de categoría. Si no, todo el esfuerzo de un año no habrá valido para nada.",N
619264,The Platform,2019-11-08,Galder Gaztelu-Urrutia,"Ivan Massagué, Antonia San Juan, Zorion Eguileor, Emilio Buale, Alexandra Masangkay","Drama,Ciencia ficción,Suspense",6.965,/qv30R1uDDKTLWDlNc3qi6MRdRf0.jpg,"Un lugar misterioso, una prisión indescriptible, un agujero muy profundo. Un número desconocido de niveles. Dos reclusos viviendo en cada nivel. Una plataforma descendente que contiene alimentos para todos ellos. Una lucha inhumana por la supervivencia, pero también una oportunidad para ser solidario.",K
673,Harry Potter and the Prisoner of Azkaban,2004-05-31,Alfonso Cuarón,"Daniel Radcliffe, Rupert Grint, Emma Watson, Robbie Coltrane, Michael Gambon","Aventura,Fantasía",8.013,/aWxwnYoe8p2d2fcxOqtvAtJ72Rw.jpg,"Harry está deseando que termine el verano para comenzar un nuevo curso en Hogwarts, y abandonar lo antes posible la casa de sus despreciables tíos, los Dursley. Lo que desconoce Harry es que va a tener que abandonar Privet Drive antes de tiempo e inesperadamente después de convertir a su tía Marge en un globo gigante. Un autobús noctámbulo, y encantado por supuesto, le llevará a la taberna El Caldero Chorreante, donde le espera nada menos que Cornelius Fudge, el Ministro de Magia.",N
44247,The Prowler,1981-11-06,Joseph Zito,"Vicky Dawson, Christopher Goutman, Lawrence Tierney, Farley Granger, Cindy Weintraub","Terror,Suspense",5.838,/g4sq725mXv5urY6nLQvYmv3RvcO.jpg,"En 1945, cuando los soldados regresan de la guerra, uno no identificado recibe una carta de despedida, dirigida a John, por una muchacha llamada Rosemary, que añade a su firma el dibujo de una rosa. En Avalon Bay los alumnos de bachillerato celebran el baile de graduación, en el curso del cual una joven es brutalmente asesinada por un hombre que viste equipo de combate, dejando una rosa sobre el cadáver.",M
4147,Road to Perdition,2002-07-12,Sam Mendes,"Tom Hanks, Paul Newman, Jude Law, Tyler Hoechlin, Daniel Craig","Crimen,Drama,Suspense",7.363,/loSpBeirRfTPJ3cMIqpQArstGhh.jpg,"En los oscuros años de la Gran Depresión, Michael Sullivan es un asesino a sueldo que profesa una lealtad inquebrantable a su jefe, el señor Rooney, y, al mismo tiempo, un buen padre de familia. Son tiempos duros en Rock Island, donde domina la mafia irlandesa, la Ley Seca sigue vigente y los gánsteres, especialmente Al Capone en Chicago, están en la cima del poder. Pero un día, inesperadamente, el hijo de doce años de este asesino a sueldo, Michael Jr., decide seguir a su padre para ver en qué consiste exactamente su trabajo.",I O
42678,The Shanghai Gesture,1941-12-25,Josef von Sternberg,"Victor Mature, Ona Munson, Gene Tierney, Walter Huston, Phyllis Brooks","Drama,Crimen,Misterio,Romance",6.266,/aHDmFi7Q9M6mpMxRm7VpiXwmTYC.jpg,"El gobernador de la decadente y cosmopolita Shanghai notifica a Madre Gin Sling, dueña de un famoso casino, que el local será derribado para remodelar el distrito. La dama averigua que detrás de ese movimiento especulativo está el acaudalado Sir Guy Charteris. Con motivo de la celebracion del Año Nuevo Chino Sir Guy y otros invitados se sientan a la mesa de Madre Gin Sling. Allí, el oscuro pasado del especulador se pondrá al descubierto.",H
278,The Shawshank Redemption,1994-09-23,Frank Darabont,"Tim Robbins, Morgan Freeman, Bob Gunton, William Sadler, Clancy Brown","Drama,Crimen",8.731,/9cqNxx0GxF0bflZmeSMuL5tnGzr.jpg,"Acusado del asesinato de su mujer, Andrew Dufresne, tras ser condenado a cadena perpetua, es enviado a la prisión de Shawshank. Con el paso de los años conseguirá ganarse la confianza del director del centro y el respeto de sus compañeros presidiarios, especialmente de Red, el jefe de la mafia de los sobornos.",I
274,The Silence of the Lambs,1991-02-14,Jonathan Demme,"Jodie Foster, Anthony Hopkins, Scott Glenn, Ted Levine, Anthony Heald","Crimen,Suspense,Drama",8.3,/uS9m8OBk1A8eM9I042bx8XXpqAq.jpg,"Clarice Starling, del FBI, se aventura a una prisión de máxima seguridad para analizar el cerebro enfermo de Hannibal Lecter, un psiquiatra convertido en caníbal.",G
60164,The Speed of Thought,2011-04-29,Evan Oppenheimer,"Nick Stahl, Mía Maestro, Taryn Manning, Wallace Shawn, Blair Brown","Acción,Suspense,Ciencia ficción",4.5,/iesdeGm2Honb13C6HrchbajnbS.jpg,"Joshua es una persona que puede escuchar los pensamientos de las personas, personas con su don existen pocos en el mundo y solo los que tienen una buena enseñanza pueden controlar las voces y no volverse locos. Joshua y su maestro se ponen a trabajar con el gobierno a cambio de una cura y no volverse loco ya que generalmente a los 29 años todos se vuelven locos y Joshua tiene 28, podra lograr su meta.",K
9277,The Sting,1973-12-25,George Roy Hill,"Paul Newman, Robert Redford, Robert Shaw, Charles Durning, Ray Walston","Comedia,Crimen,Drama",8.0,/ckmYng37zey8INYf6d10cVgIG93.jpg,"En Illinois, en 1936, dos ladrones dan un golpe a un hombre de confianza de un gángster y se embolsan un montón de dinero. El gángster decide vengarse y mata a uno de los que dieron el golpe, mientras que el otro logra escapar y entra en contacto con un ex compinche. Los dos deciden intentar un gran timo que hará temblar las finanzas del jefe de la mafia.",N
27033,The Strange Love of Martha Ivers,1946-08-19,Lewis Milestone,"Barbara Stanwyck, Van Heflin, Lizabeth Scott, Kirk Douglas, Judith Anderson","Drama,Suspense",7.1,/iUAq0UYHglCsnHVbBLcJvZ6KQN9.jpg,"Tres amigos de la infancia, Martha, Walter y Sam, comparten un terrible secreto. Ya adultos, la ambiciosa Martha y el pusilánime Walter se casan. Ella es una fría mujer de negocios, él es el fiscal del distrito: una combinación perfecta para dominar la corrupta ciudad de Iverstown según su voluntad. Pero el inesperado regreso de Sam, después de años de ausencia, perturba profundamente la vida de la extraña pareja.",J
4614,The Sum of All Fears,2002-05-31,Phil Alden Robinson,"Ben Affleck, Morgan Freeman, James Cromwell, Liev Schreiber, Bridget Moynahan","Suspense,Acción,Drama",6.379,/3E4LW4bjRhEMDeeXeIsmkJ94v8K.jpg,"En 1973, el ejército de Israel perdió un caza con un misil nuclear, abatido por fuerzas enemigas. No se volvió a saber del misil. 29 años después, un viejo árabe lo encuentra semienterrado y abandonado en el Golán, y se lo vende a un mercenario con conexiones con unos potentados neonazis. Al mismo tiempo, en Rusia, se produce un nuevo cambio de presidente, y el nuevo mandatario, apenas conocido, no despierta plena confianza para la CIA... Nueva y trepidante aventura del agente de la CIA Jack Ryan (interpretado ahora por Ben Affleck y al que anteriormente habían dado vida Alec Baldwin y Harrison Ford). La película tuvo su polémica al tratar el tema del terrorismo de forma apocalíptica cuando todavía estaba reciente el recuerdo del 11-S. Además, en la novela de Tom Clancy los terroristas eran fanáticos musulmanes, pero los productores decidieron 'sustituirlos' por terroristas neonazis en la adaptación cinematográfica.",M
18487,The Taking of Pelham 1 2 3,2009-06-10,Tony Scott,"Denzel Washington, John Travolta, John Turturro, Luis Guzmán, James Gandolfini","Crimen,Suspense,Acción",6.4,/rEnyQiBu6goqJfvQXpUZQjpoHVp.jpg,"Walter Garber, supervisor del metro de Nueva York, tiene que afrontar el caos provocado por el secuestro de un vagón por una banda armada. Los criminales amenazan con ejecutar a los pasajeros si en una hora no reciben un cuantioso rescate. Garber utiliza sus conocimientos del sistema suburbano para intentar burlar a Ryder y salvar a los rehenes. Pero hay un enigma que Garber no consigue resolver: en el caso de que los criminales obtuvieran el dinero, ¿cómo conseguirían escapar? Remake de 'Pelham uno, dos, tres' (1974).",N
231700,The Teckman Mystery,1954-10-27,Wendy Toye,"John Justin, Margaret Leighton, Duncan Lamont, Raymond Huntley, Meier Tzelniker",Misterio,6.1,/ucXpf57dGmY3YxRzkhuqo87TfP4.jpg,Sin sinopsis disponible.,N
3529,The Thin Man,1934-05-25,W.S. Van Dyke,"William Powell, Myrna Loy, Maureen O'Sullivan, Nat Pendleton, Minna Gombell","Comedia,Misterio,Crimen",7.5,/6cL89ok9t8xEKboOjOVga2W66jj.jpg,"Un conocido inventor neoyorquino es acusado de varios asesinatos. Cuando llegan a la ciudad un famoso detective y su mujer y se enteran del asunto, ella, movida por el espíritu de aventura, trata de convencer a su marido para que acepte el caso.",K
1092,The Third Man,1949-08-31,Carol Reed,"Joseph Cotten, Alida Valli, Trevor Howard, Orson Welles, Paul Hörbiger","Suspense,Misterio",7.9,/vqnFHTx1phgTAsLfxZoejSbMVHA.jpg,"Orson Welles es Harry Lime y Joseph Cotten actúa como su amigo de la infancia, Holly Martins, en este clásico thriller de Graham Greene, dirigido por Carol Reed. Martins busca a Lime en la caótica postguerra de Viena, y se encuentra así mismo metido en un entorno de amores, decepción y asesinatos.",H
3009,The Trial,1962-08-25,Orson Welles,"Anthony Perkins, Romy Schneider, Orson Welles, Akim Tamiroff, Jeanne Moreau","Crimen,Drama,Misterio",7.4,/4qDUe5HqB8pXNplSBlsoyVjNP3r.jpg,"Un hombre se despierta por la mañana, y se encuentra con que la policía ha entrado en su habitación y lo arresta, tras acusarlo de haber cometido un crimen.",N
11219,The Trouble with Harry,1955-10-03,Alfred Hitchcock,"John Forsythe, Shirley MacLaine, Edmund Gwenn, Mildred Natwick, Mildred Dunnock","Comedia,Misterio",7.0,/uUXLq7fEG3hI46ZFMZzgHj11S6S.jpg,"Durante un hermoso día de otoño, en un idílico rincón campestre de Vermont, se oyen tres disparos, y aparece un cadáver, el de Harry. Un viejo capitán (Edmund Gwenn) que cree que se trata de un accidente de caza del que se siente responsable, entierra, desentierra y transporta varias veces el cadáver sobre cuya identidad se interrogan con perplejidad una solterona, un médico miope y un pintor abstracto (John Forsythe).",N
61095,The Turning Point,1952-07-12,William Dieterle,"William Holden, Edmond O'Brien, Alexis Smith, Tom Tully, Ed Begley","Crimen,Drama",6.3,/oAQOQEev0CS4HNeKQ8S8FcjtTpK.jpg,"John Conroy, fiscal del distrito, emprende una cruzada contra el sindicato del crimen, pero la mafia tiene muchos funcionarios de la ciudad bajo su control. Está asistido por un periodista, Jerry McKibbon, pero Conroy piensa que no es lo suficientemente fuerte como para manejar esta tarea casi imposible.",N
117,The Untouchables,1987-06-03,Brian De Palma,"Kevin Costner, Sean Connery, Robert De Niro, Charles Martin Smith, Andy Garcia","Crimen,Historia,Suspense",7.8,/tPq0R4jTO4Ey8ZspFaWK9wGA4Ls.jpg,"El joven agente del tesoro Elliot Ness llega a Chicago con la determinación de detener a Al Capone. No va a ser tarea fácil, puesto que Capone tiene a la policía en el bolsillo. Ness conoce a Jimmy Malone, un guardia veterano y probablemente el más honrado de todo el cuerpo, al que Ness pide ayuda en su cruzada contra Capone.",M
629,The Usual Suspects,1995-07-19,Bryan Singer,"Stephen Baldwin, Gabriel Byrne, Benicio del Toro, Kevin Pollak, Kevin Spacey","Drama,Crimen,Suspense",8.162,/99X2SgyFunJFXGAYnDv3sb9pnUD.jpg,"Dave Kujan (Chazz Palminteri), un agente especial que trabaja para el servicio de aduanas de EEUU, está investigando las consecuencias de un incendio a bordo de un barco en el puerto de San Pedro de Los Ángeles, con un balance de 27 víctimas mortales -todas aparentemente asesinadas-. La única fuente de información de Kujan es Roger Kint (Kevin Spacey), un estafador lisiado que sobrevivió al incendio. En comisaría, Kint cuenta que todo comenzó 6 semanas atrás en Nueva York, cuando 5 delincuentes, 5 'sospechosos habituales', fueron detenidos para una rueda de reconocimiento referente al robo de un camión de armas...",O
104594,The Cave of the Silken Web,1967-07-31,何夢華,"Chow Lung-Cheung, 何藩, 彭鵬, Tien Shun, Liu Liang-Hua","Fantasía,Aventura,Acción,Música",5.7,/lEvNC9J2UzWc3PkptXMGcGVxSNq.jpg,Sin sinopsis disponible.,J
39074,The Bedroom Window,1987-01-16,Curtis Hanson,"Steve Guttenberg, Elizabeth McGovern, Isabelle Huppert, Paul Shenar, Carl Lumbly","Drama,Suspense",6.3,/7JT5mzLBuABKqDNvCvfnjrvYQC6.jpg,"Baltimore. Sylvia ve cómo atacan a una chica desde la ventana del dormitorio de Terry, su amante. El agresor huye y su víctima se salva. Pero esa misma noche otra chica aparece asesinada.",J
520663,The Woman in the Window,2021-05-13,Joe Wright,"Amy Adams, Gary Oldman, Anthony Mackie, Fred Hechinger, Wyatt Russell","Crimen,Misterio,Suspense",5.971,/wcrjc1uwQaqoqtqi67Su4VCOYo0.jpg,"La Dra. Anna Fox, que sufre de agorafobia, pasa sus días encerrada en su casa de Nueva York, bebiendo vino mientras ve viejas películas y espía a sus vecinos. Un día, mientras mira por la ventana, ve algo que sucede enfrente de su casa, en el hogar de los Russell, una familia que acaba de llegar al barrio.",J
736769,They Cloned Tyrone,2023-06-14,Juel Taylor,"John Boyega, Jamie Foxx, Teyonah Parris, Kiefer Sutherland, David Alan Grier","Comedia,Ciencia ficción,Misterio",6.557,/hnzXoDaK346U4ByfvQenu2DZnTg.jpg,Unos sucesos inquietantes en el barrio mueven a un peculiar trío a investigar una conspiración muy siniestra.,O
27203,They Won't Believe Me,1947-07-16,Irving Pichel,"Robert Young, Susan Hayward, Jane Greer, Rita Johnson, Tom Powers","Drama,Romance",6.5,/aUMZpKU2GRUKjeufdJKfbPhBzva.jpg,"Cine negro a cargo del realizador Irving Pichel con un atractivo reparto encabezado por Robert Young (que carga un tanto las tintas en su interpretación antipática) y la estupenda Susan Hayward. A partir de un juicio iniciado en contra de un hombre acusado del asesinato de la que fuera su amante, salen a relucir las infidelidades y los intereses económicos sobre los que descansa su matrimonio y que serán determinantes en su situación legal. La película no se llamó 'No me creerán', traducción directa del inglés, ni en España ni en América.",J
1293162,Thieves Highway,2025-11-07,Jesse V. Johnson,"Aaron Eckhart, Devon Sawa, Lucy Martin, Lochlyn Munro, The D.O.C.","Crimen,Suspense,Western,Acción",7.511,/78B66xBCgmnh88d10B85uFjC88V.jpg,"Tras un enfrentamiento mortal, el agente de la ley Frank Bennett descubre una enorme red de contrabando. Sin servicio de telefonía móvil y sin su camión, Frank se ve obligado a enfrentarse a una peligrosa banda liderada por un ex comandante militar trastornado. Detenerlos antes de que lleguen a la frontera no es sólo su deber, es su única oportunidad de sobrevivir.",M
11963,Three Days of the Condor,1975-09-24,Sydney Pollack,"Robert Redford, Faye Dunaway, Cliff Robertson, Max von Sydow, John Houseman","Suspense,Misterio",7.3,/zinwtZqdb7gnc4zMu8dfkK1fMN3.jpg,"Robert Redford es un oscuro funcionario de la CIA, cuyo trabajo consiste en leer libros con el fin de detectar mensajes cifrados que permitan descubrir operaciones secretas susceptibles de perturbar la estabilidad del país. Un día, cuando vuelve al trabajo después de comer, encuentra a todos sus compañeros muertos. Consciente de que sólo el azar lo ha salvado de una muerte segura, huye tratando de salvarse, pero también para encontrar una explicación a lo sucedido. En su fuga se verá impelido a secuestrar a una bella mujer (Faye Dunaway) con la que, además de compartir sus peripecias, vive una intensa historia de amor.",K
630240,Titane,2021-07-14,Julia Ducournau,"Vincent Lindon, Agathe Rousselle, Garance Marillier, Laïs Salameh, Mara Cissé","Drama,Suspense,Terror",6.331,/y93w5MGC9fbXjy1qfN6rUpSbBti.jpg,"Una mujer con una placa de metal en la cabeza, secuela de un accidente de coche que sufrió de niña, se embarca en un viaje de lo más extraño. Por el camino se cruza con un bombero que, tras diez años de búsqueda, acaba de reencontrarse con su hijo desaparecido.",J
605886,To Catch a Killer,2023-04-06,Damián Szifron,"Shailene Woodley, Ben Mendelsohn, Jovan Adepo, Ralph Ineson, Richard Zeman","Suspense,Crimen,Drama",6.837,/mFp3l4lZg1NSEsyxKrdi0rNK8r1.jpg,"Baltimore, la noche de Año Nuevo. Un feroz ataque producido por un único hombre deja un saldo de 29 muertos y ni una sola pista. Eleanor Falco (Shailene Woodley), una retraída pero talentosa mujer policía de bajo rango, es reclutada por el agente especial del FBI Geoffrey Lammark (Ben Mendelsohn) para integrar el equipo a cargo de la identificación y captura del homicida.",N
381,To Catch a Thief,1955-08-03,Alfred Hitchcock,"Cary Grant, Grace Kelly, Jessie Royce Landis, John Williams, Charles Vanel","Misterio,Romance,Suspense",7.3,/cPy05z52PbFsAvfO5zbp0ebGhIj.jpg,"A pesar de que John Robie 'El Gato' es un ladrón de joyas reformado, se convierte en el principal sospechoso de una serie de robos de piedras preciosas en los más lujosos hoteles de la Riviera francesa, así que no tendrá más remedio que demostrar su inocencia. Cuando conoce a la caprichosa heredera Frances, ve la oportunidad de desenmascarar al misterioso ladrón utilizando como señuelo las fabulosas joyas de la madre de la joven.",M
22584,To Have and Have Not,1945-01-20,Howard Hawks,"Humphrey Bogart, Lauren Bacall, Walter Brennan, Dolores Moran, Hoagy Carmichael","Aventura,Romance,Bélica",7.448,/m6EjBAY7gA6tx5RMutXGtZWFzyI.jpg,"Segunda Guerra Mundial. Harry Morgan y su compañero Eddie son dos marineros que están en la isla de Martinica, esperando inútilmente que algún barco los contrate. Al final, se verán obligados a trabajar para la Resistencia.",K
9846,To Live and Die in L.A.,1985-11-01,William Friedkin,"William L. Petersen, Willem Dafoe, John Pankow, Debra Feuer, John Turturro","Crimen,Suspense,Acción",7.1,/2iW3pSihBIhXjnBQmUJ0mAiZbB5.jpg,Un agente del servicio secreto de Los Ángeles pone en marcha un peligroso plan para atrapar a un famoso falsificador de dinero.,N
1480,Touch of Evil,1958-03-30,Orson Welles,"Charlton Heston, Janet Leigh, Orson Welles, Joseph Calleia, Akim Tamiroff","Crimen,Suspense,Drama",7.742,/1pvRgmfBaoMczIJBOi9gCOZ4FMC.jpg,"Un agente de la policía de narcóticos (Heston) llega a la frontera mexicana con su esposa justo en el momento en que explota una bomba. Inmediatamente se hace cargo de la investigación contando con la colaboración de Quinlan (Welles), el jefe de la policía local, muy conocido en la zona por sus métodos expeditivos y poco ortodoxos. Una lucha feroz se desata entre los dos hombres, pues cada uno de ellos tiene pruebas contra el otro.",H
941959,An Argentinian Crime,2022-08-25,Lucas Combina,"Nicolás Francella, Matías Mayer, Malena Sánchez, Darío Grandinetti, Alberto Ajaka","Suspense,Crimen",6.6,/1iGVhDwTaLMPYVK2DeOLa1uAKjN.jpg,"Basado en un hecho criminal ocurrido en 1980: la intrigante desaparición de un acaudalado empresario en la ciudad de Rosario, en el marco de la dictadura militar. La investigación es liderada por dos jóvenes secretarios de un juzgado de instrucción, pocas semanas antes que uno de ellos emigre a España. En una carrera contra el tiempo, ambos juristas intentarán resolver el caso enfrentando las interferencias de una policía subordinada al poder represor.",N
42741,Un Flic,1972-10-01,Jean Pierre Melville,"Alain Delon, Richard Crenna, Catherine Deneuve, Riccardo Cucciolla, Michael Conrad","Crimen,Suspense",6.607,/d3oMFyGtNypRnsA2sGCyGx1Zkdh.jpg,"Un grupo de ladrones roba los fondos que una rica heredera tiene depositados en un banco. Pero, durante el atraco, uno de ellos resulta herido. El cabecilla de la banda debe enfrentarse al comisario Colemane, que es uno de sus mejores amigos.",J
473033,Uncut Gems,2019-12-13,Josh Safdie,"Adam Sandler, LaKeith Stanfield, Julia Fox, Kevin Garnett, Idina Menzel","Drama,Suspense,Crimen",7.176,/6XN1vxHc7kUSqNWtaQKN45J5x2v.jpg,Howard Ratner es el propietario de una joyería ubicada en el barrio de los diamantes de la ciudad de Nueva York que vende en exclusiva a ricos y famosos. Un día se produce un importante robo que le obliga a tener que afrontar una deuda económica que no está preparado para pagar.,K
277,Underworld,2003-09-19,Len Wiseman,"Kate Beckinsale, Scott Speedman, Michael Sheen, Shane Brolly, Bill Nighy","Fantasía,Acción,Suspense",6.862,/zsnQ41UZ3jo1wEeemF0eA9cAIU0.jpg,"Durante siglos, dos razas han ido evolucionando en las profundidades de la Tierra: los aristocráticos y sofisticados vampiros y los brutales hombres-lobo (Lycans), cuya existencia siempre había formado parte del mundo de los mitos y las leyendas. Estas razas nocturnas son enemigas mortales y están condenadas a vivir en perpetua guerra hasta que sólo una de ellas sobreviva. En medio de este conflicto ancestral, una Guerrera Vampiro, Selene, descubre una conspiración de los Lycan para secuestrar a Michael, un joven médico. Después de seguirlo por toda la ciudad, Selene entabla una insólita relación con él, y cuando los Lycans se deciden a atacar, se interpone entre ellos y el médico. Mientras intenta salvar a Michael, descubre un plan de los Lycans para crear nuevas criaturas que combinen los poderes de ambas razas y carezcan de sus debilidades. Este proyecto, de hacerse realidad, favorecería a los Hombres-lobo.",K
43396,Union Station,1950-10-04,Rudolph Maté,"William Holden, Nancy Olson, Barry Fitzgerald, Lyle Bettger, Jan Sterling","Suspense,Crimen",6.5,/oF9dN6RO2sgAQj1uANJR8ZOTS4T.jpg,"A Joyce Willecombe le inspiran desconfianza dos hombres que viajan con ella en el tren, llama entonces a Calhoun (Holden), el jefe de policía de la Estación Unión. Aunque éste, al principio, se muestra escéptico, todo parece indicar que los sospechosos están implicados en un caso de secuestro, razón por la cual Calhoun pide ayuda al inspector de policía Donnelly, pero los secuestradores son muy escurridizos.",I
1428226,Until the End of the World,2026-07-23,Emiliano Castro Vizcarra,"Mauricio Ochmann, Aislinn Derbez, Daniel Pérez Prada, Melina Figueroa, Miguel Ángel Jiménez",Drama,7.968,/kwuQPxbJPfjU0TKXcVpdzJ0RvJ5.jpg,"La vida de Manuel da un vuelco cuando Esmeralda, su amor perdido de hace quince años, lo llama inesperadamente. A pesar de estar a punto de casarse con otra persona, él se reencontrará con Esmeralda y ambos se darán cuenta de que su amor trasciende el tiempo.",N
500664,Upgrade,2018-05-31,Leigh Whannell,"Logan Marshall-Green, Betty Gabriel, Harrison Gilbertson, Melanie Vallejo, Benedict Hardie","Acción,Suspense,Ciencia ficción",7.516,/woLGROUdPWdBnLVFKYdGD3kFkPY.jpg,"Tras ver cómo su mujer es asesinada tras un accidente que le deja parapléjico, un hombre se somete a una operación que le permite volver a caminar para así poder vengar a su esposa.",K
1613798,Vengeance,2026-02-26,Rodrigo Valdes,"Omar Chaparro, Alejandro Speitzer, Paola Nuñez, Natalia Solián, Luis Alberti","Acción,Suspense",7.495,/ggJGx8fwwy21gEIXYusIlHcUn8z.jpg,"Carlos y Miguel son dos soldados de élite de las fuerzas especiales mexicanas y mejores amigos cuyas vidas cambian para siempre cuando Carlos es testigo del brutal asesinato de su esposa por manos de un despiadado asesino. Determinado a buscar justicia, emprende un peligroso viaje de venganza, alimentado por el dolor y armado con una lotería que cambia su vida.",M
426,Vertigo,1958-05-28,Alfred Hitchcock,"James Stewart, Kim Novak, Barbara Bel Geddes, Tom Helmore, Henry Jones","Misterio,Romance,Suspense",8.13,/15uOEfqBNTVtDUT7hGBVCka0rZz.jpg,"Scottie Fergusson es un detective de la policía de San Francisco que padece de vértigo. Cuando un compañero cae al vacío desde una cornisa mientras persiguen a un delincuente, Scottie decide retirarse. Gavin Elster, un viejo amigo del colegio, lo contrata para que vigile a su esposa Madeleine, una bella mujer que está obsesionada con su pasado.",N
39834,Violent Saturday,1955-04-01,Richard Fleischer,"Victor Mature, Richard Egan, Stephen McNally, Virginia Leith, Tommy Noonan","Drama,Crimen",6.738,/2ypnc0Rh5MThlKPpynqu8Arp81p.jpg,Tres ladrones pretenden atracar un banco en una ciudad minera de Arizona. Cuando llega la noche realizan el asalto y huyen con un rehén hasta una población donde vive una comunidad Amish.,N
87381,Walk East on Beacon,1952-06-01,Alfred L. Werker,"George Murphy, Finlay Currie, Virginia Gilmore, Karl Stepanek, Louisa Horton","Drama,Crimen,Suspense",5.3,/nLcqWrBWDHeETduRqz13H3FbFJp.jpg,Un agente del gobierno busca una célula de pérfidos infiltrados comunistas en Boston.,N
807356,Watcher,2022-06-03,Chloe Okuno,"Maika Monroe, Karl Glusman, Burn Gorman, Mãdãlina Anea, Gabriela Butuc","Terror,Misterio,Suspense",6.496,/dXCjoI3jdtBrwPHgVsyNLkl8Rvs.jpg,Una joven se muda a un nuevo apartamento con su prometido y se ve atormentada por la sensación de ser acosada por un vigilante invisible en un edificio adyacente.,M
406990,What Happened to Monday,2017-08-18,Tommy Wirkola,"Noomi Rapace, Glenn Close, Willem Dafoe, Marwan Kenzari, Christian Rubeck","Ciencia ficción,Suspense,Misterio,Acción",7.138,/atOgZMJpMrTdpqvPiHVPfBhR61l.jpg,"En un futuro distópico en el que la sobrepoblación y la hambruna han obligado al gobierno a implantar una política de un único hijo, siete hermanas, cada una con el nombre de un día de la semana, luchan por sobrevivir y pasar inadvertidas haciéndose pasar por una sola persona cuando salen a la calle: Karen Settman. Pero un día una de ella, Lunes, desaparece sin dejar rastro. Las otras hermanas intentarán encontrarla.",O
15794,White Heat,1949-09-02,Raoul Walsh,"James Cagney, Virginia Mayo, Edmond O'Brien, Margaret Wycherly, Steve Cochran","Crimen,Drama,Suspense",7.65,/v7cPOHKKZI9qChi7HDUxNIhEcLR.jpg,"Cody Jarrett y su banda asaltan un tren que transporta 300.000 dólares, asesinan a los conductores y huyen con el dinero. Poco después, los agentes federales inician la persecución, convencidos de que él es el autor del asalto. Cody se entrega a la policía y es condenado a sólo dos años de prisión, ya que ha preparado una coartada perfecta. Sin embargo, los agentes del tesoro están convencidos de que fue el cerebro del asalto y le tienden una trampa.",J
11804,White Noise,2005-01-07,Geoffrey Sax,"Michael Keaton, Deborah Kara Unger, Chandra West, Ian McNeice, Sarah Strange","Drama,Terror,Suspense",5.621,/ncB9SvOclmXYALlcAsF1jRIuISl.jpg,Michael Keaton es un arquitecto exitoso cuya pacífica vida se rompe en pedazos por la desaparición y muerte de su esposa Linda. Entonces al pobre viudo le ofrecen la posibilidad de escuchar la voz de su mujer fallecida... conectando con los muertos.,N
401469,Widows,2018-11-06,Steve McQueen,"Viola Davis, Michelle Rodríguez, Elizabeth Debicki, Cynthia Erivo, Colin Farrell","Drama,Crimen,Suspense",6.477,/d31SGJSaX29ba5ZUbZcesGoDE7I.jpg,"Adaptación cinematográfica de 'Las viudas', miniserie británica de 1983, aquí ambientada en Chicago en la actualidad, sobre cuatro mujeres con nada en común excepto una deuda heredada por las actividades criminales de sus difuntos maridos. Verónica, Alice, Linda y Belle, deciden tomar las riendas de su destino y conspiran para forjarse un futuro con sus propias reglas.",K
61149,Woman in Hiding,1950-01-06,Michael Gordon,"Ida Lupino, Stephen McNally, Howard Duff, Peggy Dow, John Litel","Suspense,Crimen,Drama,Romance",6.3,/5QDEOAZpqVnGZ0kvha3lwIQp4J1.jpg,"Deborah Chandler, una rica heredera se enamora de Clark, un encantador joven. Acaba casándose con él, pero entonces se da cuenta de que no es la persona que ella creía. Clark intenta matar a Deborah para quedarse con sus posesiones. Filme basado en la novela 'Fugitive From Terror' de James Webb.",N
747688,Yara,2021-10-18,Marco Tullio Giordana,"Isabella Ragonese, Alessio Boni, Thomas Trabacchi, Sandra Toffolatti, Roberto Zibetti",Drama,6.292,/1et5eGMOIHEixeWDzMXT0RS5hS3.jpg,"El asesinato de Yara Gambirasio, de 13 años, conmociona la pequeña ciudad de Brembate di Sopra, Italia. Para llevar al culpable ante la justicia, la fiscal Letizia Ruggeri solo tiene una pista tenue: un poco de ADN que no es de mucha ayuda sin una base de datos con la que compararlo. Basado en una historia real.",J
762433,Zeros and Ones,2021-11-18,Abel Ferrara,"Ethan Hawke, Cristina Chiriac, Phil Neilson, Valerio Mastandrea, Valeria Correale","Bélica,Suspense",4.7,/a6balsDWCFMHPaPT6rFoBpNjR6z.jpg,"Tras un asedio apocalíptico, 'Zeros and Ones' cuenta la historia de cuando el soldado americano JJ se abre camino en un mundo turbio y encerrado de miedo, paranoia y, más adelante, esperanza a la sombra del Vaticano. Una guerra entre la historia y el futuro tiene lugar hasta el amanecer.",J
1077670,Limbo,2023-05-18,Ivan Sen,"Simon Baker, Rob Collins, Natasha Wanganeen, Nicholas Hope, Mark Coe","Crimen,Drama,Misterio,Suspense",6.076,/g9I1TsGYWMOiFSMfyRTnjhP9hdN.jpg,Sin sinopsis disponible.,N
278,The Shawshank Redemption,1994-09-23,Frank Darabont,"Tim Robbins, Morgan Freeman, Bob Gunton, William Sadler, Clancy Brown","Drama,Crimen",8.731,/9cqNxx0GxF0bflZmeSMuL5tnGzr.jpg,"Acusado del asesinato de su mujer, Andrew Dufresne, tras ser condenado a cadena perpetua, es enviado a la prisión de Shawshank. Con el paso de los años conseguirá ganarse la confianza del director del centro y el respeto de sus compañeros presidiarios, especialmente de Red, el jefe de la mafia de los sobornos.",O
915935,Anatomy of a Fall,2023-08-23,Justine Triet,"Sandra Hüller, Swann Arlaud, Milo Machado-Graner, Antoine Reinartz, Samuel Theis","Suspense,Misterio,Crimen",7.51,/nSwQKCsDdj2S56mG7Yz2YGfrLT6.jpg,"Sandra, una escritora alemana, vive con su marido Samuel y su hijo ciego, Daniel, en un chalé en medio de los Alpes franceses. Cuando Samuel fallece en misteriosas circunstancias, la investigación no puede determinar si se trata de un suicidio o de un homicidio. Sandra es arrestada y juzgada por asesinato, y el proceso pone su tumultuosa relación y su ambigua personalidad en el punto de mira.",O
4982,American Gangster,2007-11-02,Ridley Scott,"Denzel Washington, Russell Crowe, Josh Brolin, Chiwetel Ejiofor, Cuba Gooding Jr.","Drama,Crimen",7.594,/sX9idXDqRUxE5ffww3n3RV5gL55.jpg,"Nueva York, 1968. Frank Lucas es el taciturno chófer de un importante mafioso negro de Harlem. Cuando su jefe muere inesperadamente, Frank aprovecha la oportunidad para construir su propio imperio. Gracias a su talento, se convierte no sólo en el principal narcotraficante de la ciudad, inundando las calles con productos de mejor calidad y precio, sino también en un hombre público muy respetado. Richie Roberts, un policía incorruptible marginado por su honradez que conoce bien las calles, se da cuenta de que una persona ajena a los clanes trepa por la escalera del poder. Tanto Roberts como Lucas comparten un estricto código ético que les aparta de los demás y los convierte en dos figuras solitarias en lados opuestos de la ley. Cuando se encuentren, el enfrentamiento entre ellos será inevitable.",O
27958,Cruising,1980-02-15,William Friedkin,"Al Pacino, Paul Sorvino, Karen Allen, Richard Cox, Don Scardino","Crimen,Misterio,Suspense",6.6,/bb9CND0WyfwdHOZY5XmP4Qn8taz.jpg,Un policía se ve obligado a infiltrarse en los ambientes gays más sórdidos de Nueva York para atrapar a un asesino de homosexuales.,O
575264,Mission: Impossible - Dead Reckoning Part One,2023-07-08,Christopher McQuarrie,"Tom Cruise, Hayley Atwell, Ving Rhames, Simon Pegg, Rebecca Ferguson","Acción,Aventura,Suspense",7.5,/NNxYkU70HPurnNCSiCjYAmacwm.jpg,Ethan Hunt y la IMF emprenden la misión más peligrosa a la que nunca se han enfrentado: rastrear una nueva y aterradora arma que amenaza a toda la humanidad antes de que caiga en las manos de un enemigo todopoderoso y misterioso.,O
13448,Angels & Demons,2009-04-20,Ron Howard,"Tom Hanks, Ewan McGregor, Ayelet Zurer, Stellan Skarsgård, Pierfrancesco Favino","Suspense,Misterio",6.7,/tFZQAuulEOtFTp0gHbVdEXwGrYe.jpg,"Robert Langdon descubre la prueba de la reaparición de una antigua hermandad secreta conocida como los Illuminati: la más poderosa organización secreta en la historia, que a su vez también se enfrenta a una amenaza que hace que peligre su existencia: la Iglesia Católica. Cuando Langdon se entera de que los Illuminati conspiran en contra de la Iglesia intentando detonar una bomba de antimateria, él se dirige a Roma, donde une fuerzas con Vittoria Vetra.",O
1173559,Insidious Inferno,2024-11-29,Calvin Morie McCarthy,"Stephanie Leet, Neil Green, Chynna Rae Shurts, Steve Larkin, Erik Skybak",Terror,4.765,/8kljUAovBatZRYp2ye2RZr239hU.jpg,"Una cabaña aislada está plagada de horribles asesinatos y, sin que los habitantes lo sepan, algo de otro mundo acecha en los pasillos. ¿Podrá la pareja resolver el misterio de los terrenos malditos a tiempo o abrirán la puerta al infierno?",O
20003,House of Strangers,1949-07-01,Joseph L. Mankiewicz,"Edward G. Robinson, Susan Hayward, Richard Conte, Luther Adler, Paul Valentine","Drama,Crimen,Suspense",7.0,/BrhMI1iWT4arbn7mcDkHTc0Gy6.jpg,"A principios del siglo XX, oleadas de emigrantes procedentes de Europa llegaban a la populosa ciudad de Nueva York. Todos albergaban la esperanza de hacer realidad sus sueños de prosperidad. Muchos procedían de Italia, como la familia de Gino Monetti, un barbero ambicioso y autoritario, que emigró con su paciente mujer y sus cuatro hijos, todos muy distintos tanto psicológica como físicamente. Con los años, Monetti amasó una enorme fortuna, el sueño americano, en efecto, se había cumplido, pero los conflictos familiares se hicieron cada vez más graves.",O
