id,title,release_date,director,actors,genres,vote_average,poster_path,overview,ubicacion
"429351,12 Strong,2018-01-18,Nicolai Fuglsig,""Chris Hemsworth, Michael Shannon, Michael PeÒa, Navid Negahban, Trevante Rhodes"",""BÈlica,Drama,AcciÛn,Historia"",6.35,/37Qwani2g0jVPU7N4OkkTZ7aERz.jpg,""Un equipo de fuerzas especiales de la CIA es enviado a Afganist·n tras los atentados del 11-S para desmantelar a los talibanes. Tras conseguir introducirse en secreto en el paÌs, deben perseguir cabalgando a sus enemigos por el montaÒoso terreno e intentar capturar a Mazar-i-Sharif. Pero pronto se ven sobrepasados en n˙mero y envueltos en una peligrosa situaciÛn, con sus vidas corriendo un grave peligro."",K"
"300671,13 Hours: The Secret Soldiers of Benghazi,2016-01-14,Michael Bay,""John Krasinski, James Badge Dale, Dominic Fumusa, Max Martini, Pablo Schreiber"",""BÈlica,AcciÛn,Historia,Drama,Suspense"",7.27,/fZlAxZMo6BId1SiqyjLmkd7oUB7.jpg,""El 11 de septiembre de 2012, en el aniversario de los ataques terroristas a las Torres Gemelas y al Pent·gono, un grupo de milicianos islamistas atentaron contra el consulado estadounidense y un anexo cercano de la CIA en Bengasi, Libia. Un equipo de seis miembros de Operaciones Especiales de Estados Unidos fue enviado para rescatar a los supervivientes."",H"
"584,2 Fast 2 Furious,2003-06-05,John Singleton,""Paul Walker, Tyrese Gibson, Eva Mendes, Cole Hauser, Ludacris"",""AcciÛn,Crimen,Suspense"",6.515,/6nDZExrDKIXvSAghsFKVFRVJuSf.jpg,""El agente del FBI Brian O'Conner cayÛ en desgracia al ver su lealtad puesta a prueba en su anterior trabajo en el mundo de las carreras ilegales de Los Angeles. La decisiÛn de OíConner le permitiÛ conservar su honor, pero le hizo perder su insignia. Ahora ha pasado el tiempo, est· en otra ciudad y tiene una ˙ltima oportunidad. A los federales de Miami les est· costando mucho detener a Carter Verone, un empresario que utiliza su negocio como tapadera para un cartel internacional de blanqueo de dinero. Aduanas sabe de su relaciÛn con las carreras callejeras ilegales, asÌ que deciden llamar a OíConner para vuelva a infiltrarse. Pero antes pone algunas condiciones para aceptar la misiÛn. La primera: trabajar con su amigo de infancia y antiguo delincuente Roman Pearce, otro adicto a la velocidad."",N"
"136400,2 Guns,2013-08-02,Baltasar Korm·kur,""Denzel Washington, Mark Wahlberg, Paula Patton, Edward James Olmos, Bill Paxton"",""AcciÛn,Comedia,Crimen"",6.541,/ptURGAFktibhk7DEAbMazlmNqWa.jpg,""Un agente de la DEA, Bobby Trench, y un oficial de la Inteligencia Naval, Michael Stigman, consiguen robarle 43 millones de dÛlares a la mafia. El problema consiste en que en realidad ese dinero no era de la organizaciÛn criminal, sino de la CIA. AdaptaciÛn al cine de una novela gr·fica de Steven Grant."",G"
"37645,22 Bullets,2010-03-23,Richard Berry,""Jean Reno, Kad Merad, Marina FoÔs, Jean-Pierre Darroussin, JoeyStarr"",""Drama,Crimen,Suspense"",6.668,/hSuylvTu4QXMntafVqKmapt6a7I.jpg,""Un antiguo miembro de la mafia que lleva 3 aÒos retirado, viviendo una pl·cida vida dedicado a su mujer y a sus hijos, es atacado una maÒana por unos hombres y dado por muerto despuÈs de recibir 22 balas. Pero sobrevivir· milagrosamente y buscar· a Tony Zacchia, el ˙nico hombre capaz de atreverse a matarlo. Tony ha cometido solo un error, fallar en su intento."",H"
"192102,3 Days to Kill,2014-02-14,McG,""Kevin Costner, Amber Heard, Hailee Steinfeld, Connie Nielsen, TÛmas Lemarquis"",""AcciÛn,Drama,Suspense"",6.105,/8xOH2JhBHPmk2ZCniBpWhiZ6xeC.jpg,""Un agente secreto gravemente enfermo acepta una misiÛn peligrosa a cambio de un f·rmaco experimental, que quiz·s pueda salvarlo si sobrevive a los efectos secundarios."",G"
"64686,47 Ronin,2013-12-06,Carl Rinsch,""Keanu Reeves, Hiroyuki Sanada, ????, Tadanobu Asano, ???"",""Drama,AcciÛn,FantasÌa"",6.201,/xDHnmcroujCRG0ysYQaiswjbyHd.jpg,""Basada en una leyenda japonesa. Siglo XVIII. Kai (Keanu Reeves) es un paria que se une a Oishi (Hiroyuki Sanada), el jefe de los 47 Ronin. Su objetivo es vengarse del traidor que matÛ a su seÒor y los condenÛ al destierro. Para recuperar el honor perdido, los guerreros emprenden una aventura que les obligar· a superar duras pruebas."",G"
"150,48 Hrs.,1982-12-07,Walter Hill,""Nick Nolte, Eddie Murphy, Annette O'Toole, Frank McRae, James Remar"",""Crimen,AcciÛn,Comedia"",6.7,/rvvjXHzEDBIvIVDBHNOwHS7hVPu.jpg,""Un duro policÌa se asocia a regaÒadientes con un criminal sabelotodo que se encuentra temporalmente en libertad condicional, con el fin de localizar a un asesino."",N"
"27759,55 Days at Peking,1963-05-06,Nicholas Ray,""Charlton Heston, Ava Gardner, David Niven, Flora Robson, John Ireland"",""Historia,BÈlica,Drama"",6.9,/uR0xaqmqlbhatf9014mHuwV1Uly.jpg,""China, aÒo 1900. Las embajadas extranjeras en PekÌn deben hacer frente a la sangrienta revuelta nacionalista desencadenada por los boxers, que asesinan cristianos. Dentro del recinto asediado, el embajador inglÈs se une a los miembros de otras delegaciones en un desesperado intento por resistir el asedio."",I"
"347984,6 Days,2017-07-09,Toa Fraser,""Jamie Bell, Mark Strong, Abbie Cornish, Martin Shaw, Tim Pigott-Smith"",""AcciÛn,Drama,Historia,Suspense"",6.045,/yRbC0uRj1RDmF0JLon83il2dkR0.jpg,""Londres, Inglaterra, abril de 1980. Varios terroristas asaltan la embajada de Ir·n y toman rehenes. Durante seis dÌas, se mantienen tensas negociaciones mientras las autoridades deciden si debe intervenir un pelotÛn militar."",K"
"509967,6 Underground,2019-12-10,Michael Bay,""Ryan Reynolds, MÈlanie Laurent, Manuel Garcia-Rulfo, Ben Hardy, Adria Arjona"",""AcciÛn,Comedia,Suspense"",6.337,/lnWkyG3LLgbbrIEeyl5mK5VRFe4.jpg,""øCu·l es la mejor parte de estar muerto? No se trata de escapar de tu jefe, de tu ex, de borrar tu historial criminal. La mejor parte de estar muerto es la libertad. Poder acabar con gente mala de verdad, sin tener que responder ante nadie. Liderados por el el enigm·tico Uno (Ryan Reynolds), seis individuos de distintas partes del mundo han sido elegidos no solo por su habilidad, sino por su deseo de eliminar su pasado para cambiar el futuro. Este equipo de justicieros, que han fingido su muerte, se dedican a desmantelar organizaciones criminales. Y es que, a pesar de estar muertos, har·n historia."",K"
"15925,633 Squadron,1964-04-06,Walter Grauman,""Cliff Robertson, George Chakiris, Maria Perschy, Harry Andrews, Donald Houston"",""Drama,BÈlica"",6.114,/3q2hKa7h1xuXYlXX0IYCWD8V90a.jpg,""A un oficial canadiense y a un joven de la resistencia noruega se les encarga la misiÛn de volar un importante depÛsito de combustible alem·n, estratÈgicamente oculto en un fiordo casi inaccesible, por lo que tendr·n que utilizar los llamados aviones """"Mosquito""""."",M"
"5902,A Bridge Too Far,1977-06-15,Richard Attenborough,""Dirk Bogarde, James Caan, Michael Caine, Sean Connery, Edward Fox"",""Drama,Historia,BÈlica"",7.213,/lszOk3Xmh7qpLaM9J4K9E6ADLk1.jpg,""En septiembre de 1944, alentados por el Èxito de la invasiÛn de NormandÌa, los aliados emprendieron con determinaciÛn la operaciÛn """"Market Garden"""", un arriesgado plan para poner fin lo antes posible a la guerra, invadiendo Alemania y destruyendo la industria bÈlica de Hitler. La clave era conquistar varios puentes por los que pasarÌan las tropas. No obstante, las estrategias en el campo de batalla, combinadas con los errores del servicio de informaciÛn, la mala suerte y un clima, si cabe, peor, condujeron la operaciÛn a un desenlace inesperado."",H"
"241239,A Most Violent Year,2014-12-31,J.C. Chandor,""Oscar Isaac, Jessica Chastain, David Oyelowo, Alessandro Nivola, Elyes Gabel"",""Crimen,Drama,Suspense"",6.606,/gYTUNxLcFomCdXe3D4Hq8OLwgv0.jpg,""Narra una historia ambientada en Nueva York en 1981, estadÌsticamente el aÒo m·s violento de la historia en la ciudad norteamericana. En ese contexto, un inmigrante y su familia intentan sacar su negocio adelante mientras la violencia y la corrupciÛn amenazan con destruir todo lo que han logrado hasta ese momento."",H"
"475132,A Private War,2018-11-16,Matthew Heineman,""Rosamund Pike, Jamie Dornan, Tom Hollander, Stanley Tucci, Corey Johnson"",""Drama,BÈlica"",6.784,/pAh6uDR9bBznybiJCVYZNJmjg63.jpg,""Marie Colvin fue una periodista reconocida mundialmente por su trabajo en distintos conflictos bÈlicos. Testigo de algunas cruentas batallas recientes, especialmente de lo sucedido en Oriente Medio, Colvin contaba con el respeto tanto de los lectores como de sus compaÒeros de profesiÛn por su enorme valentÌa y humildad. Sin embargo, su personalidad era caÛtica y autodestructiva: abusaba del alcohol y su vida personal era, un autÈntico desastre. Tras recibir el impacto de una granada en Sri Lanka, comienza a llevar un distintivo parche en el ojo mientras se sienta a tomar martinis rodeada de la alta sociedad londinense a la que tanto aborrece, hasta que un dÌa recibe el m·s peligroso de todos los encargos, que acepta junto a su tambiÈn prestigioso fotÛgrafo de guerra, Paul Conroy. Juntos viajan a Siria para cubrir lo que sucede en la ciudad de Homs, donde aprender· el verdadero coste de la guerra, tanto fÌsica como psicolÛgicamente."",K"
"25466,Mutant Action,1993-02-03,¡lex de la Iglesia,""Antonio Resines, ¡lex Angulo, FrÈdÈrique Feder, Juan Viadas, Karra Elejalde"",""AcciÛn,Comedia,Ciencia ficciÛn,Suspense"",6.2,/t4srw6JlV0VWYi41bldHM3s0c3o.jpg,""Bilbao, aÒo 2012. Una extraÒa banda terrorista, """"AcciÛn Mutante"""", siembra el terror en el paÌs. Est· formada por seres deformes que pretenden vengarse de los ricos y guapos. El cerebro del grupo es el malvado RamÛn, un ser sin escr˙pulos. La banda planea el secuestro de la hija de un conocido industrial, durante una boda."",J"
"23051,Action in the North Atlantic,1943-06-12,Lloyd Bacon,""Humphrey Bogart, Raymond Massey, Alan Hale, Julie Bishop, Ruth Gordon"",BÈlica,7.1,/1FBSnJYFf3FWfgMngCVRajKocpW.jpg,""Mientras transporta mercancÌas para sus aliados rusos una nave de mercante americana capitaneada por Raymond Massey es torpedeada. El valor de Massey y su primer oficial Humphrey Bogart sirve como una inspiraciÛn a los sobrevivientes que llevan su diminuto bote salvavidas a AmÈrica donde son recibidos como hÈroes. A la tripulaciÛn se le asigna un nuevo Liberty Ship. A pesar de los miedos de ser torpedeados de nuevo, Massey, Bogart, y los otros hombres llevan su carga con Èxito a Rusia a pesar de ser atacados por varios aviones alemanes en el proceso."",H"
"15807,Air Force,1943-03-20,Howard Hawks,""John Ridgely, Gig Young, John Garfield, Arthur Kennedy, George Tobias"",""AcciÛn,Drama,BÈlica,Aventura"",6.5,/mqH4V49GvANYsu1q4SW4CFUTFZe.jpg,""Segunda Guerra Mundial (1939-1945) en la que un aviÛn de bombardeo de las fuerzas aÈreas de Estados Unidos, el B-17, combate en el PacÌfico. Viaja a Pearl Harbor, despuÈs del ataque nipÛn, y m·s tarde es enviado a Manila para ayudar con la defensa en Fipilinas."",H"
"9772,Air Force One,1997-07-25,Wolfgang Petersen,""Harrison Ford, Gary Oldman, Glenn Close, Wendy Crewson, Liesel Matthews"",""AcciÛn,Suspense"",6.47,/evO1iENjLpUnbwjnt5XK85jRYob.jpg,Un grupo de terroristas rusos se hacen pasar por periodistas y secuestran el aviÛn donde viaja el presidente de Estados Unidos. La negociaciÛn en el aire no es tan sencilla como en tierra y los secuestrados comenzar·n a luchar por sus vidas.,K"
"7227,Airport '77,1977-03-11,Jerry Jameson,""Jack Lemmon, Lee Grant, Brenda Vaccaro, Joseph Cotten, Olivia de Havilland"",""AcciÛn,Aventura,Drama,Suspense"",5.586,/m9b3frZR0Wu8I3ayN3QPrxfZMvC.jpg,""El Dos Tres Sierra es un aviÛn de colosales proporciones, un Jumbo ˙nico de la Stevens Corporation, cuyo presidente, Philip Stevens, es tambiÈn el propietario de la colecciÛn de pintura m·s importante del paÌs. En un vuelo que transporta adem·s de importantes personalidades, algunas de sus ˙ltimas adquisiciones, el aviÛn cae al mar en el Tri·ngulo de las Bermudas y se hunde r·pidamente; pero los pasajeros siguen vivos dentro del aparatoÖ"",K"
"348,Alien,1979-05-25,Ridley Scott,""Tom Skerritt, Sigourney Weaver, Veronica Cartwright, Harry Dean Stanton, John Hurt"",""Terror,Ciencia ficciÛn"",8.167,/vfrQk5IPloGg1v9Rzbh2Eg3VGyM.jpg,""De regreso a la Tierra, la nave de carga Nostromo interrumpe su viaje y despierta a sus siete tripulantes. El ordenador central, MADRE, ha detectado la misteriosa transmisiÛn de una forma de vida desconocida, procedente de un planeta cercano aparentemente deshabitado. La nave se dirige entonces al extraÒo planeta para investigar el origen de la comunicaciÛn."",M"
"126889,Alien: Covenant,2017-05-09,Ridley Scott,""Michael Fassbender, Katherine Waterston, Billy Crudup, Danny McBride, Demi·n Bichir"",""Terror,Ciencia ficciÛn"",6.169,/zecMELPbU5YMQpC81Z8ImaaXuf9.jpg,""Rumbo a un remoto planeta al otro lado de la galaxia, la tripulaciÛn de la nave colonial Covenant descubre lo que creen que es un paraÌso inexplorado, pero resulta tratarse de un mundo oscuro y hostil cuyo ˙nico habitante es un """"sintÈtico"""" llamado David (Michael Fassbender), superviviente de la malograda expediciÛn Prometheus.  Secuela de """"Prometheus"""" (2012), a su vez precuela de """"Alien, el octavo pasajero"""" (1979)."",M"
"945961,Alien: Romulus,2024-08-13,Fede ¡lvarez,""Cailee Spaeny, David Jonsson, Archie Renaux, Isabela Merced, Spike Fearn"",""Terror,Ciencia ficciÛn"",7.167,/2uSWRTtCG336nuBiG8jOTEUKSy8.jpg,""Mientras rebuscan en las profundidades de una estaciÛn espacial abandonada, un grupo de jÛvenes colonizadores del espacio se encuentra cara a cara con la forma de vida m·s aterradora del universo. Nueva pelÌcula de la saga Alien."",O"
"679,Aliens,1986-07-18,James Cameron,""Sigourney Weaver, Carrie Henn, Michael Biehn, Paul Reiser, Lance Henriksen"",""AcciÛn,Suspense,Ciencia ficciÛn"",7.957,/r1x5JGpyqZU8PYhbs4UcrO1Xb6x.jpg,""Alien es un organismo perfecto, una m·quina de matar cuya superioridad fÌsica sÛlo puede competir con su agresividad. La oficial Ripley y la tripulaciÛn de la nave ´Nostromoª se habÌan enfrentado, en el pasado, a esa monstruosa criatura. Y sÛlo Ripley sobreviviÛ a la masacre. DespuÈs de vagar por el espacio durante varios aÒos, Ripley fue rescatada. Durante ese tiempo, el planeta de Alien ha sido colonizado. Pero, de repente, se pierde la comunicaciÛn con la colonia y, para investigar los motivos, se envÌa una expediciÛn de marines espaciales, capitaneados por Ripley. AllÌ les esperan miles de espeluznantes criaturas. Alien se ha reproducido y esta vez la lucha es por la supervivencia de la Humanidad."",M"
"25430,All the King's Men,1949-11-16,Robert Rossen,""John Ireland, Broderick Crawford, Joanne Dru, John Derek, Mercedes McCambridge"",Drama,6.981,/7o8nnvFnkekDAlIYznNUWzxQFM6.jpg,""Willi Stark (Broderick Crawford), un hombre honrado y valiente, sufre una transformaci√≥n el d√≠a que decide entrar en pol√≠tica y descubre que todo es juego sucio. Tras ser elegido gobernador, olvidando sus principios, lo primero que hace es apoderarse de la prensa y la radio. Convertido en un ser corrupto har√° cuanto est√© en su mano para permanecer en el poder."",N"
"763285,Ambulance,2022-03-16,Michael Bay,""Jake Gyllenhaal, Yahya Abdul-Mateen II, Eiza Gonz·lez, Garret Dillahunt, Keir O'Donnell"",""Suspense,AcciÛn,Crimen,Drama"",6.6,/hUbgg3mMSbY9PlpTxBo4IFUVSd6.jpg,""DespuÈs del complicado asalto a un banco, dos hermanos roban una ambulancia y toman como rehÈn a una paramÈdico."",M"
"284514,Spy Time,2015-09-04,Javier Ruiz Caldera,""Imanol Arias, Quim GutiÈrrez, Berto Romero, Alexandra JimÈnez, Carlos Areces"",""AcciÛn,Comedia"",5.641,/93fz1SKHwqUdPjB73fKr9oG85QX.jpg,""Adolfo, un treintaÒero que trabaja de segurata, est· pasando una mala racha. No sÛlo le deja su novia de toda la vida por ser un tipo sin ambiciÛn sino que, para colmo, se convierte en el objetivo de una serie de matones liderados por V·zquez, un peligroso criminal que acaba de escapar de la c·rcel. Adem·s descubre que su padre tiene una doble identidad. No es un payÈs dedicado a la producciÛn de embutidos, como Èl ha creÌdo toda la vida, sino que es Anacleto, un agente secreto en horas bajas y el hombre que encerrÛ a V·zquez hace treinta aÒos. Adolfo tendr· que abandonar su zona de confort y colaborar con su padre, la persona con la que peor se entiende del mundo, para sobrevivir a la venganza de V·zquez y de paso, entre tiroteos y persecuciones, intentar recuperar a su novia."",H"
"423204,Angel Has Fallen,2019-08-21,Ric Roman Waugh,""Gerard Butler, Morgan Freeman, Jada Pinkett Smith, Nick Nolte, Danny Huston"",""AcciÛn,Suspense"",6.596,/fapXd3v9qTcNBTm39ZC4KUVQDNf.jpg,""DespuÈs de un ataque traicionero, el agente del Servicio Secreto Mike Banning es acusado de intentar asesinar al Presidente Trumbull. Perseguido por sus propios colegas y por el FBI, Banning comienza una carrera contrarreloj para limpiar su nombre."",K"
"484641,Anna,2019-06-19,Luc Besson,""Sasha Luss, Helen Mirren, Luke Evans, Cillian Murphy, Lera Abova"",""AcciÛn,Aventura,Suspense"",6.712,/2U0oAVAE0lDRhNmJPPYhDW9kQ8t.jpg,Bajo la hipnotizante belleza de Anna Poliatova yace un secreto que le permite desatar una imparable agilidad y fuerza y convertirse en una de las asesinas m·s temidas por los gobiernos del mundo.,K"
"1118031,Apocalypse Z: The Beginning of the End,2024-10-04,Carles Torrens,""Francisco Ortiz, JosÈ MarÌa Y·zpik, Berta V·zquez, Iria del RÌo, Marta Poveda"",""Drama,AcciÛn,Terror"",6.723,/jaBToJ1DZcwn5wOsQeLOXFVlBLn.jpg,""Cuando una especie de rabia que transforma a la gente en criaturas agresivas se extiende por el planeta, Manel se aÌsla en casa con su gato, recurriendo a su ingenio para sobrevivir; pero pronto deber·n salir a buscar comida, por tierra y por mar, sorteando muchos peligros."",O"
"28,Apocalypse Now,1979-05-19,Francis Ford Coppola,""Martin Sheen, Marlon Brando, Frederic Forrest, Albert Hall, Laurence Fishburne"",""Drama,BÈlica"",8.266,/gQB8Y5RCMkv2zwzFHbUJX3kAhvA.jpg,""Durante la guerra de Vietnam, al joven Capit·n Willard, un oficial de los servicios de inteligencia del ejÈrcito estadounidense, se le ha encomendado entrar en Camboya con la peligrosa misiÛn de eliminar a Kurtz, un coronel renegado que se ha vuelto loco. El capit·n deber· ir navegar por el rÌo hasta el corazÛn de la selva, donde parece ser que Kurtz reina como un buda despÛtico sobre los miembros de la tribu Montagnard, que le adoran como a un dios."",M O"
"848538,Argylle,2024-01-31,Matthew Vaughn,""Henry Cavill, Bryce Dallas Howard, Sam Rockwell, Bryan Cranston, Catherine O'Hara"",""AcciÛn,Aventura,Comedia"",6.007,/siduVKgOnABO4WH4lOwPQwaGwJp.jpg,""Cuando las tramas de sus libros empiezan a parecerse demasiado a las actividades de un siniestro sindicato clandestino, la introvertida autora de novelas de espÌas Elly Conway y su gato se ven inmersos en el verdadero mundo del espionajeÖ donde nada, ni nadie, es lo que parece."",O"
"8978,Assault on Precinct 13,2005-01-19,Jean-FranÁois Richet,""Ethan Hawke, Laurence Fishburne, Gabriel Byrne, Maria Bello, Drea De Matteo"",""Suspense,AcciÛn,Aventura,Crimen"",6.176,/oBpsRvMN1ONl8oFHuWt1rasDYFJ.jpg,""Quedan pocas horas para que el aÒo toque a su fin y en la comisarÌa del distrito 13, sÛlo queda un puÒado de policÌas encabezado por el sargento Jake Roenick (Ethan Hawke), un buen oficial que no consigue olvidar una operaciÛn fallida que tuvo lugar la primavera pasada. Pero es que, adem·s, ese mismo dÌa por la maÒana, un policÌa de paisano habÌa intentado arrestar al mafioso Marion Bishop (Laurence Fishburne), el cual consiguiÛ matar al agente antes de ser capturado por la Unidad contra el Crimen Organizado encabezada por Marcus Duvall (Gabriel Byrne). Bishop es trasladado en autob˙s a la c·rcel, pero la tormenta de nieve arrecia y el autob˙s, ante la imposibilidad de llegar a la c·rcel de m·xima seguridad, se dirige provisionalmente a la comisarÌa del distrito 13."",J"
"539885,Ava,2020-07-02,Tate Taylor,""Jessica Chastain, John Malkovich, Common, Colin Farrell, Geena Davis"",""AcciÛn,Suspense,Crimen"",5.827,/qzA87Wf4jo1h8JMk9GilyIYvwsA.jpg,""Ava es una mortÌfera asesina a sueldo que trabaja para una organizaciÛn de operaciones encubiertas, que viaja por todo el mundo acabando con aquellos objetivos que nadie m·s puede derribar. Cuando uno de sus encargos sale mal, Ava tendr· que luchar por una vida."",J"
"19995,Avatar,2009-12-16,James Cameron,""Sam Worthington, Zoe SaldaÒa, Sigourney Weaver, Stephen Lang, Michelle RodrÌguez"",""AcciÛn,Aventura,Ciencia ficciÛn"",7.6,/gKY6q7SjCkAU6FqvqWybDYgUKIF.jpg,""AÒo 2154. Jake Sully, un exmarine en silla de ruedas, es enviado al planeta Pandora, donde se ha creado el programa Avatar, gracias al cual los seres humanos pueden controlar de forma remota un cuerpo biolÛgico con apariencia y genÈtica de la especie nativa. Pronto se encontrar· con la encrucijada entre seguir las Ûrdenes de sus superiores o defender al mundo que le ha acogido y siente como suyo."",M"
"446159,Bacurau,2019-08-29,Kleber MendonÁa Filho,""B·rbara Colen, Thom·s Aquino, Silvero Pereira, SÙnia Braga, Udo Kier"",""Misterio,Western,Suspense"",7.7,/qvmLAVqNB5TbGUa9QqQvXiFC4UR.jpg,""En un futuro cercano. El pueblo de Bacurau llora la muerte de su matriarca Carmelita, que falleciÛ a los 94 aÒos. Algunos dÌas m·s tarde, los habitantes se dan cuenta de que el pueblo est· siendo borrado del mapa..."",K"
"38700,Bad Boys for Life,2020-01-15,Bilall Fallah,""Will Smith, Martin Lawrence, Vanessa Hudgens, Alexander Ludwig, Charles Melton"",""Suspense,AcciÛn,Crimen"",7.12,/y95lQLnuNKdPAzw9F9Ab8kJ80c3.jpg,""El Departamento de PolicÌa de Miami y su equipo de Èlite AMMO intentan derribar a Armando Armas, jefe de un cartel de la droga. Armando es un asesino de sangre frÌa con una naturaleza viciosa y contaminante. …l est· comprometido con el trabajo del cartel y es enviado por su madre Isabel, para matar a Mike."",K"
"573435,Bad Boys: Ride or Die,2024-06-05,Adil El Arbi,""Will Smith, Martin Lawrence, Vanessa Hudgens, Alexander Ludwig, Paola NuÒez"",""AcciÛn,Comedia,Crimen"",7.336,/oGythE98MYleE6mZlGs5oBGkux1.jpg,""Los policÌas m·s famosos del mundo regresan con su icÛnica mezcla de acciÛn al lÌmite y comedia escandalosa, pero esta vez con un giro inesperado: °Los mejores de Miami se dan a la fuga! Cuarta entrega de la saga 'Dos policÌas rebeldes'."",O"
"43506,Bataan,1943-06-03,Tay Garnett,""Robert Taylor, George Murphy, Thomas Mitchell, Lloyd Nolan, Lee Bowman"",""AcciÛn,Drama,BÈlica"",6.4,/gDJ6uGQqDkg45QeyGmHRpkZ8HVS.jpg,""DespuÈs de la invasiÛn de las islas Filipinas por tropas japonesas, los Estados Unidos intentan recuperarlas. Trece soldados defienden con sus vidas una posiciÛn estratÈgica en la penÌnsula de Bataan, ˙ltimo baluarte de la resistencia norteamericana frente a JapÛn."",H"
"11463,Battle of Britain,1969-09-15,Guy Hamilton,""Harry Andrews, Michael Caine, Trevor Howard, Curd J¸rgens, Ian McShane"",""BÈlica,Historia,AcciÛn"",6.86,/98kyEWxcqqNrsaprUtPaQ4adsNG.jpg,""En 1940, cuando los alemanes han ocupado pr·cticamente todo el continente europeo, Inglaterra resiste. Hitler prepara la invasiÛn de las islas, pero para realizarla, necesita conseguir la superioridad aÈrea. La RAF y la Luftwaffe se enfrentan asÌ en una cruenta batalla de cuyo resultado depende el destino de Gran BretaÒa."",K"
"13524,Battle of the Bulge,1965-12-16,Ken Annakin,""Henry Fonda, Robert Shaw, Robert Ryan, Dana Andrews, Telly Savalas"",""Drama,Historia,BÈlica"",6.9,/vNEw6H6St25991C0a8r6AQKTdqi.jpg,""Diciembre de 1944. Cinco meses despuÈs del DÌa D, la mayorÌa de los soldados estadounidenses piensan que el ejÈrcito alem·n est· acabado. Los alemanes no comparten esta opiniÛn. En un intento de ganar tiempo para llenar el cielo con sus invencibles nuevos aviones, lanzan una r·pida, ˙ltima y furiosa ofensiva: la batalla de las Ardenas."",H"
"31623,Battleground,1949-11-09,William A. Wellman,""Van Johnson, John Hodiak, Ricardo Montalban, George Murphy, Marshall Thompson"",""Acci√≥n,Aventura,Drama,B√©lica"",6.708,/qSrcs7zmF61aRtzmOVPxeBBowap.jpg,""En diciembre de 1944, para detener la gran ofensiva alemana sobre B√©lgica y Luxemburgo, un grupo de soldados norteamericanos de infanter√≠a combaten en la """"Batalla de las Ardenas""""."",M"
"44833,Battleship,2012-04-11,Peter Berg,""Taylor Kitsch, Alexander SkarsgÂrd, Rihanna, Brooklyn Decker, Tadanobu Asano"",""Suspense,AcciÛn,Aventura,Ciencia ficciÛn"",5.881,/9b0Im7SfedHiajTwzSL9zGyBI7M.jpg,""ìBattleshipî es la libre adaptaciÛn al cine del popular juego de mesa de Hasbro conocido como ìHundir la flotaî o îBatalla navalî. La curiosa variante que plantea esta versiÛn es que la batalla ser· entre la U.S. Navy yÖ °una flota alienÌgena! La historia nos propone una Èpica aventura de acciÛn que transcurre en el mar, el cielo y la tierra, y en la que nuestro planeta lucha por sobrevivir contra una fuerza muy superior. La pelÌcula est· protagonizada por Taylor Kitsch en el papel del teniente Hopper, un oficial de la Marina destinado al John Paul Jones; Brooklyn Decker es Sam Shane, una fisioterapeuta de la Marina y novia de Hopper; Alexander SkarsgÂrd es Stone, el hermano mayor de Hopper y comandante del Samson; Rihanna es la suboficial Raikes, especialista en armas del John Paul Jones; y Liam Neeson es el almirante Shane, el oficial superior de Hopper y Stone (y padre de Sam)."",G"
"760741,Beast,2022-08-11,Baltasar Korm·kur,""Idris Elba, Leah Sava Jeffries, Iyana Halley, Sharlto Copley, Martin Munro"",""Suspense,AcciÛn,Terror,Aventura"",6.538,/f18rGcLlawKjNC5KRh36S0mvRlY.jpg,""El Doctor Nate Samuels, que se ha quedado viudo recientemente, regresa a Sud·frica, lugar en el que conociÛ a su mujer, para visitar una reserva de animales con sus hijas. Pero lo que empieza siendo un viaje curativo se convierte en una lucha por la supervivencia cuando un leÛn que ha escapado de unos cazadores furtivos empieza a seguirles."",M"
"436270,Black Adam,2022-10-19,Jaume Collet-Serra,""Dwayne Johnson, Aldis Hodge, Noah Centineo, Sarah Shahi, Quintessa Swindell"",""AcciÛn,Aventura,Ciencia ficciÛn"",6.819,/rCtreCr4xiYEWDQTebybolIh6Xe.jpg,""Casi 5000 aÒos despuÈs de que los dioses antiguos le concediesen sus poderes y tras ser encarcelado, Black Adam queda liberado de su tumba terrenal y est· listo para hacer justicia a su manera en el mundo moderno."",N"
"100088,Black Gunn,1972-12-20,Robert Hartford-Davis,""Jim Brown, Martin Landau, Brenda Sykes, Luciana Paluzzi, Vida Blue"",""AcciÛn,Suspense,Crimen"",5.8,/ka1Bcy9w7YOroUXMJe2aZPadkkm.jpg,""Un grupo de militantes negros roba un local de apuestas de la mafia y tambiÈn los libros de contabilidad incriminatorios, lo que, a su vez, provoca las represalias de la mafia."",O"
"855,Black Hawk Down,2001-12-28,Ridley Scott,""Josh Hartnett, Eric Bana, Ewan McGregor, Tom Sizemore, William Fichtner"",""AcciÛn,BÈlica,Historia"",7.39,/7fU5dSqKRL4XHeEUz62rCKBfYok.jpg,""Octubre de 1993. Soldados americanos de Èlite son enviados a Mogadiscio (Somalia) en una misiÛn de paz de las Naciones Unidas. El fin se supone que es salvar vidas, no segarlas. Pero resulta que el principal objetivo de la misiÛn es capturar al caudillo Aidid y acabar de raÌz con la guerra. Al principio, todo parece ir bien, hasta que dos helicÛpteros Black Hawk, aparentemente invencibles, son derribados. Entonces la misiÛn se convierte en una desesperada carrera para rescatar a la tripulaciÛn y a los soldados de tierra que han quedado atrapados o han resultado heridos en el accidente."",K O"
"700391,65,2023-03-02,Scott Beck,""Adam Driver, Ariana Greenblatt, Chloe Coleman, Nika King, Brian Dare"",""AcciÛn,Aventura,Ciencia ficciÛn"",5.954,/rzRb63TldOKdKydCvWJM8B6EkPM.jpg,""DespuÈs de un catastrÛfico accidente en un planeta desconocido, el piloto Mills descubre r·pidamente que realmente est· varado en la TierraÖ hace 65 millones de aÒos. Ahora, con solo una oportunidad de rescate, Mills y la otra ˙nica superviviente, Koa, deber·n abrirse camino a travÈs del desconocido territorio plagado con peligrosas criaturas prehistÛricas en una Èpica lucha por sobrevivir."",N"
"173,""20,000 Leagues Under the Sea"",1954-12-23,Richard Fleischer,""Kirk Douglas, James Mason, Paul Lukas, Peter Lorre, Robert J. Wilke"",""Aventura,Ciencia ficciÛn,FantasÌa"",7.049,/heAEH85fdxEgV98LizHbQCL95iZ.jpg,""AdaptaciÛn de la novela homÛnima de Julio Verne. En 1870, debido a los relatos de marineros que aseguran haber visto un monstruo marino al sur del PacÌfico, los Estados Unidos fletan un buque de guerra para destruir a la bestia que altera la tranquilidad de los mares. Pero, cuando el monstruo los ataca, de nada sirve todo su poderÌo bÈlico para evitar el desastre. Tras el hundimiento del buque, los tripulantes son rescatados por el propio """"monstruo"""", que resulta ser un buque capaz de sumergirse en el mar, algo inÈdito hasta entonces."",K"
"62,2001: A Space Odyssey,1968-04-02,Stanley Kubrick,""Keir Dullea, Gary Lockwood, William Sylvester, Douglas Rain, Daniel Richter"",""Ciencia ficciÛn,Misterio,Aventura"",8.1,/ve72VxNqjGM69Uky4WTo2bK6rfq.jpg,""Hace millones de aÒos, en los albores del nacimiento del homo sapiens, unos simios descubren un monolito que les lleva a un estadio de inteligencia superior. Otro monolito vuelve a aparecer, millones de aÒos despuÈs, enterrado en una luna, lo que provoca el interÈs de los cientÌficos humanos. Por ˙ltimo, HAL 9000, una m·quina de inteligencia artificial, es la encargada de todos los sistemas de una nave espacial tripulada durante una misiÛn de la NASA."",O"
"53182,300: Rise of an Empire,2014-03-05,Noam Murro,""Sullivan Stapleton, Eva Green, Lena Headey, Callan Mulvey, David Wenham"",""AcciÛn,Drama,BÈlica"",6.115,/wYDdWN1McB1Sio4z1dPSkb40Z78.jpg,""La historia se ambienta en el aÒo 490 a.C., unos diez aÒos antes de la batalla de las TermÛpilas. El general griego Temistocles intenta unir las polis griegas para combatir a los persas invasores. …l dirigir· las tropas griegas que se enfrentar·n con los persas en la decisiva batalla de MaratÛn. La derrota persa impedir· la invasiÛn del paÌs."",G"
"1594,A Shot in the Dark,1964-06-23,Blake Edwards,""Peter Sellers, Elke Sommer, George Sanders, Herbert Lom, Graham Stark"",""Comedia,Misterio,Crimen"",7.171,/pR6tNqNLYIbRRYC5TFKWVWaVvvK.jpg,""Nuevas aventuras del inspector francÈs Jacques Clouseau, inepto detective que en esta ocasiÛn intentar· resolver un caso en el que una doncella es acusada de asesinar a su amante."",M"
"44631,Against All Flags,1952-12-24,George Sherman,""Errol Flynn, Maureen O'Hara, Anthony Quinn, Alice Kelley, Mildred Natwick"",""Drama,Aventura"",6.023,/oTmHsKdSparDyqu5JMKmLzzS8Ky.jpg,""En el siglo XVIII, los piratas de Madagascar, seÒores de la Rep˙blica de Libertatia y amos del ocÈano Õndico, viven asentados en una fortaleza natural inexpugnable, y matan, roban y saquean impunemente, de modo que la Armada brit·nica traza un audaz plan para destruirlos."",H"
"149,Akira,1988-06-10,Katsuhiro Otomo,""Mitsuo Iwata, Nozomu Sasaki, Mami Koyama, ????, ????"",""AnimaciÛn,Ciencia ficciÛn,AcciÛn"",7.94,/oVc2I0WBRaVCmnL3DO0LaPQuEqh.jpg,""Corre el aÒo 2019. Un estado policial, polÌticos tramposos, sectas religiosas, revolucionarios y un proyecto cientÌfico secreto se combinan para causar una atmÛsfera explosiva en Neo-Tokyo. Todos los grupos rivales quieren controlar a Akira, un chico con extraÒos poderes psÌquicos que ha sido mantenido bajo custodia criogÈnica por m·s de 30 aÒos. En medio de esta tensa atmÛsfera, un joven psÌquico llamado Tetsuo libera a Akira."",G"
"812,Aladdin,1992-11-25,Ron Clements,""Scott Weinger, Robin Williams, Linda Larkin, Jonathan Freeman, Gilbert Gottfried"",""AnimaciÛn,Familia,Aventura,FantasÌa,Romance"",7.654,/eLFfl7vS8dkeG1hKp5mwbm37V83.jpg,""AladdÌn es un ingenioso joven que vive en una extrema pobreza, y que sueÒa con casarse con la bella hija del sult·n, la princesa Jasmine. El destino interviene cuando el astuto visir del Sult·n, Jafar, recluta a AladdÌn para que le ayude a recuperar una l·mpara m·gica de las profundidades de la Cueva de las Maravillas. AladdÌn encuentra una l·mpara maravillosa con un genio dentro, y sus deseos comienzan a hacerse realidad."",K"
"241259,Alice Through the Looking Glass,2016-05-25,James Bobin,""Mia Wasikowska, Johnny Depp, Anne Hathaway, Helena Bonham Carter, Sacha Baron Cohen"",""Aventura,Familia,FantasÌa"",6.561,/kbGamUkYfgKIYIrU8kW5oc0NatZ.jpg,""En una fiesta en casa de Lord Ascott, Alicia se encuentra con ¡bsolem, que ahora es una mariposa monarca azul que ayuda a Alicia a regresar al fant·stico mundo de Infratierra, donde encuentra a sus amigos: el Conejo Blanco, el Gato Sonriente, LirÛn, la Liebre, los Tweedles y el Sombrerero Loco, pero Èste, desafortunadamente, ya no es el mismo: ha perdido su ìmuchosidadî. Alicia tendr· entonces que ir a ver a Tiempo. Tiempo, una peculiar criatura mitad humano, mitad reloj, vive en un vacÌo infinito y posee la cronoesfera, una esfera met·lica que permitir· a Alicia volver para salvar a la familia del Sombrerero."",M"
"399579,Alita: Battle Angel,2019-01-31,Robert Rodriguez,""Rosa Salazar, Christoph Waltz, Jennifer Connelly, Mahershala Ali, Ed Skrein"",""AcciÛn,Ciencia ficciÛn,Aventura"",7.243,/xRWht48C2V8XNfzvPehyClOvDni.jpg,""Ido, un compasivo mÈdico de cÌborgs, encuentra a Alita abandonada en el desguace de Iron City. Cuando Alita despierta, no sabe quiÈn es, ni reconoce el mundo en el que se encuentra, todo es nuevo para ella. Ido intentar· proteger a Alita de su misterioso pasado, mientras que su nuevo amigo Hugo le ayudar· a despertar sus recuerdos. En ese momento, Alita descubre que posee habilidades de combate extraordinarias, que podrÌa usar para salvar a su nueva familia y amigos. Decidida a encontrar la verdad tras sus orÌgenes, Alita comienza un viaje que le enfrentar· a las injusticias de un mundo oscuro y corrupto, descubriendo que sÛlo ella puede cambiarlo."",K"
"399360,Alpha,2018-08-17,Albert Hughes,""Kodi Smit-McPhee, JÛhannes Haukur JÛhannesson, Marcin Kowalczyk, Jens HultÈn, Natassia Malthe"",""Aventura,Drama"",6.532,/afdZAIcAQscziqVtsEoh2PwsYTW.jpg,""Alpha es una aventura Èpica ambientada en la ˙ltima Edad de Hielo. Europa, 20.000 aÒos atr·s. En mitad de su primera cacerÌa con el grupo de Èlite de su tribu, un joven es herido y dado por muerto. Al despertar se encontrar· dÈbil y solo, y deber· aprender a sobrevivir y abrirse camino ante la dura y cruel naturaleza. AcompaÒado a regaÒadientes de un lobo abandonado por su manada, los dos aprender·n a confiar el uno en el otro, convertirse en aliados y superar los innumerables peligros para, contra toda posibilidad, encontrar el camino a casa antes de que llegue el letal invierno."",K"
"545836,Amundsen,2019-02-15,Espen Sandberg,""PÂl Sverre Hagen, Katherine Waterston, Christian Rubeck, Trond Espen Seim, Mads Sj¯gÂrd Pettersen"",""Drama,Historia,Aventura"",6.0,/7kScTmPxGXko69bnL1HSK09sZkK.jpg,""Narra la vida del legendario explorador noruego Roald Amundsen (1872-1928), un hombre que estuvo obsesionado con conquistar las zonas polares. DirigiÛ la expediciÛn a la Ant·rtida que por primera vez alcanzÛ el Polo Sur."",K"
"48646,Androcles and the Lion,1952-12-01,Chester Erskine,""Victor Mature, Jean Simmons, Alan Young, Robert Newton, Maurice Evans"",Comedia,5.8,/16XZFR47rhHcyh8Jh4FYpmQ7dYc.jpg,""Androcles es un cristiano que sigue las enseÒanzas de la religiÛn incluso con el trato hacia los animales. Viendo a un leÛn con dolor, le elimina una gran espina de la pata; esto hace que se hagan amigos. Tiempo despuÈs, Androcles y otros cristianos son detenidos y condenados a morir en la arena comidos por los leones. Era demasiado esperar que uno de los leones pudiera tener una pata que habÌa sanado recientemente y øpodrÌa recordar quien le ayudÛ a sanarla?"",J"
"102899,Ant-Man,2015-07-14,Peyton Reed,""Paul Rudd, Michael Douglas, Evangeline Lilly, Corey Stoll, Bobby Cannavale"",""Ciencia ficciÛn,Aventura,AcciÛn"",7.066,/rQRnQfUl3kfp78nCWq8Ks04vnq1.jpg,""Armado con la asombrosa capacidad de reducir su tamaÒo a la dimensiones de un insecto, el estafador Scott Lang debe sacar a relucir al hÈroe que lleva dentro y ayudar a su mentor, el doctor Hank Pym, a proteger de una nueva generaciÛn de amenazas el secreto que se esconde tras el traje de Ant-Man, con un casco que le permite comunicarse con las hormigas. A pesar de los obst·culos aparentemente insuperables que les acechan, Pym y Lang deben planear y llevar a cabo un atraco para intentar salvar al mundo."",H"
"640146,Ant-Man and the Wasp: Quantumania,2023-02-15,Peyton Reed,""Paul Rudd, Evangeline Lilly, Michael Douglas, Michelle Pfeiffer, Jonathan Majors"",""AcciÛn,Aventura,Ciencia ficciÛn"",6.239,/qnqGbB22YJ7dSs4o6M7exTpNxPz.jpg,""La pareja de superhÈroes Scott Lang y Hope van Dyne regresa para continuar sus aventuras como Ant-Man y la Avispa. Los dos, junto a los padres de Hope, Hank Pym y Janet van Dyne y la hija de Scott, Cassie Lang, se dedican a explorar el Mundo Cu·ntico, interactuando con nuevas y extraÒas criaturas y embarc·ndose en una aventura que les llevar· m·s all· de los lÌmites de lo que creÌan posible."",H"
"363088,Ant-Man and the Wasp,2018-07-04,Peyton Reed,""Paul Rudd, Evangeline Lilly, Michael Douglas, Hannah John-Kamen, Randall Park"",""AcciÛn,Aventura,Ciencia ficciÛn"",6.906,/cFQEO687n1K6umXbInzocxcnAQz.jpg,""Mientras Scott Lang se convierte en un s˙per hÈroe y en un padre, Hope van Dyne y el Dr. Hank Pym presentan una nueva misiÛn urgente que encuentra a Ant-Man luchando junto a The Wasp para descubrir secretos de su pasado."",K"
"664996,Apollo 10Ω: A Space Age Childhood,2022-03-24,Richard Linklater,""Milo Coy, Jack Black, Lee Eddy, Bill Wise, Natalie L'Amoreaux"",""AnimaciÛn,Comedia,Drama"",7.043,/ms3qa9LH9kosaGCSe22NJ7fDPv9.jpg,Una aventura de la era espacial ambientada en el contexto de la misiÛn lunar Apolo de 1969 e inspirada en la infancia del director Richard Linklater.,M"
"297802,Aquaman,2018-12-07,James Wan,""Jason Momoa, Amber Heard, Willem Dafoe, Patrick Wilson, Nicole Kidman"",""AcciÛn,Aventura,FantasÌa"",6.867,/ufl63EFcc5XpByEV2Ecdw6WJZAI.jpg,""Arthur Curry, tambiÈn conocido como Aquaman, es un habitante de un poderoso reino subacu·tico que recibe el nombre de la Atl·ntida. En esta pelÌcula repleta de acciÛn, aventura, e incluso partes de terror, conoceremos sus orÌgenes, desde que era un niÒo criado por un hombre humano y considerado un paria por los suyos, hasta que crece y debe hacer frente a los problemas que han aparecido en su mundo. Entonces, este hombre mitad humano y mitad atlante, emprender· el viaje de su vida, en el que tendr· que descubrir quiÈn es realmente y si es digno de ser un rey. AcompaÒado de Mera, har· frente a este y otros retos, mientras le planta cara a Black Manta y a su propio hermanastro Orm. øSer· capaz de dirigir a su pueblo y convertirse en un hÈroe para el mundo?"",K"
"572802,Aquaman and the Lost Kingdom,2023-12-20,James Wan,""Jason Momoa, Patrick Wilson, Yahya Abdul-Mateen II, Randall Park, Amber Heard"",""AcciÛn,Aventura,FantasÌa"",6.54,/7lTnXOy0iNtBAdRP3TZvaKJ77F6.jpg,""Al no poder derrotar a Aquaman la primera vez, Black Manta, todavÌa impulsado por la necesidad de vengar la muerte de su padre, no se detendr· ante nada para derrotar a Aquaman de una vez por todas. Esta vez Black Manta es m·s formidable que nunca y ejerce el poder del mÌtico Tridente Negro, que desata una fuerza antigua y malÈvola.  Para derrotarlo, Aquaman recurrir· a su hermano encarcelado Orm, el ex rey de la Atl·ntida, para forjar una alianza improbable. Juntos, deben dejar de lado sus diferencias para proteger su reino y salvar a la familia de Aquaman, y al mundo, de una destrucciÛn irreversible."",O"
"23030,Arabesque,1966-05-04,Stanley Donen,""Gregory Peck, Sophia Loren, Alan Badel, Kieron Moore, Carl Duering"",""Suspense,Comedia,Misterio,AcciÛn"",6.277,/ufQBXrETmVizoVaoYKAmjArRTyr.jpg,""David, un famoso egiptÛlogo, se ve involucrado en la lucha por el poder que mantienen tres bandos en un paÌs de Oriente Medio. El objetivo es descifrar una inscripciÛn jeroglÌfica que todos buscan. David es contratado para traducirla, pero sabe desde el primer momento que su vida estar· constantemente en peligro. Pero treinta mil dolares, su lealtad al Primer Ministro y, sobre todo, la bella Jazmine, le obligan a seguir el juego hasta el final."",H"
"47406,Arabian Nights,1974-06-20,Pier Paolo Pasolini,""Ninetto Davoli, Franco Citti, Franco Merli, Tessa BouchÈ, Ines Pellegrini"",""Aventura,FantasÌa"",6.453,/w4f9hcKsrLtreP5GBJVgY3WRjD3.jpg,""PelÌcula inspirada en cuentos erÛticos orientales. La historia principal trata de un inocente joven que busca a su amada, una esclava de la cual fue separado al ser vÌctima de un engaÒo."",H"
"475430,Artemis Fowl,2020-05-29,Kenneth Branagh,""Ferdia Shaw, Colin Farrell, Lara McDonnell, Josh Gad, Tamara Smart"",""Aventura,FantasÌa,Ciencia ficciÛn,Familia"",5.526,/tI8ocADh22GtQFV28vGHaBZVb0U.jpg,""La historia de 'Artemis Fowl' es la de un niÒo de 12 aÒos de edad que est· a punto de arrebatar el poder al mundo subterr·neo. Lo que Èl todavÌa no sabe es que sus habitantes: hadas, duendes, elfos... no son las criaturas maravillosas que siempre hemos imaginado y no van a consentir que un humano conozca sus secretos m·s sagrados. Como Èl, van armados hasta las barbas y conocen las ˙ltimas tecnologÌas: se prepara un trepidante duelo que puede provocar una autÈntica guerra entre las especies del planeta."",K"
"121856,Assassin's Creed,2016-12-21,Justin Kurzel,""Michael Fassbender, Marion Cotillard, Jeremy Irons, Brendan Gleeson, Charlotte Rampling"",""AcciÛn,Aventura,Ciencia ficciÛn"",5.432,/kDXewoEcvbn0pUvJ8W3vfkuWgHw.jpg,""Gracias a una revolucionaria tecnologÌa que desbloquea los recuerdos genÈticos, Callum Lynch vive las aventuras de su ancestro, Aguilar, en la EspaÒa del siglo XV. Callum descubre que es el descendiente de una misteriosa sociedad secreta, los Asesinos, y que posee increÌbles conocimientos y habilidades que le permitir·n enfrentarse a la poderosa y opresora organizaciÛn de los Templarios en el presente."",M"
"2395,Asterix at the Olympic Games,2008-01-25,Thomas Langmann,""GÈrard Depardieu, Clovis Cornillac, JosÈ Garcia, Franck Dubosc, StÈphane Rousseau"",""FantasÌa,Aventura,Comedia,Familia"",5.229,/qCy6c8UVEoUeA0cEn6Dkufd3mI9.jpg,""En el pequeÒo pueblo de los irreductibles galos no sÛlo se persigue a los romanos y a los jabalÌes, tambiÈn se persigue el amor. AlafÛlix, joven guerrero intrÈpido y rom·ntico, enamorado de la sublime princesa griega Irina, osa desafiar a Brutus, un soldado romano que tambiÈn aspira a conquistarla. Ambos se enfrentar·n en los Juegos OlÌmpicos por la mano de Irina. AstÈrix, ObÈlix y AlafÛlix, gracias a la pociÛn m·gica de Panor·mix, van superando todas las pruebas con la intenciÛn de darle una buena lecciÛn a CÈsar."",I"
"99770,Asterix & Obelix: God Save Britannia,2012-10-17,Laurent Tirard,""…douard Baer, GÈrard Depardieu, Guillaume Gallienne, Vincent Lacoste, ValÈrie Lemercier"",""Familia,Aventura,Comedia"",5.108,/6evgdfGc3omSNf4hh0vOJXH1ygD.jpg,""50 aÒos antes de Cristo, CÈsar contin˙a el avance de su conquista por todo el mundo. Liderando sus gloriosas y potentes legiones del ejÈrcito romano, decide invadir una isla situada a las afueras de la tierra, un misterioso paÌs llamado Britannia. En esta historia AstÈrix y ObÈlix atravesar·n el Canal de la Mancha, que une Francia con las islas brit·nicas, con el fin de echar una mano a su pueblo amigo y salvar a sus ciudadanos del acoso de las milicias romanas."",I"
"9564,Asterix and Obelix vs. Caesar,1999-02-03,Claude Zidi,""Christian Clavier, GÈrard Depardieu, Roberto Benigni, Michel Galabru, Claude PiÈplu"",""Familia,Aventura,Comedia,FantasÌa"",6.011,/2xFo4wO4zAGb3KcyvBsC2igLLdF.jpg,""La pequeÒa villa de AstÈrix y Obelix es el ˙ltimo lugar que queda fuera del control de Roma. Cuando el recaudador de impuestos Claudius Incorruptus no consigue el dinero de sus habitantes, el propio Julio CÈsar se acerca al lugar para ver quÈ hay de especial en ellos. El secreto es una pociÛn m·gica preparada por su druida Panoramix les da a todos una fuerza sobrehumana cuando la beben."",I"
"2899,Asterix & Obelix: Mission Cleopatra,2002-01-30,Alain Chabat,""GÈrard Depardieu, Christian Clavier, Jamel Debbouze, Monica Bellucci, Alain Chabat"",""Familia,FantasÌa,Comedia,Aventura"",7.374,/2lC9lzozlzVxCsSgPjRz5AWcz00.jpg,""En el aÒo 52 antes de Cristo, Egipto, gobernado por la poderosa Cleopatra, ha caÌdo bajo el yugo del Imperio Romano. Y lo peor es que Cleopatra ha decidido entregar su corazÛn a Julio CÈsar, emperador del pueblo m·s grande del mundo. Harta de los sarcasmos de CÈsar, la orgullosa y bella reina hace una apuesta con Èl: si consigue construir un castillo para Èl en el espacio de tres meses, en medio del desierto, Èl reconocer· que el pueblo egipcio es el m·s grande de todos. Cleopatra confÌa la misiÛn a Numerobis, un emergente arquitecto vanguardista al que cubrir· de oro si triunfa o arrojar· a los cocodrilos si fracasa. Numerobis necesita un milagro para llevar a cabo el proyecto, y el milagro se llama AstÈrix y ObÈlix."",I"
"76600,Avatar: The Way of Water,2022-12-14,James Cameron,""Sam Worthington, Zoe SaldaÒa, Sigourney Weaver, Stephen Lang, Kate Winslet"",""AcciÛn,Aventura,Ciencia ficciÛn"",7.597,/t6HIqrRAclMCA60NsSmeqe9RmNV.jpg,""M·s de una dÈcada despuÈs de los acontecimientos de 'Avatar', los Na'vi Jake Sully, Neytiri y sus hijos viven en paz en los bosques de Pandora hasta que regresan los hombres del cielo. Entonces comienzan los problemas que persiguen sin descanso a la familia Sully, que decide hacer un gran sacrificio para mantener a su pueblo a salvo y seguir ellos con vida."",N"
"99861,Avengers: Age of Ultron,2015-04-22,Joss Whedon,""Robert Downey Jr., Chris Hemsworth, Mark Ruffalo, Chris Evans, Scarlett Johansson"",""AcciÛn,Aventura,Ciencia ficciÛn"",7.27,/4ssDuvEDkSArWEdyBl2X5EHvYKU.jpg,""Cuando Tony Stark intenta reactivar un programa caÌdo en desuso cuyo objetivo es mantener la paz, las cosas empiezan a torcerse y los hÈroes m·s poderosos de la Tierra, incluyendo a Iron Man, Capit·n AmÈrica, Thor, El IncreÌble Hulk, Viuda Negra y Ojo de HalcÛn, tendr·n que afrontar la prueba definitiva cuando el destino del planeta se ponga en juego. Cuando el villano Ultron emerge, le corresponder· a Los Vengadores detener sus terribles planes, que junto a incÛmodas alianzas llevar·n a una inesperada acciÛn que allanar· el camino para una Èpica y ˙nica aventura."",H"
"299536,Avengers: Infinity War,2018-04-25,Anthony Russo,""Robert Downey Jr., Chris Evans, Chris Hemsworth, Josh Brolin, Mark Ruffalo"",""Aventura,AcciÛn,Ciencia ficciÛn"",8.234,/7WsyChQLEftFiDOVTGkv3hFpyyt.jpg,""El todopoderoso Thanos ha despertado con la promesa de arrasar con todo a su paso, portando el Guantelete del Infinito, que le confiere un poder incalculable. Los ˙nicos capaces de pararle los pies son los Vengadores y el resto de superhÈroes de la galaxia, que deber·n estar dispuestos a sacrificarlo todo por un bien mayor. Capit·n AmÈrica e Ironman deber·n limar sus diferencias, Black Panther apoyar· con sus tropas desde Wakanda, Thor y los Guardianes de la Galaxia e incluso Spider-Man se unir·n antes de que los planes de devastaciÛn y ruina pongan fin al universo. øSer·n capaces de frenar el avance del tit·n del caos?"",K"
"299534,Avengers: Endgame,2019-04-24,Joe Russo,""Robert Downey Jr., Chris Evans, Mark Ruffalo, Chris Hemsworth, Scarlett Johansson"",""Aventura,Ciencia ficciÛn,AcciÛn"",8.235,/ulzhLuWrPK07P1YkdWQLZnQh1JL.jpg,""Tras el chasquido de Thanos que eliminÛ a la mitad de la vida en el universo, los Vengadores supervivientes quedan devastados y divididos. Cinco aÒos despuÈs, una inesperada oportunidad les permite intentar revertir la cat·strofe. ReuniÈndose una vez m·s, los hÈroes emprenden una misiÛn extrema que los obliga a viajar al pasado, enfrentarse a sus propias pÈrdidas y hacer sacrificios definitivos para restaurar el equilibrio del universo."",K"
"268,Batman,1989-06-21,Tim Burton,""Michael Keaton, Jack Nicholson, Kim Basinger, Robert Wuhl, Pat Hingle"",""FantasÌa,AcciÛn,Crimen"",7.227,/cij4dd21v2Rk2YtUQbV5kW69WB2.jpg,""Atormentado por haber visto morir a sus padres delante suyo, Bruce Wayne se enfunda cada noche en el traje de Batman, adopta la terrorÌfica forma de un murciÈlago y surca los tejados de Gotham City combatiendo el crimen y manteniendo a raya la corrupciÛn de su ciudad. Pero esta vez Batman tendr· que enfrentarse a su m·s terrible enemigo, El Joker, que pretende someter a toda la ciudad bajo los deseos de su mente perturbada."",N"
"364,Batman Returns,1992-06-19,Tim Burton,""Michael Keaton, Danny DeVito, Michelle Pfeiffer, Christopher Walken, Michael Gough"",""AcciÛn,FantasÌa"",6.944,/uEIvgvxzK08922iU61OvO3ORs0s.jpg,""Gotham City se enfrenta a dos nuevos y peculiares criminales: el diabo?lico y siniestro Pingu?ino, una criatura solitaria y extran?amente deformada, y la hermosa y seductora -aunque letalmente peligrosa- Catwoman. Batman se debera? enfrentar a Pingu?ino, que quiere convertirse en el amo de la ciudad."",N"
"22733,Beat the Devil,1953-11-24,John Huston,""Humphrey Bogart, Jennifer Jones, Gina Lollobrigida, Robert Morley, Peter Lorre"",""Aventura,Comedia"",6.1,/yBg55pY6WYPqzZuQ1rJ4Cjj5nOG.jpg,""A un pequeÒo puerto italiano llegan cuatro estafadores que viajan en compaÒÌa de un matrimonio norteamericano (Billy y MarÌa) que les sirve de tapadera. Mientras esperan la reparaciÛn del barco que los llevar· a ¡frica, le aclaran a Billy el verdadero motivo del viaje: adquirir unas tierras ricas en uranio. Durante su estancia en el pueblo, Billy y MarÌa conocen a otro matrimonio norteamericano, cuyas alusiones a unos yacimientos de uranio, hacen sospechar a los aventureros que su proyecto corre peligro. (FILMAFFINITY)"",M"
"36851,Beau Geste,1939-07-24,William A. Wellman,""Gary Cooper, Ray Milland, Robert Preston, Brian Donlevy, Susan Hayward"",""Aventura,Drama,BÈlica"",6.935,/xDRHfwghNNXy4ASdus5GSzyTX6x.jpg,""Un grupo de legionarios franceses llega a un fuerte en medio del desierto y descubre que todos los hombres est·n muertos; apoyados en los muros y en posiciÛn de vigilancia, pero muertos. Este extraÒo suceso es el punto de partida de una enigm·tica historia relacionada con la desapariciÛn de un valioso zafiro y con la historia de tres hermanos alistados en la legiÛn por un asunto de honor."",N"
"665,Ben-Hur,1959-11-18,William Wyler,""Charlton Heston, Stephen Boyd, Hugh Griffith, Jack Hawkins, Haya Harareet"",""Historia,Drama,Aventura"",7.879,/m4WQ1dBIrEIHZNCoAjdpxwSKWyH.jpg,""Antigua Roma, bajo el reinado de los emperadores Augusto y Tiberio (s. I d.C.). Jud· Ben-Hur, hijo de una familia noble de JerusalÈn, y Mesala, tribuno romano que dirige los ejÈrcitos de ocupaciÛn, son dos antiguos amigos, pero un accidente involuntario los convierte en enemigos irreconciliables: Ben-Hur es acusado de atentar contra la vida del nuevo gobernador romano, y Mesala lo encarcela a Èl y a su familia. Mientras Ben-Hur es trasladado a galeras para cumplir su condena, un hombre llamado Jes˙s de Nazaret se apiada de Èl y le da de beber. En galeras conocer· al comandante de la nave y m·s tarde a un jeque ·rabe que participa con sus magnÌficos caballos en carreras de cuadrigas."",J"
"495764,Birds of Prey (and the Fantabulous Emancipation of One Harley Quinn),2020-02-05,Cathy Yan,""Margot Robbie, Rosie Perez, Mary Elizabeth Winstead, Jurnee Smollett, Ewan McGregor"",""AcciÛn,Crimen"",6.883,/h4VB6m0RwcicVEZvzftYZyKXs6K.jpg,""DespuÈs de separarse del Joker, Harley Quinn y otras tres heroÌnas (Canario Negro, Cazadora y RenÈe Montoya) unen sus fuerzas para salvar a una niÒa del malvado rey del crimen, M·scara Negra."",K"
"284054,Black Panther,2018-02-13,Ryan Coogler,""Chadwick Boseman, Michael B. Jordan, Lupita Nyong'o, Danai Gurira, Martin Freeman"",""AcciÛn,Aventura,Ciencia ficciÛn"",7.362,/uxzzxijgPIY7slzFvMotPv8wjKA.jpg,""DespuÈs de los acontecimientos de """"Capit·n AmÈrica: Civil War"""", T'Challa vuelve a casa, la naciÛn aislada y muy avanzada tecnolÛgicamente de Wakanda, para ser proclamado Rey. Pero la reapariciÛn de un viejo enemigo pone a prueba el temple de T'Challa como Rey y Black Panther ya que se ve arrastrado a un conflicto que pone en peligro todo el destino de Wakanda y del mundo."",H"
"505642,Black Panther: Wakanda Forever,2022-11-09,Ryan Coogler,""Letitia Wright, Tenoch Huerta MejÌa, Lupita Nyong'o, Danai Gurira, Winston Duke"",""AcciÛn,Aventura,Ciencia ficciÛn"",7.01,/sv1xJUazXeYqALzczSZ3O6nkH75.jpg,""La reina Ramonda, Shuri, MíBaku, Okoye y las Dora Milaje, luchan para proteger su naciÛn de la injerencia de potencias mundiales a raÌz de la muerte del rey TíChalla. Mientras los wakandianos se esfuerzan por adaptarse a su nueva etapa, los hÈroes deben actuar unidos, con la ayuda del Perro de la Guerra Nakia y Everett Ross, y forzar un nuevo destino para el reino de Wakanda."",N"
"497698,Black Widow,2021-07-07,Cate Shortland,""Scarlett Johansson, Florence Pugh, Rachel Weisz, David Harbour, Ray Winstone"",""AcciÛn,Aventura,Ciencia ficciÛn"",7.174,/7JPpIjhD2V0sKyFvhB9khUMa30d.jpg,""Natasha Romanoff, alias Viuda Negra, se enfrenta a las partes m·s oscuras de su historia cuando surge una peligrosa conspiraciÛn con vÌnculos con su pasado. Perseguida por una fuerza que no se detendr· ante nada para acabar con ella, Natasha debe enfrentarse a su historia como espÌa y a las relaciones rotas que dejÛ a su paso mucho antes de convertirse en una Vengadora."",J"
"365177,Borderlands,2024-08-07,Eli Roth,""Cate Blanchett, Kevin Hart, Edgar RamÌrez, Jamie Lee Curtis, Ariana Greenblatt"",""AcciÛn,Ciencia ficciÛn,Comedia"",5.595,/4JGoZu1ZKFpMJTWAP35PCfkMgu8.jpg,""Lilith, una infame cazatesoros con un misterioso pasado, regresa a su planeta natal de Pandora para encontrar a la hija desaparecida del poderoso Atlas. Para ello forma una alianza inesperada con un heterogÈneo equipo de inadaptados: Roland, un antiguo mercenario de Èlite ahora desesperado por la redenciÛn; Tiny Tina, una demolicionista salvaje preadolescente; Krieg, el musculoso protector de Tina; la cientÌfica Tannis; y Claptrap, un robot muy peculiar. Estos extraÒos hÈroes deber·n luchar contra monstruos alienÌgenas y peligrosos bandidos para buscar y proteger a la niÒa desaparecida, que puede tener la clave de un poder inimaginable."",O"
"100402,Captain America: The Winter Soldier,2014-03-20,Joe Russo,""Chris Evans, Samuel L. Jackson, Scarlett Johansson, Robert Redford, Sebastian Stan"",""AcciÛn,Aventura,Ciencia ficciÛn"",7.654,/tVFRpFw3xTedgPGqxW0AOI8Qhh0.jpg,""Capit·n AmÈrica, Viuda Negra y un nuevo aliado, Falcon, se enfrentan a un enemigo inesperado mientras intentan sacar a la luz una conspiraciÛn que pone en riesgo al mundo."",G"
"16905,Captain Blood,1935-12-26,Michael Curtiz,""Errol Flynn, Olivia de Havilland, Lionel Atwill, Basil Rathbone, Ross Alexander"",""Aventura,Historia,Romance"",7.2,/Ae0ltppMl66pAH1odgDU1C4H1iq.jpg,""Inglaterra, siglo XVII. Bajo el reinado de Jacobo I, primer monarca de la dinastÌa de los Estuardo, son constantes los enfrentamientos entre la Corona y el Parlamento. El doctor Peter Blood, un hombre entregado por entero a sus pacientes, vive al margen de los problemas polÌticos. Pero su actitud cambia cuando, injustamente acusado de traiciÛn, es enviado como esclavo a las Indias Occidentales. Dotado de una gran habilidad y astucia, consigue escapar y se convierte en el temible pirata Capit·n Blood."",H"
"23928,Captain Horatio Hornblower R.N.,1951-04-10,Raoul Walsh,""Gregory Peck, Virginia Mayo, Robert Beatty, Moultrie Kelsall, Terence Morgan"",""Aventura,BÈlica,Historia"",6.9,/oielnqLw4gVpaJDN6QTOapCqRXf.jpg,""En el siglo XIX, el capit·n inglÈs Horatio Hornblower atraviesa el Atl·ntico con su barco para ayudar a un enloquecido dictador centroamericano."",M"
"130461,Captain Lightfoot,1955-03-26,Douglas Sirk,""Rock Hudson, Barbara Rush, Jeff Morrow, Kathleen Ryan, Finlay Currie"",""Aventura,Romance,Historia"",6.2,/nOFq8afzYQiZ35kW9xZgXHwcj22.jpg,""En la Irlanda de 1815 los patriotas luchan contra el invasor inglÈs. Michael Martin, un joven impulsivo y audaz, es miembro de una sociedad revolucionaria que lucha por la independencia de Irlanda. Con el fin de servir a la causa, comete toda clase de robos. Cuando una de sus vÌctimas lo reconoce, se ve obligado a huir a DublÌn, donde llega a ser el lugarteniente del famoso capit·n Thunderbolt."",H"
"299537,Captain Marvel,2019-03-06,Ryan Fleck,""Brie Larson, Samuel L. Jackson, Ben Mendelsohn, Jude Law, Annette Bening"",""AcciÛn,Aventura,Ciencia ficciÛn"",6.785,/AtsgWhDnHTq68L0lLsUrCnM7TjG.jpg,""La historia sigue a Carol Danvers mientras se convierte en uno de los hÈroes m·s poderosos del universo, cuando la Tierra se encuentra atrapada en medio de una guerra gal·ctica entre dos razas alienÌgenas. Situada en los aÒos 90, 'Capitana Marvel' es una historia nueva de un perÌodo de tiempo nunca antes visto en la historia del Universo Cinematogr·fico de Marvel."",K"
"4327,Charlie's Angels,2000-11-02,McG,""Cameron Diaz, Drew Barrymore, Lucy Liu, Bill Murray, Sam Rockwell"",""AcciÛn,Comedia,Aventura"",5.853,/iHTmZs0BmkwMCYi8rhvMWC5G4EM.jpg,""Una peculiar agencia de detectives dirigida por el multimillonario Charlie tiene en sus filas a Natalie (Cameron Diaz), Dylan (Drew Barrymore) y Alex (Lucy Liu), tres expertas en artes marciales, en disfraces y en la m·s avanzada tecnologÌa. Juntas tendr·n que ocuparse de un caso muy importante: el secuestro del genio de la inform·tica Eric Knox (Sam Rockwell) por su rival Roger Corwin (Tim Curry). Si no consiguen liberarlo, quedarÌa destruida la intimidad de todo el mundo, incluido Charlie, su misterioso jefe."",K"
"593910,Cinderella,2021-09-03,Kay Cannon,""Camila Cabello, Nicholas Galitzine, Idina Menzel, Pierce Brosnan, Minnie Driver"",""Fantas√≠a,Romance,Comedia"",6.331,/clDFqATL4zcE7LzUwkrVj3zHvk7.jpg,Una reinvenci√≥n moderna del cuento tradicional de la ni√±a hu√©rfana con una madrastra malvada.,J"
"11224,Cinderella,1950-02-22,Clyde Geronimi,""Ilene Woods, Eleanor Audley, Verna Felton, Claire Du Brey, Rhoda Williams"",""Familia,Fantas√≠a,Animaci√≥n,Romance"",7.044,/4nssBcQUBadCTBjrAkX46mVEKts.jpg,""Cenicienta vive con su madrastra y las dos hijas de √©sta. Las tres le hacen la vida imposible y la tienen trabajando sin parar en las labores del hogar. Pero ella establece amistad con los animales de la casa, que le ayudar√°n a asistir al baile Real al que su madre no le permite ir."",N"
"9387,Conan the Barbarian,1982-03-16,John Milius,""Arnold Schwarzenegger, James Earl Jones, Max von Sydow, Sandahl Bergman, Ben Davidson"",""Aventura,FantasÌa,AcciÛn"",6.793,/qw2A587Ee61IwcSOLNFRhuOACZZ.jpg,""En la historia de la humanidad, los tiempos m·s recordados son aquellos de las grandes hazaÒas y fant·sticas aventuras. Esa es la Època de Conan el B·rbaro. Conan es capturado cuando tan sÛlo era un niÒo despuÈs que sus padres fueran asesinados por el malvado Thulsa Doom, el cabecilla de una secta de adoradores a la Serpiente. Quince aÒos de agonÌa forjarÛn a Conan como un guerrero insuperable. Liberado por su dueÒo, Conan, en compaÒÌa de sus amigos Subotai, Mongol y Valeria, Reina de los Ladrones, emprenden un viaje en busca de venganza y sabidurÌa."",H"
"9051,10,1979-10-05,Blake Edwards,""Dudley Moore, Julie Andrews, Bo Derek, Robert Webber, Dee Wallace"",""Comedia,Romance"",5.741,/uUCr4WTogPnb7LOILL8opxSyxGw.jpg,""George Webber, famoso compositor de canciones rom·nticas, est· empezando a cansarse de la relaciÛn con su novia. Pero una circunstancia inesperada le ayudar· a resolver el problema de modo fulminante: se cruza en la calle con una joven vestida de novia que lo deja absolutamente fascinado; tanto es asÌ que, aun sabiendo que est· casada, no parar· hasta averiguar dÛnde pasar· la luna de miel."",K"
"187017,22 Jump Street,2014-06-05,Phil Lord,""Jonah Hill, Channing Tatum, Peter Stormare, Wyatt Russell, Amber Stevens West"",""Crimen,Comedia,AcciÛn"",6.827,/850chzYHYbT3IISl6Q7dbBuFP2B.jpg,""La pareja de policÌas formada por Schmidt y Jenko vuelve a la carga despuÈs del Èxito de la operaciÛn contra la red de narcotraficantes en el instituto. En esta ocasiÛn, los agentes de la ley siguen perteneciendo a la unidad secreta Jump Street y tendr·n que infiltrarse en una universidad para llevar a cabo una arriesgada investigaciÛn. Una nueva aventura que pondr· a prueba al d˙o cada vez mejor compenetrado."",G"
"201765,Three Many Weddings,2013-12-05,Javier Ruiz Caldera,""Inma Cuesta, MartiÒo Rivas, Quim GutiÈrrez, Paco LeÛn, Rossy de Palma"",Comedia,6.0,/5S79gl0Z6YGeDsRkSiEXNyyOOlt.jpg,""Una mujer asiste a las sucesivas bodas de los hombres de su vida, sin que ella consiga encontrar a su media naranja. Tres ex novios para tres bodas. Un cÛctel explosivo para Ruth, que tendr· que enfrentarse a su pasado y decidir con quiÈn quiere compartir su futuro."",G"
"882040,30 Nights with My Ex,2022-08-11,Adri·n Suar,""Adri·n Suar, Pilar Gamboa, RocÌo Hern·ndez, MartÌn Campilongo, Pichu Straneo"",""Comedia,Romance"",5.288,/nXbhchOec3MKtAcKPO82Qu8r5AW.jpg,""Turbo, luego de aÒos de separado de la Loba, acepta, por pedido de la hija que tienen en com˙n, convivir durante 30 dÌas con su ex mujer, que viene de una larga internaciÛn psiqui·trica. La Loba debe hacer la transiciÛn entre la internaciÛn y su reinserciÛn en la sociedad."",N"
"643717,36 Husbands,2019-09-05,Michael Glover,""Christa Pasch, Roberta Bianchini, Nadine Nourney, Dominic Anglim, Howard Corlett"",Comedia,4.7,/1wySKhg6GX2Ljf1Ytn9xnQB3WIZ.jpg,""36 Husbands es una comedia de espÌas de Kung Fu mÌstica y musical protagonizada por 3 mujeres poderosas y un grupo de maridos. Krista, la mejor espÌa y maestra de Kung Fu, tiene poderes extraordinarios y los pone en acciÛn en su b˙squeda para frenar la marcha constante hacia la Tercera Guerra Mundial. Junto con sus discÌpulas de Kung Fu, Gina y Nola (y Frankie, un espÌa cedido por el MI6), luchan y aman su camino por el mundo dejando un rastro de corazones rotos y planes saboteados. Todos los espÌas y malhechores est·n sintonizando el programa de televisiÛn Bright Blue Gorilla. øPor quÈ miran? øEs la m˙sica, es la comedia? Quiz·s puedas resolverlo."",J"
"942922,80 for Brady,2023-02-03,Kyle Marvin,""Lily Tomlin, Jane Fonda, Rita Moreno, Sally Field, Tom Brady"",""Comedia,Drama"",6.194,/qhSFHOS9CeXTqGgmbCi5pteIc6k.jpg,Un cuarteto de mejores amigos mayores decide vivir la vida al m·ximo haciendo un viaje salvaje al Super Bowl LI para ver jugar a su hÈroe Tom Brady.,N"
"431530,A Bad Moms Christmas,2017-08-04,Scott Moore,""Mila Kunis, Kristen Bell, Kathryn Hahn, Christine Baranski, Susan Sarandon"",Comedia,6.316,/gPNHolu7AGnrB7r5kvJRRTfwMFR.jpg,""Amy, Kiki y Carla, madres poco valoradas y sobrecargadas de tareas, se rebelan contra los desafÌos y las expectativas que genera lo que es una especie de Super Bowl para madres: la navidad. Como si crear las perfectas vacaciones para sus familias no fuera suficiente, recibir·n la visita de sus respectivas madres."",K"
"11939,A Day at the Races,1937-06-11,Sam Wood,""Groucho Marx, Chico Marx, Harpo Marx, Allan Jones, Maureen O'Sullivan"",""Comedia,M˙sica"",7.1,/euRUaKhI73JusmSw9VFvUHtbL3g.jpg,""El doctor Hugo Hackenbush (Groucho), Tony (Chico), y Stuffy (Harpo) intentan salvar el hospital de Judy con el dinero de una paciente millonaria. Para hacerlo, el Dr. Hackenbush se hace pasar por mÈdico, a˙n cuando es sÛlo veterinario, y no permite que den el alta a la millonaria. Paralelamente deciden tambiÈn intentar ganar una carrera con el caballo de Judy"",M"
"623,A Fish Called Wanda,1988-07-15,Charles Crichton,""Jamie Lee Curtis, John Cleese, Kevin Kline, Michael Palin, Maria Aitken"",""Comedia,Crimen"",7.207,/hkSGFNVfEEUXFCxRZDITFHVhUlu.jpg,""Un grupo de delincuentes organizan un plan para robar una valiosa colecciÛn de diamantes en la joyerÌa Hatton Gardens de Londres. Entre ellas se encuentra la encantadora Wanda, que va a intentar un doble juego para quedarse ella con el botÌn. Lo malo es que sÛlo George, el jefe de la banda, sabe dÛnde est·n escondidas las joyas, pero ha sido encarcelado."",I"
"17768,A Funny Thing Happened on the Way to the Forum,1966-10-16,Richard Lester,""Zero Mostel, Jack Gilford, Phil Silvers, Buster Keaton, Michael Crawford"",""M˙sica,Comedia,Romance"",6.046,/h3S9DZMUZNsAqd8ZNBed7ttPWXk.jpg,""Cuando un astuto esclavo, mentiroso, perezoso, ocurrente y tramposo descubre que el hijo de su amo est· enamorado de una joven virgen, le ofrece su ayuda para conquistarla si a cambio le condede la libertad. Pero los amorÌos se ven obstaculizados por asombrosas sorpresas, ingeniosos disfraces y una alocada carrera de cu·drigas."",G"
"139038,A Haunted House,2013-01-11,Michael Tiddes,""Marlon Wayans, Essence Atkins, Nick Swardson, Cedric the Entertainer, David Koechner"",""Comedia,Terror"",5.946,/tpw6kvuAJBo1CGRw1Bwdz1KU0hc.jpg,""Una joven pareja, Malcolm (Marlon Wayans) y Kisha (Essence Atkins), se acaban de mudar a la casa de sus sueÒo. Al instalarse, descubren que no est·n solos en ella. Pero no es la casa la que est· embrujada, sino la novia de Malcolm, que parece estar poseÌda por un demonio.  Malcolm contrata a un sacerdote para librarla de este intruso, decidido a no dejar que el espÌritu maligno arruine su relaciÛn... o, m·s importante a˙n, su vida sexual..."",I"
"874260,A Kiss Before Christmas,2021-11-21,Jeff Beesley,""Teri Hatcher, James Denton, Marilu Henner, Carson Kroeker, Sophia Elena Bachart"",""PelÌcula de TV,Romance,Comedia,Drama"",5.985,/ma8NZSDDx7e7BnYS9Rca3oDknOd.jpg,,J"
"188161,A Million Ways to Die in the West,2014-05-22,Seth MacFarlane,""Seth MacFarlane, Charlize Theron, Amanda Seyfried, Liam Neeson, Giovanni Ribisi"",""Comedia,Western"",6.051,/n9SicwnoNGWBwE75le27sUhCLMm.jpg,""Albert, un granjero cobarde, que al echarse atr·s en un duelo pistolero, su novia decide abandonarlo por otro hombre. Sin embargo, llegar· a la ciudad una hermosa mujer, de quien se enamora y que lo ayudar· a descubrir su coraje que ser· puesto a prueba inmediatamente, dado que esta llamativa mujer arrastra un marido prÛfugo que reclama venganza."",G"
"37719,A Night at the Opera,1935-11-15,Sam Wood,""Groucho Marx, Chico Marx, Harpo Marx, Kitty Carlisle, Allan Jones"",""Comedia,M˙sica"",7.412,/A4YDGfJwaG7aMxDVrVJsOHJ7ufK.jpg,""Los Hermanos Marx en la alta sociedad. A dos amantes que act˙an en la Ûpera se les impide estar juntos porque no aceptan al hombre como tenor. Utilizando varios trucos tÌpicos de los Hermanos Marx, logran que el tenor principal se ausente, y de esta manera el joven amante tendr· su oportunidad."",M"
"26940,A Night in Casablanca,1946-05-10,Archie Mayo,""Groucho Marx, Harpo Marx, Chico Marx, Charles Drake, Lois Collier"",Comedia,6.8,/iltVdhtFkIyHuZDfJi9I1UAHD9D.jpg,""Los Hermanos Marx est·n empleados en un hotel de Casablanca en la postguerra, donde un grupo de nazis est· tratando de recuperar un alijo de tesoros robados."",M"
"61433,Abbott and Costello Meet Jerry Seinfeld,1994-11-24,Daniel Helfgott,""Jerry Seinfeld, Bud Abbott, Lou Costello, Buzz Belmondo, Tisa Hibbs"",""Documental,Comedia"",7.0,/4TNAizotWQGrgoek1cC6jOGN62E.jpg,,G"
"33472,Abbott and Costello Go to Mars,1953-04-06,Charles Lamont,""Bud Abbott, Lou Costello, Mari Blanchard, Robert Paige, Horace McMahon"",""Comedia,Ciencia ficciÛn"",5.4,/wGnKIzOiymXrPq2GU5htrWVIXZK.jpg,""Lester y Orville lanzan un cohete de forma accidental, el cual se supone que va destinado a Marte pero, en vez de parar allÌ, llega a Nueva Orleans durante el Mardi Gras. Luego son obligados por el ladrÛn de bancos Mugsy y su compaÒero Harry, a viajar a Venus, donde encuentran una civilizaciÛn entera de mujeres; los hombres son desterrados."",M"
"46068,Bud Abbott and Lou Costello in Hollywood,1945-10-05,S. Sylvan Simon,""Bud Abbott, Lou Costello, Frances Rafferty, Bob Haymes, Jean Porter"",Comedia,5.6,/bZ6yuOKwegA5rMGsGP1HAhsBRJt.jpg,""A pesar de que en el tÌtulo aparece la palabra Hollywood, esta comedia no gira en torno al mundo del cine, sino al de la m˙sica. Abbott y Costello vuelven a interpretar a dos perdedores que sueÒan con convertirse en importantes agentes musicales. Quieren cumplir su sueÒo, asÌ que empiezan con pequeÒos clientes con carreras alejadas del estrellato. Por el momento son unos don nadie, habr· que ver si la pareja de cÛmicos consigue convertirlos en los reyes de la m˙sica."",M"
"33474,Bud Abbott and Lou Costello in the Foreign Legion,1950-08-05,Charles Lamont,""Bud Abbott, Lou Costello, Patricia Medina, Walter Slezak, Douglass Dumbrille"",""Comedia,Aventura"",6.0,/5UiAkJV2YTtPsIs29G0W8MPkXbB.jpg,""Jonesy y Lou est·n en Argelia buscando un luchador que est·n promoviendo. El sargento Axmann los engaÒa para que se unan a la LegiÛn Extranjera, despuÈs de lo cual descubren la colaboraciÛn de Axmann con el desagradable jeque Hamud El Khalid. Los bits incluyen los avistamientos de espejismo de Lou, uno de los vendedores de periÛdicos de Nueva York (""""me dieron una mala esquina"""")."",M"
"3023,Abbott and Costello Meet Dr. Jekyll and Mr. Hyde,1953-08-01,Charles Lamont,""Bud Abbott, Lou Costello, Boris Karloff, Craig Stevens, Helen Westcott"",""Comedia,Terror,Misterio,Ciencia ficciÛn"",6.3,/spZzSuujqiYHMK5pIvJOS5LDYD0.jpg,Abbott y Costello se meten en la piel de un par de policÌas norteamericanos que viajan a Londres para aprender nuevas tÈcnicas de sus compaÒeros ingleses. AllÌ conocen al rarito Dr. Jekyll y por error uno de ellos acaba inyect·ndose con una extraÒa jeringa que hace que el mÈdico se convierta en un siniestro personaje.,M"
"3073,Bud Abbott and Lou Costello Meet Frankenstein,1948-06-01,Charles Barton,""Bud Abbott, Lou Costello, Lon Chaney Jr., Lugosi BÈla, Glenn Strange"",""Terror,Comedia"",7.099,/ectRcq1y6EAmz2i72SCRHI6qUK2.jpg,""En el Museo del Terror de Londres van a exhibir los cuerpos de dos de las figuras m·s escalofriantes de todos los tiempos, dos de los monstruos m·s importantes dentro del imaginario terrorÌfico de la historia de la literatura fant·stica. Se trata, nada m·s y nada menos, que del conde Dr·cula (interpretado por el mÌtico Bela Lugosi) y Frankenstein (encarnado por Glenn Strange)."",M"
"26661,Abbott and Costello Meet the Mummy,1955-04-16,Charles Lamont,""Bud Abbott, Lou Costello, Marie Windsor, Michael Ansara, Dan Seymour"",""Aventura,Terror,Comedia,FantasÌa"",5.958,/aHKjPVnDwE6iiz3pVj7MGwXo8B.jpg,""Pete y Freddie oyen sin intenciÛn la charla de un arqueÛlogo del El Cairo, acerca de descubrir una momia legendaria y deciden viajar a donde el arqueÛlogo, pero cuando llegan donde Èl, lo encuentran asesinado. La momia tambiÈn desaparece comenzando asÌ una serie de intrigas, entre ellas la apariciÛn de un medallÛn con supuestos poderes."",M"
"122906,About Time,2013-09-04,Richard Curtis,""Domhnall Gleeson, Rachel McAdams, Bill Nighy, Tom Hollander, Margot Robbie"",""Drama,Romance,FantasÌa"",7.906,/ls6zswrOZVhCXQBh96DlbnLBajM.jpg,""La trama de la pelÌcula gira en torno a un joven llamado Tim Lake. El protagonista y su familia tienen el curioso don de poder viajar a travÈs del tiempo. Al descubrir esta cualidad, Tim empieza a beneficiarse de ello para cambiar diferentes aspectos de su vida. Se enamora de una chica, Mary, a la que conoce tras transladarse a vivir a Londres por motivos de trabajo. Su historia de amor se ver· beneficiada gracias al don de Tim, sin embargo, el protagonista no tardar· en darse cuenta de que su habilidad no es capaz de ampararle en algunos problemas y cuestiones familiares."",G"
"25431,Adam's Rib,1949-11-18,George Cukor,""Spencer Tracy, Katharine Hepburn, Judy Holliday, Tom Ewell, David Wayne"",""Comedia,Romance"",7.1,/k9gT6d2sDT9Jd4dvzHowTt3l6Zg.jpg,""Amanda y Adam Bonner son un id√≠lico matrimonio de abogados cuya paz conyugal se ve afectada cuando un caso los enfrenta en los tribunales como defensora y fiscal respectivamente: una mujer es juzgada por disparar contra su marido y la amante de √©ste. Adam no duda de la culpabilidad de la acusada, pero Amanda no es de la misma opini√≥n."",G"
"10843,After Hours,1985-10-11,Martin Scorsese,""Griffin Dunne, Rosanna Arquette, Verna Bloom, Tommy Chong, Linda Fiorentino"",""Comedia,Suspense,Drama"",7.499,/eamOBurHBu0MIxohTIVcfxmZ6Z7.jpg,""Al finalizar su jornada laboral, un solitario empleado de una compaÒÌa de inform·tica (Griffin Dunne) se ve envuelto en una serie de extraÒas circunstancias que le llevan a uno de los peores barrios de Nueva York. AllÌ, vivir· una interminable y alocada noche..."",I"
"21700,Airbag,1997-06-20,Juanma Bajo Ulloa,""Fernando GuillÈn Cuervo, Karra Elejalde, Alberto San Juan, Karlos ArguiÒano, Manuel ManquiÒa"",""Comedia,AcciÛn,Crimen,Suspense"",6.505,/pDKe4iKw2ZQ7IBrPEkSlm1w8C9c.jpg,""Juantxo pertenece a la alta sociedad, tiene pasta, carrera universitaria, un magnÌfico trabajo y una novia guapa y rica, pero es un autÈntico pardillo. Mientras celebra su despedida de soltero, pierde su valioso anillo de compromiso en el lugar m·s inesperado. …l y sus amigos, Pako y KonradÌn, se lanzar·n a la b˙squeda de la joya en un trepidante viaje lleno de vicio, corrupciÛn y delirio."",H"
"813,Airplane!,1980-06-27,Jerry Zucker,""Robert Hays, Julie Hagerty, Leslie Nielsen, Kareem Abdul-Jabbar, Lloyd Bridges"",Comedia,7.308,/7Q3efxd3AF1vQjlSxnlerSA7RzN.jpg,""El vuelo 209 de la Trans American sale de Los ¡ngeles con destino a Chicago. Entre el pasaje se encuentran una serie de curiosos personajes. Entre ellos, un ex-piloto de combate que, en pleno vuelo, se ver· obligado a hacerse con el mando del aviÛn comercial, tras quedar los pilotos indispuestos por una comida en mal estado."",H O"
"177699,Alan Partridge: Alpha Papa,2013-07-24,Declan Lowney,""Steve Coogan, Colm Meaney, Felicity Montagu, Simon Greenall, Anna Maxwell Martin"",Comedia,6.636,/oqdSe46XQ9CKcj1WMyfD2LaVoER.jpg,PelÌcula centrada en la vida del reportero Alan Partridge.,G"
"218778,""Alexander and the Terrible, Horrible, No Good, Very Bad Day"",2014-10-08,Miguel Arteta,""Steve Carell, Jennifer Garner, Ed Oxenbould, Dylan Minnette, Kerris Dorsey"",""Familia,Comedia"",6.204,/pxbAepXQjsGFDHaR3dPndFSxDU0.jpg,""Un dÌa como todos los dem·s, Alexander se levanta y nota que tiene algo pegajoso en el pelo, anoche se acostÛ con un chicle en la boca y ahora lo tiene extendido por la cabeza. Cuando el pequeÒo se levanta de la cama tropieza con el patÌn y se hace un moratÛn, despuÈs se le cae el jersey mientras el agua salÌa del grifo. En este momento, Alexander se da cuenta de que no va a ser un buen dÌa, sino terrible, horrible, espantoso y horroroso. Pero su dÌa no ha hecho nada m·s que empezar y todavÌa puede cambiar para peor o para mejor."",H"
"18628,Very Happy Alexander,1968-02-09,Yves Robert,""Philippe Noiret, MarlËne Jobert, FranÁoise Brion, Paul Le Person, Tsilla Chelton"",Comedia,6.842,/zXkmmx9YD2N15YhcaWTG24NCPmc.jpg,""Alexandre, un honesto y alegre campesino, vive oprimido por su autoritaria mujer, que le hace trabajar como un esclavo. Cuando Èsta muere en un accidente automovilÌstico, el granjero decide quedarse libre e inactivo en su cama. Su perro es el encargado de traerle la comida y el periÛdico. Pero este preciado descanso se interrumpe cuando Alexandre conoce a una hermosa joven..."",I"
"395807,Something Huge,2017-11-10,Carlo Padial,""Berto Romero, Carolina Bang, Carlos Areces, Javier Botet, Miguel Noguera"",Comedia,4.0,/pr5nJ93lnmihKN4jIv9APrxCErD.jpg,""øY si en el proceso de hacer una ambiciosa pelÌcula, los cineastas no fueran capaces de contar lo que quieren contar y descubrieran que el documento de lo que est·n llevando a cabo es casi m·s importante que la acciÛn que pretenden lograr?  Con el ritmo de comedia de enredo que narra los avatares del rodaje de una pelÌcula llena de delirantes y divertidos contratiempos, 'Algo muy gordo' es una reflexiÛn en tono documental sobre los resortes de la comedia, la industria que fagocita el arte y la vida que, en el espacio que queda entremedias, se abre camino."",J"
355178,Amy Schumer: Live at the Apollo,2015-10-17,Chris Rock,Amy Schumer,Comedia,5.91,/bZji0NPuue5QkO9K5ypvb4CoRnj.jpg,La cÛmica y actriz Amy Schumer protagoniza su primer monÛlogo especial de comedia de HBO con p˙blico en directo en el histÛrico teatro Apollo de Nueva York.,H
"9535,Analyze This,1999-03-05,Harold Ramis,""Robert De Niro, Billy Crystal, Lisa Kudrow, Chazz Palminteri, Kresh Novakovic"",""Comedia,Crimen"",6.506,/eqa4TEgkx63WRhqyD8eTwmL7bUi.jpg,""Paul Vitti (De Niro), uno de los capos de la mafia m·s poderosos de la ciudad sufre de inseguridad, y como se acerca una reuniÛn de todos los capos donde se debe decidir quien ser· el nuevo jefe de todos los jefes, debe encontrar una soluciÛn para que no piensen que es un cobarde. Y como cualquier hijo de vecino, lo m·s lÛgico es que vaya a un psiquiatra. Por casualidad uno de sus secuaces choca con Ben Sobol (Crystal), un """"comecocos"""" divorciado que est· a punto de casarse, y Vitti empieza a recibir terapia. El ˙nico problema es que Sobol debe estar disponible las 24 horas del dÌa, si no quiere acabar en el rÌo, y no precisamente para remojarse. Pero con el paso del tiempo se ir·n conociendo mejor, llegando incluso a involucrarse demasiado en los negocios no demasiado turbios del jefe mafioso."",K"
"109443,Anchorman 2: The Legend Continues,2013-12-18,Adam McKay,""Will Ferrell, Steve Carell, Paul Rudd, David Koechner, Christina Applegate"",Comedia,6.138,/BAdmxMdCqzjs6hx3KuEtnoWP8d.jpg,""El reportero mejor valorado de San Diego, Ron Burgundy, regresa por sorpresa al canal de noticias 24 horas de Nueva York."",G"
"8469,Animal House,1978-07-28,John Landis,""John Belushi, Karen Allen, Tom Hulce, Stephen Furst, Mark Metcalf"",Comedia,6.969,/fWooBbipMRIKeSRhEzmeaDV0T8H.jpg,""El Faber College es una Universidad privada de EE.UU, fundada a finales del siglo pasado por Emil Faber. Sin embargo, posee algunas caracterÌsticas que la hacen diferente del resto, por su car·cter especialmente clasista. Existen en su organizaciÛn dos partes: la Casa Omega est· integrada por estudiantes serios y estirados; los de la Casa Delta son todo lo contrario... Comedia que obtuvo un enorme Èxito de taquilla en Estados Unidos; de hecho se mantuvo durante dÈcadas como una de las pelÌculas m·s taquilleras."",O"
"669664,""My Donkey, My Lover & I"",2020-09-16,Caroline Vignal,""Laure Calamy, Benjamin Lavernhe, Olivia CÙte, Monsieur Fraize, Jean-Pierre Martins"",""Comedia,Aventura,Romance"",6.406,/3qklGXEiFWUiX2SZgHrTBW8iKte.jpg,""Antoinette, una maestra de escuela, espera con ansias sus largas vacaciones de verano planeadas con su amante secreto Vladimir, el padre de uno de sus alumnos. Al enterarse de que Vladimir no puede venir porque su esposa organizÛ unas vacaciones de trekking sorpresa con su hija y un burro para llevar su carga, Antoinette decide seguir su rastro, sola, con Patrick, un burro protector."",J"
"212,Arsenic and Old Lace,1944-09-01,Frank Capra,""Cary Grant, Priscilla Lane, Josephine Hull, Jean Adair, Raymond Massey"",""Comedia,Crimen"",7.629,/xG1GEEQGgExKl0WT5sRo1Arst5D.jpg,Un crÌtico teatral que acaba de casarse decide visitar a sus ancianas tÌas antes de marcharse de luna de miel. Durante la visita descubrir· que las encantadoras viejecitas tienen una manera muy peculiar de practicar la caridad.,K"
"13665,Arthur,1981-07-17,Steve Gordon,""Dudley Moore, Liza Minnelli, John Gielgud, Geraldine Fitzgerald, Jill Eikenberry"",""Comedia,Drama,Romance"",6.5,/m8yOFRDVZPxtsr4D2hVdzls6q6t.jpg,""Arthur Bach es el millonario m·s encantador del mundo, pero la mayor parte del tiempo est· borracho. De repente, su familia le plantea un dilema: si quiere heredar 750 millones de dÛlares deber· casarse con su aburrida novia de Long Island en menos de un mes."",J"
"43317,Artists and Models,1955-11-07,Frank Tashlin,""Dean Martin, Jerry Lewis, Shirley MacLaine, Dorothy Malone, Eddie Mayehoff"",Comedia,6.7,/hKP3lBDj320ruxQ9JepgyEglNad.jpg,""Eugene y Rick son dos cÛmicos que comparten piso. Rick no soporta a Eugene porque Èste, que es un fan·tico de los cÛmics de Pulp Fiction, tiene constantes pesadillas. Pronto, la tolerancia de Rick aumenta, pues las pesadillas de Eugene son un material excelente para aprovechar en un nuevo cÛmic que tiene en mente."",K"
"818,Austin Powers in Goldmember,2002-07-26,Jay Roach,""Mike Myers, BeyoncÈ, Seth Green, Michael York, Robert Wagner"",""Comedia,Crimen,Ciencia ficciÛn"",6.01,/n8V61f1v7idya4WJzGEJNoIp9iL.jpg,""El agente Austin Powers se enfrenta de nuevo al doctor Maligno y a su cÛmplice, Mini-Yo; que tras escapar de una c·rcel de m·xima seguridad obliga a Austin Powers a ponerse de nuevo en acciÛn. Miembro de Oro es un misterioso personaje que ayuda al doctor Maligno a idear el plan para dominar el mundo. El malvado viajar· en el tiempo y secuestrar· al padre del protagonista.... Otro gran Èxito de taquilla de las aventuras del singular espÌa funky protagonizado por el famoso cÛmico Mike Myers."",M"
"816,Austin Powers: International Man of Mystery,1997-05-02,Jay Roach,""Mike Myers, Elizabeth Hurley, Michael York, Mimi Rogers, Robert Wagner"",""Ciencia ficciÛn,Comedia,Crimen"",6.588,/5uD4dxNX8JKFjWKYMHyOsqhi5pN.jpg,""FotÛgrafo por el dÌa y superagente brit·nico por la noche, Austin Powers es el espÌa m·s irreverente de los aÒos 60. øPodr· detener al megalÛmano Doctor Villano antes de que se congele a sÌ mismo para revivir en los 90? Con la ayuda de su atractiva compinche Vanessa Kensington, se supone que sÌ."",M"
"817,Austin Powers: The Spy Who Shagged Me,1999-06-08,Jay Roach,""Mike Myers, Heather Graham, Verne Troyer, Michael York, Robert Wagner"",""Aventura,Comedia,Crimen,Ciencia ficciÛn"",6.297,/jiF7UShERJFn5RtgfBK2lIJrOTc.jpg,""Austin Powers es un agente secreto de los aÒos 60 que, tras ser congelado, vuelve a la vida en los aÒos 90. En esta nueva entrega de sus aventuras, Austin Powers se enfrentar· con nuevos villanos, pero deber· volver a luchar con el Doctor Maligno, su m·ximo enemigo. El malvado doctor tiene un siniestro plan: ha inventado una m·quina del tiempo que le permitir· volver a los aÒos 60 y destruir a su archienemigo, que deber· unir sus fuerzas a una bella agente para derrotarle."",M"
"36488,Bachelor Mother,1939-06-30,Garson Kanin,""Ginger Rogers, David Niven, Charles Coburn, Frank Albertson, E. E. Clive"",""Comedia,Romance"",7.1,/asVj2RpNpr9CSDYdYYu5Osg33A.jpg,""Una joven dependienta de una tienda, que acaba de ser despedida, encuentra un bebÈ abandonado, creyendo todos que es su madre biolÛgica...."",G"
"105,Back to the Future,1985-07-03,Robert Zemeckis,""Michael J. Fox, Christopher Lloyd, Crispin Glover, Lea Thompson, Claudia Wells"",""Aventura,Comedia,Ciencia ficciÛn"",8.3,/vN5B5WgYscRGcQpVhHl6p9DDTP0.jpg,""El adolescente Marty McFly es amigo de Doc, un cientÌfico al que todos toman por loco. Cuando Doc crea una m·quina para viajar en el tiempo, un error fortuito hace que Marty llegue a 1955, aÒo en el que sus futuros padres a˙n no se habÌan conocido. DespuÈs de impedir su primer encuentro, deber· conseguir que se conozcan y se casen; de lo contrario, su existencia no serÌa posible."",H"
"165,Back to the Future Part II,1989-11-22,Robert Zemeckis,""Michael J. Fox, Christopher Lloyd, Lea Thompson, Thomas F. Wilson, Elisabeth Shue"",""Aventura,Comedia,Ciencia ficciÛn"",7.8,/YBawEsTkUZBDajKbd5LiHkmMGf.jpg,""Aunque a Marty McFly todavÌa le falta tiempo para asimilar el hecho de estar viviendo dentro de la familia perfecta gracias a su anterior viaje en el tiempo, no le queda ni espacio para respirar cuando su amigo Doc aparece de improviso con la m·quina del tiempo (mucho m·s modernizada), e insta a que le acompaÒen Èl y su novia a viajar al futuro para solucionar un problema con la ley que tendr· uno de sus futuros hijos. En la tremenda vor·gine futurista, con todo lo que ello conlleva, del Hill Valley de 2015, la presencia de tales viajeros temporales causar· un efecto mayor que el que iban a arreglar. Un almanaque deportivo y la posesiÛn del secreto de la existencia de la m·quina del tiempo por parte del siempre villano Biff Tannen, ser·n los ingredientes que conjugar·n una causa-efecto en el pasado, en el presente y en el propio futuro, que har· que Marty y Doc se tengan que emplear a fondo para poner fin a la cat·strofe a la que les lleva el destino."",H"
"196,Back to the Future Part III,1990-05-25,Robert Zemeckis,""Michael J. Fox, Christopher Lloyd, Mary Steenburgen, Thomas F. Wilson, Lea Thompson"",""Aventura,Comedia,Ciencia ficciÛn"",7.5,/crzoVQnMzIrRfHtQw0tLBirNfVg.jpg,""Marty McFly sigue en 1955 y su amigo Doc ha retrocedido al aÒo 1885, la Època del salvaje oeste. …ste le envÌa una carta donde comenta que la m·quina del tiempo est· averiada, y que es imposible repararla. Sin embargo no le preocupa estar atrapado en el pasado, pues allÌ es muy feliz trabajando de herrero aunque convive con malhechores. Pero Marty descubre una vieja tumba en la que lee que Doc muriÛ en 1885 y, sin pens·rselo dos veces, ir· a rescatar a su amigo."",H"
"11519,1941,1979-12-14,Steven Spielberg,""Dan Aykroyd, Ned Beatty, John Belushi, Lorraine Gary, Murray Hamilton"",""Comedia,BÈlica"",5.762,/52Bn5yC6IHQuVxPUza3Q6RZCZTu.jpg,La histeria colectiva se apodera de los habitantes de las costas de California en los dÌas posteriores al ataque japonÈs contra Pearl Harbor. Un submarino nipÛn se ha extraviado y la poblaciÛn teme una invasiÛn.,G"
"84165,2 Days in New York,2012-03-28,Julie Delpy,""Julie Delpy, Chris Rock, Albert Delpy, Kate Burton, Dylan Baker"",""Comedia,Drama,Romance"",5.6,/tK6G639JfQV36WRr9wTu1D9iZRg.jpg,""Marion (Delpy) se ha separado de Jack, pero su nuevo novio (Chris Rock) tendr· que vÈrselas con el excÈntrico padre y con toda la familia de ella durante una visita de dos dÌas en New York. Secuela de Dos dÌas en ParÌs (2007)."",G"
"1845,2 Days in Paris,2007-02-09,Julie Delpy,""Julie Delpy, Adam Goldberg, Daniel Br¸hl, Adan Jodorowsky, Alexandre Nahon"",""Comedia,Romance"",6.2,/4yf8vcgJtADTTPP0Ltq2KhqLfdE.jpg,""Julie Delpy dirige, protagoniza, produce y escribe la m˙sica de su Ûpera prima. Marion (Delpy), una fotÛgrafa francesa, decide llevar a Jack, su novio americano (Adam Goldberg), de visita a ParÌs con la esperanza de que la relaciÛn adquiera algo de romanticismo. Pero los pesadÌsimos padres de Marion, sus ex novios y la obsesiÛn de Jack por fotografiar cada monumento funerario de la ciudad no facilitar·n mucho las cosas."",G"
"63066,25 Watts,2001-01-28,Juan Pablo Rebella,""Daniel Hendler, Jorge Temponi, Alfonso Tort, ValentÌn Rivero, Walter Reyno"",""Comedia,Drama"",6.6,/agNqkre8kYfCLaFb38NhXdmPiMv.jpg,""Javi, Seba y Leche son tres amigos que se pasan el dÌa sin nada que hacer. Reacios a trabajar, a estudiar o a comprometerse, su diversiÛn consiste en juntarse en el barrio a fumar, tomar cerveza y criticar esperando el prÛximo domingo."",H"
"584427,4L,2019-03-01,Gerardo Olivares,""Jean Reno, Hovik Keuchkerian, Susana Abaitua, Arturo Valls, Enrique San Francisco"",""Comedia,Drama"",5.909,/hxtvnvWdeibiDc6mU5ftAUPGofe.jpg,""Al saber que su amigo Joseba est· enfermo, Tocho y Jean Pierre deciden ir a visitarle a Mali. Recordando los viajes que hicieron los tres juntos cruzando ¡frica en coches que luego vendÌan en Mali y NÌger, se aventuran en el desierto del S·hara a bordo de un 4 latas."",K"
"101475,On the Tiger's Back,1961-12-20,Luigi Comencini,""Nino Manfredi, Mario Adorf, Valeria Moriconi, Gian Maria VolontÈ, Raymond BussiËres"",""Drama,Comedia"",7.2,/isrepjJ8j8a2lHSRGZuuF4e111E.jpg,""Giacinto Rossi es un infeliz condenado a tres aÒos de prisiÛn por simular un robo. Cuando sÛlo le quedan 10 meses para salir y volver con su mujer e hijos, sus tres compaÒeros de celda lo incluyen a la fuerza en sus planes de fuga. (FILMAFFINITY)"",J"
"11287,A League of Their Own,1992-07-01,Penny Marshall,""Tom Hanks, Geena Davis, Lori Petty, Madonna, Rosie O'Donnell"",""Comedia,Drama"",7.212,/f9BtX6wYOwJUyfUr4vyeT3COz6m.jpg,""En 1943, mientras los hombres estaban en la guerra, el bÈisbol estuvo a punto de desaparecer. Se formÛ entonces una liga femenina que intentaba captar la atenciÛn del p˙blico. Dottie y Mae formaban parte de uno de esos equipos femeninos que debÌan demostrar que eran capaces de competir y luchar como hombres. Lo peor era que tenÌan que soportar a Jimmy, un sarc·stico y alcohÛlico entrenador."",J"
"348678,A Man Called Ove,2015-12-25,Hannes Holm,""Rolf LassgÂrd, Bahar Pars, Filip Berg, Ida Engvoll, Tobias Almborg"",""Comedia,Drama"",7.6,/gGYF6C7YzU63kHQd6k14ZE3LkND.jpg,""Ove (Rolf LassgÂrd), de 59 aÒos, es un hombre gruÒÛn que ha perdido la fe en todo el mundo, incluido en Èl mismo; hasta que su visiÛn negativa del hombre y la sociedad es puesta a prueba por una familia que se muda a la casa de al lado."",M"
"33998,A Monkey in Winter,1962-07-29,Henri Verneuil,""Jean Gabin, Jean-Paul Belmondo, Suzanne Flon, Gabrielle Dorziat, Hella Petri"",""Drama,Comedia"",7.57,/p6hR3crjzzfhRxryu9uHri27FYt.jpg,""Gabriel llega a las costas de NormandÌa para visitar a su hija, interna en un colegio de seÒoritas. AllÌ traba amistad con Albert, un hombre mayor y amargado que ahoga sus penas en alcohol. (FILMAFFINITY)"",J"
"232572,A Walk in the Woods,2015-09-02,Ken Kwapis,""Robert Redford, Nick Nolte, Emma Thompson, Nick Offerman, Kristen Schaal"",""Aventura,Comedia,Drama"",6.125,/zJmNuWakSSaJvywYyxZIS9EGWPN.jpg,""Tras pasar dos dÈcadas en Inglaterra, Bill Bryson regresa a los Estados Unidos con el fin de emprender la gran aventura de su vida: escalar los Apalaches, atravesando algunos de los paisajes m·s bellos del continente. En este viaje cuenta con la ayuda de un viejo amigo, que es el ˙nico loco dispuesto a acompaÒarlo. El ˙nico problema es que tienen una idea muy distinta de lo que significa """"aventura"""". AdaptaciÛn de las memorias de Bryson, un conocido escritor de libros de viajes."",H"
"2757,Adaptation.,2002-12-06,Spike Jonze,""Nicolas Cage, Meryl Streep, Chris Cooper, Tilda Swinton, Jay Tavare"",""Comedia,Crimen,Drama"",7.3,/ffEmHQAiD0m5dEQ6rlsuA9vlllW.jpg,""Charlie Kaufman, un guionista de Los ¡ngeles, vive un periodo de crisis creativa, todo lo contrario que su hermano gemelo Donald. Charlie escribe tal como vive: con gran dificultad y lleno de inseguridades, mientras que Donald vive tal como escribe: con dejadez. Por su parte, Susan escribe sobre la vida, pero es incapaz de vivirla. Por el contrario, la intensa y aventurera vida de John es digna de una novela."",N"
"14588,After the Thin Man,1936-12-25,W.S. Van Dyke,""William Powell, Myrna Loy, James Stewart, Elissa Landi, Joseph Calleia"",""Comedia,Misterio,Crimen"",7.4,/1fkCHOffEkPOY0UwSrvzG6YKDVp.jpg,""Es fin de aÒo, y Nick y Nora Charles han regresado a la costa Oeste, a San Francisco, tras pasar sus vacaciones de Navidad en Nueva York. Nada m·s llegar se encuentran con otro misterio: el juguetÛn marido de la prima de Nora ha desaparecido. Comienza asÌ la reuniÛn con sospechosos insÛlitos... Basada en una novela de Dashiell Hammett"",J"
"632318,AlelÌ,2019-10-02,Leticia Jorge,""NÈstor Guzzini, Mirella Pascual, Cristina Mor·n, Romina Peluffo, Laila Reyes Silberberg"",""Comedia,Drama"",6.8,/9gtcPLk0qEGghqIW1g7DJ4Jydf3.jpg,""AL de Alba y Alfredo, E de Ernesto y LI de Lilia?n. Las iniciales de todos forman el nombre que cuelga al frente de la casa de playa: ALELI?. De todos menos de Silvana, que naciÛ? tarde. DespuÈs de la muerte del padre de los Mazzotti, la venta de la casa es inminente. A raÌz de un inesperado retraso en la ejecuciÛn de la venta, la familia se embarca en un fin de semana de ira desenfrenada, voluntades encontradas, nostalgia no resuelta, sillas de playa, flores de Bach y encontronazos con la ley. Un fin de semana en el que todos chocar·n entre si?, figurativa y literalmente hablando."",J"
"7857,Amarcord,1973-12-18,Federico Fellini,""Pupella Maggio, Armando Brancia, Magali NoÎl, Ciccio Ingrassia, Nando Orfei"",""Comedia,Drama"",7.884,/cRqiuvomxe1ZxXaqsYHBg6PXcyK.jpg,""Historia de un hombre que un dÌa se da cuenta de que apenas reconoce a las personas con las que ha vivido durante aÒos, hasta el punto de que su propia esposa e hijos le parecen extraÒos y todo lo que lo rodea le resulta opaco e indiferente. Se lanza entonces a la b˙squeda desesperada de alg˙n punto de referencia para recuperar su identidad y no hundirse en el caos. Emprende asÌ, a travÈs de las ilimitadas regiones de la memoria, un viaje que lo conduce a la infancia, a la Època en que era un niÒo que vivÌa en un pequeÒo pueblo costero; a la Italia de los aÒos treinta, cuando el fascismo habÌa alcanzado el punto culminante de su apogeo."",J"
"682012,Little AmÈlie or the Character of Rain,2025-06-25,MaÔlys Vallade,""LoÔse Charpentier, Victoria Grobois, Yumi Fujimori, Cathy Cerda, Marc Arnaud"",""AnimaciÛn,Drama,Familia"",7.996,/As1MI46u7yWuBhZ5AI41GdB867G.jpg,""El mundo es un misterio confuso y pacÌfico para AmÈlie hasta que un encuentro milagroso con el chocolate enciende su salvaje curiosidad. A medida que desarrolla un profundo apego a la ama de llaves de su familia, Nishio-san, AmÈlie descubre las maravillas de la naturaleza, asÌ como las verdades emocionales ocultas bajo la superficie de la vida idÌlica de su familia como extranjeros en un JapÛn de la post-guerra."",J"
"14,American Beauty,1999-09-15,Sam Mendes,""Kevin Spacey, Annette Bening, Thora Birch, Wes Bentley, Mena Suvari"",Drama,8.001,/wby9315QzVKdW9BonAefg8jGTTb.jpg,""Divertida, inquietante y sorprendente incursiÛn en la AmÈrica suburbana a travÈs de las vidas de Lester y Carolyn, una pareja perteneciente a la clase medio-alta cuyo matrimonio -y cuyas vidas- lentamente se deshacen. Carolyn odia a su marido, su hija lo desprecia y su jefe est· a punto de despedirlo. AsÌ que Lester decide cambiar algunas cosas en su vida; a medida que va siendo m·s libre, consigue ser m·s feliz, lo que enfurece m·s a su esposa y a su hija."",M"
"628917,An American Pickle,2020-08-06,Brandon Trost,""Seth Rogen, Sarah Snook, Molly Evensen, Eliot Glazer, Kalen Allen"",""Comedia,Drama"",5.741,/8ziUp2q71vCmMgYY2MRCwI3mSs5.jpg,""Un trabajador inmigrante en una f·brica de encurtidos se conserva accidentalmente durante 100 aÒos y se despierta en la actual Brooklyn. Se entera de que su ˙nico pariente sobreviviente es su bisnieto, un codificador de computadoras con el que no puede conectarse."",K"
"17663,Anne of Green Gables,1985-12-01,Kevin Sullivan,""Megan Follows, Colleen Dewhurst, Richard Farnsworth, Patricia Hamilton, Marilyn Lightstone"",""Familia,Drama"",8.1,/z1owlDzKO3DQpFKNFBnuQlPF891.jpg,""Todo un cl·sico de la televisiÛn canadiense -a su vez basada en una joya de la literatura infantil del paÌs norteamericano-. Ambientada en la isla de Prince Edward a finales del siglo XIX, narra la historia de Anne, una niÒa huÈrfana de once aÒos que viaja desde el orfanato donde reside hasta la granja de """"Tejas Verdes"""". AllÌ una pareja de hermanos, ambos mayores, la esperan para adoptarla. Al llegar, la niÒa descubre que todo ha sido un error porque los Cuthbert esperaban en realidad adoptar un muchacho que pudiera ayudarles a llevar la granja. (FILMAFFINITY)"",N"
"703,Annie Hall,1977-04-19,Woody Allen,""Woody Allen, Diane Keaton, Tony Roberts, Carol Kane, Paul Simon"",""Comedia,Drama,Romance"",7.7,/dEtjPywhDbAXYjoFfhBC4U9unU7.jpg,""Alvy Singer, un tipo algo neurÛtico, trabaja como humorista en clubs nocturnos. A sus 40 aÒos, tras romper con Annie, su ˙ltima novia, reflexiona sobre su vida, rememorando sus amores, sus matrimonios, pero muy en especial su relaciÛn con Annie, a la que conociÛ en una cancha de tenis. Al final, llega a la conclusiÛn de que son sus manÌas y obsesiones las que siempre acaban arruinando su relaciÛn con las mujeres."",H"
"2898,As Good as It Gets,1997-12-19,James L. Brooks,""Jack Nicholson, Helen Hunt, Greg Kinnear, Cuba Gooding Jr., Shirley Knight"",""Drama,Comedia,Romance"",7.403,/xXxuJPNUDZ0vjsAXca0O5p3leVB.jpg,""Melvin Udall, un escritor obsesivo y mani·tico, es uno de los seres m·s desagradables y desagradecidos que uno pueda tener como vecino. Pero, un buen dÌa, tiene que hacerse cargo de un perro al que odia a muerte. La presencia en su vida del animal ablandar· su corazÛn."",N"
"362364,Asphalt,1959-02-18,HervÈ Bromberger,""FranÁoise Arnoul, Massimo Girotti, Jean-Paul Vignon, Dany Saval, Anne-Marie Coffinet"",Drama,7.0,/zEYFiUGU5rEnTMyqCzq1xmQzrsC.jpg,,N"
"194722,At Middleton,2013-10-09,Adam Rodgers,""Andy Garcia, Vera Farmiga, Taissa Farmiga, Spencer Rocco Lofranco, Nicholas Braun"",""Romance,Comedia"",6.2,/6hhXewoxobQ0C6sWFmvnsslvZOB.jpg,""La pelicula nos cuenta una historia de amor y nos hace ver que nunca somos lo bastante mayores para encontrar a alguien para compartir nuestra vida y enamorarnos. Esto es lo que ocurre en la pelÌcula, en la que dos padres divorciados se encuentran por casualidad cuando acompaÒan a sus respectivos hijos.  George y Edith est·s divorciados, y ese dÌa van con sus hijos a hacer un tour por la Universidad, para conocerla y ver si es lo que quieren. AsÌ es como se ven por primera vez y se conocen.  Sus hijos est·n en una edad en la que no quieren estar con sus padres, por lo que George y Edith pronto se cansan de ellos, y se van solos a dar una vuelta por el campus universitario, lo que hace que recuerden viejos tiempos, cuando los dos eran jÛvenes.  De esta manera tan sencilla ven que nada est· perdido y que serÌa una buena idea empezar una relaciÛn, pese a lo que piensen sus hijos."",H"
"152737,August: Osage County,2013-12-26,John Wells,""Meryl Streep, Julia Roberts, Julianne Nicholson, Juliette Lewis, Ewan McGregor"",""Comedia,Drama"",6.856,/fvjxr77dfxdIOY3lvj0bHP4B5xT.jpg,""Los Weston viven en una gran mansiÛn en las afueras de Pawhuska, en Oklahoma. La desapariciÛn del padre en extraÒas circunstancias hace que la familia se re˙na y que todas sus miserias salgan a la luz. AdaptaciÛn al cine de la obra de teatro del mismo tÌtulo, ganadora del Premio Pulitzer en 2008."",G"
"615777,Babylon,2022-12-22,Damien Chazelle,""Diego Calva, Margot Robbie, Brad Pitt, Jovan Adepo, Jean Smart"",""Drama,Comedia"",7.4,/wjOHjWCUE0YzDiEzKv8AfqHj3ir.jpg,""Ambientada en Los Angeles durante los aÒos 20, cuenta una historia de ambiciÛn y excesos desmesurados que recorre la ascensiÛn y caÌda de m˙ltiples personajes durante una Època de desenfrenada decadencia y depravaciÛn en los albores de Hollywood."",N"
"52841,Bachelor in Paradise,1961-11-01,Jack Arnold,""Bob Hope, Lana Turner, Janis Paige, Jim Hutton, Paula Prentiss"",""Comedia,Romance"",6.271,/b5KDQqX4wIbT9G2Er8juwnd3E8c.jpg,""Un famoso escritor de novelas femeninas, solterÛn empedernido, se retira a un pueblo de California para escribir sobre las mujeres. AllÌ, todas las casadas se fijan en el forastero, pero Èl se queda prendado de la ˙nica soltera, que har· lo posible para llevarlo al altar"",J"
"530723,Bad Education,2019-09-08,Cory Finley,""Hugh Jackman, Allison Janney, Geraldine Viswanathan, Alex Wolff, Rafael Casal"",""Drama,Crimen,Historia"",6.738,/gizz5FphOtfSnLaGpRALOZgILd5.jpg,""Frank Tassone (Hugh Jackman) es uno de los gerentes m·s destacados del distrito escolar de Roslyn, que vive para asegurarse que la educaciÛn de los alumnos sea la mejor que estos puedan recibir. De forma paralela, se lucra personalmente con los fondos p˙blicos para vivir una vida llena de lujos."",K"
"3543,Bagdad Cafe,1987-11-12,Percy Adlon,""Marianne S‰gebrecht, CCH Pounder, Jack Palance, Christine Kaufmann, Monica Calhoun"",""Comedia,Drama"",7.2,/mKmtq9sYlnFDxXlhZd065ZPgHAd.jpg,""En medio del desierto de Mohave (EE.UU.), la alemana Jasmine y su marido tienen una fuerte discusiÛn. Ella se baja del coche, coge la maleta y llega a un sucio bar de carretera, el Bagdad CafÈ, regentado por una mujer negra llamada Brenda. Jasmine se instala allÌ y, poco a poco, entabla amistad con los clientes habituales. Entre ellos se encuentra un antiguo decorador de Hollywood, empeÒado en retratar a la alemana. Mientras, Èsta consigue transformar el destartalado local en un lugar muy popular, al que cada noche acude una numerosa clientela."",M"
"29884,Ball of Fire,1941-12-02,Howard Hawks,""Gary Cooper, Barbara Stanwyck, Oskar Homolka, Henry Travers, S.Z. Sakall"",""Comedia,Romance,Crimen"",7.4,/t9L16dMTuNq4saLpQswZjkNvaMt.jpg,""Gracias a la donaciÛn de un cuarto de millÛn de dÛlares, un grupo de profesores estrafalarios, todos solteros salvo uno que es viudo, trabajan en la elaboraciÛn de una enciclopedia del saber humano. Cuando el trabajo se encuentra ya en una fase bastante avanzada, la visita sorpresa de una bailarina de cabaret les hace replantearse su labor, pues caen en la cuenta de que viven de espaldas al mundo."",P"
"730769,Some Like It Rare,2021-09-10,Fabrice Ebou√©,""Fabrice Ebou√©, Marina Fo√Øs, Virginie Hocq, Jean-Fran√ßois Cayrey, Lisa Do Couto Texeira"",""Comedia,Terror"",6.436,/ne54bsaNECEP1nriosctoGWI3WN.jpg,""La peque√±a carnicer√≠a de Sophie y Vincent est√° al borde de la bancarrota y su matrimonio se est√° desmoronando. Sus vidas dan un vuelco cuando Vincent mata accidentalmente a un activista vegano que destroz√≥ su tienda. Abrumados y aterrorizados por ser acusados de asesinato, su √∫nica soluci√≥n es deshacerse del cuerpo convirti√©ndolo en jam√≥n. Para su sorpresa, el jam√≥n es tan popular que puede salvar su negocio... ¬°eso si est√°n listos para seguir """"cazando""""!"",M"
"685691,""BARDO, False Chronicle of a Handful of Truths"",2022-10-27,Alejandro Gonz·lez IÒ·rritu,""Daniel GimÈnez Cacho, Griselda Siciliani, Õker S·nchez Solano, Ximena Lamadrid, Luz JimÈnez"",""Comedia,Drama"",6.817,/bCU9kfgIfLuxTivXmJ66f93d1tP.jpg,""Silverio, un reconocido periodista y documentalista mexicano radicado en Los ¡ngeles, quien luego de ser galardonado con un prestigioso premio internacional, se ve obligado a regresar a su paÌs natal, sin saber que este simple viaje lo llevar· a un lÌmite existencial."",N"
"429107,Beatriz at Dinner,2017-06-09,Miguel Arteta,""Salma Hayek Pinault, John Lithgow, Connie Britton, Jay Duplass, Amy Landecker"",""Comedia,Drama"",5.768,/ypvlGBvm6p0EIvKCzJw0OqsuzK5.jpg,""Beatriz es una mujer hispana que practica la medicina sanadora """"alternativa?"""". Un dÌa, tras averiarse su coche en casa de uno de sus clientes millonarios, se une como invitada a una fiesta en esa vivienda en la que estar·n solo norteamericanos. (FILMAFFINITY)"",M"
"4011,Beetlejuice,1988-03-30,Tim Burton,""Alec Baldwin, Geena Davis, Winona Ryder, Catherine O'Hara, Jeffrey Jones"",""FantasÌa,Comedia"",7.366,/nnl6OWkyPpuMm595hmAxNW3rZFn.jpg,""øQuÈ deberÌa hacer una pareja de fantasmas si su estrafalario hogar de Nueva Inglaterra se llenara de elegantes visitantes neoyorquinos? Pedir ayuda a un exorcista para aterrorizar a los intrusos con el fin de que abandonen la casa. Bitelch˙s es una criatura de ultratumba repugnante y terrorÌfica, un fenÛmeno asustando y bromeando que se gira y se transforma en grotescas formas, traga insectos y no puede dejar a las mujeres (vivas o muertas) en paz."",N"
"132344,Before Midnight,2013-04-05,Richard Linklater,""Ethan Hawke, Julie Delpy, Seamus Davey-Fitzpatrick, Jennifer Prior, Charlotte Prior"",""Romance,Drama"",7.497,/qbGKJmNUroDz75kh5Oafoall89e.jpg,""Han pasado dos dÈcadas desde que se encontraron por primera vez en un tren en Vienna ('Antes del amanecer' (1995)), y m·s tarde en ParÌs ('Antes del atardecer' (2004)). Ahora es el turno de Grecia, p·is en el que Celine y Jesse se encuentran de visita. La tercera entrega de la trilogÌa, retomando las vidas de los protagonistas, nueve aÒos despuÈs de su segundo encuentro rom·ntico y el misterio sobre cÛmo concluyÛ."",G"
"198277,Begin Again,2014-06-27,John Carney,""Mark Ruffalo, Keira Knightley, Adam Levine, Hailee Steinfeld, Catherine Keener"",""Comedia,M˙sica,Romance,Drama"",7.235,/qx4HXHXt528hS4rwePZbZo20xqZ.jpg,""La pasiÛn por la m˙sica lleva a Gretta y a Dave, novios desde el instituto, hasta Nueva York. Pero cuando Èl, una vez alcanzado el Èxito y la fama, la abandona, ella se queda completamente desolada. Una noche, un productor de discos reciÈn despedido, la ve actuar en un bar de Manhattan y queda cautivado por su talento."",G"
"10322,Being There,1979-12-19,Hal Ashby,""Peter Sellers, Shirley MacLaine, Melvyn Douglas, Jack Warden, Richard Dysart"",""Comedia,Drama"",7.592,/3RO3jbCKEey2T9bYFkYt9xpwen9.jpg,""Chance es un hombre peculiar. Su vida se reduce a cuidar el jardÌn de la mansiÛn de un hombre adinerado y a ver la televisiÛn el resto del dÌa. Pero, cuando el dueÒo de la casa muere y Chance es despedido, no est· preparado para hacer frente al mundo exterior. Tiene, sin embargo, la suerte de conocer a Eve, una buena mujer que lo acoge en su casa. Lo paradÛjico es que, poco a poco, este hombre analfabeto conseguir· engaÒar a muchos haciÈndoles creer que es un gran polÌtico."",K"
"2470,Belle …poque,1992-12-04,Fernando Trueba,""PenÈlope Cruz, Miriam DÌaz-Aroca, Gabino Diego, Fernando Fern·n GÛmez, Michel Galabru"",""Comedia,Drama,Romance"",6.65,/Aeiy8R2cTm15WaosWpnFIOxetCJ.jpg,""Poco antes de estallar la Guerra Civil espaÒola (1936-1939), Fernando decide desertar y se refugia en una casa de campo, donde es bien acogido por Manolo, un pintor excÈntrico que vive retirado debido a sus ideas polÌticas. El chico mantiene sucesivamente relaciones con las cuatro hijas de su protector (RocÌo, Violeta, Clara y Luz), sin saber muy bien de cu·l de ellas est· enamorado."",G"
"90,Beverly Hills Cop,1984-12-05,Martin Brest,""Eddie Murphy, Judge Reinhold, John Ashton, Lisa Eilbacher, Ronny Cox"",""Comedia,Crimen,AcciÛn"",7.199,/eBJEvKkhQ0tUt1dBAcTEYW6kCle.jpg,""Axel Foley es un impetuoso e inteligente detective de Detroit que sigue la pista del asesino de un amigo suyo hasta los barrios m·s elegantes de Beverly Hills. Pero antes de que Axel logre su objetivo, va a verse involucrado en una red internacional de contrabandistas y traficantes de droga."",N"
"5259,The Band's Visit,2007-09-13,Eran Kolirin,""Sasson Gabai, Ronit Elkabetz, Saleh Bakri, Khalifa Natour, Shlomi Avraham"",""Comedia,Drama"",7.009,/5dXNlTuVkTdMct6sJWXcUEvzzsS.jpg,""Una banda compuesta por miembros de la policÌa egipcia se dirige a Israel para tocar en la ceremonia inaugural de un centro de artes ·rabe, sÛlo para encontrarse perdidos en la ciudad equivocada."",M"
"1075,""Black Cat, White Cat"",1998-06-01,Emir Kusturica,""Bajram Severdûan, Sr?an 'éika' Todorovi?, Zabit Memedov, Florijan Ajdini, Branka Kati?"",""Comedia,Romance,Crimen"",7.668,/7k4HqQFytLKGHu1PIDZUxzooTx9.jpg,""Matko es un estafador de poca monta que viven a orillas del Danubio con Zare, su hijo de 17 aÒos. DespuÈs de un chanchullo fallido, le debe dinero a Dadan, un g·nster con m·s Èxito. Dadan tiene una hermana poco agraciada, Afrodita, a la que quiere ver casada cuanto antes, por lo que llegan a un acuerdo para saldar la deuda: que Zare se case con ella."",H"
"765869,Black Friday,2021-11-19,Casey Tebo,""Devon Sawa, Ivana Baquero, Ryan Lee, Stephen Amethyst Peck, Michael Jai White"",""Terror,Comedia,Ciencia ficciÛn"",5.0,/vf9Ex4EwSPlwbva4ZJdljsQQOML.jpg,Un grupo de empleados de una tienda de juguetes debe protegerse unos a otros de un montÛn de compradores infectados por par·sitos.,J"
"487558,BlacKkKlansman,2018-08-09,Spike Lee,""John David Washington, Adam Driver, Topher Grace, Laura Harrier, Alec Baldwin"",""Crimen,Comedia,Drama,Historia"",7.49,/8jxqAvSDoneSKRczaK8v9X5gqBp.jpg,""A principios de los aÒos setenta, una Època de gran agitaciÛn social con la encarnizada lucha por los derechos civiles como telÛn de fondo, Ron Stallworth se convierte en el primer detective negro del departamento de policÌa de Colorado Springs, pero es recibido con escepticismo y hostilidad por los mandos y los agentes. Sin amedrentarse, decide seguir adelante y hacer algo por su comunidad llevando a cabo una misiÛn muy peligrosa: infiltrarse en el Ku Klux Klan y exponerlo ante la ciudad."",K"
"160588,Blue Jasmine,2013-08-01,Woody Allen,""Cate Blanchett, Sally Hawkins, Alec Baldwin, Peter Sarsgaard, Bobby Cannavale"",Drama,6.981,/nsj0RLRI10351uYMoAKPur6Derd.jpg,""Tras sufrir un traum·tico revÈs de la fortuna, Jasmine French, una rica mujer de Nueva York, se traslada a San Francisco para vivir con Ginger, su hermana adoptiva, con el firme propÛsito de rehacer su vida; pero se ver· atormentada por la ansiedad y los recuerdos del pasado."",G"
"4995,Boogie Nights,1997-10-10,Paul Thomas Anderson,""Mark Wahlberg, Burt Reynolds, Julianne Moore, John C. Reilly, Heather Graham"",Drama,7.628,/wnE24UPCPQsQnbBOu4zVE2qaDNm.jpg,""A los 17 aÒos, un joven sexualmente bien dotado (Mark Wahlberg) es descubierto por un director veterano (Burt Reynolds), que lo transforma en una celebridad de la subcultura del mundo del porno en pleno apogeo de los 70. Sin embargo, la fama repentina puede pasar factura"",M"
"31146,Box of Moonlight,1996-08-29,Tom DiCillo,""John Turturro, Sam Rockwell, Catherine Keener, Dermot Mulroney, Lisa Blount"",""Comedia,Drama"",6.727,/ibDb9U1JsPXJYycSgq6ssSOz1W4.jpg,""Al Fountain se ha trasladado a un remoto pueblecito con el fin de supervisar la construcciÛn de una nueva planta para la f·brica de limpiaparabrisas en la que trabaja. Al es un tipo metÛdico cuya vida se rige por horarios y rutinas estrictas, pero sin embargo las cosas no acaban de marchar bien: sufre una serie de alucinaciones que evidencian la crisis que atraviesa. Los hechos se precipitan cuando cancelan su trabajo y conoce a Kid, un tipo excÈntrico que se ha ido al campo para vivir sin ataduras."",N"
"608398,Good Gals,2019-10-10,Michela Andreozzi,""Ambra Angiolini, Ilenia Pastorelli, Serena Rossi, Silvia D'Amico, Stefania Sandrelli"",Comedia,6.4,/8paibyFWCyxyLGQkGDmmjF9yd58.jpg,,J"
"556867,Breaking News in Yuba County,2021-01-28,Tate Taylor,""Allison Janney, Mila Kunis, Regina Hall, Awkwafina, Wanda Sykes"",""Comedia,Drama,Crimen"",5.866,/pMyCYtgfBmMisX3RFc5eH6zIV5Y.jpg,""Nadie se ha acordado del cumpleaÒos de Sue Bottoms y siente que es el peor dÌa de su vida. Luego de encontrar a su esposo Bill en la cama con otra persona- lo que le causa un ataque al corazÛn que lo mata- Sue entierra el cuerpo de Bill junto con su bolso del gimnasio, sin darse cuenta del dinero que se encuentra dentro."",J"
"19413,""Ugly, Dirty and Bad"",1976-09-23,Ettore Scola,""Nino Manfredi, Francesco Anniballi, Maria Bosco, Giselda Castrini, Alfredo D'Ippolito"",""Comedia,Drama"",7.5,/xXHQd37PJnFNWmlpLVcKVpfaw9n.jpg,""El viejo Giacinto vive en los arrabales de una gran ciudad italiana con su esposa, hijos, nueras y nietos. En total casi veinte personas en la misma chabola. Casi todos los miembros de la familia son extremadamente egoÌstas, y sÛlo quieren el dinero que guarda afanosamente el padre de familia, un hombre huraÒo y tan miserable como los dem·s. Todos tratan de ganarse la vida, aunque algunos necesitan parte del dinero del padre para subsistir."",J"
"4944,Burn After Reading,2008-09-05,Ethan Coen,""George Clooney, Frances McDormand, Brad Pitt, John Malkovich, Tilda Swinton"",""Comedia,Drama"",6.671,/jdwSkQu3XirmX18MNj8CqFWsCk.jpg,""Ozzie Cox es un agente de la CIA que est· escribiendo sus memorias en un CD, pero su mujer se lo roba y va a parar a manos de los empleados de un gimnasio, que no son muy listos, pero que intentan chantajear a Cox. La CIA, naturalmente, interviene en el asunto, que se complica cuando el empleado del gimnasio (Pitt) se encuentra con el amante de la mujer de Cox. Basada en la novela """"Burn Before Reading: Presidents, CIA Directors, and Secret Intelligence"""" del ex jefe de la CIA Stansfield Turner."",K"
"295964,Burnt,2015-10-02,John Wells,""Bradley Cooper, Sienna Miller, Omar Sy, Daniel Br¸hl, Riccardo Scamarcio"",Drama,6.527,/kGJLABjIb6F86vwY5w576JYHQxV.jpg,""Tras perder el prestigio por culpa de su car·cter y sus problemas personales, el chef Adam Jones (Bradley Cooper), pasado un tiempo, abre con su antiguo equipo un nuevo restaurante con el objetivo de alcanzar la perfecciÛn y conseguir las tres estrellas michelin."",H"
817805,100 Missions Surviving Vietnam,2020-11-09,,,Documental,6.0,/fhA9yynomCYiEMkVlGJnLnJzV6u.jpg,,N
"890825,14 Peaks: Nothing Is Impossible,2021-11-12,Torquil Jones,""Nirmal Purja, Jimmy Chin, Reinhold Messner, Kl·ra Kolouchov·, Conrad Anker"",Documental,7.378,/8YS9oRn9rcAyBhYELFbGKk1TpFs.jpg,El intrÈpido escalador nepalÌ Nimsdai Purja emprende una misiÛn aparentemente imposible: coronar los 14 picos del mundo que superan los 8000 metros en solo siete meses.,J"
"246400,""20,000 Days on Earth"",2014-07-05,Iain Forsyth,""Nick Cave, Warren Ellis, Blixa Bargeld, Susie Bick, Arthur Cave"",""Documental,Drama,M˙sica"",7.0,/pUmYsh07P2Bq6ip2RZmOq6mr2vF.jpg,""Drama y realidad se combinan en 24 horas ficticias en la vida del m˙sico e icono cultural internacional Nick Cave. Con ideas sorprendentes y un Ìntimo retrato del proceso artÌstico, la pelÌcula examina lo que nos hace ser lo que somos y celebra el poder transformador del espÌritu creativo."",H"
"159014,20 Feet from Stardom,2013-06-14,Morgan Neville,""Darlene Love, Lisa Fischer, Merry Clayton, Judith Hill, Claudia Lennear"",""Documental,M˙sica"",7.176,/6iRxKxfE6SB586cQV3BH8NSMzoZ.jpg,""La desconocida historia de las coristas que han acompaÒado a algunas de las m·s grandes leyendas de la m˙sica. Junto con metraje de archivo y una inigualable banda sonora, el documental incluye entrevistas con Bruce Springsteen, Stevie Wonder, Mick Jagger o Sting, entre otros muchos. Las coristas viven en un mundo que se encuentra m·s all· del punto de mira. Sus voces armonizan a las bandas m·s populares de la m˙sica, pero nunca sabemos quiÈn son estas cantantes o quÈ vida que llevan, hasta ahora."",G"
"240910,3 Million,2011-12-01,Jaime Roos,""Edinson Cavani, Diego Forlan, Diego Lugano, Luis Su·rez, Jaime Roos"",Documental,6.0,/pmGscaKjK3cOPSX90zVlctOy2AQ.jpg,""Uruguay, un pequeÒo paÌs con un pasado de gloria futbolÌstica. Sud·frica, el exÛtico escenario de la Copa del Mundo 2010. Los Roos, padre Jaime (m˙sico uruguayo) e hijo Yamand˙ (fotÛgrafo holandÈs), deciden reencontrarse en el registro de esta aventura. El vÌnculo se afianza, las esperanzas crecen, los pronÛsticos se revierten. La realidad supera lo imaginado, el viaje se convierte en un documento ˙nico."",G"
"530838,700 Sharks,2018-06-09,Luc Marescot,""Laurent Ballesta, Yannis Papastamatiou, Charlie Huveneers, FrÈdÈric Bertucci, …ric Parmentier"",Documental,6.8,/j6y4st1WUPMJXyEWJWeAms5WtYM.jpg,""En la Polinesia Francesa, Laurent Ballesta y su equipo de buzos utilizan tecnologÌa de rastreo y sofisticadas tÈcnicas de c·mara para investigar una manada de 700 tiburones grises que patrulla las aguas en masa; captando increÌbles comportamientos nunca antes captados por una c·mara."",J"
"558577,A Final Cut for Orson: 40 Years in the Making,2018-09-01,Ryan Suffern,""Frank Marshall, Peter Bogdanovich, Filip Jan Rymsza, Ruth Hasty, Mark Smirnoff"",Documental,6.773,/u8Qwlqai2uQbqN2XD7X5IR8nCPE.jpg,,J"
"719917,Adventure Thru the Walt Disney Archives,2020-06-27,John Gleim,""Don Hahn, Kathryn Beaumont, Becky Cline, Pete Docter, Kevin Feige"",Documental,7.2,/rpdlWEgKxDMe0HIsLZtlR1VjzVm.jpg,,N"
"502153,Ali & Cavett: The Tale of the Tapes,2018-08-02,Robert S. Bader,""Dick Cavett, Muhammad Ali, Larry Merchant, Malcolm X, Ilyasah Shabazz"",Documental,7.2,/lbD8G7g92meTk7MgwHhR4dpel0I.jpg,""La vida y los tiempos de Muhammed Ali se muestran a travÈs del lente de sus numerosas apariciones en The Dick Cavett Show. La pelÌcula presenta nuevas entrevistas con Dick Cavett, el reverendo Al Sharpton y Larry Merchant, asÌ como material de archivo del espect·culo Cavett."",K"
"672540,Amazon Empire: The Rise and Reign of Jeff Bezos,2020-02-18,James Jacoby,""Will Lyman, James Jacoby, Jeff Wilke, Stacy Mitchell, Franklin Foer"",Documental,7.5,/6H1mDH4hz6GZZg3MJ9eguDxpe9E.jpg,,K"
"18094,Anvil! The Story of Anvil,2008-01-14,Sacha Gervasi,""Steve 'Lips' Kudlow, Robb Reiner, Kevin Goocher, Glenn Gyorffy, William Howell"",""Documental,M˙sica"",7.585,/rDrMuFaWBKwjwEnw4C06Sm97huY.jpg,""Documental sobre Anvil, la banda m·s popular del heavy metal canadiense. Entre 2005 y 2006 Gervasi filmÛ algunos shows de la banda y tambiÈn entrevistÛ a algunos amigos de Anvil. Cuando considerÛ que ya tenÌa suficiente material, estrenÛ el documental. Se estrenÛ en el festival Sundance y obtuvo una excelente acogida por parte de la crÌtica."",M"
"284470,Atari: Game Over,2014-11-19,Zak Penn,""Nolan Bushnell, Howard Scott Warshaw, Manny Gerard, Joe Lewandowski, Paul Sanchez"",Documental,6.592,/69VCXTki2gDutUhndJgU8UHlvxA.jpg,""Documental sobre el auge y caÌda de la empresa de videojuegos Atari a travÈs del misterio de los cartuchos del videojuego 'E.T.'(considerado por muchos como el peor de la historia), enterrados 30 aÒos atr·s en el desierto de Nuevo MÈxico tras su estrepitoso fracaso."",H"
"628259,Aute retrato,2019-09-13,Gaizka Urresti,""Miki Aute, Jes˙s Munarriz, Jaime Ch·varri, Gonzalo GarcÌa-Pelayo, Massiel"",""Documental,M˙sica"",8.0,/6XwOVzPA5rb0Q9Pp3YfUd2N5tlU.jpg,""Un recorrido por las distintas facetas creativas de Luis Eduardo Aute: cantautor, pintor, poeta, cineasta. Colaboradores y amigos cuentan la vida de este artista total y desvelan el impacto que su obra tuvo en el pasado, tiene en el presente y tendr· en el futuro."",J"
"774823,Becoming Cousteau,2021-10-22,Liz Garbus,""Jacques-Yves Cousteau, Philippe Cousteau, Jean-Michel Cousteau, Francine Cousteau, Pierre-Yves Cousteau"",Documental,7.032,/qS1wLXuGjyXgsBoGW3gaok40IaU.jpg,""Se centrar· en la revoluciÛn inventor-explorador-ecologista-cineasta, por ejemplo, en dar al ser humano los recursos para explorar el ocÈano con Aqua Lung, poniendo el foco en la contaminaciÛn oce·nica y en su larga colaboraciÛn."",J"
"869250,Being James Bond,2021-08-29,Baillie Walsh,""Daniel Craig, Michael G. Wilson, Barbara Broccoli, Harrison Ford, Rami Malek"",Documental,7.8,/kKG9gieki5wgEcVXLfnX1lbOcrO.jpg,""Documental de 45 minutos que repasa la carrera de Daniel Craig y su asociaciÛn al personaje de James Bond a lo largo de 15 aÒos, incluyendo escenas nunca vistas detr·s de las c·maras."",J"
"661845,Belushi,2020-05-16,R. J. Cutler,""John Belushi, Judith Belushi-Pisano, Harold Ramis, Dan Aykroyd, Chevy Chase"",Documental,6.963,/85yNzqsGBdqRclEZEW0BKRAcrR8.jpg,""Usando cintas de audio nunca antes escuchadas grabadas poco despu√©s de la muerte de John Belushi, el director R.J. El documental de Cutler examina la vida demasiado corta del talento √∫nico en una generaci√≥n que captur√≥ los corazones y los huesos divertidos de un p√∫blico devoto."",J"
"438468,Bill Nye: Science Guy,2017-04-10,Jason Sussberg,""Bill Nye, Neil deGrasse Tyson, Ann Druyan, Ken Ham, Heather Berlin"",Documental,6.4,/S8hd9NitC0zPD950cqOG1nM6Xa.jpg,""Una personalidad famosa de la televisiÛn lucha por poner a la ciencia en el lugar que se merece, en un mundo hostil a la evidencia y la razÛn."",J"
"158999,Blackfish,2013-06-07,Gabriela Cowperthwaite,""Dean Gomersall, Samantha Berg, John Jett, John Hargrove, Carol Ray"",Documental,7.835,/kCk4mDFE96Mn1AYfEcbxkIiw7ND.jpg,""Tilikum es una orca responsable de la muerte de tres personas, entre ellas un importante entrenador. Blackfish muestra las consecuencias a veces devastadoras de mantener esas inteligentes y sensibles criaturas en cautiverio."",K"
"605437,""Bloody Nose, Empty Pockets"",2020-02-16,Bill Ross,""Peter Elwell, Michael Martin, Shay Walker, Bruce Hadnot"",""Documental,Drama"",6.7,/lc0IIAGaVgUoKs6PSQIC34HOBkG.jpg,,M"
"520364,Blue Note Records: Beyond the Notes,2019-06-14,Sophie Huber,""Don Was, Herbie Hancock, Lou Donaldson, Wayne Shorter, Norah Jones"",""Documental,M˙sica"",6.9,/79iWEZpXAfozSI9S8VBU31ug0r9.jpg,""Explore la visiÛn detr·s del icÛnico sello discogr·fico de jazz estadounidense. Desde 1939, los artistas de Blue Note han sido alentados a ampliar los lÌmites creativos en busca de expresiones intransigentes. A travÈs de sesiones de grabaciÛn actuales, archivos raros y conversaciones con artistas icÛnicos de Blue Note, la pelÌcula revela una perspectiva Ìntima de un legado que sigue siendo vital en el clima polÌtico actual. Paisajes, ciudades, disputas y abrazos, tranquilidad, ritmo agitado, trabajo, autocontrol -duda, alegrÌa, pasiÛn."",M"
"11779,Buena Vista Social Club,1999-06-04,Wim Wenders,""Compay Segundo, Eliades Ochoa, Ry Cooder, Joachim Cooder, Ibrahim Ferrer"",""Documental,M˙sica"",7.5,/b203Z3qwCRMLOY00XZh4qNQCwM4.jpg,""Cuando, en 1996, Ry Cooder viajÛ a Cuba para grabar un ·lbum con Ibrahim Ferrer y los m˙sicos que habÌan colaborado en el disco Buena Vista Social Club (en Cuba conocidos como los superabuelos), Wenders lo siguiÛ: observÛ a los m˙sicos en el estudio y rastreÛ sus vidas en La Habana. DespuÈs rodÛ en ¡msterdam, donde la banda ofreciÛ dos conciertos y, finalmente, en Nueva York, durante un espect·culo en el legendario Carnegie Hall."",H"
"339790,Burroughs: The Movie,1984-02-10,Howard Brookner,""William S. Burroughs, Mortimer Burroughs, Lucien Carr, Jackie Curtis, Allen Ginsberg"",Documental,7.0,/cne9vTm9GhNLmtQ1tzI8WNcSIPi.jpg,""Un documental sobre el escritor de la generaciÛn 'beat' William S. Burroughs (St. Louis, Missouri, 1914 - Kansas, 1997), autor entre otras muchas obras de """"El almuerzo desnudo"""" (Naked Lunch, 1959)."",N"
341105,By Sidney Lumet,2015-07-13,Nancy Buirski,Sidney Lumet,Documental,6.769,/1uAAcUpPRB4fKgwlClj7MdTNTwx.jpg,,K
"317952,Cartel Land,2015-07-03,Matthew Heineman,""Robert Hetrick, JosÈ Manuel Mireles Valverde, Tim Nailer Foley, Paco Valenciano, Chaneque"",""Drama,Documental"",7.173,/bNNP8IYV1VZKsS5CRavRpRDWV06.jpg,""Es como un western cl·sico en el siglo XXI, enfrentando a los vigilantes a ambos lados de la frontera contra los c·rteles de la droga mexicanos. Con un acceso sin precedentes, esta pelÌcula provoca preguntas profundas sobre la anarquÌa, la ruptura del orden, y si sÛlo queda para los ciudadanos tomar las armas para luchar contra la violencia con violencia."",H"
274989,Cesar Millan: The Real Story,2012-11-25,Doug Shultz,Cesar Millan,Documental,6.2,/7kWG4wobsZaoIXaneDur4r7lkvy.jpg,,J
"432615,Chasing Coral,2017-03-16,Jeff Orlowski,""Andrew Ackerman, Pim Bongaerts, Neal Cantin, Phil Dustan, Ruth Gates"",Documental,7.705,/AvRHRqI4ahmEwscylU10iaNo5RY.jpg,""ìEn busca del coralî aborda la voluntad y la sabidurÌa de un publicista, un autoproclamado nerd de los corales, diseÒadores de c·maras de avanzada y famosos biÛlogos marinos mientras inventan la primera c·mara secuencial para grabar la decoloraciÛn de los corales. Lamentablemente, es una tarea complicada, y el equipo lucha incansablemente contra problemas tÈcnicos y hasta la fuerza de la naturaleza para alcanzar su preciada meta: documentar la incuestionable y tr·gica transformaciÛn que sucede bajo las olas. En busca del coral, con su excepcional fotografÌa, gran suspenso y sorprendente emociÛn, es una dram·tica revelaciÛn que incita al p˙blico a actuar."",G"
"56833,Chasing Legends,2010-05-10,Jason Berry,""Mark Cavendish, Jens Voigt, Tony Martin, George Hincapie"",Documental,6.3,/jXskf6kRuXkhOa9PKpNrAbyb3ce.jpg,,J"
"411012,Chasing Trane,2017-04-14,John Scheinfeld,""Denzel Washington, Antonia Andrews, Bill Clinton, Michelle Coltrane, Oran Coltrane"",""Documental,M˙sica"",7.2,/pb09v5koCU7GrxCJNfRnliPRIKD.jpg,""Un relato de la vida del genial m˙sico de jazz John Coltrane (1926-67), un saxofonista dotado, un pensador de talento extraordinario cuya obra, original y vanguardista, ha impactado e influido a personas de todo el mundo. Una historia sobre la capacidad que tiene la m˙sica para entretener, inspirar y transformar."",M"
"441188,Chavela,2017-06-16,Catherine Gund,""Chavela Vargas, Pedro AlmodÛvar, Miguel BosÈ, Martirio, Laura GarcÌa Lorca"",Documental,6.9,/9kLk3slqlK7eafF7JCe69ZUl3pb.jpg,""La cantante Chavela Vargas ganÛ un nombre por sÌ misma primero en MÈxico y m·s tarde en todo el mundo principalmente por su interpretaciÛn de rancheras tradicionales. Estas canciones eran compuestas principalmente por hombres y en su mayorÌa hablaban de amor no correspondido por las mujeres, el cansancio del mundo y la soledad. Chavela las interpretaba con su propia ritmo y su voz ·spera y vulnerable. El material inÈdito de esta pelÌcula, asÌ como las entrevistas con la propia Chavela y sus contempor·neos, colegas y parejas, han dado como resultado un cariÒoso retrato de una artista carism·tica y excepcional, que fue abiertamente lesbiana a lo largo de su vida."",J"
"215741,How Strange to be Named Federico,2013-09-12,Ettore Scola,""Vittorio Viviani, Federico Fellini, Tommaso Lazotti, Giacomo Lazotti, Sergio Rubini"",Drama,7.2,/q1KIakw9mvtsBii8tTRTe058lst.jpg,""Documental homenaje al genial director italiano Federico Fellini, una mezcla de im·genes de archivo y escenas rodadas en Cinecitt‡. (FILMAFFINITY)"",H"
"321143,Improvised and Purposeful: Cinema Novo,1967-04-16,Joaquim Pedro de Andrade,""Glauber Rocha, Arnaldo Jabor, Nelson Pereira dos Santos, Hugo Carvana, Anecy Rocha"",Documental,7.5,/eDxiyihAG7yv5sSzXCNe18HaNBN.jpg,,M"
"300605,City of God: 10 Years Later,2013-10-05,Luciano Vidigal,""Alexandre Rodrigues, Leandro Firmino, Roberta Rodrigues, Jonathan Haagensen, Seu Jorge"",Documental,6.8,/iA4h5oong1fV9QboczoOITPDYbj.jpg,""øQuÈ sucediÛ con los actores de la pelÌcula """"Ciudad de Dios"""" de Fernando Mirelles y Katia Lund, diez aÒos despuÈs?."",J"
"24972,Classic Albums: Pink Floyd - The Making of The Dark Side of the Moon,2003-06-01,Matthew Longfellow,""David Gilmour, Roger Waters, Nick Mason, Richard Wright, Alan Parsons"",""Documental,M˙sica"",7.352,/luEsLQJU6fXAQ31Nt3La8n4nX6O.jpg,""Proceso de producciÛn del ·lbum """"The Dark Side of the Moon"""" de Pink Floyd explicado por los protagonistas, con la ayuda del ingeniero original Alan Parsons. Los cuatro miembros de la banda, Roger Waters, David Gilmour, Nick Mason y Richard Wright, son entrevistados extensamente, brindando informaciÛn valiosa sobre el proceso de grabaciÛn. Los temas del ·lbum se discuten extensamente y la banda nos lleva de vuelta a las cintas multipistas originales para ilustrar cÛmo montaron las canciones. El recorrido se completa con actuaciones individuales de ciertas pistas de Roger, David y Richard."",K"
"377801,""Clint Eastwood, le franc-tireur"",2007-05-27,Michael Henry Wilson,Clint Eastwood,Documental,8.2,/xRelGd5IPKOjO21l3BetiU1XWu6.jpg,""En el documental el actor y director, Clint Eastwood, reflexiona en una entrevista exclusiva del proyecto m·s ambicioso de su carrera, las dos pelÌculas bÈlicas ìBanderas de nuestros padresî y ìCartas desde Iwo Jima""""."",J"
1128832,Costco: Is It Really Worth It?,2022-12-08,Nick Webb,Maisie Adam,Documental,0.0,/oURurPIuTdtzfm9UqpU2mRamf8i.jpg,,M
"783820,Count Me In,2021-08-24,Mark Lo,""Cindy Blackman, Chad Smith, Stewart Copeland, Roger Taylor, Taylor Hawkins"",""Documental,M˙sica"",6.9,/zIlGGBGKdgG8qb9IJylHCEzM6fu.jpg,""En este documental, los mejores bateristas de la historia del rock comparten su pasiÛn por la m˙sica y nos cuentan los detalles de sus carreras que los han llevado a convertirse en autÈnticas leyendas del gÈnero. A travÈs de entrevistas Ìntimas y anÈcdotas reveladoras, descubrimos la importancia del papel del baterÌa en el mundo del rock y cÛmo han dejado su huella en la industria musical. Desde sus influencias y tÈcnicas ˙nicas hasta los desafÌos que han enfrentado, esta es una mirada fascinante a la vida y la carrera de algunos de los bateristas m·s influyentes de todos los tiempos."",J"
"984571,Four Points,2021-10-30,Pablo Arag¸Ès,""Ra˙l ìLa Cofiaî, JosÈ ìEl Dosî"",""Documental,M˙sica"",6.0,/hWCpVH7Iiakifplhw0pwRsINVfc.jpg,""Ra˙l ìLa Cofiaî y JosÈ ìEl Dosî llevan 20 aÒos contra viento y marea grabando discos y subiendo a escenarios. En la encrucijada de grabar su ˙ltimo disco y con la incertidumbre de si alguien lo escuchar·, ellos sÛlo quieren poder seguir haciendo m˙sica. Amigos y colaboradores suyos como Kase.O, Sho Hai o Mariano Casanova est·n ahÌ para apoyarles, recordarles su esencia de barrio y ayudarles a alcanzar sus sueÒos."",N"
"713925,Cumbia Around The World,2020-06-11,Pablo Coronel,""Coco Barcala, TotÛ La Momposina, Sebasti·n Ochoa"",""Documental,M˙sica"",0.0,/8I0FmP6gOyO6i0Mx4TJaQrLRljD.jpg,""Cumbia del mundo y para todo el mundo. Desde Buenos Aires como lugar de partida, el documental nos lleva de gira por varios continentes para descubrir los orÌgenes, el presente y el futuro de este ritmo que prende en todas las clases sociales."",K"
"600675,The King Who Fooled Hitler,2019-05-05,Paul Elston,""Helen McCrory, Richard J. Aldrich, Rory Cormac, King George VI of the United Kingdom, Neville Chamberlain"",""Documental,Historia"",6.964,/kt9AJuWeRtH8rUhcgBcFYWk1vT.jpg,""Para el 75 aniversario de los aterrizajes del DÌa D, este documental rompe saca a la luz el engaÒo a Hitler. En una historia de agentes dobles y seÒuelos, la investigaciÛn revela, por primera vez, la identidad del m·s secreto de todos los agentes: el rey Jorge VI. El programa se basa en nuevas pruebas y en el trabajo de detectives histÛricos que descubren una complicada artimaÒa, que tambiÈn incluÌa a la reina y la futura reina Isabel II, para desviar la atenciÛn alemana de los inminentes desembarcos de NormandÌa el 6 de junio de 1944. El programa muestra el viaje que la monarquÌa pasÛ de verse perjudicada por la reputaciÛn de Eduardo VIII como simpatizante de los nazis, hasta recuperar la confianza de los espÌas brit·nicos. Y un giro adicional a la historia revela cÛmo uno de los mayores secretos de la Segunda Guerra Mundial se perdiÛ mientras estuvo en posesiÛn del rey, hasta que la Reina Madre resolviÛ el problema."",K"
"411201,Dancer,2016-09-16,Steven Cantor,""?????? ???????, Jade Hale-Christofi, Galyna Polunina, Vladymyr Polunin, Valentino Zucchetti"",Documental,7.267,/4PtRUBuAn2EX8HGX36LWR4PLeq6.jpg,Documental sobre la figura del bailarÌn de ballet Sergei Polunin.,K"
"797233,Dardara,2021-03-18,Marina Lameiro,,Documental,9.3,/3HWo6EwtbKNXbTsuFqQ34KmX0xH.jpg,""Documental-r√≠o que avanza a trav√©s de las letras y las reflexiones de Gorka Urbizu, compositor, guitarrista y vocalista de Berri Txarrak durante un cuarto de siglo y que ahora se enfrenta al v√©rtigo de un futuro por escribir."",M"
"295317,Dark Star: H. R. Giger's World,2014-10-23,Belinda Sallin,""H. R. Giger, Leslie Barany, Sandra Beretta, Mia Bonzanigo, Tom Gabriel Fischer"",Documental,6.867,/vn25e7kuTTe6nZhfCdDF0pW6jAJ.jpg,""Un relato de la vida y la obra del pintor, escultor, arquitecto y diseÒador suizo H. R. Giger (1940-2014), padre atormentado de criaturas tan temibles como fascinantes, habitantes de mundos biomec·nicos de pesadilla."",J"
"664280,David Attenborough: A Life on Our Planet,2020-09-28,Alastair Fothergill,""David Attenborough, Max Hughes"",""Documental,Drama"",8.445,/zSKwyUDKDHiFU5syTTvQRDcGBPS.jpg,""A sus 93 aÒos, David Attenborough ha visitado todos los continentes del planeta, explorando cientos de lugares, documentando el mundo viviente en todo su esplendor. Ahora, por primera vez, reflexiona sobre las experiencias m·s relevantes de su vida como naturalista."",J"
"773655,Death to 2020,2020-12-27,Al Campbell,""Samuel L. Jackson, Hugh Grant, Lisa Kudrow, Kumail Nanjiani, Tracey Ullman"",Comedia,6.504,/w9FPFsPkeiBDn6WwDHFgniWdVJm.jpg,""Una mirada cÛmica al aÒo que todos queremos terminar a travÈs de los ojos de los comentaristas peor informados que jam·s hayas conocido. De los creadores de """"Black Mirror""""."",J"
684811,Since the World Was World,2015-05-04,G¸nter Schwaiger,,Documental,0.0,/sSJvgV3Qe8Fvsfr3WC0rTSbsugR.jpg,,M
"252178,'71,2014-10-10,Yann Demange,""Jack O'Connell, Sean Harris, Paul Anderson, Sam Reid, Sam Hazeldine"",""Suspense,AcciÛn,Drama,BÈlica"",6.808,/2ZfUpDXEFQxEyXfzfxGFA9rcbP1.jpg,""Corre el aÒo 1971, y la tensiÛn social en Irlanda del Norte est· escalando hacia una situaciÛn casi de guerra civil. Tras un motÌn y un enfrentamiento muy violento entre vecinos de un barrio y el ejÈrcito, un joven soldado brit·nico con poca experiencia, Gary, se extravÌa en las peligrosas calles de Belfast, donde el conflicto del IRA est· en plena ebulliciÛn, y donde patrullan unidades paramilitares y bandas radicales callejeras."",H"
"9314,12,2007-06-06,Nikita Mikhalkov,""Sergey Makovetskiy,Nikita Mikhalkov,Sergey Garmash,Aleksey Petrenko,Yuriy Stoyanov"",""Crimen,Drama,Misterio"",6.597,/7bl0aH8u7oBcd4QK9Fml01IN8KU.jpg,""Un chico checheno de 18 aÒos es acusado de asesinar a su padrastro, un oficial del ejÈrcito ruso. Su destino est· en manos de los los doce miembros del jurado. La decisiÛn debe ser un·nime, pero cuando es una vida lo que est· en juego, siempre es posible plantear una duda razonable que implique la revisiÛn por parte de cada uno de los miembros del jurado de su inicial punto de vista. VersiÛn libre del famoso filme de Lumet ""12 hombres sin piedad."",G"
"389,12 Angry Men,1957-04-10,Sidney Lumet,""Martin Balsam, John Fiedler, Lee J. Cobb, E.G. Marshall, Jack Klugman"",Drama,8.555,/ow3wq89wM8qd5X7hWKxiRfsFf9C.jpg,""Tras escuchar todos los testimonios y valorar las pruebas presentadas, un jurado popular compuesto por doce hombres tiene que decidir, por unanimidad, si absuelve o condena a muerte a un joven acusado de haber matado a su padre. Al principio, once est·n completamente convencidos de su culpabilidad y se inclinan por la condena, pero el que discrepa empieza a plantear dudas razonables que, poco a poco, van resquebrajando la inicial seguridad de los dem·s."",I"
"625169,12 Mighty Orphans,2021-06-18,Ty Roberts,""Luke Wilson, Vinessa Shaw, Wayne Knight, Martin Sheen, Jake Austin Walker"",""Historia,Drama,AcciÛn"",7.153,/aIY2QF211NLB1AOjZPFImusCLI1.jpg,""Perseguido por su misterioso pasado, un devoto entrenador de f˙tbol de la escuela secundaria lleva a un escu·lido equipo de huÈrfanos al campeonato estatal durante la Gran DepresiÛn e inspira a una naciÛn rota en el camino."",J"
"76203,12 Years a Slave,2013-10-18,Steve McQueen,""Chiwetel Ejiofor, Michael Fassbender, Lupita Nyong'o, Benedict Cumberbatch, Paul Dano"",""Drama,Historia"",7.933,/xdANQijuNrJaw1HA61rDccME4Tm.jpg,""Basada en un hecho real ocurrido en 1850, narra la historia de Solomon Northup, un culto m˙sico negro -y hombre libre- que vivÌa con su familia en Nueva York. Tras compartir una copa con dos desconocidos, Solomon descubre que ha sido drogado y secuestrado para ser vendido como esclavo en el Sur en una plantaciÛn de Louisiana. Renunciando a abandonar la esperanza, Solomon contempla cÛmo todos a su alrededor sucumben a la violencia, al abuso emocional y a la desesperanza. Entonces decide correr riesgos increÌbles y confiar en la gente menos aparente para intentar recuperar su libertad y reunirse con su familia."",G"
"44115,127 Hours,2010-11-12,Danny Boyle,""James Franco, Kate Mara, Amber Tamblyn, ClÈmence PoÈsy, Lizzy Caplan"",""Aventura,Drama,Suspense"",7.086,/h0RMdn0rfl9l5hWXz3tUh6QVkhi.jpg,""Basada en la historia real de Aron Ralston, un intrÈpido montaÒero norteamericano tristemente famoso porque en mayo de 2003, durante una escalada, en Utah, sufriÛ una caÌda. Tras varios dÌas inmovilizado e incapaz de encontrar una soluciÛn, tuvo que tomar una dram·tica decisiÛn."",K"
"530915,1917,2019-12-25,Sam Mendes,""George MacKay, Dean-Charles Chapman, Mark Strong, Andrew Scott, Richard Madden"",""BÈlica,Historia,Drama"",7.987,/iZf0KyrE25z1sage4SYFLCCrMi9.jpg,""En lo m·s crudo de la Primera Guerra Mundial, dos jÛvenes soldados brit·nicos, Schofield y Blake reciben una misiÛn aparentemente imposible. En una carrera contrarreloj, deber·n atravesar el territorio enemigo para entregar un mensaje que evitar· un mortÌfero ataque contra cientos de soldados, entre ellos el propio hermano de Blake."",N"
"9314,Nineteen Eighty-Four,1984-11-09,Michael Radford,""John Hurt, Richard Burton, Suzanna Hamilton, Cyril Cusack, Gregor Fisher"",""Drama,Ciencia ficci√≥n"",6.783,/hrdQlicxuyTg3zyVqq78EsA4Z6J.jpg,""El futuro, a√±o 1984. Winston Smith (John Hurt) soporta una abyecta existencia bajo la continua vigilancia de las autoridades en la Ocean√≠a totalitaria. No obstante, su vida se convierte en una pesadilla cuando prueba el amor prohibido y comete el crimen de pensar libremente."",O"
"844,2046,2004-10-20,???,""Tony Leung Chiu-Wai, ??, Faye Wong, ????, ???"",""Drama,Ciencia ficciÛn,Romance"",7.2,/mTQYRuUc2cEDk3v1rI7Yipttjsg.jpg,""…l era escritor. CreÌa escribir sobre el futuro, pero en realidad era el pasado. En su novela, un misterioso tren salÌa de cuando en cuando con direcciÛn al aÒo 2046. Todos los que subÌan a Èl lo hacÌan con el mismo propÛsito: recobrar los recuerdos perdidos. Se decÌa que en 2046 nada cambiaba. Nadie sabÌa a ciencia cierta si eso era verdad, porque ninguno de los que viajaron regresÛ jam·s. Con una excepciÛn. …l estuvo allÌ. Se marchÛ voluntariamente."",N"
"474354,22 July,2018-10-04,Paul Greengrass,""Jonas Strand Gravli, Anders Danielsen Lie, Jon ÿigarden, Seda Witt, Ola G. Furuseth"",""Crimen,Drama,Historia,Suspense"",7.1,/rd940KzuIZwbdOvOUF7XDTzn8te.jpg,""Una historia sobre el peor ataque terrorista en la historia de Noruega, en el que 70 personas perdieron la vida. 22 de Julio es una mirada al desastre en si, a los supervivientes, al sistema polÌtico noruego y a los abogados que trabajaron en este horrible suceso."",K"
"109410,42,2013-04-12,Brian Helgeland,""Chadwick Boseman, Harrison Ford, Nicole Beharie, Christopher Meloni, Ryan Merriman"",Drama,7.189,/iZ7jVGQWj3eBUdqwAPUlKk0BaS2.jpg,""Historia de la vida del afroamericano Jackie Robinson, legendario jugador de b√©isbol que rompi√≥ las barreras raciales, tras firmar con los Dodgers de Brooklyn bajo la direcci√≥n del ejecutivo Branch Rickey. La participaci√≥n de Robinson en la gran liga de b√©isbol supuso el fin de una era de segregaci√≥n racial en este deporte."",I"
"65,8 Mile,2002-11-08,Curtis Hanson,""Eminem, Kim Basinger, Mekhi Phifer, Brittany Murphy, Evan Jones"",""Drama,M˙sica"",7.141,/7BmQj8qE1FLuLTf7Xjf9sdIHzoa.jpg,""La pelÌcula narra la historia de Jimmy Smith Jr. (Eminem), un joven rapero que vive en un barrio pobre de Detroit y que sueÒa con triunfar en el mundo de la m˙sica. Jimmy tiene que enfrentarse a varios problemas, como su trabajo precario, su relaciÛn con su madre alcohÛlica y su hija pequeÒa, su novia infiel y sus rivales en el rap. Jimmy participa en unas batallas de rap donde tiene que demostrar su talento y su ingenio frente a otros raperos. Su objetivo es ganar el concurso que se celebra en el club 8 Mile, el lÌmite entre el barrio blanco y el negro, y asÌ conseguir el respeto y la fama que desea."",N"
"501907,A Beautiful Day in the Neighborhood,2019-09-07,Marielle Heller,""Matthew Rhys, Tom Hanks, Chris Cooper, Susan Kelechi Watson, Maryann Plunkett"",""Historia,Familia,Drama"",6.965,/p9vCAVhDK375XyobVcKqzqzsUHE.jpg,""Una historia en la cual la bondad triunfa sobre el cinismo, y est· basada en la historia de una amistad de la vida real entre Fred Rogers y el periodista Tom Junod. Tom es un escritor de revista hastiado (Matthew Rhys, ganador del Emmy) que tiene el encargo de entrevistar a Fred Rogers, quien lo ayudar· a superar su escepticismo, y le enseÒar· sobre la bondad, el amor y el perdÛn. DespuÈs de todo, Fred Rogers es el vecino m·s querido de Estados Unidos."",K"
"185,A Clockwork Orange,1971-10-28,Stanley Kubrick,""Malcolm McDowell, Patrick Magee, Carl Duering, Michael Bates, Warren Clarke"",""Ciencia ficciÛn,Crimen"",8.179,/4sHeTAp65WrSSuc05nRBKddhBxO.jpg,""Gran BretaÒa, en un futuro indeterminado. Alex es un joven muy agresivo que tiene dos pasiones: la violencia desaforada y Beethoven. Es el jefe de la banda de los drugos, que dan rienda suelta a sus instintos m·s salvajes apaleando, violando y aterrorizando a la poblaciÛn. Cuando esa escalada de terror llega hasta el asesinato, Alex es detenido y, en prisiÛn, se someter· voluntariamente a una innovadora experiencia de reeducaciÛn que pretende anular dr·sticamente cualquier atisbo de conducta antisocial."",N"
"429191,A Fantastic Woman,2017-04-06,Sebasti·n Lelio,""Daniela Vega, Francisco Reyes, Luis Gnecco, Aline K¸ppenheim, Nicol·s Saavedra"",Drama,7.0,/uIlx33SKoJh3Ne0QmQDi9mlcjGx.jpg,""Marina una joven camarera aspirante a cantante y Orlando, veinte aÒos mayor, planean un futuro juntos. Tras una noche de fiesta, Marina lo lleva a urgencias, pero Èl muere al llegar al hospital. Ella debe entonces enfrentar las sospechas por su muerte. Su condiciÛn de mujer transexual supone para la familia de Orlando una completa aberraciÛn. Ella tendr· que luchar para convertirse en lo que es: una mujer fuerte, pasionalÖ fant·stica."",H"
"22649,A Farewell to Arms,1932-12-08,Frank Borzage,""Helen Hayes, Gary Cooper, Adolphe Menjou, Mary Philips, Jack La Rue"",""Drama,Romance,BÈlica"",6.1,/eNmPByGZJqlp60nCZRhsAlVAb3F.jpg,""Antes de que los Estados Unidos entren en la guerra en 1917, Frederick, un periodista norteamericano, se alista como voluntario en el Cuerpo de Ambulancias italiano para poder seguir de cerca los acontecimientos. Tras recibir una herida, ingresa en un hospital y se enamora de Catherine, una enfermera brit·nica."",J"
"800787,A Good Person,2023-03-23,Zach Braff,""Florence Pugh, Morgan Freeman, Molly Shannon, Celeste O'Connor, Zoe Lister-Jones"",""Drama,Comedia"",7.038,/dhejMQdsqPtTTCKIkyoJ5FLfC3F.jpg,""Allison (Pugh) es una joven cuya vida se desmorona tras su participaciÛn en un accidente mortal. En los aÒos siguientes, ser· la improbable relaciÛn que establece con su posible suegro (Freeman) la que le ayudar· a vivir una vida que merezca la pena."",N"
"672208,A Hero,2021-12-15,Asghar Farhadi,""Amir Jadidi, ŸÖÿ≠ÿ≥ŸÜ ÿ™ŸÜÿßÿ®ŸÜÿØŸá, Sahar Goldust, Fereshteh Sadr Orafaee, Sarina Farhadi"",Drama,7.307,/hRXuefWY1nfqTXhgj1VMDMrwV67.jpg,""Rahim (Amir Jadidi) est√° en la c√°rcel por una deuda que no ha podido reembolsar. Durante un permiso de dos d√≠as, trata de convencer a su acreedor para que retire su reclamaci√≥n de desembolso de una parte del pago. Pero las cosas no ir√°n como ten√≠a previsto."",M"
"270010,A Hologram for the King,2016-04-22,Tom Tykwer,""Tom Hanks, Sarita Choudhury, Sidse Babett Knudsen, Ben Whishaw, Tom Skerritt"",""Comedia,Drama"",5.849,/wmjWGb2tqtOA4XPnK1tpIfzRtSQ.jpg,""Alan Clay (Tom Hanks) es un empresario estadounidense que, huyendo de la recesiÛn, se traslada a Arabia SaudÌ, donde la economÌa se encuentra en pleno auge, para salvar su situaciÛn econÛmica y poder mantener unida a su familia."",M"
285518,Tragedy of Japan,1946-01-02,????,,Documental,0.0,/ofKeTxgEvXmY64dEJx91MaQRQbn.jpg,,N
"921643,A Jazzman's Blues,2022-09-16,Tyler Perry,""Joshua Boone, Amirah Vann, Solea Pfeiffer, Ryan Eggold, Austin Scott"",""Drama,Romance,Misterio"",7.476,/3a6p9PnqD5ksDWiHkwWbkl6Jz7G.jpg,Una historia de amor prohibido y secretos familiares que abarca desde los aÒos 40 a los 80.,N"
"937278,A Man Called Otto,2022-12-28,Marc Forster,""Tom Hanks, Mariana TreviÒo, Cameron Britton, Mack Bayda, Manuel Garcia-Rulfo"",""Comedia,Drama"",7.752,/130H1gap9lFfiTF9iDrqNIkFvC9.jpg,""Otto Anderson es un viudo cascarrabias y muy obstinado. Cuando una alegre joven familia se muda a la casa de al lado, Otto encuentra la horma de su zapato en la espabilada, y muy embarazada, Marisol, lo que conlleva a una muy improbable amistad que pondr· su mundo patas arriba."",N"
"1002185,A Million Miles Away,2023-09-08,Alejandra M·rquez Abella,""Michael PeÒa, Rosa Salazar, Julio Cesar Cedillo, Veronica FalcÛn, Juanpi Monterrubio"",""Drama,Historia"",7.625,/kMI3tgxLAZbzGOVlorUBva0kriS.jpg,""Narra la historia de JosÈ Hern·ndez, el primer trabajador agrÌcola migrante en viajar al espacio. Una historia de perseverancia, comunidad y sacrificio para lograr un sueÒo imposible."",O"
"15927,A Passage to India,1984-12-14,David Lean,""Judy Davis, Victor Banerjee, Peggy Ashcroft, James Fox, Alec Guinness"",""Drama,Aventura,Historia"",6.8,/rvBWlGRKte2U6qElHV13h6JvmSe.jpg,""AdaptaciÛn de una novela del escritor inglÈs E.M. Forster. India colonial, aÒos 20. Adela, una joven inglesa, viaja a la India, en compaÒÌa de su futura suegra, para contraer matrimonio con un magistrado de Chandrapore. La joven est· obsesionada por conocer a fondo la realidad del paÌs y encuentra la oportunidad de satisfacer su deseo gracias al doctor Aziv, un mÈdico hind˙. Sin embargo, cuando Èste organiza una excursiÛn para mostrarle las cuevas de Marabar, ocurre algo absolutamente impensable."",O"
"33364,A Patch of Blue,1965-12-10,Guy Green,""Sidney Poitier, Shelley Winters, Elizabeth Hartman, Wallace Ford, Ivan Dixon"",""Drama,Romance"",7.55,/9eFULnzgoLpO7lvg6FMutGRuNFg.jpg,Una joven ciega dominada por su madre conoce un dÌa en el parque a un hombre con el que intima; lo que ignora es que se trata de un hombre de raza negra.,J"
"321751,A Perfect Day,2015-08-28,Fernando LeÛn de Aranoa,""Benicio del Toro, Tim Robbins, ????? ?????????, MÈlanie Thierry, Fe?a ätukan"",""Comedia,Drama,BÈlica"",6.664,/musAGdMpfvxhNvEnxXgmzcjBxWL.jpg,""En alg˙n lugar de los Balcanes, 1995. Un equipo de cooperantes debe resolver un problema aparentemente simple en un territorio casi completamente pacificado que ha sido devastado por una guerra cruel, pero algunos de los habitantes locales, los combatientes en retirada, las fuerzas de la ONU, muchas vacas y una burocracia absurda no dejar·n de poner obst·culos en su camino."",J"
"42229,A Special Day,1977-08-11,Ettore Scola,""Sophia Loren, Marcello Mastroianni, John Vernon, FranÁoise Berd, Patrizia Basso"",""Drama,Romance"",8.046,/xaiFqvBA0IYGFDu2sEAszAFl3nF.jpg,""El 6 de mayo de 1938, Hitler visita Roma. Es un dÌa de fiesta para la Italia fascista, que se vuelca en el recibimiento. En una casa de vecinos sÛlo quedan la portera, un ama de casa, Antonietta, y Gabriele, que teme a la policÌa por alg˙n motivo desconocido. Al margen de la celebraciÛn polÌtica, Antonietta y Gabriele establecen una relaciÛn afectiva muy especial que les permite evadirse durante unas horas de la tristeza y monotonÌa de la vida cotidiana."",J"
"332562,A Star Is Born,2018-10-03,Bradley Cooper,""Lady Gaga, Bradley Cooper, Sam Elliott, Andrew Dice Clay, Rafi Gavron"",""M˙sica,Drama,Romance"",7.493,/wrFpXMNBRj2PBiN4Z5kix51XaIZ.jpg,""Jackson Maine es una estrella consagrada de la m˙sica que una noche conoce y se enamora de Ally, una joven artista que lucha por salir adelante en el mundo del espect·culo. Justo cuando Ally est· a punto de abandonar su sueÒo de convertirse en cantante, Jack decide ayudarla en su carrera hacia la fama. Pero el camino ser· m·s duro de lo que imagina."",K"
"81401,The Turin Horse,2011-03-31,Tarr BÈla,""Derzsi J·nos, Erika BÛk, Mih·ly Kormos, Kov·cs Lajos, Mih·ly R·day"",Drama,7.593,/k5Nj2GcU8RwU53GhMZjyxQyemGF.jpg,""Libremente inspirada en un episodio que marca el fin de la carrera del filÛsofo Friedrich Nietzsche. El 3 de enero de 1889, en la plaza Alberto de TurÌn, Nietzsche se lanzÛ llorando al cuello de un caballo agotado y maltratado por su cochero y, despuÈs, se desmayÛ. Desde entonces, dejÛ de escribir y se hundiÛ en la locura y el mutismo. En una atmÛsfera preapocalÌptica, se nos muestra la vida del cochero, su hija y del viejo caballo."",O"
"347026,A United Kingdom,2016-11-25,Amma Asante,""David Oyelowo, Rosamund Pike, Tom Felton, Jack Davenport, Terry Pheto"",""Drama,Historia"",6.662,/xyhoW9qK7ZaDM1V4A6pPL9DWjn8.jpg,""Biopic sobre el PrÌncipe Seretse Khama, el rey de Botsuana, que al contraer matrimonio en 1948 con Ruth Williams, una mujer blanca brit·nica, originÛ un conflicto internacional, ya que el apartheid sudafricano no permitÌa los matrimonios interraciales. En 1947 Seretse conociÛ a Ruth, una oficinista londinense. La atracciÛn fue inmediata; ella quedÛ prendada de Èl por su visiÛn de un mundo mejor, mientras que Èl quedÛ cautivado por su disposiciÛn a aceptar esa visiÛn. Eran la pareja perfecta, pero su intenciÛn de contraer matrimonio se enfrentÛ al rechazo, no sÛlo de sus familias, sino tambiÈn de los gobiernos brit·nico y sudafricano."",M"
"548544,Invisible Life,2019-08-30,Karim AÔnouz,""Carol Duarte, Julia Stockler, Fernanda Montenegro, GregÛrio Duvivier, B·rbara Santos"",Drama,7.793,/p5Ia6cQXeJRjnHMBmZx0JF9JSwc.jpg,""RÌo de Janeiro, Brasil, 1950. En el conservador hogar de la familia Gusm„o, EurÌdice y Guida son dos hermanas inseparables que se apoyan mutuamente. Si Guida puede compartir con su hermana menor los detalles de sus aventuras rom·nticas, EurÌdice encuentra en su hermana mayor el aliento que necesita para perseguir su sueÒo de convertirse en pianista profesional."",J"
"25364,Ace in the Hole,1951-06-29,Billy Wilder,""Kirk Douglas, Jan Sterling, Robert Arthur, Porter Hall, Frank Cady"",Drama,7.857,/gPVPzHEsJBX02HtBtIQgYnfeqNQ.jpg,""Charles Tatum es un periodista sin escr˙pulos que atraviesa una mala racha a causa de su adicciÛn al alcohol, razÛn por la que se ha visto obligado a trabajar en un pequeÒo diario de Nuevo MÈxico. Cuando un minero indio se queda atrapado en un t˙nel, Tatum ve la oportunidad de volver a triunfar en el mundo del periodismo. Entonces, en connivencia con el sheriff del pueblo, no sÛlo convierte el caso en un espect·culo, sino que, adem·s, retrasa cuanto puede el rescate."",H"
"419704,Ad Astra,2019-09-17,James Gray,""Brad Pitt, Tommy Lee Jones, Liv Tyler, Ruth Negga, Donald Sutherland"",""Ciencia ficciÛn,Drama"",6.125,/xBHvZcjRiWyobQ9kxBhO6B2dtRI.jpg,""El futuro cercano, un tiempo en el que tanto la esperanza como la adversidad impulsan a la humanidad a mirar hacia las estrellas y m·s all·. Mientras un misterioso fenÛmeno amenaza con destruir la vida en el planeta Tierra, el astronauta Roy McBride emprende una misiÛn a travÈs de la inmensidad del espacio y sus muchos peligros para descubrir la verdad sobre una expediciÛn perdida que dÈcadas antes afrontÛ audazmente el vacÌo y el silencio en busca de lo desconocido."",K"
"588009,Ad˙,2020-01-31,Salvador Calvo,""Luis Tosar, ¡lvaro Cervantes, Anna Castillo, Moustapha Oumarou, Miquel Fern·ndez"",Drama,6.876,/tigbVfTJ4mJccucmov2UThgOQbJ.jpg,""En un intento desesperado por alcanzar Europa y agazapados ante una pista de aterrizaje en Camer˙n, un niÒo de seis aÒos y su hermana mayor esperan para colarse en las bodegas de un aviÛn. No demasiado lejos, un activista medioambiental contempla la terrible imagen de un elefante, muerto y sin colmillos. No solo tiene que luchar contra la caza furtiva, sino que tambiÈn tendr· que reencontrarse con los problemas de su hija reciÈn llegada de EspaÒa. Miles de kilÛmetros al norte, en Melilla, un grupo de guardias civiles se prepara para enfrentarse a la furibunda muchedumbre de subsaharianos que ha iniciado el asalto a la valla. Tres historias unidas por un tema central, en las que ninguno de sus protagonistas sabe que sus destinos est·n condenados a cruzarse y que sus vidas ya no volver·n a ser las mismas."",J"
"512056,Adults in the Room,2019-10-03,Costa-Gavras,""??????? ??????, ?????????? ???????????, Ulrich Tukur, Daan Schuurmans, ??????? ???????????"",Drama,6.538,/3a0VuSSBYqg79EHICKYnoybf5xM.jpg,""Una tragedia tiene lugar a puerta cerrada. El tema es universal: una historia de personas atrapadas en una red de poder inhumana. Se suceden las reuniones del Eurogrupo, que imponen a Grecia la dictadura de la austeridad y que ignoran cualquier signo de humanidad y compasiÛn. Una trampa claustrofÛbica que no tiene salida y que ejerce presiones en los protagonistas y, finalmente, los divide. Una tragedia en el sentido de la Grecia cl·sica: los personajes no son buenos ni malos, pero que se ven arrastrados por las consecuencias de lo que ellos perciben que es lo correcto. Esta es una tragedia de plena actualidad."",J"
"965150,Aftersun,2022-10-21,Charlotte Wells,""Paul Mescal, Frankie Corio, Brooklyn Toulson, Celia Rowlson-Hall, Sally Messham"",Drama,7.666,/evKz85EKouVbIr51zy5fOtpNRPg.jpg,Sophie reflexiona sobre la alegrÌa compartida y la melancolÌa privada de unas vacaciones que hizo con su padre veinte aÒos atr·s. Los recuerdos reales e imaginarios llenan los espacios entre las im·genes mientras intenta reconciliar al padre que conociÛ con el hombre que no conociÛ.,N"
"5879,In the Realm of the Senses,1976-09-15,???,""????, ???, ???, ????, ???"",""Drama,Romance"",6.58,/dbFnly6wXJBluY7CF7N8wxLVYG9.jpg,Una pareja de amantes vive una historia de amor llevada hasta lÌmites inimaginables. La pasiÛn se ha adueÒado de ellos. El sexo ha pasado a ser lo ˙nico importante de sus vidas. Las ansias de la mujer por poseer a su hombre parecen inagotables y crecen cada dÌa m·s hasta llegar a confundir el placer con el dolor.,O"
"28422,Love Exposure,2008-11-29,???,""????, ?????, Sakura Ando, ?????, ????"",""AcciÛn,Comedia,Drama,Romance"",7.951,/poko1FGlapKTCFQIRz2zVY3YrSS.jpg,""Yu es un adolescente que se ha criado en el seno de una familia muy cristiana. ReciÈn ordenado sacerdote, su padre le obliga a confesar sus pecados, que Èl comete buscando la aprobaciÛn paterna. Yu se dedica diligentemente a obrar mal, hasta que sus fotos a hurtadillas de bragas de chicas lo catapultan a la fama. Pero entonces conoce a Yoko y se ve envuelto en una misteriosa secta..."",O"
"964980,Air,2023-04-05,Ben Affleck,""Matt Damon, Jason Bateman, Ben Affleck, Chris Messina, Viola Davis"",""Drama,Historia"",7.29,/76AKQPdH3M8cvsFR9K8JsOzVlY5.jpg,""Narra la increÌble y revolucionaria asociaciÛn entre Michael Jordan -un novato en ese momento- y la incipiente secciÛn de baloncesto de Nike que revolucionÛ el mundo del deporte y la cultura contempor·nea con la marca Air Jordan. Cuenta la atrevida apuesta que definiÛ la carrera de un equipo poco convencional, la visiÛn implacable de una madre que conoce el valor del inmenso talento de su hijo y el fenÛmeno del baloncesto que se convertirÌa en el m·s grande de todos los tiempos."",N"
"10671,Airport,1970-03-25,George Seaton,""Burt Lancaster, Dana Wynter, Dean Martin, Barbara Hale, Jean Seberg"",""AcciÛn,Drama,Suspense"",6.469,/6iOKluJfyiU1SLZbGYrY7Z0i6k0.jpg,""Un temporal de nieve azota Chicago, dificultando el intenso tr·fico de su aeropuerto. A pesar de las malas condiciones meteorolÛgicas, el aeropuerto consigue permanecer abierto, pero entre los aviones que despegan causa una gran alarma el que vuela con destino a Roma, porque, entre los pasajeros, hay un polizonte y un hombre con un maletÌn sospechoso."",K"
"655187,Coven,2020-10-02,Pablo Ag¸ero,""¿lex Brendem¸hl, Amaia Aberasturi, Daniel Fanego, Garazi Urkola, Yune Nogueiras"",""Drama,Historia"",6.681,/lyB3yoQbGO3LiCVuSOD2g17Hr6p.jpg,""PaÌs Vasco francÈs, aÒo 1609. Los hombres de un pequeÒo pueblo de pescadores se han hecho a la mar. El juez Rostegui, encargado por el rey de librar al paÌs de las asechanzas del diablo, detiene a Ana y a sus amigas y las acusa de brujerÌa."",J"
"278122,A Garibaldian in the Convent,1942-03-10,Vittorio De Sica,""Leonardo Cortese, MarÌa Mercader, Carla Del Poggio, Fausto Guerzoni, Elvira Betrone"",""Comedia,Drama,Romance"",6.5,/nR222YDDiJ3iInieen1ajToD62K.jpg,""Mariella y Caterinetta son dos jÛvenes de buena familia que viven enfrentadas desde la infancia. Sus familias las envÌan a un estricto internado femenino, donde contin˙an con sus disputas. Pero, paradÛjicamente, esta situaciÛn las une cada vez m·s. Un dÌa, Caterinetta se encuentra, cerca del internado, con un joven garibaldino herido, que huye de las tropas borbÛnicas. Con la ayuda de Mariella y de un viejo jardinero, simpatizante de Garibaldi, consigue esconderlo dentro del convento."",O"
"804251,Alcarr‡s,2022-04-29,Carla SimÛn,""Josep Abad, Jordi Pujol Dolcet, Anna Otin, Albert Bosch, Xenia Roset"",Drama,6.8,/aFxuSReUph5Eea71QxCeAbl8ON2.jpg,""El abuelo ha dejado de hablar, pero nadie de la extensa familia SolÈ sabe la razÛn. Como cada verano, en Alcarr‡s, una pequeÒa localidad rural de CataluÒa, la familia cultiva una gran extensiÛn de melocotoneros."",N"
"152747,All Is Lost,2013-08-23,J.C. Chandor,Robert Redford,""AcciÛn,Aventura,Drama"",6.647,/9cVA4oX2xHgiglv6hemxwAaofsq.jpg,""En el transcurso de un viaje en solitario a travÈs del OcÈano Õndico, un hombre descubre al despertar que el casco de su velero de 12 metros se ha agrietado tras una colisiÛn con un contenedor que flotaba a la deriva. A pesar de las reparaciones, su intuiciÛn de marinero y una fuerza fÌsica que desafÌa su edad, a duras penas logra sobrevivir a la tormenta. Pero el sol implacable, la amenaza de los tiburones y el agotamiento de sus escasas reservas obligan a este marinero sin rumbo a mirar a la muerte a los ojos."",G"
"49046,All Quiet on the Western Front,2022-10-07,Edward Berger,""Felix Kammerer, Albrecht Schuch, Aaron Hilmer, Moritz Klaus, Adrian Gr¸newald"",""BÈlica,Drama"",7.7,/sNsmI4vQ1A6VG52dquTFx8oNTWk.jpg,""Paul Baumer y sus amigos Albert y Muller, incitados por sueÒos rom·nticos de heroÌsmo, se alistan voluntariamente en el ejÈrcito alem·n. Llenos de emociÛn y fervor patriÛtico, los muchachos marchan con entusiasmo hacia una guerra en la que creen. Pero una vez en el frente occidental, descubren el horror destructor del alma de la Primera Guerra Mundial."",N"
"446791,All the Money in the World,2017-12-21,Ridley Scott,""Michelle Williams, Mark Wahlberg, Christopher Plummer, Charlie Plummer, Romain Duris"",""Crimen,Historia,Suspense"",6.5,/q6nE9Hf0ezszjI4DbCxwzQ73MMy.jpg,""Film sobre el secuestro en Italia, en 1973, de John Paul Getty III, y los desesperados esfuerzos de su madre por conseguir que el abuelo del joven, el magnate del petrÛleo John Paul Getty Sr., considerado uno de los hombres m·s ricos del mundo, pagase el rescate."",G"
"891,All the President's Men,1976-04-09,Alan J. Pakula,""Robert Redford, Dustin Hoffman, Jack Warden, Martin Balsam, Hal Holbrook"",""Drama,Misterio,Suspense"",7.7,/cPtSHR7D2WGsDBfnC5DxV927hKn.jpg,""En 1972, dos jÛvenes periodistas del diario The Washington Post, Bob Woodward y Carl Bernstein, comienzan a investigar el allanamiento del cuartel general del Partido DemÛcrata en Washington. Sus descubrimientos desencadenan el llamado 'caso Watergate', que provocÛ la dimisiÛn del presidente Richard Nixon."",G"
"279,Amadeus,1984-09-19,Miloö Forman,""F. Murray Abraham, Tom Hulce, Elizabeth Berridge, Simon Callow, Roy Dotrice"",""Historia,M˙sica,Drama"",8.023,/gQRfiyfGvr1az0quaYyMram3Aqt.jpg,""Antonio Salieri es el m˙sico m·s destacado de la corte del Emperador JosÈ II de Austria. Entregado completamente a la m˙sica, le promete a Dios humildad y castidad si, a cambio, conserva sus extraordinarias dotes musicales. Pero, despuÈs de la llegada a la corte de un joven llamado Wolfang Amadeus Mozart, Salieri queda relegado a un segundo plano. Irritado por la pÈrdida de protagonismo, har· todo lo posible para arruinar la carrera del joven m˙sico. Mientras tanto, Mozart, ajeno a las maquinaciones de Salieri, sorprende a todos con su genialidad como m˙sico, pero tambiÈn con sus excentricidades."",G O"
"422803,A Shaun the Sheep Movie: Farmageddon,2019-09-26,Will Becher,""Justin Fletcher, John Sparkes, Amalia Vitale, Kate Harbour, David Holt"",""Familia,Comedia,Aventura,AnimaciÛn,Ciencia ficciÛn"",6.905,/p08FoXVFgcRm5QZBaGj0VKa2W2Y.jpg,""Unas extraÒas luces planean sobre el cielo del tranquilo Mossingham anunciando la llegada de visitantes de una lejana galaxia, pero en la granja Mossy Bottom la oveja Shaun y el resto del rebaÒo siguen haciendo de las suyasÖmuy a pesar de Bitzer, su perro pastor. Tras esta incursiÛn, una adorable extraterrestre de asombrosos poderes se queda en tierra, y... °Shaun ve en ella una oportunidad de diversiÛn alienÌgena! Pero antes ha de evitar que su nueva amiga sea capturada por una siniestra organizaciÛn. øEstar· preparado el rebaÒo para afrontar una misiÛn de dimensionesÖ astronÛmicas?"",K"
"431580,Abominable,2019-09-19,Jill Culton,""Chloe Bennet, Albert Tsai, Eddie Izzard, Tenzing Norgay Trainor, Joseph Izzo"",""Familia,AnimaciÛn,Aventura,Comedia,FantasÌa"",7.452,/20djTLqppfBx5WYA67Y300S6aPD.jpg,""Yi es una adolescente m·s en la enorme ciudad de Shanghai. Un dÌa, se encuentra a un joven yeti en la azotea de su edificio. La supuestamente ìabominableî criatura, que se ha escapado del laboratorio donde estaba encerrado, est· siendo buscada por toda la ciudad. Junto con sus ingeniosos amigos Jin y Peng, Yi decide ayudarle a huir, le bautizan como ìEverestî y los cuatro se embarcan en una Èpica aventura para reunir a la mÌtica criatura con su familia en el pico m·s alto del mundo."",K"
"812,Aladdin,1992-11-25,Ron Clements,""Scott Weinger, Robin Williams, Linda Larkin, Jonathan Freeman, Gilbert Gottfried"",""AnimaciÛn,Familia,Aventura,FantasÌa,Romance"",7.654,/eLFfl7vS8dkeG1hKp5mwbm37V83.jpg,""AladdÌn es un ingenioso joven que vive en una extrema pobreza, y que sueÒa con casarse con la bella hija del sult·n, la princesa Jasmine. El destino interviene cuando el astuto visir del Sult·n, Jafar, recluta a AladdÌn para que le ayude a recuperar una l·mpara m·gica de las profundidades de la Cueva de las Maravillas. AladdÌn encuentra una l·mpara maravillosa con un genio dentro, y sus deseos comienzan a hacerse realidad."",H"
"258509,Alvin and the Chipmunks: The Road Chip,2015-12-17,Walt Becker,""Jason Lee, Justin Long, Matthew Gray Gubler, Jesse McCartney, Kimberly Williams-Paisley"",""Familia,Comedia,M˙sica,Aventura,AnimaciÛn"",6.027,/16OcuuW5z509WILR6BmscNdXgw0.jpg,""Tras una serie de malentendidos Alvin, Simon y Theodore piensan que Dave se va a declarar a su nueva novia en Nueva York... y por tanto se olvidar· de ellos. Tienen tres dÌas para llegar e intentar romper el """"compromiso"""" y salvarse asÌ de la pÈrdida de Dave."",H"
"9444,Anastasia,1997-11-20,Don Bluth,""Meg Ryan, John Cusack, Kelsey Grammer, Christopher Lloyd, Hank Azaria"",""AnimaciÛn,Familia,FantasÌa,Aventura"",7.605,/bppGWGA8zq1sRvTdDJnUzVW9GcH.jpg,""Cuando la sombra de la revoluciÛn se cierne sobre Rusia, Anastasia, la hija m·s joven de la familia real, apenas consigue escapar con vida. AÒos desp˙es conoce al joven Dimitri. Cuando se dirigen a ParÌs para reclamar los derechos del legado de Anastasia, se ver·n envueltos en una cruenta lucha contra el malvado monje RasputÌn y su sicario, el murciÈlago Bartok."",H"
"315064,Animal Crackers,2018-07-21,Tony Bancroft,""Emily Blunt, John Krasinski, Lydia Rose Taylor, Ian McKellen, Sylvester Stallone"",""Comedia,Animaci√≥n,Aventura,Familia"",6.3,/dxFqZiO5MqqVoFZuWOjTdjmDh6d.jpg,""Animal Crackers cuenta la historia de una familia cuya vida se pone patas arriba en el momento en el que heredan un viejo circo y una misteriosa caja de galletas que tienen forma de animales. Estas criaturas tienen la m√°gica cualidad de transformar a la persona que se alimenta de esa galleta en el animal que ha comido, ya sean leones, tigres, osos, monos o jirafas. Ante esta situaci√≥n, la familia debe proteger el circo de su malvado t√≠o, que pretende arrebat√°rselo de las manos."",K"
"180644,Anina,2013-04-19,Alfredo Soderguit,""Federica LacaÒo, MarÌa Mendive, CÈsar Troncoso, Cristina Mor·n, Petru Valensky"",""Aventura,AnimaciÛn,Familia"",7.182,/lw3MWGsBDfRKeAWgk00pjDNZi6G.jpg,""Una pelÌcula de animaciÛn que relata las aventuras de una niÒa que debe resistir las burlas de sus compaÒeros de colegio por la particularidad de su nombre y apellidos: Anina Yatay Salas, ya que los tres se leen igual en ambos sentidos. Incluida en el apartado GeneraciÛn del Festival de Cine de BerlÌn del 2013."",H"
"196867,Annie,2014-12-18,Will Gluck,""QuvenzhanÈ Wallis, Jamie Foxx, Rose Byrne, Cameron Diaz, Bobby Cannavale"",""Comedia,Drama,Familia"",6.237,/aKAM9V0izx4VhsdyAdBvAB26UCZ.jpg,""""""Annie"""" es una pelÌcula musical sobre una huÈrfana que conoce a un rico financiero, ambos cambiar·n para siempre la vida del otro. Remake del musical Annie, adaptado a la Època moderna y con m˙sica de Jay-Z."",H"
"170522,Asterix: The Mansions of the Gods,2014-11-26,Alexandre Astier,""Roger Carel, Alexandre Astier, Lionnel Astier, Serge Papagalli, FranÁois Morel"",""AnimaciÛn,Comedia,Aventura,Familia"",6.792,/lhB8cU7sHMy4ibKHVn67YcP4dI.jpg,""Estamos en el aÒo 50 A.C. Toda la Galia est· ocupada por los romanosÖ øToda? °No! Una aldea poblada por irreductibles galos resiste todavÌa y detienen siempre al invasor. Exasperado por la situaciÛn, Julio CÈsar decide cambiar de t·ctica: como sus ejÈrcitos han sido incapaces de imponerse por la fuerza, ser· la misma civilizaciÛn romana la que se encargar· de seducir a los b·rbaros galos. Para ello, ordenar· construir al lado de la aldea una lujosa residencia para romanos: ìla residencia de los Diosesî. øPodr·n nuestros amigos galos resistirse a la tentaciÛn del dinero y el confort romano? øLa aldea se convertir· en una simple atracciÛn turÌstica? AstÈrix y ObÈlix tendr·n que esforzarse para frustrar los planes del CÈsar."",H"
"527729,Asterix: The Secret of the Magic Potion,2018-05-12,Alexandre Astier,""Christian Clavier, Guillaume Briat, Alex Lutz, Alexandre Astier, …lie Semoun"",""Familia,AnimaciÛn,Comedia,Aventura"",6.847,/bMYpBVc0bS0ykEXSjRXIat6ooJf.jpg,""Tras sufrir una caÌda recogiendo muÈrdago, Panoramix decide que ha llegado la hora de asegurar el futuro del pueblo. AcompaÒado por Asterix y Obelix, emprende la b˙squeda de un talentoso druida al que quiere transmitirle el secreto de la pociÛn m·gica."",K"
"151960,Planes,2013-08-09,Klay Hall,""Dane Cook, Carlos Alazraqui, Val Kilmer, Julia Louis-Dreyfus, Brad Garrett"",""Animaci√≥n,Familia,Aventura,Comedia"",5.9,/i2xgU0y0p77WTrB0oIkbpdaWq8R.jpg,""Pel√≠cula derivada de la exitosa de Disney/Pixar dirigida por John Lasseter, Cars. En esta ocasi√≥n no son coches sino aviones, los que van a sumergirse en una divertida historia de acci√≥n y aventuras.  El protagonista, un avi√≥n llamado Dusty Crophopper, tiene verdadero terror a las alturas. Pero desafiar√° sus miedos para poder cumplir uno de sus grandes deseos: poder correr en la carrera m√°s grandiosa que exiten en todo el mundo. Dusty sabe que este ser√° el mayor reto de su vida, pero tambi√©n ser√° la experiencia m√°s apasionante y sobrecogedora que va a vivir jam√°s."",G"
"218836,Planes: Fire & Rescue,2014-07-17,Bobs Gannaway,""Ed Harris, Dane Cook, Julie Bowen, Curtis Armstrong, John Michael Higgins"",""AnimaciÛn,Comedia,Aventura,Familia"",6.178,/pOmteFeBDI9FJOPTDvYJYFeAtdp.jpg,""'Aviones: Equipo de rescate' sigue a una peculiar pandilla de aviones bombero de Èlite cuyo principal cometido es proteger el histÛrico Parque Nacional de Piston Peak de un atroz incendio. El popular aviÛn de carreras Dusty descubre que su motor est· estropeado, lo que le impide volver a competir. A pesar de la terrible noticia no se desanima y decide utilizar su experiencia para unirse al equipo anti incendios."",G"
"13248,""Bah, Humduck!: A Looney Tunes Christmas"",2006-11-14,Charles Visser,""Joe Alaskey, Bob Bergen, Billy West, June Foray, Maurice LaMarche"",""AnimaciÛn,Comedia,Familia"",7.2,/f568JOtSlQoevRIDBKK3YIkHbvd.jpg,""El Looney Cuento de Navidad sigue las proezas del Pato Lucas, el propietario parecido a Scrooger del cuento original de Charles Dickens. Para sacar partido financiero de los compradores que acuden a su tienda en el ˙ltimo minuto, Lucas exige a sus empleados, incluyendo al sufrido gerente Porky, que trabajen el dÌa de Navidad en lugar de pasar el dÌa con sus familias. Bugs Bunny y los fantasmas de Navidad del pasado (PiolÌn y la Abuelita), del presente (Yosemite Sam) y del Futuro (Taz) tendr·n la misiÛn de asegurarse de que el Pato Lucas se dÈ cuenta de su error y permita celebrar la Navidad a sus Looney empleados.."",M"
"411736,Batman: Return of the Caped Crusaders,2016-10-08,Rick Morales,""Adam West, Burt Ward, Julie Newmar, Jeff Bergman, Sirena Irwin"",""AcciÛn,AnimaciÛn,Aventura,Crimen,Ciencia ficciÛn,Familia"",6.488,/i6qL5EYGXI4867S4KwZ1mPWvmTx.jpg,""Batman y Robin, el chico maravilla, entran en acciÛn cuando la Tierra se ve amenazada por las m·s malÈvolas mentes-criminales de la ciudad de Gotham: El GuasÛn, Enigma, Ping¸ino y Gat˙bela! El D˙o Din·mico tratar· de salvar el dÌa cuando Batman se transforma de bueno a malo. Ahora Gat˙bela y Robin deben unirse para detenerlo de hacerse cargo de la ciudad de Gotham y, en definitiva, del mundo."",M"
"471474,Batman: Gotham by Gaslight,2018-01-12,Sam Liu,""Bruce Greenwood, Jennifer Carpenter, Anthony Stewart Head, Scott Patterson, John DiMaggio"",""Suspense,AcciÛn,AnimaciÛn,Ciencia ficciÛn"",6.697,/7souLi5zqQCnpZVghaXv0Wowi0y.jpg,""Ciudad GÛtica experimenta una era dorada de descubrimiento e industria, tal como exhibiÛ la prÛspera Feria Mundial del empresario Bruce Wayne. Pero abajo, en los callejones m·s oscuros, hay un asesino suelto."",H"
"342917,Batman Unlimited: Monster Mayhem,2015-08-18,Butch Lukic,""Roger Craig Smith, Troy Baker, Chris Diamantopoulos, Kari W¸hrer, Noel Fisher"",""AcciÛn,AnimaciÛn,Familia"",6.285,/jceXBNFMPLAKlo2MPJGJlXJBQJL.jpg,""Es la noche de Halloween en Ciudad GÛtica y Espantap·jaros, Calyface, Silver Banshee y Solomon Grundy golpean las calles en busca de problemas. Batman est· tras la pista de los temibles villanos de la ciudad mientras las cosas se complican y el Principe Payaso del Crimen en persona, el GuasÛn, gobierna su misteriosa banda de criminales. Es cosa del Caballero Oscuro detener a esta enorme banda antes de que puedan desatar la ìrisa digitalî, un virus inform·tico que forma parte de un di·bolico plan para poner en jaque toda la tecnologÌa vital de la ciudad. Batman, Green Arrow, Cyborg, Nightwing y Red Robin deber·n combinar fuerzas para combatir a estos malhechores y salvar la ciudad."",H"
"581997,Batman vs Teenage Mutant Ninja Turtles,2019-03-31,Jake Castorena,""Troy Baker, Eric Bauza, Darren Criss, Kyle Mooney, Baron Vaughn"",""AnimaciÛn,Ciencia ficciÛn,Aventura,Crimen,Comedia"",7.167,/yP3h0Pu8htyb9450mWJ9Vu1rU.jpg,""Batman, Batgirl y Robin forjan una alianza con Las Tortugas Ninja para luchar contra el gran enemigo de estas ˙ltimas, Shredder, quien aparentemente ha formado equipo con Ra's Al Ghul y la Liga de Asesinos para poner en jaque a Gotham."",K"
"10020,Beauty and the Beast,1991-10-22,Gary Trousdale,""Paige O'Hara, Robby Benson, Richard White, Jerry Orbach, David Ogden Stiers"",""Romance,Familia,Animaci√≥n,Fantas√≠a"",7.725,/hUJ0UvQ5tgE2Z9WpfuduVSdiCiU.jpg,""Una hermosa joven llamada Bella acepta alojarse en un castillo con una bestia a cambio de la libertad de su padre. La bestia es, en realidad, un pr√≠ncipe encantado. Para romper el hechizo, deber√° ganarse el amor de una preciosa dama antes de que caiga el √∫ltimo p√©talo de una rosa encantada."",H"
"321612,Beauty and the Beast,2017-03-16,Bill Condon,""Emma Watson, Dan Stevens, Luke Evans, Kevin Kline, Emma Thompson"",""Familia,Fantas√≠a,Romance"",6.968,/hKegSKIDep2ewJWPUQD7u0KqFIp.jpg,""Bella, una joven hermosa y brillante, asume el lugar de su padre como prisionero en el castillo de una bestia. Poco a poco, la valiente Bella ir√° d√°ndose cuenta de que el pr√≠ncipe bestia no es el malvado ser que todos creen que es y tiene, en realidad, un gran coraz√≥n."",M"
"177572,Big Hero 6,2014-10-24,Chris Williams,""Scott Adsit, Ryan Potter, Daniel Henney, T.J. Miller, Jamie Chung"",""Aventura,Familia,AnimaciÛn,AcciÛn,Comedia"",7.724,/2mxS4wUimwlLmI1xp6QW6NSU361.jpg,""En la metrÛpolis de San Fransokio (cruce de San Francisco y Tokio), vive Hiro Hamada, quien aprende a sacar provecho de su capacidad gracias a su brillante hermano Tadashi y sus tambiÈn brillantes amigos: la buscadora de adrenalina GoGo Tamago, el meticuloso de la limpieza Wasabi-No-Ginger, la genio de la quÌmica Honey Lemon y el fan·tico de los cÛmics Fred. Cuando tras un devastador giro de los acontecimientos, se ven envueltos en una peligrosa conspiraciÛn que tiene lugar en las calles de San Fransokio, Hiro recurre a su amigo m·s Ìntimo: un robot llamado Baymax, y transforma al grupo en una banda de hÈroes de ˙ltima tecnologÌa decididos a resolver el misterio."",H"
"1119987,Burrow,2023-06-15,Leaf Lieber,""Christian Coulson, Marc Crousillat"",Drama,6.5,/oSJYak9hUk311TorrfUiivIsOQ8.jpg,,J"
"70587,Spooky Buddies,2011-09-20,Robert Vince,""Genevieve Hannelius, Sierra McCormick, Sage Ryan, Debra Jo Rupp, Skyler Gisondo"",""Comedia,Familia,Misterio,PelÌcula de TV"",6.1,/cC6NleO3bn2FgFpkJx1RQvjccWL.jpg,""Los cachorros hablantines estan de nuevo en una nueva pelÌcula que les lleva a travÈs de la ciudad a una mansiÛn en la que algo muy misterioso est· sucediendo. En una carrera contra un perro no muy bueno, Los amigos y sus nuevos amigos Pip, Zelda, Rodney y Skip, deben detener a Warwick el brujo y salvar al mundo de sus actos malvados."",G"
"75258,Secret of the Wings,2012-08-17,Peggy Holmes,""Mae Whitman, Lucy Hale, Timothy Dalton, Jeff Bennett, Lucy Liu"",""AnimaciÛn,Familia,FantasÌa,Aventura"",7.24,/aPudKEzwwmwc5lS8sdxvG3WX86t.jpg,""Para Campanilla y el resto de las hadas de la temporada c·lida, el Bosque del Invierno sigue siendo un lugar misterioso y prohibido. Con """"Campanilla: El Secreto de las Hadas"""", el p˙blico acompaÒar· a Campanilla en un increÌble viaje a ese mundo prohibido donde descubrir· un secreto m·gico que cambiar· su vida para siempre."",I"
"268531,Captain Underpants: The First Epic Movie,2017-06-01,David Soren,""Kevin Hart, Thomas Middleditch, Ed Helms, Nick Kroll, Jordan Peele"",""Familia,Comedia,AnimaciÛn,Ciencia ficciÛn,AcciÛn"",6.281,/vKSmaPct5OEeMoD8ue30RisHlKD.jpg,""George y Harold son dos niÒos de primaria a los que les encantan los cÛmics y se dedican a pintar y dibujar historietas cuyo personaje central es el 'Capit·n Calzoncillos'. Un dÌa, de manera accidental, hipnotizan al director de su escuela, provocando su transformaciÛn en el mismo Capit·n Calzoncillos de sus alocados tebeos. Cada vez que alguien chasquea los dedos, el Sr. Krupp se convierte en este superhÈroe, que debe sus poderes a sus turbocalzones. Para volver a ser el Sr. Krupp, basta con que se le eche agua por encima."",M"
"260514,Cars 3,2017-06-15,Brian Fee,""Owen Wilson, Cristela Alonzo, Chris Cooper, Nathan Fillion, Larry the Cable Guy"",""AnimaciÛn,Aventura,Comedia,Drama,Familia"",6.852,/zg5RDxvIIAKsucjuU2EZJIHEIvz.jpg,""Sorprendido por una nueva generaciÛn de corredores ultrarr·pidos, el legendario Rayo McQueen queda relegado repentinamente del deporte que tanto ama. Para retomar su carrera, va a necesitar la ayuda de una joven mec·nica de carreras, Cruz RamÌrez, que tiene su propio plan para ganar, adem·s de la inspiraciÛn del fallecido Fabuloso Hudson Hornet y un par de giros inesperados. °Y para probar que el n∫95 no est· ni mucho menos acabado, el campeÛn tendr· que poner a prueba su valÌa en el gran circuito de la Copa Piston!"",M"
"321612,Beauty and the Beast,2017-03-16,Bill Condon,""Emma Watson, Dan Stevens, Luke Evans, Kevin Kline, Emma Thompson"",""Familia,Fantas√≠a,Romance"",6.968,/hKegSKIDep2ewJWPUQD7u0KqFIp.jpg,""Bella, una joven hermosa y brillante, asume el lugar de su padre como prisionero en el castillo de una bestia. Poco a poco, la valiente Bella ir√° d√°ndose cuenta de que el pr√≠ncipe bestia no es el malvado ser que todos creen que es y tiene, en realidad, un gran coraz√≥n."",M"
"39691,Cats & Dogs: The Revenge of Kitty Galore,2010-07-29,Brad Peyton,""James Marsden, Nick Nolte, Christina Applegate, Bette Midler, Pascale Hutton"",""Familia,Aventura,Comedia,FantasÌa,AcciÛn"",5.206,/syV2naEnz7wbakOOk7XanPX8MjL.jpg,""En la viejÌsima batalla entre gatos y perros, un felino enloquecido se ha pasado bastante de la raya. Kitty Galore, una antigua agente de la organizaciÛn de gatos espÌas MIAU, se ha vuelto pÌcara y ha ideado un plan diabÛlico no solo para derrotar a sus enemigos caninos, sino para subyugar a sus antiguos compaÒeros felinos y dominar el mundo. Frente esta amenaza sin precedentes, los gatos y los perros se ven obligados a unir sus fuerzas por primera vez en la historia en una insÛlita alianza para salvarse a sÌ mismos y a sus amos."",H"
"354912,Coco,2017-10-27,Lee Unkrich,""Anthony Gonzalez, Gael GarcÌa Bernal, Benjamin Bratt, Alanna Ubach, RenÈe Victor"",""Familia,AnimaciÛn,M˙sica,Aventura"",8.199,/6Ryitt95xrO8KXuqRGm1fUuNwqF.jpg,""Un joven aspirante a m˙sico llamado Miguel se embarca en un viaje extraordinario a la m·gica tierra de sus ancestros. AllÌ, el encantador embaucador HÈctor se convierte en su inesperado amigo y le ayuda a descubrir los misterios detr·s de las historias y tradiciones de su familia."",M"
"450314,Condorito: The Movie,2017-10-12,Alex Orrelle,""Omar Chaparro, Jessica Cediel, Jey Mammon, Coco Legrand, Cristi·n de la Fuente"",""Aventura,AnimaciÛn,Comedia"",6.9,/A7yTRWLgJdvOFQPhwSJF1s4BwbQ.jpg,""El pajarraco m·s querido de Pelotillehue emprender·, junto a su tenaz sobrino ConÈ, una peligrosa aventura para rescatar a su desaparecida suegra DoÒa Tremebunda, abducida misteriosamente por una banda alienÌgena. Lo que no ha tomado en cuenta es que, mientras intenta reparar el error con la madre de Yayita, Èsta ser· tentada rom·nticamente por el insistente Pepe Cortisona. AdaptaciÛn cinematogr·fica del famoso cÛmic chileno de Pepo."",H"
"14836,Coraline,2009-02-05,Henry Selick,""Dakota Fanning, Teri Hatcher, Jennifer Saunders, Dawn French, Keith David"",""AnimaciÛn,Familia,FantasÌa"",7.899,/4jeFXQYytChdZYE9JYO7Un87IlW.jpg,""PelÌcula de animaciÛn en la que se nos cuenta la historia de Coraline, una jovencita que descubre en su nueva casa una puerta secreta y decide abrirla. Al hacerlo, descubre una segunda versiÛn de su vida, una vida paralela a la que ella tiene. A primera vista, la realidad paralela es curiosamente parecida a su vida de verdad, aunque mucho mejor. Pero cuando su increÌble y maravillosa aventura empieza a tomar un cariz peligroso, su otra madre intenta mantenerla a su lado para siempre. Coraline deber· recurrir a su determinaciÛn y coraje, a la ayuda de los vecinos y a un gato negro con el don del habla para salvar a sus autÈnticos padres, a unos niÒos fantasmas y regresar a casa."",N"
"43071,Corto Maltese: The Secret Court of the Arcane,2002-09-25,Pascal Morelli,""Richard Berry, Patrick Bouchitey, Barbara Schulz, Marie Trintignant, Marc Chapiteau"",""Drama,AnimaciÛn,Historia,Aventura"",6.452,/8Pv01KeMIZLuyOj6lzBepPjws84.jpg,""1919. Asia est· sometida al caos. Un gran n˙mero de trenes cargados de armas cruzan la tundra helada desde Rusia y Siberia hacia Manchuria. Con ellos, el tren del Almirante Kolchak lleva un cargamento de oro procedente de las arcas de los Zares de Rusia. Muchos mercenarios se encuentran al acecho. En Èsta caza del tesoro sin cuartel, Corto MaltÈs acude en ayuda de los Linternas Rojas, una sociedad secreta que ha salvado su vida en m·s de una ocasiÛn. Con RasputÌn, su """"amigo odiado"""" de siempre, se encontrar· con sociedades secretas chinas, una duquesa rusa tan atractiva como perversa, un hombre que se cree la reencarnaciÛn de Genghis Khan, un aviador americano y diversos generales divididos entre su nostalgia por el pasado y la preocupaciÛn por su futuro. La aventura no ha hecho m·s que comenzar..."",H"
"539681,DC League of Super-Pets,2022-07-27,Jared Stern,""Dwayne Johnson, Kevin Hart, John Krasinski, Keanu Reeves, Kate McKinnon"",""Familia,Comedia,Aventura,AnimaciÛn,Ciencia ficciÛn"",7.168,/qpPMewlugFaejXjz4YNDnpTniFX.jpg,""Krypto el Superperro y Superman son amigos inseparables que comparten los mismos superpoderes y luchan juntos contra el crimen en MetrÛpolis. Cuando Superman y el resto de la Liga de la Justicia son secuestrados, Krypto debe convencer a un variopinto grupo de un albergue ñAce el sabueso, PB la cerdita barrigona, Merton la tortuga y Chip la ardillañ de dominar sus nuevos poderes y ayudarlo a rescatar a los superhÈroes."",M"
"20352,Despicable Me,2010-07-08,Pierre Coffin,""Steve Carell, Jason Segel, Miranda Cosgrove, Dana Gaier, Elsie Fisher"",""Familia,Comedia,AnimaciÛn,Ciencia ficciÛn,AcciÛn"",7.256,/b1BT309QWjtFUlJPLmXmrcHOWEL.jpg,""En una alegre urbanizaciÛn con cuidados jardines rodeados por verjas de madera pintadas de blanco y llenos de rosales, sobresale una casa negra con el cÈsped amarillento. Los vecinos ignoran que debajo de la vivienda hay un enorme escondite secreto. AllÌ est· Gru, rodeado por un pequeÒo ejÈrcito de lacayos, planeando el mayor robo de toda la historia. °Va a hacerse con la luna!"",J"
"93456,Despicable Me 2,2013-06-26,Pierre Coffin,""Steve Carell, Kristen Wiig, Benjamin Bratt, Miranda Cosgrove, Dana Gaier"",""AnimaciÛn,Comedia,Familia"",6.942,/5Fh4NdoEnCjCK9wLjdJ9DJNFl2b.jpg,""La pelÌcula de animaciÛn de los estudios Universal, giraba en torno a una apacible y colorida poblaciÛn en la que vivÌa el malvado Gru. Ayudado por su batallÛn de Minions, unos pequeÒos seres de color amarillo, intentaron robar la Luna, aunque no todo acabÛ como esperaban. Tres niÒas curiosas y algo traviesas se cruzaron en su camino, entorpeciÈndole todos sus planes y conviertiendo su objetivo en una alocada hazaÒa interestelar.  Ahora, 'Gru, mi villano favorito 2', narra una nueva aventura en la que Gru volver· a estar acompaÒado de simp·ticos humanoides."",G"
"324852,Despicable Me 3,2017-06-15,Pierre Coffin,""Steve Carell, Kristen Wiig, Trey Parker, Miranda Cosgrove, Dana Gaier"",""AcciÛn,AnimaciÛn,Comedia,Familia,Aventura"",6.465,/6t3YWl7hrr88lCEFlGVqW5yV99R.jpg,""A Gru lo han despedido. Se ha quedado sin trabajo porque ha dejado escapar al supervillano Balthazar Bratt, estrella infantil de los aÒos 80 que con la llegada de la pubertad lo perdiÛ todo y ha estado creando el caos en todo el planeta.  Adem·s, Gru va a conocer a su hermano gemelo Dru y tendr· que decidir si est· listo para continuar la tradiciÛn familiar de dedicarse al crimen, y unirse a el para llevar a cabo un ˙ltimo golpe. Aunque ha dejado esa vida atr·sÖ øvolver· a convertirse Gru en un villano?"",M"
"421456,Dilili in Paris,2018-10-10,Michel Ocelot,""Elisabeth Duda, Liliane RovËre, Prunelle Charles-Ambron, Thissa d'Avila Bensalah, Enzo Ratsito"",""AnimaciÛn,Aventura"",6.668,/iHx1IPuOl9ZiabBCFjXq6yvIW3j.jpg,""Dilili, una joven que llega de Nueva Caledonia a Francia, cuenta con la ayuda de su amigo repartidor para investigar una serie de misteriosos secuestros de chicas jÛvenes en el ParÌs de la Belle …poque. En el curso de su investigaciÛn se encontrar· con m˙ltiples personajes extraordinarios que le ir·n dando pistas."",J"
"10588,The Cat in the Hat,2003-11-21,Bo Welch,""Mike Myers, Dakota Fanning, Spencer Breslin, Kelly Preston, Alec Baldwin"",""Familia,Comedia,Aventura,Fantas√≠a"",5.291,/uYYLz67e5xEQMsY858VSSCDsLU6.jpg,""Durante un d√≠a lluvioso, y mientras su madre est√° fuera, Conrad, Sally y su pez mascota reciben la visita del travieso Gato con Sombrero. La diversi√≥n pronto se convierte en caos, y los hermanos deben descubrir c√≥mo librarse del man√≠aco Gato."",H"
"375107,Duck Duck Goose,2018-03-09,Christopher Jenkins,""Jim Gaffigan, Zendaya, Lance Lim, Greg Proops, Natasha Leggero"",""AnimaciÛn,Familia,Aventura,Comedia"",6.212,/7XURM64DYa9DpS70I2rM4suvq1s.jpg,""Peng, un ganso soltero que se niega a vivir como los dem·s esperan que lo haga, ayuda a dos jÛvenes patitos que han emprendido una larga aventura a travÈs de montaÒas, lagos y bosques de bamb˙."",K"
"387592,Early Man,2018-01-26,Nick Park,""Eddie Redmayne, Tom Hiddleston, Maisie Williams, Timothy Spall, Miriam Margolyes"",""Familia,Comedia,AnimaciÛn,Aventura"",6.139,/5iW2rntwLZoGlFCYYy8TjHyblbw.jpg,""Dug y su compinche, el jabalÌ Hognob, unen a una tribu de cavernÌcolas para salvar su valle escondido del expolio y, todos juntos como equipo, para enfrentar la amenaza de un misterioso y poderoso enemigo en el cÈsped de un antiguo y sagrado deporte."",H"
"417859,Puss in Boots,2011-10-27,Chris Miller,""Antonio Banderas, Salma Hayek Pinault, Zach Galifianakis, Billy Bob Thornton, Amy Sedaris"",""Animaci√≥n,Familia,Fantas√≠a,Aventura,Comedia"",6.593,/n4UkIqNYSTr4DPoHCVfLrL8mbre.jpg,""Mucho antes de que conociera a Shrek, el conocido espadach√≠n, amante y fuera de la ley Gato con Botas se convierte en un h√©roe al emprender una aventura junto a la dura y espabilada Kitty Zarpassuaves y el astuto Humpty Dumpty para salvar a su pueblo. Complic√°ndoles las cosas por el camino est√°n los infames forajidos Jack y Jill, que har√°n cualquier cosa para que Gato y su banda no lo consigan."",G"
"73723,The Lorax,2012-03-01,Chris Renaud,""Danny DeVito, Ed Helms, Zac Efron, Rob Riggle, Taylor Swift"",""Animaci√≥n,Familia"",6.522,/tePFnZFw5JvjwjQjaKkqDPNMLPU.jpg,""Un chico se propone conquistar el afecto de la chica de sus sue√±os. Para conseguirlo, debe averiguar la historia del Lorax, una encantadora aunque gru√±ona criatura que lucha por proteger un mundo en v√≠as de extinci√≥n."",G"
"9016,Treasure Planet,2002-11-26,Ron Clements,""Joseph Gordon-Levitt, Brian Murray, Emma Thompson, David Hyde Pierce, Martin Short"",""Ciencia ficciÛn,Aventura,AnimaciÛn,Familia,FantasÌa"",7.562,/kNhZkR3UNbXfvESQo7mJpOi4tGd.jpg,""Jim, un surfista solar, se enfrenta a una cacerÌa intergal·ctica de tesoros cuando cae en sus manos un legendario mapa que le llevar· a buscar la fortuna m·s grande del Universo. A bordo de un espectacular 'galeÛn solar', Jim se convierte en el ayudante del cocinero del barco, John Silver -mitad hombre, mitad m·quina-, que le enseÒa a ser un buen explorador del espacio."",I"
"568124,Encanto,2021-10-13,Byron Howard,""Stephanie Beatriz, MarÌa Cecilia Botero, John Leguizamo, Diane Guerrero, Jess Darrow"",""AnimaciÛn,Comedia,Familia,FantasÌa"",7.571,/4j0PNHkMr5ax3IA8tjtxcmPU3QT.jpg,""Los Madrigal son una familia extraordinaria que vive en una casa m·gica de un pueblo vibrante en las montaÒas de Colombia, escondidas en un 'Encanto'. La magia ha bendecido a cada niÒo de la familia con un don ˙nico, desde la superfuerza hasta el poder de sanar. A todos, excepto Mirabel, quien desea ser tan especial como el resto de su familia.  Pero cuando la magia que rodea al Encanto est· en peligro, Mirabel decide que ella, la ˙nica Madrigal sin ning˙n tipo de don ˙nico, puede ser la ˙nica esperanza de su excepcional familia."",J"
"38757,Tangled,2010-11-24,Nathan Greno,""Mandy Moore, Zachary Levi, Donna Murphy, Ron Perlman, M.C. Gainey"",""Animaci√≥n,Familia,Aventura"",7.6,/ym7Kst6a4uodryxqbGOxmewF235.jpg,""Flynn Rider, el m√°s buscado -y encantador- bandido del reino, se esconde en una misteriosa torre y all√≠ se encuentra con Rapunzel, una bella y avispada adolescente con una cabellera dorada de 21 metros de largo, que vive encerrada all√≠ desde hace a√±os. Ambos sellan un pacto y a partir de ese momento la pareja vivir√° emocionantes aventuras en compa√±√≠a de un caballo superpolic√≠a, un camale√≥n sobreprotector y una ruda pandilla de matones"",I"
"116711,Epic,2013-05-15,Chris Wedge,""Colin Farrell, Amanda Seyfried, Christoph Waltz, Josh Hutcherson, Jason Sudeikis"",""AnimaciÛn,Aventura,Familia,FantasÌa"",6.545,/81cSsWzjTfR3cJSqnTiHwy1eyPK.jpg,""Historia sobre la interminable batalla entre las fuerzas del bien, encargadas de mantener la vida, y las fuerzas del mal, que pretenden destruirla. Mary Katherine (Amanda Seyfried) es una adolescente que intenta reanudar la relaciÛn con su padre el Profesor Bomba (Jason Sudeikis), un cientÌfico cuya obsesiÛn es descubrir una diminuta sociedad secreta que habita en el bosque. Esta idea a su hija le parece disparatada hasta que, inesperadamente, es transportada a ese universo secreto, donde se est· librando una batalla entre los Hombres Hoja y los Boggans."",I"
"126319,Ernest & Celestine,2012-12-12,StÈphane Aubier,""Anne-Marie Loop, Lambert Wilson, Pauline Brunner, Patrice Melennec, Brigitte Virtudes"",""AnimaciÛn,Familia,Aventura,Crimen"",7.751,/3pNUKmcLhix0qEXsOUEVN15risM.jpg,""""""Ernest y Celestine"""" es un cuento que narra, a grandes rasgos, la historia de amistad entre un oso que no quiere convertirse en notario y una ratoncita, bastante distraÌda, que no tiene ganas de ser dentista."",G"
"68179,Escape from Planet Earth,2013-02-14,Cal Brunker,""Rob Corddry, Brendan Fraser, Jessica Alba, Steve Zahn, Sarah Jessica Parker"",""AnimaciÛn,Comedia,Aventura,Familia,Ciencia ficciÛn"",5.748,/9la0CSCJqwh6io3yk4Xv3aEZxEA.jpg,""La cinta, ambientada en el planeta Baab, cuenta la historia del admirado astronauta Scorch Supernova (Fraser), un hÈroe nacional del pueblo baabariano. Maestro en rescates audaces, Scorch realiza hazaÒas asombrosas con la ayuda de su hermano Gary (Corddry), jefe de control de misiÛn en la BASA. Cuando Lena (Alba), jefe de la BASA, informa a los hermanos de un SOS en un planeta conocido por su peligrosidad Scorch rechaza las advertencias de Gary y caer· de lleno en una trampa diabÛlica a manos del malÈfico Shanker (Gandolfini). Ahora Gary tendr· que convertirse en el hÈroe para rescatar a su hermano, a su planeta, a su amada esposa Kira (Parker) y a su hijo Kip."",I"
"431693,Spies in Disguise,2019-12-04,Nick Bruno,""Will Smith, Tom Holland, Ben Mendelsohn, Rashida Jones, Karen Gillan"",""AnimaciÛn,AcciÛn,Aventura,Comedia,Familia"",7.559,/e7rWcrnuNej3JeVjqmRu0jVeRa4.jpg,""Puede decirse que el superespÌa Lance Sterling y el cientÌfico Walter Beckett no tienen nada que ver entre sÌ: Lance es relajado, educado y caballeroso. Walter lo opuesto. Lo que le falta a Walter de habilidades sociales lo compensa con una dosis extra de ingenio e inventiva, con los que crea fascinantes artilugios que Lance usa en sus Èpicas misiones. Pero cuando los acontecimientos sorprenden con un giro inesperado, Walter y Lance tendr·n que confiar el uno en el otroÖ Y todo el mundo estar· en peligro."",K"
"165357,A Bundle of Blues,1933-01-31,Fred Waller,""Duke Ellington, Ivie Anderson, Florence Hill, Bessie Dudley"",M˙sica,5.6,/wfcXOJyT3432DfmwMXBDDPjFcMR.jpg,,M"
"1816,A Chorus Line,1985-12-10,Richard Attenborough,""Michael Douglas, Alyson Reed, Terrence Mann, Gregg Burge, Vicki Frederick"",""Drama,M˙sica"",6.211,/bQzbO6y6gxePrEcU57Su8HJ9UdH.jpg,""Un centenar de bailarines y bailarinas han de realizar unas pruebas en el escenario de un teatro para demostrar si son aptos para la comedia musical que prepara el reputado y estricto Zach. De manera implacable se va desarrollando la selecciÛn hasta que solamente queden los elegidos. Entre las candidatas est· Cassie, que fue la amante de Zach y que lo dejÛ para probar suerte en Hollywood. Tan sÛlo ocho artistas superar·n esta despiadada competiciÛn."",J"
"704,A Hard Day's Night,1964-07-07,Richard Lester,""John Lennon, Paul McCartney, George Harrison, Ringo Starr, Wilfrid Brambell"",""Comedia,M˙sica"",7.316,/6Ulsccp2VkaVU5qbya3bxm9JG4x.jpg,""Por primera vez los Beatles han decidido romper todas las reglas: saltarse el programa, ignorar sus obligaciones y saborear la libertad. Pero, para ello, tendr·n que dar esquinazo a sus admiradores, esquivar a los periodistas y desobedecer a sus m·nagers."",M"
"50125,AC/DC: Let There Be Rock,1980-09-01,Eric Mistler,""Bon Scott, Angus Young, Malcolm Young, Cliff Williams, Phil Rudd"",""M˙sica,Documental"",8.0,/1OVX8H4vXRCuCUNQDYVuRfskX0N.jpg,""AC/DC en directo en el Pavillion de ParÌs el 9 de diciembre de 1979, durante la gira que serÌa la ˙ltima del cantante Bon Scott. Aunque la banda se encuentra todavÌa en sus aÒos 70 y era minimalista, con pocos efectos y pirotecnia en el escenario, esta presentaciÛn en vivo fue considerada como una de las mejores y m·s enÈrgicas de su carrera. El concierto se intercala con entrevistas semi-ficticias con los miembros de la banda. Las entrevistas tuvieron lugar en Reims, Francia, dos dÌas antes del concierto."",O"
"19027,AC/DC: Live At Donington,1992-10-27,David Mallet,""Angus Young, Malcolm Young, Brian Johnson, Cliff Williams, Chris Slade"",M˙sica,8.4,/1Yms3Q9PqgZPKYiix99cdzIfLd2.jpg,""Cuando los AC/DC atravesaron las puertas del castillo de Donington en agosto de 1991, encabezaban su tercer festival """"Monsters of rock"""" en el legendario lugar. Procedieron a asaltar a la masiva audiencia con un set de dos horas repleto de sus grandes Èxitos y un espect·culo visual desmesurado que incluyÛ disparos de caÒones, la campana del infierno y una Rosie inflable gigante. Filmado en Panavision de 35 mm. con 26 c·maras (incluyendo tomas desde helicÛptero), este documento presenta uno de los mejores conciertos en vivo de todos los tiempos."",M"
"63973,AC/DC: Live at River Plate,2009-12-11,David Mallet,""Angus Young, Malcolm Young, Brian Johnson, Cliff Williams, Phil Rudd"",M˙sica,8.125,/3IBHZxJbhpeFgWbIZNdr8aHTl3h.jpg,""Concierto en vivo representativo del enorme """"Black Ice World Tour"""" de AC/DC (donde se presentaron ante m·s de 5 millones de seguidores en 108 ciudades de m·s de 28 paÌses). Filmado con 32 c·maras completamente en alta definiciÛn en diciembre de 2009, presenta el regreso triunfal de los AC/DC a Buenos Aires, donde 200.000 fan·ticos nerviosos y 3 shows con entradas agotadas dieron la bienvenida a la banda despuÈs de 13 aÒos de ausencia de Argentina."",G"
"24983,AC/DC: No Bull,1996-11-02,David Mallet,""Brian Johnson, Angus Young, Malcolm Young, Cliff Williams, Phil Rudd"",M˙sica,7.2,/2yDKSXkq8RVm72NF1j4ApGjNP01.jpg,""No Bull captura el espect·culo exagerado que fue la gira Ballbreaker de 1996 de AC / DC. Rodada en la plaza de toros Plaza de Toros de Las Ventas de Madrid, la pelÌcula ha sido reeditada por completo en HD y remezclada tanto en estÈreo como en sonido envolvente 5.1."",K"
"79931,Adele: Live at the Royal Albert Hall,2011-11-27,Paul Dugdale,""Adele, Ben Thomas, Tim Van Der Kuil, Miles Robertson, Sam Dixon"",M˙sica,8.0,/j6Eix1TrP5ubGZQyYIc8PYZXdbJ.jpg,""Como no podÌa ser de otra forma, Adele abre el concierto ech·ndose un Ûrdago que condicionar· el resto del concierto y que me recuerda mucho a cuando Arcade Fire empiezan sus actuaciones con ëReady To Startí. ëHometown Gloryë crea el ambiente perfecto para el recital que vendr· despuÈs, y concentra toda la atenciÛn del p˙blico magistralmente. Este pequeÒo homenaje que hace a su p˙blico causa el efecto deseado, y Adele se los mete en el bolsillo desde el primer momento. El tracklist est· salpicado en lugares clave de sus mejores cortes, como ëTurning Tablesë, perteneciente tambiÈn a su segundo disco"",I"
"188506,Alanis Morissette: Live at Montreux 2012,2013-04-18,Romain GuÈlat,""Alanis Morissette, Julian Coryell, Jason Orme, Cedric LeMoyne, Victor Indrizzo"",M˙sica,8.5,/mUgm4XzR4rhTn2YkVZZFkRo4ai8.jpg,""Alanis Morissette es una de las artistas y compositoras m·s exitosas de todos los tiempos y ha vendido m·s de 60 millones de ·lbumes en todo el mundo. Su voz es reconocible al instante y es una intÈrprete en vivo consumada. El 2 de julio de 2012, Alanis Morissette regresÛ a Montreux como parte de su Guardian Angel Tour en apoyo de su nuevo ·lbum Havoc And Bright Lights. Era su tercera apariciÛn en el festival. El set mostrÛ una serie de pistas del nuevo ·lbum (en ese momento a˙n no se ha lanzado) junto con pistas cl·sicas de toda su carrera. Esta es Alanis Morissette en vivo en su mejor momento. LISTA DE PISTA 1) Quedo 2) Mujer abajo 3) Todo lo que realmente quiero 4) Aprendes 5) Guardi·n 6) Flinch 7) Perdonado 8) Manos limpias 9) Quedo 10) Ciudadano del planeta 11) IrÛnico 12) Caos 13) Cabeza sobre pies 14) Versiones de violencia 15) Quedo 16) Debes saber 17) Entumecido 18) Mano en el bolsillo 19) Sin invitaciÛn 20) Gracias"",G"
123416,Albert Collins: Live at Montreux 1992,1992-07-10,,Albert Collins,M˙sica,0.0,/qwShyvR0pC4b0JpapAn5XwR4xMj.jpg,,M
"73611,Amy Winehouse: I Told You I Was Trouble - Live In London,2007-11-05,Hamish Hamilton,""Ade Omatyo, Zalon Thompson, Amy Winehouse, Dale Davis, Robin Banerjee"",M˙sica,7.7,/mG6SfVZukZYFmOjSLj5uMri8Ccv.jpg,Concierto editado en DVD de la cantante brit·nica Amy Winehouse lanzado el 05 de noviembre de 2007.,K"
"424277,Annette,2021-07-07,Leos Carax,""Adam Driver, Marion Cotillard, Simon Helberg, Devyn McDowell, Natalia Lafourcade"",""Drama,Romance"",6.667,/kumbxy2gNU0IvymBjJzbOC6OEJv.jpg,""Henry es un monologuista cÛmico de humor incisivo. Ann, una cantante de renombre internacional. Centro de todas las miradas, juntos forman una pareja feliz rodeada de glamur. El nacimiento de su primogÈnita, Annette, una niÒa misteriosa con un destino excepcional, les cambiar· la vida."",J"
"316693,Artie Shaw's Class in Swing,1939-01-01,Leslie M. Roush,""Artie Shaw, Helen Forrest, Buddy Rich"",""M˙sica,Documental"",6.0,/7SIgqsBxn6ICshWqCJhsqvpZWh8.jpg,,K"
"136296,B.B. King: The Life of Riley,2012-10-15,Jon Brewer,""B.B. King, Morgan Freeman, Bono, Eric Clapton, Carlos Santana"",""Documental,M˙sica"",6.9,/mUylDxl5mx5glgBdbp7mY7aXNtU.jpg,,G"
929605,B.B. King - Rocklife - Bonn,,,,M˙sica,0.0,/cA6bdUFCgwBIi9JoKIKzVVDuLxd.jpg,Concierto brindado por B. B. King el 25 de Marzo de 1994 en Bonn Alemania,K
"144615,Black and Tan,1929-12-08,Dudley Murphy,""Duke Ellington, Barney Bigard, Wellman Braud, Joe 'Tricky Sam' Nanton, Edgar Connor"",""M˙sica,Drama"",6.288,/s9zciO8mWXetOB9YeBLhLQYxUfb.jpg,,K"
"35621,BÈla Fleck & the Flecktones: Live at the Quick,2002-02-26,Marc Smerling,""BÈla Fleck, Victor Wooten, Future Man, Jeff Coffin"",M˙sica,6.0,/xKTIhjyR7fBoivAvygqxeRF8US8.jpg,,G"
"114575,Big Easy Express,2012-03-17,Emmett Malloy,""Ted Dwane, Alex Ebert, Winston Marshall, Marcus Mumford, Ben Lovett"",""Documental,M˙sica"",6.9,/ihcK4C68PaEG268vuAdm1Yb0Bd9.jpg,,M"
"18936,Blue Man Group: The Complex Rock Tour Live,2003-11-25,,""Kalen Allmandinger, Matthew Banks, Tom Galassi, Eric Gebow, David Anania"",""M˙sica,Documental,Comedia"",7.1,/jnBooYGkwjU8minZYNwzCLg1DMy.jpg,,G"
40200,Bob Dylan: MTV Unplugged,1994-12-14,Milton Lage,Bob Dylan,M˙sica,9.4,/h1eLXaZaLPSc50icX5qYVL7Fu3u.jpg,,K
"424694,Bohemian Rhapsody,2018-10-24,Bryan Singer,""Rami Malek, Gwilym Lee, Ben Hardy, Joseph Mazzello, Lucy Boynton"",""M˙sica,Drama"",7.961,/lHu1wtNaczFPGFDTrjCSzeLPTKN.jpg,""Londres, 1970. El joven Farrokh (al que sus amigos llaman Freddie) vive en Londres, trabaja en el aeropuerto, estudia diseÒo gr·fico y escribe canciones. Un dÌa, tras escuchar al grupo Smile en un bar, se ofrece como cantante de la banda al enterarse de que se han quedado sin vocalista. Los otros miembros de Smile se llaman Brian May y Roger Taylor."",K"
"43809,Broadway Melody of 1940,1940-02-09,Norman Taurog,""Fred Astaire, Eleanor Powell, George Murphy, Frank Morgan, Ian Hunter"",""M˙sica,Romance,Comedia"",6.7,/3TiHFf4fh8B14G3ZI4lE8wuHvtQ.jpg,""Johnny Brett y King Shaw son dos ambiciosos bailarines que buscan la fama en Broadway, y que trabajan como empleados en el cafÈ de una sala de espect·culos. Uno de ellos es elegido para el papel principal de un gran musical, pero se confunden de nombres y escogen al compaÒero. Desde entonces son rivales en la carrera hacia el Èxito..."",J"
"183475,Cab Calloway's Hi-De-Ho,1934-08-24,Fred Waller,""Cab Calloway, Sidney Easton, Fredi Washington, Ethel Moses"",""Comedia,M˙sica"",6.2,/e92hogfbJ2wMrJtWhxapaC6Zmn0.jpg,,K"
"10784,Cabaret,1972-02-13,Bob Fosse,""Liza Minnelli, Michael York, Helmut Griem, Joel Grey, Fritz Wepper"",""M˙sica,Drama,Romance"",7.42,/fMhOeJ2TvuY46iYGmsowhgRXfnr.jpg,""BerlÌn, aÒos 30, en plena Rep˙blica de Weimar y antes de la Segunda Guerra Mundial. A pesar de la crisis del momento, los berlineses prefieren vivir la magia que les ofrece cada noche un cabaret cuya estrella es Sally, una bailarina y cantante que se enamorar· de dos hombres muy diferentes entre sÌ."",H"
"115810,Calle 54,2000-09-15,Fernando Trueba,""Michel Camilo, Tito Puente, Arturo O'Farrill"",""Documental,M˙sica"",7.6,/11EqveAZKEa6GyW4yLNrsEQnVG4.jpg,,I"
"40309,Ac˙stico MTV,2001-03-08,Rodrigo Carelli,""C·ssia Eller, Alberto Continentino, Bernardo Bessler, Dirceu Leitte, Fernando Nunes"",""M˙sica,Documental"",6.5,/keELhsFparz1aNMld9yw9qaxoMg.jpg,,G"
"26598,Cats,1998-10-05,David Mallet,""Elaine Paige, John Mills, Ken Page, Rosemarie Ford, Michael Gruber"",""M˙sica,FantasÌa"",7.3,/lT8V3oJS50LAtsz3Mb1oJB6ofTC.jpg,""GrabaciÛn del legendario musical creado en 1981 por Andrew Lloyd Webber, basado en la obra """"Old Possum's Book of Practical Cats"""" de T. S. Eliot. El argumento narra la vida de una comunidad de gatos comunes que, una vez al aÒo, de noche, se escapan de sus casas y se re˙ne en el basurero del barrio a esperar la llegada de su lÌder, el anciano Old Deuteronomy. Este gato es el padre y abuelo de muchos de los gatos Jellicles y es quien cada aÒo da el nombre del felino que va a pasar a una nueva vida en el Heaviside Layer, una especie de paraÌso para los gatos. Pero, mientras se da el nombre del afortunado felino un miembro del clan se da cuenta que hay un humano mirando y escuchando con cara de sorpresa a los gatos, y por ese motivo, se proponen aclarar quienes son los Jellicles a travÈs de la presentaciÛn de los felinos m·s caracterÌsticos de esta peculiar familia."",K"
"1574,Chicago,2002-12-10,Rob Marshall,""RenÈe Zellweger, Catherine Zeta-Jones, Richard Gere, Queen Latifah, Ekaterina Chtchelkanova"",""Comedia,Crimen,Drama"",7.122,/3ED8cWCXY9zkx77Sd0N5qMbsdDP.jpg,""La promesa de oportunidades que ofrece Chicago en 1929 deslumbra a Roxie, una inocente y extrovertida chica que sueÒa con cantar y bailar para salir de su vida gris. Su ilusiÛn es seguir los pasos de oro de Velma, su admirada cantante de vodevil."",I"
"432760,Chico Buarque - Bastidores,2005-01-01,Roberto de Oliveira,Chico Buarque,""Documental,M˙sica"",0.0,/zN7QqE2mJCnQZXrMSxEyUtb9Q51.jpg,,I"
"158372,Chico Buarque: Na Carreira,2012-10-20,Dora Jobim,""Chico Buarque, Chico Batera, Marcelo Bernardes, Wilson das Neves, Jorge Helder"",M˙sica,10.0,/l0bKcpVGIzllGFBSJoVlw2WVsIt.jpg,,M"
"150689,Cinderella,2015-03-06,Kenneth Branagh,""Lily James, Cate Blanchett, Richard Madden, Stellan SkarsgÂrd, Holliday Grainger"",""Romance,FantasÌa,Familia,Drama"",6.824,/j91LJmcWo16CArFOoapsz84bwxb.jpg,""Cuenta las andanzas de Ella, una joven cuyo padre, un comerciante, vuelve a casarse tras enviudar. Para agradar a su padre, acoge con cariÒo a su madrastra y a sus hijas en la casa familiar. Pero, cuando su padre muere inesperadamente, la joven queda a merced de unas mujeres celosas y malvadas que la convierten en sirvienta y la relegan a la cocina. Pero, a pesar de la crueldad con la que la tratan, est· dispuesta a cumplir las ˙ltimas palabras de su madre que le dijo que debÌa """"ser valiente y amable""""."",N"
"14836,Coraline,2009-02-05,Henry Selick,""Dakota Fanning, Teri Hatcher, Jennifer Saunders, Dawn French, Keith David"",""AnimaciÛn,Familia,FantasÌa"",7.899,/4jeFXQYytChdZYE9JYO7Un87IlW.jpg,""PelÌcula de animaciÛn en la que se nos cuenta la historia de Coraline, una jovencita que descubre en su nueva casa una puerta secreta y decide abrirla. Al hacerlo, descubre una segunda versiÛn de su vida, una vida paralela a la que ella tiene. A primera vista, la realidad paralela es curiosamente parecida a su vida de verdad, aunque mucho mejor. Pero cuando su increÌble y maravillosa aventura empieza a tomar un cariz peligroso, su otra madre intenta mantenerla a su lado para siempre. Coraline deber· recurrir a su determinaciÛn y coraje, a la ayuda de los vecinos y a un gato negro con el don del habla para salvar a sus autÈnticos padres, a unos niÒos fantasmas y regresar a casa."",N"
"276403,Cuba Feliz,2002-06-12,Karim Dridi,Miguel Del Morales,""Documental,M˙sica"",7.0,/5KZdRkJfQwjABYXhasVwqCYDlmX.jpg,,G"
"20903,Dave Matthews Band: The Central Park Concert,2003-11-18,Lawrence Jordan,""Dave Matthews, Carter Beauford, LeRoi Moore, Boyd Tinsley, Stefan Lessard"",M˙sica,8.3,/6R76M9OA5kvoL7syjavLvNexyd3.jpg,,I"
"462360,David Gilmour - Live at Pompeii,2017-09-13,Gavin Elder,""David Gilmour, Guy Pratt, Greg Phillinganes, Chuck Leavell, Jo„o Mello"",M˙sica,8.194,/kiWxiYLxjlBObH3lrBaPgXUTCbJ.jpg,""DÈcadas despuÈs de actuar por primera vez allÌ con Pink Floyd, el cantante y guitarrista David Gilmour regresÛ en julio de 2016 para dos conciertos en el antiguo anfiteatro italiano como parte de su gira Rattle That Lock."",K"
"19404,Dilwale Dulhania Le Jayenge,1995-10-20,Aditya Chopra,""Kajol, ??????? ????, Amrish Puri, Farida Jalal, Anupam Kher"",""Comedia,Drama,Romance"",8.5,/2CAL2433ZeIihfX1Hb2139CX0pW.jpg,""Los Singh son una familia india con grandes convicciones culturales de su naciÛn de origen, que emigraron a Reino Unido antes de nacer sus primeros hijos. Uno de ellos querr· casarse con una mujer ajena a su cultura y para ello deber· hacer todos los esfuerzos por convencer a su familia."",H"
"20260,Dizzy Gillespie: Live at the Royal Festival Hall,1989-01-01,,""Dizzy Gillespie, Arturo Sandoval, Paquito D'Rivera, Giovanni Hidalgo, Slide Hampton"",M˙sica,0.0,/1skBNM6IujB4G3Jtmjw5OcP2u1r.jpg,,I"
"1050281,Elton John Live: Farewell from Dodger Stadium,2022-11-20,Paul Dugdale,""Elton John, Brandi Carlile, Kiki Dee, Dua Lipa, Davey Johnstone"",M˙sica,8.0,/dbV1dyczIIGHbQIb1IeGTzm5D6a.jpg,""Un concierto original, global, en vivo, ˙nico en la vida, que ofrece a los fan·ticos de todo el mundo un asiento en primera fila para presenciar la magia innovadora de Rocket Man en el Dodger Stadium y mostrar a Elton John como el p˙blico nunca lo habÌa visto antes. rindiendo homenaje al Ìcono y al momento fundamental de 1975 que consolidÛ su Èxito mundial."",N"
"86475,Ennio Morricone: Peace Notes - Live in Venice,2007-09-07,Giovanni Morricone,Ennio Morricone,M˙sica,7.8,/jo1iqRzE2oFAPkEHweRKMu0auG.jpg,""Concierto realizado por Ennio Morricone, situado en la hermosa Piazza San Marco en Venecia en septiembre de 2007. Dedicado por voluntad del Maestro en memoria de todas las vÌctimas y todas las masacres contra la humanidad."",I"
"432753,Eric Clapton - Live in San Diego,2017-03-10,Martyn Atkins,""Eric Clapton, J.J. Cale, Robert Cray, Doyle Bramhall II, Derek Trucks"",M˙sica,8.0,/1bcIlJsxySoXSpipBlYSfhQLRzs.jpg,""El concierto tuvo lugar durante los dos aÒos de duraciÛn de la gira """"Doyle & Derek World Tour"""" que Clapton celebrÛ junto con Doyle Bramhall II y Derek Trucks de 2006 a 2007, que conducen al """"Crossroads Guitar Festival 2007"""" en Toyota Park de Chicago. El rodaje de audio y video para el lanzamiento comenzÛ el 15 de marzo de 2007 durante el concierto en el Centro Ipayone en San Diego, California."",K"
"40404,Eric Clapton - MTV Unplugged,1992-03-11,Milton Lage,""Eric Clapton, Nathan East, Steve Ferrone, Chuck Leavell, Andy Fairweather Low"",M˙sica,6.8,/gi9tNRZdR1RmvIdUAtmgOxvvd5t.jpg,""Grabado en Bray Studios, Inglaterra ante una pequeÒa audiencia para la serie MTV Unplugged, Eric Clapton realizÛ un set ac˙stico en vivo que incluyÛ su exitoso sencillo de 1991 """"Tears in Heaven"""" y una versiÛn ac˙stica de """"Layla"""". El ·lbum que lo acompaÒa se convirtiÛ en el ·lbum en vivo m·s exitoso jam·s lanzado."",K"
"1427812,Eric Claptonís Crossroads Guitar Festival 2023,2024-11-29,Martyn Atkins,""Eric Clapton, Bill Murray, Stevie Wonder, Carlos Santana, John Mayer"",M˙sica,8.0,/oOHXNRCfiALjk1hQoVP2czhu9O1.jpg,,G I"
"127036,""Especial: Ivete, Gil e Caetano"",2011-12-23,Rafael Dragaud,""Ivete Sangalo, Caetano Veloso, Gilberto Gil, Karol Ka, Lincoln Olivetti"",""M˙sica,PelÌcula de TV"",9.3,/8rwNREDX8DThiIAzfu1weaUh2ko.jpg,,I"
"681509,My Heart Goes Boom!,2020-10-02,Nacho ¡lvarez,""Ingrid GarcÌa Jonsson, VerÛnica Echegui, Fernando Guallar, Natalia Mill·n, Pedro Casablanc"",Comedia,6.178,/4GvZ2HFBe7URP3ByCsBYwmDnmzG.jpg,""EspaÒa, aÒos setenta. Mientras una cruel dictadura gobierna un paÌs eternamente gris a travÈs del miedo, la violencia, la represiÛn y la censura, MarÌa, una joven bailarina, sueÒa con dotar de colores vivos a su vida y a la de los dem·s, mientras se abre paso en su camino hacia la libertad personal y persigue su loco sueÒo de convertirse en una estrella de la televisiÛn; un viaje muy divertido en el que se ver· reconfortada por las canciones pop de la incomparable cantante y bailarina italiana Raffaella Carr‡."",J"
"377,A Nightmare on Elm Street,1984-11-09,Wes Craven,""John Saxon, Ronee Blakley, Heather Langenkamp, Amanda Wyss, Jsu Garcia"",Terror,7.341,/wGTpGGRMZmyFCcrY2YoxVTIBlli.jpg,""Varios jÛvenes de una pequeÒa localidad tienen habitualmente pesadillas en las que son perseguidos por un hombre deformado por el fuego y que usa un guante terminado en afiladas cuchillas. Algunos de ellos comienzan a ser asesinados mientras duermen por este ser, que resulta ser un asesino al que los padres de estos jÛvenes quemaron vivo hace varios aÒos tras descubrir que habÌa asesinado a varios niÒos."",J"
"447332,A Quiet Place,2018-04-03,John Krasinski,""Emily Blunt, John Krasinski, Millicent Simmonds, Noah Jupe, Cade Woodward"",""Terror,Drama,Ciencia ficciÛn"",7.393,/nAU74GmpUk7t5iklEp3bufwDq4n.jpg,""Evelyn y Lee Abbott son una pareja con tres hijos que vive en una granja aislada de toda civilizaciÛn al norte de Nueva York. Esta familia ha sobrevivido durante meses en un mundo invadido y amenazado por mortales criaturas extraterrestres que se guÌan por el sonido para cazar. En este contexto en el que una palabra puede significar la muerte, la familia Abbott vive silenciosamente, andan descalzos y se comunican por medio del lenguaje de seÒas."",K"
"520763,A Quiet Place Part II,2021-05-21,John Krasinski,""Emily Blunt, John Krasinski, Millicent Simmonds, Noah Jupe, Cillian Murphy"",""Ciencia ficciÛn,Suspense,Terror"",7.439,/4q2hz2m8hubgvijz8Ez0T2Os2Yv.jpg,""Tras los fatales acontecimientos sucedidos en la primera parte, la familia Abbot debe enfrentarse a los peligros del mundo exterior mientras luchan en silencio por sobrevivir. Forzados a aventurarse en lo desconocido, pronto se dan cuenta de que las criaturas que cazan orientadas por el sonido no son la ˙nica amenaza que acecha m·s all· del camino de arena. Secuela de la exitosa producciÛn """"Un lugar tranquilo"""" (A Quiet Place, 2018)."",J"
"762441,A Quiet Place: Day One,2024-06-26,Michael Sarnoski,""Lupita Nyong'o, Joseph Quinn, Alex Wolff, Djimon Hounsou, Eliane Umuhire"",""Terror,Ciencia ficciÛn,Suspense"",6.659,/hU42CRk14JuPEdqZG3AWmagiPAP.jpg,Una mujer llamada Sam trata de sobrevivir a una invasiÛn en la ciudad de Nueva York por criaturas alienÌgenas sedientas de sangre con oÌdos ultrasÛnicos. Tercera entrega de la saga y precuela de las dos anteriores.,O"
"210947,Afflicted,2014-04-04,Clif Prowse,""Baya Rehaz, Derek Lee, Clif Prowse, Edo van Breemen, Zachary Gray"",""Terror,Suspense"",6.412,/bMkRWgAvwe0XkpL8swG7UA4N4Q8.jpg,""Derek y Cliff son dos amigos que se disponen a viajar alrededor del mundo, llevando una c·mara para subir vÌdeos de sus experiencias a internet. Pero, estando en Europa y despuÈs de un incidente, el metabolismo de Derek empieza a cambiar, rechazando toda comida pero desarrollando una fuerza sobrehumana. Afflicted constituye un nuevo paso adelante en el terror de factura documental y crea un fuerte lazo entre el p˙blico y los desdichados protagonistas."",G"
"396422,Annabelle: Creation,2017-08-03,David F. Sandberg,""Stephanie Sigman, Talitha Eliana Bateman, Lulu Wilson, Anthony LaPaglia, Miranda Otto"",Terror,6.605,/tb86j8jVCVsdZnzf8I6cIi65IeM.jpg,""Varios aÒos despuÈs del tr·gico fallecimiento de su hija, un juguetero que crea muÒecas y su mujer, acogen en su casa a una monja enfermera y a un grupo de niÒas, tratando de convertir su casa en un acogedor orfanato. Sin embargo, las nuevos inquilinos se convertir·n en el objetivo de Annabelle, una muÒeca poseÌda por un ser demonÌaco. Secuela de """"Annabelle"""" (2014)."",K"
"521029,Annabelle Comes Home,2019-06-26,Gary Dauberman,""Mckenna Grace, Madison Iseman, Katie Sarife, Michael Cimino, Samara Lee"",Terror,6.408,/qWsHMrbg9DsBY3bCMk9jyYCRVRs.jpg,""Annabelle Vuelve a Casa es la tercera entrega de la saga """"Annabelle"""" de New Line Cinema, protagonizada por la infame y siniestra muÒeca del universo """"Expediente Warren"""".  Los demonÛlogos Ed y Lorraine Warren est·n decididos a evitar que Annabelle cause m·s estragos, asÌ que llevan a la muÒeca poseÌda a la sala de objetos bajo llave que tienen en su casa. La colocan """"a salvo"""" en una vitrina sagrada bendecida por un sacerdote. Pero una terrorÌfica noche nada santa, Annabelle despierta a los espÌritus malignos de la habitaciÛn que se fijan un nuevo objetivo: la hija de diez aÒos de los Warren, Judy, y sus amigas."",J"
"424121,Apostle,2018-09-21,Gareth Evans,""Dan Stevens, Michael Sheen, Lucy Boynton, Mark Lewis Jones, Bill Milner"",""Terror,Misterio"",6.1,/rd269f2Yftxxam3EOJPYVwrvjIJ.jpg,""Thomas Richardson llega de incÛgnito a una isla idÌlica con la intenciÛn de salvar a su hermana de la misteriosa secta que la ha secuestrado. AllÌ, encontrar· una sociedad que tiene sus propias reglas y un secreto terrible. Tras revolucionar el cine de acciÛn con The Raid, Gareth Evans traslada su mirada al Reino Unido de principios del siglo XX."",K"
"503736,Army of the Dead,2021-05-14,Zack Snyder,""Dave Bautista, Ella Purnell, Omari Hardwick, Ana de la Reguera, Theo Rossi"",""Crimen,AcciÛn,Terror"",6.216,/gCIsRxzcxvmuLYeAvWgoOuSxszF.jpg,""Un grupo de mercenarios decide llevar a cabo el mayor atraco que jam·s se haya realizado en la ciudad de Las Vegas, Nevada justo despuÈs de que se produzca una epidemia de muertos vivientes. Para ello tendr·n que adentrarse en una zona de cuarentena, con los riesgos que ello conlleva."",J"
"30566,Blacula,1972-08-25,William Crain,""William Marshall, Vonetta McGee, Denise Nicholas, Thalmus Rasulala, Gordon Pinsent"",""Terror,FantasÌa"",5.451,/yLqtFeZfRPoUUzzro3ogCdobB6q.jpg,""Un prÌncipe africano acude a Transilvania para pedir al conde Dr·cula que le ayude a combatir el tr·fico de esclavos. Como es natural, el aristÛcrata se burla sarc·sticamente y como castigo a su osadÌa lo vampiriza. En la Època actual, dos propietarios de un negocio de decoraciÛn deciden trasladar a su negocio en Los ¡ngeles los muebles y objetos del castillo. Como es f·cil suponer, entre los efectos que viajan al Nuevo Mundo est· el ata˙d de Blacula. Nuestro vampiro de color empezar· por vampirizar a sus ´compradoresª para seguir con una serie de asesinatos, eliminando a todo aquÈl que descubre su condiciÛn de no-muerto."",O"
"680631,Boys from County Hell,2021-08-06,Chris Baugh,""Jack Rowan, Nigel O'Neill, Louisa Harland, Michael Hough, John Lynch"",""Terror,Comedia"",5.7,/5DAmmAxTeZd2oh6cveD0yyysjcT.jpg,""Un grupo de robustos trabajadores, liderados por un padre y un hijo enemistados, deben sobrevivir una noche tras despertar accidentalmente a un vampiro irlandÈs."",J"
"6114,Bram Stoker's Dracula,1992-11-13,Francis Ford Coppola,""Gary Oldman, Winona Ryder, Anthony Hopkins, Keanu Reeves, Sadie Frost"",""Romance,Terror"",7.446,/jSxCIZXudp5q8wQO8VERGX8hRAl.jpg,""Antes de convertirse en vampiro, el conde Dr·cula era el prÌncipe Vlad, quien tras conocer la muerte de su prometida, vendiÛ su alma al diablo. Cuatro siglos despuÈs, en Londres, encuentra a Mina, reencarnaciÛn de su amor perdido."",O"
"11932,Bride of Chucky,1998-10-15,Ronny Yu,""Brad Dourif, Jennifer Tilly, Katherine Heigl, Nick Stabile, Alexis Arquette"",""Terror,Comedia"",6.1,/yaIPNOcC7ZRuwH3maNwP9qzIo5G.jpg,""Chucky, el implacable muÒeco asesino, vuelve a la vida. Tiffany, se ha encargado de resucitarlo. Pero su amado no reacciona como ella esperaba. Chucky, que echa de menos la compaÒÌa de alguiÈn como Èl, consigue traspasar el alma de Tiffany a una muÒeca. Con su ayuda, Chucky aspira a recuperar su forma humana. Mientras llega el momento, deja a su paso un reguero de muerte y destrucciÛn."",M"
"9529,Candyman,1992-10-16,Bernard Rose,""Virginia Madsen, Tony Todd, Xander Berkeley, Kasi Lemmons, Vanessa Williams"",""Drama,Terror,Suspense"",6.7,/jQtgkgDZE7egMq532sOt83DnT83.jpg,""En la Universidad de Chicago la estudiante graduada Helen Lyle se da cuenta de la supersticiÛn prevaleciente que rodea la leyenda de Candyman (un fantasma con un gancho en vez de mano que aparecer· si su nombre se dice cinco veces en un espejo) entre los arrendatarios del Cabrini del proyecto Verde de Chicago. El profesor, oyendo hablar de la investigaciÛn de Helen, explica la base histÛrica para la leyenda y detalla cÛmo se cree que Candyman es el espÌritu vengativo de un esclavo que fue mutilado por una chusma enloquecida cuando se lo acusÛ de violar a una mujer blanca. Cuando Helen prueba su confianza intelectual recitando el nombre de Candyman cinco veces, ella pone en movimiento una serie inevitable de eventos sobrenaturales, culminando en una serie de matanzas espantosas en las que Helen sostiene el arma del asesinato. Aunque ella es capturada por la policÌa, se pone en evidencia para Helen que Candyman est· guiando su destino."",J"
"7340,Carrie,1976-11-03,Brian De Palma,""Sissy Spacek, Piper Laurie, Amy Irving, William Katt, John Travolta"",""Terror,Suspense"",7.328,/8tT1rqlsTguyfUBMrbHR9cv1rxM.jpg,""Carrie es una torturada estudiante de secundaria que no encaja en su entorno, sin confianza en sÌ misma y sin amigosÖ y sin ser consciente de la amplitud de sus poderes telequinÈticos. Pero cuando su psicÛtica madre y sus s·dicos compaÒeros de clase llegan demasiado lejos, la una vez tÌmida adolescente se convierte en una m·quina desenfrenada y, con ayuda de su ´don especialª, hace caer el infierno sobre sus cabezas en un frenesÌ de sangre, fuego y azufre que te llevar· a las profundidades del horrorÖ y a˙n m·s lejos."",N"
"663866,Censor,2021-06-11,Prano Bailey-Bond,""Niamh Algar, Michael Smiley, Nicholas Burns, Vincent Franklin, Sophia La Porta"",""Terror,Misterio"",5.841,/1FOEEtGFPp5cgpLfPQVMB0UNVpI.jpg,""La censora de cine Enid se enorgullece de su meticuloso trabajo, protegiendo a las audiencias desprevenidas de los efectos nocivos de ver las decapitaciones llenas de sangre y las cicatrices en los ojos que examina. Su sentido del deber de proteger se ve amplificado por la culpa por su incapacidad para recordar los detalles de la desapariciÛn de su hermana hace mucho tiempo, recientemente declarada muerta en ausencia. Cuando se le asigna a Enid la revisiÛn de una pelÌcula inquietante del archivo que se hace eco de sus nebulosos recuerdos de la infancia, comienza a desentraÒar cÛmo este misterioso trabajo podrÌa estar vinculado a su pasado."",J"
"10585,Child's Play,1988-11-09,Tom Holland,""Alex Vincent, Brad Dourif, Catherine Hicks, Chris Sarandon, Dinah Manoff"",Terror,6.738,/wvpgvcWNkF2HLuTEMIM7K83MvZ.jpg,""El vud˙ y el terror se apoderan de un muÒeco de aspecto inocente habitado por el alma de un asesino en serie. Cuando Andy Barclay, un niÒo de seis aÒos de edad, asegura que ìChuckyî, su nuevo muÒeco, ha arrojado violentamente por la ventana a su niÒera, nadie le cree. Pero una larga serie de horribles asesinatos conduce al detective que se ocupa del caso hasta el muÒeco y, entonces, descubre que el autÈntico terror no ha hecho m·s que empezar. El malvado muÒeco pretende transferir su diabÛlico espÌritu a un ser humano, y el pequeÒo Andy parece ser el candidato perfecto."",J"
"8769,Christine,1983-12-09,John Carpenter,""Keith Gordon, John Stockwell, Alexandra Paul, Robert Prosky, Harry Dean Stanton"",Terror,6.868,/mMtUJke2TtIoT6JB9hkvERmsSu8.jpg,""NaciÛ en Detroit en una lÌnea de montaje de automÛviles, pero no es un coche cualquiera. En el fondo de su chasis se aloja el mismÌsimo diablo. Es Christine un Plymouth Fury de 1958, rojo y blanco, cuyo ˙nico equipo """"normalizado"""" comprende un deseo de venganza insaciable, que hiela la sangre a cualquiera y destruye todo aquello que encuentra en su camino."",N"
"515454,Come True,2020-09-24,Anthony Scott Burns,""Julia Sarah Stone, Landon Liboiron, Carlee Ryski, Christopher Heatherington, Tedra Rogers"",""Ciencia ficciÛn,Terror"",5.882,/hGPGRRz6FTIRed1zestdWrV2Iwd.jpg,""Sarah es una estudiante adolescente que toca fondo anÌmicamente tras huir de casa. Una vez sola, no tiene a nadie que le ayude a superar sus recurrentes pesadillas. Su ˙nica oportunidad de sobrevivir pasa por participar en un estudio universitario en la que entabla amistad con el cientÌfico supervisor, llamado Jeremy. Sin embargo, hay algo extraÒo en el procedimiento al que se somete, y con el paso de los dÌas las pesadillas de Sarah empiezan a empeorar."",J"
"241843,Cooties,2014-10-10,Jonathan Milott,""Elijah Wood, Alison Pill, Rainn Wilson, Jack McBrayer, Nasim Pedrad"",""Comedia,Terror,AcciÛn,Ciencia ficciÛn,Suspense"",5.892,/qnH3SCfb3ePz9qM8BvBtq9JLLXY.jpg,""El film empieza cuando un misterioso virus ataca una escuela aislada, transformando a los niÒos preadolescentes en un enjambre de salvajes est˙pidos. El menos esperado de todos deber· liderar a los profesores en una lucha por sus vidas contra estos monstruosos alumnos."",H"
"10973,Creature from the Black Lagoon,1954-03-05,Jack Arnold,""Richard Carlson, Julie Adams, Richard Denning, Antonio Moreno, Nestor Paiva"",""Aventura,Terror,Ciencia ficciÛn"",6.8,/euCzA2Exc70MpTDCVYih8tdE7z1.jpg,""Una expediciÛn cientÌfica en busca de fÛsiles en el rÌo Amazonas es interrumpida por un sorprendente e inesperado hallazgo: Gill-Man el legendario monstruo de la laguna negra. Los exploradores capturan a la criatura con fines de investigaciÛn, pero el engendro logra escapar. Entre el miedo y el caos desatado por el desconocido paradero en el que puede hallarse Gill-Man, Èste vuelve para secuestra a la preciosa Kay, prometida de uno de los investigadores de la expediciÛn, de la cual el animal se ha enamorado."",G"
"16281,Creepshow,1982-11-10,George A. Romero,""Hal Holbrook, Adrienne Barbeau, Fritz Weaver, Leslie Nielsen, Carrie Nye"",""Terror,Comedia"",6.906,/4SoyTCEpsgLjX6yAyMsx3AsAyRQ.jpg,""Cinco historias de terror creadas por Stephen King, enmarcadas dentro de las p·ginas de un cÛmic que un insensible padre le ha tirado a su hijo a la basura."",K"
"393345,Cult of Chucky,2017-10-12,Don Mancini,""Fiona Dourif, Brad Dourif, Alex Vincent, Jennifer Tilly, Michael Therriault"",""Terror,Suspense"",5.838,/r5JUiMYfatwYeDkxkLWYUx5GIjY.jpg,""Nica vive en el manicomio, convencida de que ella fue quien matÛ a su familia. Como parte de la terapia, su psiquiatra utilizar· un muÒeco cuya apariciÛn coincidir· con una horrible cadena de asesinatos en el centro. Andy, protagonista de las primeras entregas, reaparecer· para ayudar a Nica, y Tiffany, la novia de Chucky, tambiÈn se dejar· caer por la que es la sÈptima entrega de la saga."",J"
"234,The Cabinet of Dr. Caligari,1920-02-27,Robert Wiene,""Werner Krauﬂ, Conrad Veidt, Friedrich FehÈr, Lil Dagover, Hans Heinrich von Twardowski"",""Drama,Terror,Suspense,Crimen"",7.928,/bktNGUv8x54gMlgiTp6qUOHzVh5.jpg,""Sentado en un banco de un parque, Francis anima a su compaÒero Alan para que vayan a Holstenwall, una ciudad del norte de Alemania, a ver el espect·culo ambulante del doctor Caligari. Un empleado municipal que le niega al doctor el permiso para actuar, aparece asesinado al dÌa siguiente. Francis y Alan acuden a ver al doctor Caligari y a Cesare, su ayudante son·mbulo, que le anuncia a Alan su porvenir: vivir· hasta el amanecer."",O"
"924,Dawn of the Dead,2004-03-19,Zack Snyder,""Sarah Polley, Ving Rhames, Jake Weber, Mekhi Phifer, Ty Burrell"",""Terror,AcciÛn"",7.05,/ttquyxStEEctzghtA2f4PUGprDr.jpg,""Un grupo de supervivientes se refugia en un centro comercial tras una epidemia que ha convertido a la mayorÌa de la poblaciÛn en zombis. El lÌder del grupo es el policÌa Kenneth Hall (Ving Rhames), que junto con otros personajes como la enfermera Ana Clark (Sarah Polley), el vendedor Michael (Jake Weber) o el experto en armas Andy (Bruce Bohne) intenta sobrevivir y escapar de los muertos vivientes. El grupo tendr· que enfrentarse a los zombis, a otros supervivientes hostiles y a sus propios conflictos internos, mientras busca una salida y una esperanza."",K N"
"11315,Dead or Alive,1999-11-27,Takashi Miike,""???, ???, ????, ????, ???"",""AcciÛn,Suspense,Crimen"",6.4,/wNYJncgWZey94FoOLDemz2xd0jh.jpg,""Sangrientos enfrentamientos entre los Yakuza japones y las Triadas chinas. Ryuichi es un gangster cegado por una insaciable sed de poder y atormentado por los recuerdos de una infancia paupÈrrima. Toji, su hermano pequeÒo, ha regresado de un viaje de estudios en los EEUU. Los dos est·n a punto de aprender varias lecciones devastadoras sobre la vida al otro lado de la ley. Entretanto, el detective Jojima se encuentra cada vez m·s metido en el inframundo Yakuza al tener que hacer tratos sucios con la mafia para conseguir el dinero que su hija necesita para una operaciÛn quir˙rgica de vida o muerte."",K"
"14451,Dead Snow,2009-01-09,Tommy Wirkola,""Vegar Hoel, Charlotte Frogner, Stig Frode Henriksen, Lasse Valdal, Evy Kasseth R√∏sten"",""Terror,Comedia"",5.979,/7lypohRB2MdB1QyapzrkYv3dNi1.jpg,""Un grupo de amigos ten√≠a todo lo necesario para pasar unas vacaciones geniales en la monta√±a: caba√±a, esqu√≠es, motos de nieve, trineos, grandes cantidades de cerveza y mucha hormona desatada. ¬°Seguro que ninguno de ellos hab√≠a previsto no volver a casa con vida! Sin embargo, el batall√≥n de nazis zombis que habitan las monta√±as que rodean el lugar con el apropiado nombre de √ñksfjord (Fiordo del Hacha) ten√≠a otros planes"",G"
"241842,Dead Snow 2: Red vs. Dead,2014-02-12,Tommy Wirkola,""Vegar Hoel, ÿrjan Gamst, Jocelyn DeBoer, Martin Starr, Ingrid Haas"",""Terror,AcciÛn,Comedia"",6.546,/bcDDZjgn3u36cXhQYUJcplgK8e7.jpg,""El p˙trido coronel Herzog vuelve a la carga, dispuesto a dar caza a Martin, el ˙nico superviviente de Dead Snow. La amenaza de los zombis nazis es todavÌa mayor, pero en esta ocasiÛn las fuerzas aliadas contar·n con la ayuda de un comando norteamericano especializado en exterminar muertos vivientes."",M"
"18250,Dr. Phibes Rises Again,1972-07-01,Robert Fuest,""Vincent Price, Robert Quarry, Valli Kemp, Hugh Griffith, John Thaw"",""Comedia,Terror"",6.304,/g0YtuuuMpBHN11qDhQvQnmVGESy.jpg,El doctor Phibes quiere devolver a la vida a su amada esposa Victoria y para ello deber· surcar el Rio de la Vida que fluye en el interior del templo de Isis. Con el fin de lograrlo no reparar· en nada y cometer· una serie de atroces crÌmenes ayudado por su bella robot Vulnavia.,K"
"138,Dracula,1931-02-12,Tod Browning,""Lugosi B√©la, Helen Chandler, David Manners, Dwight Frye, Edward Van Sloan"",Terror,7.2,/ueVSPt7vAba0XScHWTDWS5tNxYX.jpg,""El conde Dr√°cula abandona los C√°rpatos y se traslada a Londres, llev√°ndose como sirviente a un contable. Una vez instalado, se enamora de una joven que ya est√° prometida. Empieza a a visitarla por las noches y va bebiendo su sangre poco a poco para convertirla as√≠ en su esposa. Pero el malestar que sufre la joven alerta a su familia, que busca la ayuda del doctor Van Helsing."",G N"
"1246049,Dracula,2025-07-30,Luc Besson,""Caleb Landry Jones, ZoÎ Bleu Sidel, Christoph Waltz, Matilda De Angelis, Ewens Abid"",""Terror,FantasÌa,Romance"",7.1,/hCKkybW6EfSZoOW3xia9ZsQwaUd.jpg,""Tras una devastadora pÈrdida, el prÌncipe Vlad II, conde Dr·cula (Caleb Landy Jones), renuncia a Dios y es maldecido a la vida eterna, condenado a vagar solitario a lo largo de los siglos. Este es el relato sobre la historia de amor jam·s contada del infame vampiro, que desafiar· al destino y la mortalidad en busca de su amor perdido."",N"
"29778,Dracula Has Risen from the Grave,1968-11-07,Freddie Francis,""Christopher Lee, Rupert Davies, Veronica Carlson, Barbara Ewing, Barry Andrews"",Terror,6.653,/yo7FPlWRAevH0Pz60MHwGodg1NG.jpg,""En las sombras de su Castillo, el Conce Dr·cula resucita gracias a la sangre que cae de una herida que tiene en la cabeza un sacerdote inconsciente, que estaba intentando practicar un exorcismo. Una vez m·s, el terror se extiende por Transilvania."",J"
"823482,Dream Scenario,2023-11-10,Kristoffer Borgli,""Nicolas Cage, Julianne Nicholson, Michael Cera, Tim Meadows, Dylan Gelula"",""Comedia,FantasÌa"",6.7,/2RSMu2iMDCdMKmvBWWvcmE8vjMj.jpg,""Paul Matthews, un desventurado padre de familia, ve cÛmo su vida da un vuelco cuando millones de extraÒos empiezan a verle en sueÒos. Pero cuando sus apariciones nocturnas toman un giro de pesadilla, Paul se ve obligado a navegar por su nuevo estrellato."",O"
"713704,Evil Dead Rise,2023-04-12,Lee Cronin,""Lily Sullivan, Alyssa Sutherland, Morgan Davies, Gabrielle Echols, Nell Fisher"",""Terror,Suspense"",6.9,/5ik4ATKmNtmJU6AYD0bLm56BCVM.jpg,""Historia de dos hermanas separadas cuyo reencuentro se ve interrumpido por el surgimiento de demonios poseedores de carne, empuj·ndolos a una batalla por la supervivencia mientras se enfrentan a la versiÛn de familia m·s aterradora que se pueda imaginar. Secuela de la trilogÌa original de 'Evil Dead'."",N"
"507089,Five Nights at Freddy's,2023-10-25,Emma Tammi,""Josh Hutcherson, Piper Rubio, Elizabeth Lail, Matthew Lillard, Mary Stuart Masterson"",""Terror,Suspense"",7.3,/h3hhfWdBhdb2JLMZprQ1IvBe90h.jpg,""Un hombre comienza un trabajo como guardia de seguridad nocturno en el restaurante Freddy Fazbear's Pizza, donde descubre que los animatrÛnicos se mueven por la noche y matan a cualquiera que vean. AdaptaciÛn de la exitosa saga de videojuegos homÛnima creada en 2014 por Scott Cawthon."",O"
"1062722,Frankenstein,2025-10-17,Guillermo del Toro,""Oscar Isaac, Jacob Elordi, Christoph Waltz, Mia Goth, Felix Kammerer"",""Drama,FantasÌa,Terror"",7.664,/g4JtvGlQO7DByTI6frUobqvSL3R.jpg,""Un cientÌfico brillante y obsesivo, Victor Frankenstein, en su ambiciÛn por desafiar a la muerte, da vida a una criatura ensamblada con partes de cad·veres. Pese a tratarse de una proeza cientÌfica, Frankenstein considera que la criatura carece de inteligencia y la rechaza. Dolida, esta se rebela contra su creador."",N"
"551804,Freaky,2020-11-12,Christopher Landon,""Vince Vaughn, Kathryn Newton, Celeste O'Connor, Misha Osherovich, Uriah Shelton"",""Terror,Comedia"",6.561,/8xC6QSyxrpm0D5A6iyHNemEWBVe.jpg,""Tras intercambiar su cuerpo con un asesino en serie, una joven estudiante descubre que tiene menos de 24 horas antes de que el cambio sea permanente."",J"
"4488,Friday the 13th,1980-05-09,Sean S. Cunningham,""Adrienne King, Betsy Palmer, Kevin Bacon, Jeannine Taylor, Harry Crosby"",Terror,6.402,/uGGpnWHOmWTARVN9wbC1nPxNgps.jpg,""Varios jÛvenes pasan sus vacaciones en un campamento de verano, reabierto recientemente, y en el que unos aÒos antes muriÛ un joven ahogado en el lago. En poco tiempo, algunos de ellos son encontrados sin vida."",J"
"419430,Get Out,2017-02-24,Jordan Peele,""Daniel Kaluuya, Allison Williams, Catherine Keener, Bradley Whitford, Caleb Landry Jones"",""Misterio,Suspense,Terror"",7.622,/tFXcEccSQMf3lfhfXKSU9iRBpa3.jpg,""Un joven afroamericano visita a la familia de su novia blanca, un matrimonio adinerado. Para Chris y su novia Rose ha llegado el momento de conocer a los futuros suegros, por lo que ella le invita a pasar un fin de semana en el campo con sus padres, Missy y Dean. Al principio, Chris piensa que el comportamiento 'demasiado' complaciente de los padres se debe a su nerviosismo por la relaciÛn interracial de su hija, pero a medida que pasan las horas, una serie de descubrimientos cada vez m·s inquietantes le llevan a descubrir una verdad inimaginable."",O M"
"608195,Ghosts of War,2020-07-03,Eric Bress,""Brenton Thwaites, Theo Rossi, Skylar Astin, Kyle Gallner, Alan Ritchson"",""Terror,Suspense,BÈlica,Ciencia ficciÛn"",6.25,/jR2SSICqmyaVV4lcR3PfNldJBPc.jpg,Segunda Guerra Mundial. Un grupo de soldados estadounidenses se encuentra con un enemigo sobrenatural mientras ocupan un castillo francÈs previamente bajo control nazi.,K"
"814800,Goodnight Mommy,2022-09-16,Matt Sobel,""Naomi Watts, Cameron Crovetti, Nicholas Crovetti, Peter Hermann, Jeremy Bobb"",""Terror,Suspense,Misterio"",6.261,/oHhD5jD4S5ElPNNFCDKXJAzMZ5h.jpg,""En una casa solitaria en el campo, entre bosques y maizales, viven dos hermanos gemelos de nueve aÒos que esperan a su madre. Cuando llega a casa, vendada tras la cirugÌa estÈtica, nada es como antes. Los niÒos empiezan a dudar de que esta mujer sea realmente su madre. De esta forma, surge una lucha existencial por la identidad y la confianza en el seno de la familia."",M"
"68627,Even the Wind Is Afraid,1968-05-30,Carlos Enrique Taboada,""Alicia Bonet, Maricruz Olivier, Marga LÛpez, Norma Lazareno, Renata Seydel"",""Misterio,Terror,Drama"",7.8,/yThPnR2dETUYkXY231DvNukDgsQ.jpg,""La tranquilidad de un internado para seÒoritas se ve interrumpida por la apariciÛn del fantasma de Andrea, una alumna que se suicidÛ cinco aÒos atr·s. De manera sutil, el fantasma va enrareciendo la atmÛsfera del lugar hasta que se posesiona del cuerpo de Claudia, una de las alumnas. La posesiÛn tendr· el macabro objetivo de cobrar venganza en contra de Bernarda, la autoritaria directora del colegio."",M"
"9003,Hellraiser,1987-09-11,Clive Barker,""Andrew Robinson, Clare Higgins, Sean Chapman, Robert Hines, Ashley Laurence"",""Terror,Suspense"",6.876,/3Z0oPHyLnk3Vx6ZMC1MiVwIrKhO.jpg,""Frank Cotton tiene en su poder un enigm·tico cubo dotado de poderes extraordinarios. Seg˙n antiguas leyendas, es una especie de puerta a seres de otra dimensiÛn que pueden proporcionar placeres sensuales inimaginables. Cotton convoca a estas criaturas, pero sÛlo le inflingir·n tormentos y dolor hasta acabar con Èl. 20 aÒos despuÈs, dos nuevos inquilinos se instalan en la antigua casa de Frank: su hermano y su esposa. La apariciÛn del espÌritu de Frank es el principio de una vor·gine de horror en estado puro."",N"
"493922,Hereditary,2018-06-07,Ari Aster,""Toni Collette, Alex Wolff, Gabriel Byrne, Milly Shapiro, Ann Dowd"",""Terror,Misterio,Suspense"",7.291,/hjlZSXM86wJrfCv5VKfR5DI2VeU.jpg,""Cosas extraÒas comienzan a suceder en casa de los Graham tras la muerte de la abuela y matriarca, que deja en herencia su casa a su hija Annie. Annie Graham, una galerista casada y con dos hijos, no tuvo una infancia demasiado feliz junto a su madre, y cree que la muerte de Èsta puede hacer que pase p·gina. Pero todo se complica cuando su hija menor comienza a ver figuras fantasmales, que tambiÈn empiezan a aparecer ante su hermano."",J"
"10066,House of Wax,2005-05-05,Jaume Collet-Serra,""Elisha Cuthbert, Chad Michael Murray, Brian Van Holt, Paris Hilton, Jon Abrahams"",""Terror,Suspense,Misterio"",6.024,/aCLSgw1DaqkRvosYc3YUttBTtpT.jpg,""Seis amigos que viajan por carretera para asistir al campeonato universitario de f˙tbol m·s importante del aÒo, deciden acampar al aire libre la vÌspera del partido. A la maÒana siguiente, se dan cuenta de que su coche ha sido manipulado, asÌ que aceptan la invitaciÛn de un conductor que los lleva hasta Ambrose. Al llegar, visitan la principal atracciÛn de la ciudad: la Casa de Cera de Trudy, que est· llena de esculturas de cera cuyo parecido con personas reales es asombroso. Cuando descubren, horrorizados, la razÛn de esta inquietante semejanza, comprenden que o escapan de la ciudad o se convertir·n en estatuas del tenebroso museo de cera."",M"
"628,Interview with the Vampire,1994-11-11,Neil Jordan,""Tom Cruise, Brad Pitt, Antonio Banderas, Christian Slater, Stephen Rea"",""Terror,Drama,FantasÌa"",7.384,/2162lAT2MP36MyJd2sttmj5du5T.jpg,""En """"Entrevista con el Vampiro"""" somos testigos de cÛmo el vampiro llamado Louis revela a un periodista su condiciÛn sobrenatural y su extensa """"vida"""" a travÈs de los ˙ltimos dos siglos. Una historia que comienza en la vieja Nueva Orleans del siglo dieciocho, cuando franceses y espaÒoles habitaban las costas del Mississipi. Lestat, un vampiro pomposo y arrogante, acento francÈs, arrebata la vida humana de Louis de Pointe du Lac, joven criollo y terrateniente signado por desgracias familiares, para otorgarle el don oscuro: lo convierte en uno de los de su clase. A partir de ese momento los une no sÛlo su condiciÛn vampÌrica sino un afecto-odio que los llevar· al principio por caminos similares y luego a la m·s tr·gica separaciÛn. Conforme pasan las dÈcadas, estos personajes inmortales crean a una niÒa vampira de nombre Claudia, la cual influir· indefectiblemente en su separaciÛn."",O"
"8065,21,2008-03-27,Robert Luketic,""Jim Sturgess, Kevin Spacey, Kate Bosworth, Aaron Yoo, Liza Lapira"",""Drama,Crimen"",6.691,/efG8Po57alqSlhqHU1lXJ3duG6t.jpg,""Ben Campbell, un tÌmido y brillante estudiante del Instituto TecnolÛgico de Massachussets (MIT), recurre a los naipes para poder pagar la matrÌcula de la universidad. Se le presenta, adem·s, la oportunidad de unirse a un grupo de estudiantes que viajan a Las Vegas para jugar al blackjack. Bajo la direcciÛn del poco ortodoxo profesor de matem·ticas y genio de la estadÌstica Micky Rosa, han conseguido descifrar el cÛdigo del Èxito, mediante el conteo de cartas."",I"
"42822,""20,000 Years in Sing Sing"",1932-12-24,Michael Curtiz,""Spencer Tracy, Bette Davis, Arthur Byron, Lyle Talbot, Warren Hymer"",""Crimen,Drama"",6.3,/pz6IM5TC5uLi3AQeXVMvPSgwngw.jpg,""Tom Connors, un preso a quien se concede un permiso para visitar a su novia herida, se ve involucrado en una pelea con un mafioso, a quien su novia mata de un disparo. Connors huye del lugar del crimen por una ventana y, cuando regresa a prisiÛn, es culpado del asesinato y condenado a la silla electrica."",G"
"535292,21 Bridges,2019-10-24,Brian Kirk,""Chadwick Boseman, Sienna Miller, J.K. Simmons, Stephan James, Taylor Kitsch"",""Crimen,AcciÛn,Drama"",6.8,/b40ApfKDPoJYbWepUs7f09Y3fD.jpg,""Andre Davis (Chadwick Boseman) es un policÌa de Nueva york al que le encargan la investigaciÛn del asesinato de varios policÌas. Durante la b˙squeda contrarreloj de los responsables, en la que se cierran por primera vez en la historia de Manhattan todos los puentes que acceden a ella, el detective descubre una conspiraciÛn en la que tendr· que discernir entre aquellos a los que caza y los sospechosos que est·n tratando de cazarle a Èl."",K"
"71171,23 Paces to Baker Street,1956-05-18,Henry Hathaway,""Van Johnson, Vera Miles, Cecil Parker, Patricia Laffan, Maurice Denham"",""Crimen,Misterio,Suspense"",6.7,/kh0l1cHt1aZKKsdLsQ3BnMte5VZ.jpg,""Phillip Hanon (Van Johnson), un escritor norteamericano ciego que vive en Londres, escucha por casualidad una conversaciÛn sobre un secuestro. DespuÈs de acudir en vano a la policÌa, decide encargarse personalmente de la investigaciÛn."",M"
"37684,36 Hours,1964-11-26,George Seaton,""James Garner, Eva Marie Saint, Rod Taylor, Werner Peters, John Banner"",""Drama,Suspense,B√©lica"",7.0,/JrkndJe6vmkrMorF7l3TjuTvB9.jpg,""Segunda Guerra Mundial (1939-1945). En v√≠speras del desembarco de Normand√≠a, los alemanes capturan a un oficial de los servicios de inteligencia americanos y lo someten a un lavado de cerebro: le hacen creer que la guerra ha terminado hace a√±os para obtener informaci√≥n sobre los planes de los aliados."",G"
"785538,7 Prisoners,2021-10-22,Alexandre Moratto,""Christian Malheiros, Rodrigo Santoro, Bruno Rocha, Lucas Oranmian, Vitor Julian"",""Drama,Crimen"",7.058,/uzxZpO2lqurhkNO1DdMlGpGiEZl.jpg,""Para ofrecer una vida mejor a su familia en el paÌs, Mateus, de 18 aÒos, acepta un trabajo en un vertedero de S„o Paulo para su nuevo jefe, Luca, pero se ve atrapado en el peligroso mundo del tr·fico de personas."",J"
"27212,A Bullet for Joey,1955-04-15,Lewis Allen,""Edward G. Robinson, George Raft, Audrey Totter, George Dolenz, Peter van Eyck"",""Crimen,Suspense"",5.685,/jiZ1sTbtNlTMv0q7gaxDfSGqCep.jpg,""Eric Hartman, un espÌa que trabaja para los comunistas, recibe el encargo de secuestrar al doctor Macklin, un fÌsico nuclear canadiense, para llevarlo al otro lado del TelÛn de Acero."",H"
"881,A Few Good Men,1992-12-11,Rob Reiner,""Tom Cruise, Jack Nicholson, Demi Moore, Kevin Bacon, Kiefer Sutherland"",Drama,7.54,/rLOk4z9zL1tTukIYV56P94aZXKk.jpg,""El teniente Daniel Kaffee es un joven y prometedor abogado de la Marina que tiene una excelente reputaciÛn. Sus superiores le confÌan la defensa de dos marines acusados de asesinato. A primera vista, el caso no parece complicado. Pero cuando tenga que vÈrselas con el Coronel Nathan R. Jessup, comandante en jefe de la base de Guant·namo, saldr·n a la luz nuevas pistas que har·n que el caso adquiera dimensiones insospechadas."",O"
"117212,A Fugitive from the Past,1965-01-15,????,""?????, ???, ????, ???, ????"",""Crimen,Drama,Misterio"",7.3,/vkI58mGPYzamSVYJVly1lMByIxR.jpg,Un exitoso hombre de negocios es acechado por su pasado cuando una prostituta lo reconoce como asesino.,N"
"945729,A Haunting in Venice,2023-09-13,Kenneth Branagh,""Kenneth Branagh, Kyle Allen, Camille Cottin, Jamie Dornan, Tina Fey"",""Misterio,Suspense,Crimen"",6.6,/l6iwxT0NbVw6QiF08YTIuTnXS82.jpg,""En la Venecia posterior a la Segunda Guerra Mundial, Poirot, ahora retirado y viviendo en su propio exilio, asiste a regaÒadientes a una sesiÛn de espiritismo, cuando uno de los invitados es asesinado, por lo que depende del ex detective descubrir una vez m·s al asesino."",O"
"157849,A Most Wanted Man,2014-07-25,Anton Corbijn,""Philip Seymour Hoffman, Willem Dafoe, Robin Wright, Rachel McAdams, ???????? ????????"",Suspense,6.476,/6B76Z5Ct758RfKFoFg37skVRiMp.jpg,""Un joven ruso, sin papeles, consigue llegar a Hamburgo. Lleva encima una extraordinaria cantidad de dinero, se declara musulm·n devoto y presenta signos de haber sido torturado. Los espÌas de tres naciones, dedicados a la lucha antiterrorista, est·n convencidos de que han localizado a un importante terrorista isl·mico. Una abogada idealista, defensora de los derechos humanos, y un poderoso banquero son los ˙nicos que conocen la verdadera identidad del joven."",G"
"1645,A Time to Kill,1996-07-24,Joel Schumacher,""Matthew McConaughey, Sandra Bullock, Samuel L. Jackson, Kevin Spacey, Ashley Judd"",""Crimen,Drama,Suspense"",7.386,/w8UCke112E9jrhjKcwG32kyhTx5.jpg,""En una tranquila localidad sureÒa de Mississippi dos jÛvenes borrachos violan salvajemente a una niÒa negra de diez aÒos. La mayorÌa blanca de la ciudad se muestra horrorizada ante tan atroz crimen. Carl Lee, el padre de la niÒa, armado con un rifle de asalto, decide tomarse la justicia por su mano y mata a los violadores de su hija. Mientras la tensiÛn va creciendo y reaparecen en las calles las cruces ardiendo del Ku Klux Klan, Jake Brigance, un joven abogado blanco, har· todo lo posible por salvar la vida de Carl Lee y proteger la suya."",K"
"169917,A Walk Among the Tombstones,2014-09-18,Scott Frank,""Liam Neeson, Dan Stevens, David Harbour, Boyd Holbrook, ”lafur Darri ”lafsson"",""Crimen,Drama,Misterio,Suspense"",6.3,/euPgyPsiNFp6gOBB7nUFxvN5ZaY.jpg,""Matt Scudder, un expolicÌa de Nueva York, trabaja como detective privado a pesar de que no tiene licencia. Cuando accede a regaÒadientes a ayudar a un traficante de heroÌna a cazar a los hombres que secuestraron y asesinaron brutalmente a su esposa, descubre que no es la primera vez que esos hombres han cometido este tipo de crÌmenes. Entonces decide recorrer las calles de Nueva York para detener a los asesinos antes de que vuelvan a matar."",H"
"587986,Advantages of Travelling by Train,2019-11-08,Aritz Moreno,""Luis Tosar, Pilar Castro, Ernesto Alterio, Quim GutiÈrrez, BelÈn Cuesta"",""Drama,Suspense"",6.4,/6C8uJnxoBZVYY7iueExVL423RLI.jpg,""DespuÈs de internar a su trastornado marido en un remoto hospital psiqui·trico, la editora de libros Helga Pato regresa a casa en tren, donde conoce a un hombre misterioso que dice ser psiquiatra."",K"
"37036,All Through the Night,1942-01-10,Vincent Sherman,""Humphrey Bogart, Conrad Veidt, Kaaren Verne, Jane Darwell, Frank McHugh"",""Comedia,AcciÛn,Suspense"",6.688,/w6m3b68HSL1tmYoDJBcYxA4yoZX.jpg,""Gloves Donahue, un jugador de Broadway y truh·n simp·tico, quiere encontrar al asesino del seÒor Miller, un anciano panadero. Donahue reconoce a Leda Hamilton, cantante de un club nocturno propiedad de Marty Callahan, a la que vio salir de la panaderÌa. Joe Denning, el socio de Marty es asesinado, Leda desaparece de forma misteriosa. Donahue, a quien la policÌa considera sospechoso junto a Marty del asesinato de Joe Denning, sigue la pista de Leda hasta encontrarla, Èsta le confiesa que se ve obligada a colaborar con agentes nazis para proteger a su padre prisionero en Alemania."",H"
"1359,American Psycho,2000-04-13,Mary Harron,""Christian Bale, Justin Theroux, Josh Lucas, Bill Sage, ChloÎ Sevigny"",""Suspense,Drama,Crimen"",7.408,/9uGHEgsiUXjCNq8wdq4r49YL8A1.jpg,""En un mundo moralmente plano en el que la ropa tiene m·s sentido que la piel, Patrick Bateman es un espÈcimen soberbiamente elaborado que cumple todos los requisitos de Master del Universo, desde el diseÒo de su vestuario hasta el de sus productos quÌmicos. Es pr·cticamente perfecto, como casi todos en su mundo e intenta desesperadamente encajar en Èl. Cuando m·s intenta ser como cualquier otro hombre adinerado de Wall Street, m·s anÛnimo se vuelve y menos control tiene sobre sus terribles instintos y su insaciable sed de sangre, que lo arrastra a una vor·gine en la que los objetos valen m·s que el cuerpo y el alma de una persona."",M"
"635,Angel Heart,1987-03-06,Alan Parker,""Mickey Rourke, Robert De Niro, Lisa Bonet, Charlotte Rampling, Stocker Fontelieu"",""Terror,Misterio"",7.128,/h5v3wjJQNB7q2RntEnKDLhKtTFE.jpg,""A Harry Angel, detective privado en horas bajas de la ciudad de Nueva Orleans, lo contrata en Nueva York un misterioso personaje llamado Louis Cyphre para que encuentre a un hombre desaparecido. Conforme avanza la investigaciÛn y conoce a Epiphany Proudfoot, hija de un sacerdote vud˙, se suceden extraÒas muertes, que parecen estar relacionadas con la magia negra y el vud˙, y que implican a Harry de una manera cada vez m·s personal."",M"
"13448,Angels & Demons,2009-04-20,Ron Howard,""Tom Hanks, Ewan McGregor, Ayelet Zurer, Stellan SkarsgÂrd, Pierfrancesco Favino"",""Suspense,Misterio"",6.716,/tFZQAuulEOtFTp0gHbVdEXwGrYe.jpg,""Robert Langdon descubre la prueba de la reapariciÛn de una antigua hermandad secreta conocida como los Illuminati: la m·s poderosa organizaciÛn secreta en la historia, que a su vez tambiÈn se enfrenta a una amenaza que hace que peligre su existencia: la Iglesia CatÛlica. Cuando Langdon se entera de que los Illuminati conspiran en contra de la Iglesia intentando detonar una bomba de antimateria, Èl se dirige a Roma, donde une fuerzas con Vittoria Vetra."",H"
"13696,Angels with Dirty Faces,1938-11-26,Michael Curtiz,""James Cagney, Pat O'Brien, Humphrey Bogart, Ann Sheridan, George Bancroft"",""Crimen,Drama"",7.538,/k23E4UAcow8eczLRmVCMdukL4Mx.jpg,""Un sacerdote presencia impotente cÛmo los niÒos marginados de su parroquia sucumben a las malas influencias de un criminal que fue compaÒero suyo de la infancia. Sin embargo, con el tiempo los dos hombres siguieron caminos muy diferentes: uno abrazÛ el sacerdocio y el otro se convirtiÛ en un g·ngster."",J"
"781732,Animal,2023-12-01,Sandeep Reddy Vanga,""????? ????, Rashmika Mandanna, Anil Kapoor, Bobby Deol, Triptii Dimri"",""AcciÛn,Crimen,Drama"",6.116,/hr9rjR3J0xBBKmlJ4n3gHId9ccx.jpg,,N"
"300668,Annihilation,2018-02-22,Alex Garland,""Natalie Portman, Jennifer Jason Leigh, Gina Rodriguez, Tessa Thompson, Tuva Novotny"",""Ciencia ficciÛn,Terror"",6.439,/4YRplSk6BhH6PRuE9gfyw9byUJ6.jpg,""Cuando su marido desaparece durante una misiÛn secreta, la biÛloga Lena se une a una expediciÛn a una misteriosa regiÛn acordonada por el gobierno de Estados Unidos. El grupo, compuesto por varias mujeres cientÌficas, investiga la Zona X, un intrigante lugar controlado por una poderosa fuerza alienÌgena del planeta Tierra. La Zona X es un lugar al que han ido otras expediciones, pero del que ninguna ha vuelto."",H"
"61891,Anonymous,2011-10-21,Roland Emmerich,""Jamie Campbell Bower, Rhys Ifans, David Thewlis, Joely Richardson, Vanessa Redgrave"",""Drama,Historia,Suspense"",6.396,/mRjdFP0kqCPaDKeXgQtsb7how6e.jpg,""Inglaterra Isabelina, siglo XVI. El film plantea una cuestiÛn que, durante siglos, han debatido acadÈmicos y grandes escritores desde Mark Twain y Charles Dickens hasta Henry James y Sigmund Freud: øquiÈn fue el autor de las obras de teatro atribuidas tradicionalmente a William Shakespeare? Se han escrito muchos libros y se han barajado muchas hipÛtesis al respecto, entre ellas la que ofrece Anonymous. La Inglaterra Isabelina fue un Època de intrigas, de amorÌos cortesanos ilÌcitos, de conspiraciones promovidas por una nobleza ·vida de poder; y todo ello quedaba reflejado en el lugar m·s inesperado: el teatro londinense."",H"
"53714,Another Man's Poison,1951-11-20,Irving Rapper,""Bette Davis, Gary Merrill, Emlyn Williams, Anthony Steel, Barbara Murray"",""Crimen,Drama"",6.781,/c1l9H43tauTdy4PZaekywdLYY5x.jpg,""Una escritora de novelas de misterio (Bette Davis) est· enamorada de un muchacho (Anthony Steel). Su marido, un presidiario, se fuga de la c·rcel y se re˙ne con ella en los p·ramos del Yorkshire. Se enzarzan en una pelea y el marido muere. Otro presidiario (Gary Merrill, marido en la vida real de Bette Davis), que tambiÈn se habÌa fugado, ha visto lo ocurrido y llega a un pacto con la escritora: ocultar· el cad·ver y no la denunciar·, si ella acepta que Èl se haga pasar por su marido hasta que las cosas se calmen..."",K"
"351339,Anthropoid,2016-08-12,Sean Ellis,""Jamie Dornan, Cillian Murphy, Charlotte Le Bon, Anna Geislerov·, Harry Lloyd"",""Historia,Suspense,BÈlica"",7.139,/5hUghRVVkBYufftfNQkGevY5AmE.jpg,""AÒo 1942. Dos checos saltan en paracaÌdas cerca de Praga con la orden de atentar contra el lÌder nazi Reinhard Heidrich, General de las SS y conocido como """"el carnicero de Praga"""". Basada en la historia de la OperaciÛn Antropoide, la misiÛn de la Segunda Guerra Mundial para asesinar a Heidrich, tercero en la lÌnea de mando y artÌfice intelectual de la SoluciÛn Final."",M"
"8332,Antibodies,2005-04-24,Christian Alvart,""Wotan Wilke Mˆhring, AndrÈ Hennicke, Heinz Hoenig, Norman Reedus, Ulrike Krumbiegel"",""Suspense,Crimen,Drama,Terror"",6.715,/jPFYHSErpvUJF4X4OZd5HG2Hime.jpg,Un peligroso asesino en serie es atrapado despuÈs de un violento enfrentamiento con la policÌa. Pero todavÌa est· sin resolver el crimen de una joven. øHa sido tambiÈn obra suya o es Èl la llave para atrapar al responsable? Se inicia asÌ un extraÒo juego entre la policÌa y el asesino. (FILMAFFINITY),N"
"25564,Appointment with Danger,1950-04-07,Lewis Allen,""Alan Ladd, Phyllis Calvert, Paul Stewart, Jan Sterling, Jack Webb"",""Crimen,Drama,Suspense"",5.594,/hZOvwsG2KbwUROmiidyVbijdLJu.jpg,""Tras el asesinato de un empleado de Correos, una monja asegura que podrÌa reconocer a uno de los asesinos si lo volviese a ver. Desde ese momento su vida correr· peligro."",N"
"22924,Armored Car Robbery,1950-06-08,Richard Fleischer,""Charles McGraw, Adele Jergens, William Talman, Douglas Fowley, Steve Brodie"",""Suspense,Crimen,AcciÛn"",6.507,/1cYOPFbHEEXcXq8VYlJI5h2QpIe.jpg,""Dave Purvis es un meticuloso y cauto atracador que prepara su prÛximo golpe: robar el dinero de un furgÛn blindado. Pero durante el atraco, algo falla y uno de sus compinches y un policÌa mueren, mientras el resto del grupo consigue huir. El teniente Cordell intentar· encontrar a los forajidos vengar la muerte de su compaÒero asesinado."",K"
"796499,Army of Thieves,2021-10-29,Matthias Schweighˆfer,""Matthias Schweighˆfer, Nathalie Emmanuel, Ruby O. Fee, Stuart Martin, Guz Khan"",""AcciÛn,Crimen,Comedia"",6.809,/j04Oepj3LGTWSb1ltXm0pcy50Xq.jpg,Una mujer recluta a un cajero de banco para que ayude a su banda a robar tres legendarias cajas fuertes de Europa.,J"
"848685,The Beasts,2022-07-20,Rodrigo Sorogoyen,""Marina FoÔs, Denis MÈnochet, Luis Zahera, Diego Anido, Marie Colomb"",""Suspense,Drama"",7.481,/porCAB66BfEpYwjI5q4cAq3g2Uk.jpg,""Una pareja francesa de mediana edad, Antoine y Olga, llega a vivir a un pueblo gallego en busca de una mayor cercanÌa con la naturaleza. Su presencia, sin embargo, enciende a dos lugareÒos, los hermanos Xan y Lorenzo, hasta el punto de una abierta hostilidad y luego una violencia impactante."",N"
"446101,Assassination Nation,2018-09-21,Sam Levinson,""Odessa Young, Hari Nef, ABRA, Suki Waterhouse, Anika Noni Rose"",""Suspense,Terror,Comedia"",6.255,/dMg1wPakqPx54yMzm0OuHn1jl42.jpg,""Salem ya no es el de los juicios por brujerÌa. De hecho, el Salem de los smartphones es mucho peor. El hackeo y la publicaciÛn de buena parte de la informaciÛn Ìntima de sus ciudadanos har· que la gente de Salem pierda los papeles, desencadenando una ola de violencia que termina arrastrando a cuatro chicas, acusadas de estar detr·s de este hurto cibernÈtico y perseguidas como si fuesen brujas de nuestros tiempos."",K"
"138092,°Atraco!,2012-10-19,Eduard Cortes,""Oscar Jaenada, Amaia Salamanca, Guillermo Francella, Jordi Mart√≠nez, Jorge Suquet"",""Suspense,Comedia"",5.688,/anpsNk0HOhrizUZSC6SbLqSBCw9.jpg,""Mayo de 1956. Una joyerÌa de la zona m·s cÈntrica de Madrid, Gran VÌa, es atracada por dos hombres vestidos de militar y con acento argentino. En el robo los ladrones se hacen con una gran cantidad de joyas valoradas en millones de las entonces pesetas y consiguen huir, pero uno de ellos resulta herido por un trabajador de la tienda. El aÒo anterior el general PerÛn, de Argentina, fue exiliado a Panam·, despuÈs de un golpe de estado que se produjo en su paÌs de origen. Sus cuentas no marchan bien y su ayudante llega a sugerir que se empeÒen las joyas de Evita PerÛn. Sin duda las alhajas darÌan solvencia a la economÌa del general, pero todos, y m·s a˙n su ayudante, sabÌan de su reticencia para desprenderse de ellas. Es por esto que el asesor decide actuar solo y en un viaje a Madrid consigue vender los tesoros de Evita en una joyerÌa, la misma que serÌa atracada m·s tarde."",I"
"637534,The Stronghold,2021-08-18,CÈdric Jimenez,""Gilles Lellouche, FranÁois Civil, Karim Leklou, AdËle Exarchopoulos, Cyril Lecomte"",""Suspense,AcciÛn,Crimen"",7.368,/r2NnRp4mi4G3e0x9zINQIcnGNd8.jpg,""Tres polis de Marsella, hartos de delitos de poca monta, se proponen desmantelar una red de narcotr·fico. Pero todo se complica cuando una informante pide algo imposible."",J"
"587996,Below Zero,2021-01-29,LluÌs QuÌlez,""Javier GutiÈrrez, Karra Elejalde, Luis Callejo, Patrick Criado, AndrÈs Gertr˙dix"",""AcciÛn,Crimen,Suspense"",6.348,/jSQm5N889mt4rudOYfYBUFapdYN.jpg,""Invierno. Bajo cero. Noche cerrada. En mitad de una carretera despoblada, un furgÛn blindado es asaltado durante un traslado de presos. Alguien busca a uno de los presos y no parar· hasta sacarlo. Su plan no tiene fisuras, no le importan las consecuencias, nada le va a detener. Pero MartÌn, el conductor del furgÛn, consigue atrincherarse dentro del cubÌculo blindado con los reclusos, convirtiÈndose en su ˙nico obst·culo. Obligado a entenderse con sus enemigos naturales, MartÌn tratar· de sobrevivir y cumplir con su deber en una larga noche de pesadilla que acabar· haciendo que ponga en duda todos sus principios."",J"
"842942,Bandit,2022-09-23,Allan Ungar,""Josh Duhamel, Elisha Cuthbert, Mel Gibson, Nestor Carbonell, Lorenzo Yearby"",""Crimen,Drama,Suspense"",6.321,/yph9PAbmjYPvyvbeZvdYIhCZHEu.jpg,""Basada en la historia real de Gilbert Galvan, un carism·tico y atrevido ladrÛn que fue conocido por sus m·s de 63 atracos a bancos y joyerÌas. Gilbert (Josh Duhamel), un expresidiario fugado de Estados Unidos bajo el alias Robert Whiteman, se enamora en Canad· de una mujer a la que no puede mantener, por lo que decide empezar a cometer a atracos. A medida que se vuelve adicto a la adrenalina, la peligrosidad de sus robos aumenta, especialmente cuando se alÌa con Tommy Key (Mel Gibson), un famoso gangster que le convencer· para cometer los mayores atracos de la historia. La creciente notoriedad de los robos llama la atenciÛn del Detective Syndes, lo que dar· pie a un juego del gato y el ratÛn en el que intentar·n burlarse entre sÌ en una vibrante persecuciÛn."",M"
"402,Basic Instinct,1992-03-20,Paul Verhoeven,""Michael Douglas, Sharon Stone, George Dzundza, Jeanne Tripplehorn, Denis Arndt"",""Suspense,Misterio"",6.934,/76Ts0yoHk8kVQj9MMnoMixhRWoh.jpg,""Un antiguo cantante de rock ha sido brutalmente asesinado. La ˙ltima vez que se le vio estaba acompaÒado por su novia. En la comisarÌa, en el departamento de Asuntos Internos, Nick Curran recibe el encargo de vigilar a Catherine Tromell, la supuesta novia asesina."",G"
"571648,Beasts Clawing at Straws,2020-02-19,Kim Yong-hoon,""Ï†ÑÎèÑÏó∞, Ï†ïÏö∞ÏÑ±, Î∞∞ÏÑ±Ïö∞, Ïú§Ïó¨Ï†ï, Ï†ïÎßåÏãù"",""Misterio,Suspense,Crimen,Drama"",7.068,/aA2o9i2DhGXptIcDQLLRjVmkLft.jpg,""El destino de un mediocre grupo de desgraciados comienza a converger lentamente mientras se desmorona. Joong Man va tirando a duras penas trabajando en una sauna y cuidando de su madre enferma, hasta que encuentra en el vestuario una bolsa llena de dinero."",J"
"597433,Beckett,2021-08-04,Ferdinando Cito Filomarino,""John David Washington, Vicky Krieps, ????? ???????, Boyd Holbrook, Alicia Vikander"",""Crimen,AcciÛn,Suspense,Misterio"",6.171,/5NlmNE48ajRaNSAd1DmIWnuWNnU.jpg,""Beckett (John David Washington), un estadounidense de vacaciones en Grecia, se convierte en vÌctima de una persecuciÛn tras un brutal accidente. Mientras emprende una huida desesperada por Grecia para salvar el pellejo, llegar a la embajada de Estados Unidos y lavar su nombre, la tensiÛn va en aumento a medida que las autoridades estrechan el cerco, el malestar polÌtico aumenta, y Beckett se va adentrando m·s y m·s en una peligrosa e intrincada conspiraciÛn."",J"
"491584,Burning,2018-05-17,Lee Chang-dong,""Ïú†ÏïÑÏù∏, Steven Yeun, Ï†ÑÏ¢ÖÏÑú, ÍπÄÏàòÍ≤Ω, ÏµúÏäπÌò∏"",""Misterio,Drama,Suspense"",7.374,/AlKlezuaJkP2lDEWbJxYv47GeDf.jpg,""Jong Soo es un trabajador a tiempo parcial, un d√≠a se encuentra con Hae Mi mientras hace una entrega, ellos sol√≠an vivir en el mismo vecindario. Hae Mi le pide que cuide de su gato mientras ella est√° en un viaje a √Åfrica. Cuando Hae Mi regresa, ella le presenta a Jong Soo a un hombre misterioso que conoci√≥ en √Åfrica, Ben. Despu√©s de algunos d√≠as Ben y Hae Mi visitan a Jong Soo y le confiesan su pasatiempo secreto."",J"
"25137,Beyond a Reasonable Doubt,2009-02-05,Peter Hyams,""Jesse Metcalfe, Amber Tamblyn, Michael Douglas, Joel David Moore, Orlando Jones"",Suspense,5.7,/uZvWmX3fhjnlIbiou5ziR6aVN7b.jpg,""C.J. Nicholas (Jesse Metcalfe) es un joven y ambicioso periodista que est· dispuesto a todo con tal de demostrar que el fiscal de distrito (Michael Douglas), que aspira a ser elegido gobernador, condena a los acusados bas·ndose en pruebas poco sÛlidas, a las que aÒade pruebas forenses completamente falsas. Con la colaboraciÛn de un colega (Joel Moore), Nichols decide tenderle una trampa que consiste en involucrarse en un asesinato haciendo que todas las pruebas circunstanciales apunten directamente hacia Èl. Remake de """"M·s all· de la duda"""" (1956), de Fritz Lang."",G"
"4889,Billion Dollar Brain,1967-11-16,Ken Russell,""Michael Caine, Karl Malden, Ed Begley, Oskar Homolka, FranÁoise DorlÈac"",Suspense,5.6,/d3wANX6hEsSDTSsiczmkoweh9bZ.jpg,""El agente de inteligencia brit·nico Harry Palmer descubre que un general multimillonario posee un ejÈrcito particular y un enorme ordenador, con los que intenta aniquilar el comunismo mediante el fomento de revoluciones en paÌses soviÈticos."",G"
"30301,Black Angel,2002-04-12,Tinto Brass,""Anna Galiena, Gabriel Garko, Franco Branciaroli, Antonio Salines, Simona Borioni"",""Drama,Romance,Suspense"",5.3,/nIarbeqivH4XK9oNBZ1h81Hx3RA.jpg,""En la Italia fascista de los aÒos 40, una mujer casada con un jerarca local se involucra con un miembro de las SS. La atracciÛn por el oficial la llevar· a involucrarse en un mundo clandestino de perversiÛn y juegos erÛticos."",H"
"261023,Black Mass,2015-09-17,Scott Cooper,""Johnny Depp, Joel Edgerton, Julianne Nicholson, Dakota Johnson, Kevin Bacon"",""Drama,Crimen,Historia"",6.529,/zfwciv4LIJkNQsfuhYGv0Nkiweg.jpg,""En el sur de Boston, en la dÈcada de 1970, el agente del FBI John Connolly (Joel Edgerton) convence al mafioso irlandÈs James ìWhiteyî Bulger (Johnny Depp), un delincuente reciÈn salido de la c·rcel, para que colabore con el FBI y elimine a un enemigo com˙n: la mafia italiana. El drama cuenta la historia de esa nefasta alianza que provocÛ una espiral fuera de control, permitiendo a Whitey escapar del ·mbito de la ley, consolidar su poder y convertirse en uno de los m·s implacables y poderosos g·ngsteres de la historia de Boston."",H"
"78,Blade Runner,1982-06-25,Ridley Scott,""Harrison Ford, Rutger Hauer, Sean Young, Edward James Olmos, M. Emmet Walsh"",""Ciencia ficciÛn,Drama,Suspense"",7.939,/63N9uy8nd9j7Eog2axPQ8lbr3Wj.jpg,""A principios del siglo XXI, la Tyrell Corporation desarrollÛ un nuevo tipo de robot llamado Nexus, un ser virtualmente idÈntico al hombre y conocido como Replicante.  Los Replicantes Nexus-6 eran superiores en fuerza y agilidad, y al menos iguales en inteligencia, a los ingenieros de genÈtica que los crearon.  En el espacio exterior, los Replicantes fueron usados como trabajadores esclavos en la arriesgada exploraciÛn y colonizaciÛn de otros planetas.  DespuÈs de la sangrienta rebeliÛn de un equipo de combate de Nexus-6 en una colonia sideral, los Replicantes fueron declarados proscritos en la Tierra bajo pena de muerte.  Brigadas de policÌas especiales, con el nombre de Unidades de Blade Runners, tenÌan Ûrdenes de tirar a matar al ver a cualquier Replicante invasor.  A esto no se le llamÛ ejecuciÛn, se le llamÛ retiro."",M"
"335984,Blade Runner 2049,2017-10-04,Denis Villeneuve,""Ryan Gosling, Harrison Ford, Ana de Armas, Dave Bautista, Robin Wright"",""Ciencia ficciÛn,Drama"",7.589,/gajva2L0rPYkEWjzgFlBXCAVBE5.jpg,""Han pasado 30 aÒos desde los acontecimientos ocurridos en Blade Runner (1982). El oficial K, un blade runner caza-replicantes del Departamento de PolicÌa de Los ¡ngeles, descubre un secreto que ha estado enterrado durante mucho tiempo y que tiene el potencial de llevar a la sociedad al caos. Su investigaciÛn le conducir· a la b˙squeda del legendario Rick Deckard, un antiguo blade runner en paradero desconocido, que lleva desaparecido 30 aÒos."",N"
"11368,Blood Simple,1985-01-18,Joel Coen,""John Getz, Frances McDormand, Dan Hedaya, Samm-Art Williams, M. Emmet Walsh"",""Crimen,Drama,Suspense"",7.251,/svU6pu4lfHn0T5BVZchVxL58HB5.jpg,""Texas. Una joven casada y muy seductora cae en brazos de Ray, uno de los empleados de su marido. Enterado por un detective privado de la infidelidad de su mujer y obsesionado por la traici√≥n, Juli√°n se decide a preparar el asesinato de ambos."",I P"
"190955,Blood Ties,2013-08-22,Guillaume Canet,""Clive Owen, Billy Crudup, Marion Cotillard, Mila Kunis, Zoe SaldaÒa"",""Suspense,Crimen,Drama"",6.125,/7tMuywiZUoaAihEIkCu3BAL1xPC.jpg,""Chris Pierzynski ha cumplido una condena de varios aÒos en prisiÛn por haber participado en un ajuste de cuentas. Su hermano pequeÒo Frank, agente de policÌa con un prometedor futuro por delante, lo espera con reticencia a la salida de la c·rcel. Chris y Frank siempre han tenido sus m·s y sus menos. Su padre, ˙nica persona que los criÛ, siempre ha estado m·s del lado de Chris, a pesar de los problemas y de Frank. Sin embargo, sus lazos de sangre los unen y, por ello, Frank da una oportunidad a su hermano: lo aloja, le encuentra un trabajo, le ayuda a retomar el contacto con sus hijos y su ex mujer. Chris conoce a Natalie, que encarna la esperanza de emprender una nueva vida, pero pronto su pasado llamar· otra vez a su puerta y Chris volver· a tomar la senda del crimen. Remake del largometraje francÈs """"Liens de sang"""" de Jacques Maillot."",G"
"188166,Blue Ruin,2014-04-25,Jeremy Saulnier,""Macon Blair, Devin Ratray, Amy Hargreaves, Kevin Kolack, Eve Plumb"",""Crimen,Suspense"",6.791,/q0itEsso2drJXqH9kfdidxIT5dF.jpg,La tranquila vida de un vagabundo se vuelve patas arriba por una terrible noticia. AsÌ se dirige a la casa de su infancia para planear un acto de venganza.,G"
"26030,Bob le Flambeur,1956-08-24,Jean-Pierre Melville,""Roger Duchesne, Isabelle Corey, Daniel Cauchy, GÈrard Buhr, Guy Decomble"",""Drama,AcciÛn,Crimen"",7.265,/3lhgRzQJif5UAcgEkxaxAyu5STE.jpg,""Bob es un viejo g·nster y un jugador empedernido que est· casi a punto de arruinarse. Entonces, a pesar de las advertencias de sus amigos, decide atracar el casino de Dauville. Todo est· planeado a la perfecciÛn, pero la policÌa est· informada del atraco."",G"
"29244,3 Godfathers,1948-12-31,John Ford,""John Wayne, Pedro Armend·riz, Harry Carey, Jr., Ward Bond, Mae Marsh"",Western,6.7,/dsVrYIpK2Rcgsr5QrfjBQWee5JE.jpg,""Tres atracadores de bancos, perseguidos por un sheriff, se adentran en el desierto y allÌ se encuentran a una mujer moribunda que est· a punto de dar a luz."",N"
"5176,3:10 to Yuma,2007-09-06,James Mangold,""Russell Crowe, Christian Bale, Peter Fonda, Gretchen Mol, Ben Foster"",Western,7.2,/voMB69AsLnPNmtfbrBl0lbeFKDH.jpg,""Remake del film de 1957 """"El Tren de las 3:10"""", de Delmer Daves. Dan Evans es un tÌpico ranchero de un pueblo de Arizona y veterano de la Guerra de SecesiÛn que, para aliviar sus penurias econÛmicas, decide escoltar al peligroso forajido Ben Wade mientras llega el tren que tiene que llevarlo ante la justicia. Pero no todo saldr· bien y la violencia no tardar· en aparecer: durante ese tiempo se inicia una dram·tica lucha psicolÛgica entre ambos hombres mientras las compaÒeros del forajido intentan liberarle."",H"
"14168,3:10 to Yuma,1957-08-07,Delmer Daves,""Glenn Ford, Van Heflin, Felicia Farr, Leora Dana, Henry Jones"",""Western,Drama,Suspense"",7.3,/emYeJVZrpl2WfndJlhbls1e7lzQ.jpg,""El azar obliga a un pobre campesino a sustituir al sheriff para escoltar a Ben (Glenn Ford), un peligroso delincuente, que es, adem√°s el jefe de una banda de temibles forajidos. Tras cometer un asesinato, Ben es apresado y escoltado hasta un pueblo, por donde pasa el tren que debe llevarlo a Yuma (Arizona) para ser juzgado. Mientras tanto, su banda prepara su rescate."",J"
"17691,4 for Texas,1963-12-21,Robert Aldrich,""Frank Sinatra, Dean Martin, Anita Ekberg, Ursula Andress, Barbara Payton"",""Comedia,Western"",5.1,/kElgIdPt8cCjrbR6qOSjgJ4LE8Q.jpg,""El simp·tico y caradura Zacharias Thomas (Frank Sinatra) controla muchos de los negocios de la ciudad de Galverston, en Texas. Para ello cuenta con la inestimable colaboraciÛn del presidente del banco local, el miserable Harvey Burden (Victor Buono). Pero Zach acaba de sufrir un duro revÈs: la diligencia que transportaba 100.000 dÛlares de su propiedad ha sido asaltada por un tal Joe Jarrett (Dean Martin), un aventurero que, adem·s, es abogado. La osadÌa de Jarrett no se detiene aquÌ, ya que va a Galverston e ingresa el botÌn en el banco de Burden, dispuesto a hacer la competencia al poderoso Zacharias."",M"
"37301,A Big Hand for the Little Lady,1966-06-08,Fielder Cook,""Henry Fonda, Joanne Woodward, Jason Robards, Paul Ford, Charles Bickford"",Western,7.1,/cfLpJPfcg1XQtfymoiM2me4PScm.jpg,""De camino a una pequeÒa granja de Texas, Meredith (Henry Fonda), Mary (Joanne Woodward) y su hijo de diez aÒos, se quedan a descansar en un hotel de Laredo. Jugadores de todo el mundo, incluyendo al multimillonario Henry Drummond (Jason Robards, Jr.), se re˙nen allÌ para participar en la partida de pÛker m·s importante del Oeste. Meredith, aficionado al juego, a pesar de las recomendaciones de su esposa, cae en la tentaciÛn y pierde todos los ahorros familiares. De repente, sufre un ataque cardÌaco y, entonces, Mary se ve obligada a terminar la mano con el resto de los hombres. °Est·n en juego 20.000 dÛlares!"",N"
"132930,A Day of Fury,1956-05-02,Harmon Jones,""Dale Robertson, Mara Corday, Jock Mahoney, Carl Benton Reid, Jan Merlin"",Western,5.5,/ss23X1FTS3zXc735tIkqBQTZ6TH.jpg,""Un pistolero salva la vida de un sheriff. Sin embargo, cuando al poco tiempo, el pistolero entra en el pueblo del sheriff, Èste se ve en la tesitura de ceder a la presiÛn de sus ciudadanos contra el pistolero o devolver la deuda contraÌda con Èl."",K"
"336,""Duck, You Sucker"",1971-10-29,Sergio Leone,""Rod Steiger, James Coburn, Romolo Valli, Maria Monti, Rik Battaglia"",Western,7.685,/qTdmSJPOW3ts04BrBRTwieA3BY9.jpg,""Juan Miranda y John Mallory, veterano del IRA, se conocen en MÈxico y planean trabajar juntos robando bancos. Un dÌa dinamitan lo que creÌan que era un banco local y resulta ser una prisiÛn. La explosiÛn libera a los revolucionarios que estaban presos y ambos se convierten en hÈroes de la revoluciÛn. Poco tiempo despuÈs, las tropas del gobierno, comandadas por el coronel GutiÈrrez, comienzan a seguirles los pasos."",J"
"239605,Cattle Empire,1958-04-01,Charles Marquis Warren,""Joel McCrea, Gloria Talbott, Don Haggerty, Phyllis Coates, Bing Russell"",Western,6.0,/71NcEt51qRTh51jpEQW19kadXlz.jpg,""El ganadero John Cord (Joel McCrea) cumple una condena de cinco aÒos, debido a que sus hombres, completamente borrachos, arrasaron Hamiltonville. Cuando regresa al pueblo, los vecinos, enfurecidos, lo arrastran por las calles. El cacique local Ralph Hamilton (Don Haggerty), que se quedÛ ciego a causa de los disturbios y est· casado con Janice (Phyllis Coates), la antigua novia de Cord, le salva la vida y lo contrata para trasladar 5.000 cabezas de ganado por un territorio muy peligroso. Al mismo tiempo, Cord acepta el encargo de conducir la manada de un rival de Hamilton porque lo que pretende es consumar su venganza arruinando el pueblo."",J"
"1673,Comanche Station,1960-01-31,Budd Boetticher,""Randolph Scott, Nancy Gates, Claude Akins, Skip Homeier, Richard Rust"",Western,6.65,/1PHMKqoyZ4JS1iXBDSgKrbirox.jpg,""Un hombre rescata a una mujer que ha sido secuestrada por los comanches, a continuaciÛn tendr· que luchar para que puedan volver a casa con vida."",K"
"581,Dances with Wolves,1990-03-30,Kevin Costner,""Kevin Costner, Mary McDonnell, Graham Greene, Rodney A. Grant, Floyd """"Red Crow"""" Westerman"",""Aventura,Drama,Western"",7.8,/hw0ZEHAaTqTxSXGVwUFX7uvanSA.jpg,""En torno a 1860, en vÌsperas de la Guerra de SecesiÛn y a punto de terminar el periodo de colonizaciÛn del Oeste (1785-1890), el teniente John J. Dunbar se dirige a un lejano puesto fronterizo que ha sido abandonado por los soldados. Su soledad lo impulsa a entrar en contacto con los indios sioux y, gracias a ello, conoce a 'En pie con el puÒo en alto', una mujer blanca que fue adoptada por la tribu cuando era niÒa. Poco a poco, entre Dunbar y los sioux se establece una relaciÛn de respeto y admiraciÛn mutuos."",K"
"843380,Dead for a Dollar,2022-09-30,Walter Hill,""Christoph Waltz, Willem Dafoe, Rachel Brosnahan, Hamish Linklater, Benjamin Bratt"",""Western,Suspense,AcciÛn"",5.823,/1AnXfjxFqMsQmUPSvt9YxUJhfFw.jpg,""Texas, 1892. El soldado desertor Elijah Jones parece haber secuestrado y retenido en MÈxico a Rachel Price, una elegante mujer de buena familia. Su esposo contrata al legendario cazarrecompensas Max Borland para traerla de regreso a Texas. Al mismo tiempo, el peligroso pistolero Joe Cribbens sale de prisiÛn buscando venganza contra quienes lo enviaron entre rejas, uno de los cuales fue Max."",M"
"61391,Distant Drums,1951-12-25,Raoul Walsh,""Gary Cooper, Mari Aldon, Richard Webb, Ray Teal, Arthur Hunnicutt"",""Western,Aventura,BÈlica"",6.209,/i47dolQL1igTPUQ7jvCzyiBENDQ.jpg,""En 1840, en la PenÌnsula de Florida, el capit·n Quincy Wyatt (Gary Cooper), un intrÈpido explorador del ejÈrcito, sigue la pista a unos contrabandistas de armas que est·n vendiendo rifles a los renegados indios seminolas."",G"
"68718,Django Unchained,2012-12-25,Quentin Tarantino,""Jamie Foxx, Christoph Waltz, Leonardo DiCaprio, Kerry Washington, Samuel L. Jackson"",""Drama,Western"",8.187,/7oWY8VDWW7thTzWh3OKYRkWUlD5.jpg,""Dos aÒos antes de estallar la Guerra Civil (1861-1865), Schultz, un cazarrecompensas alem·n que le sigue la pista a unos asesinos, le promete al esclavo Django dejarlo en libertad si le ayuda a atraparlos. Terminado con Èxito el trabajo, Django prefiere seguir al lado del alem·n y ayudarle a capturar a los delincuentes m·s buscados del Sur. Se convierte asÌ en un experto cazador de recompensas, pero su ˙nico objetivo es rescatar a su esposa Broomhilda, a la que perdiÛ por culpa del tr·fico de esclavos. La b˙squeda llevar· a Django y a Schultz hasta Calvin Candie, el malvado propietario de la plantaciÛn """"Candyland"""". La presencia de ambos en los alrededores de la propiedad, despierta las sospechas de Stephen, el esclavo de confianza de Candie."",K O"
"17660,Dodge City,1939-04-08,Michael Curtiz,""Errol Flynn, Olivia de Havilland, Ann Sheridan, Bruce Cabot, Frank McHugh"",Western,6.925,/iySSQEAlvr87OYLA5aLzBU8q9lJ.jpg,""Kansas, 1866. Wade Hatton intenta imponer el orden y la justicia en Dodge City, una prÛspera ciudad a la que llega el ferrocarril, pero que est· dominada por un cacique y su banda de pistoleros. En su empeÒo le ayuda Abby Irving, la sobrina del mÈdico local."",H"
"73194,Drums Along the Mohawk,1939-11-10,John Ford,""Claudette Colbert, Henry Fonda, Edna May Oliver, Eddie Collins, John Carradine"",""Drama,Historia,BÈlica"",6.455,/xEBKiwxXByk5Co9ZwSwoQVLNT8e.jpg,""Albany, Nueva York, 1776. DespuÈs de casarse, Gil y Lana viajan al norte para instalarse en una pequeÒa granja en el valle del rÌo Mohawk; pero pronto su creciente prosperidad y felicidad se ven amenazadas por el siniestro sonido de los tambores que anuncian oscuros tiempos de revoluciÛn y guerra."",N"
"1403,Duel at Diablo,1966-06-15,Ralph Nelson,""James Garner, Sidney Poitier, Bill Travers, Bibi Andersson, Dennis Weaver"",Western,6.323,/bKtx5Nu0LzjNDvCHthTQ3KAY95f.jpg,""El teniente McAllister recibe la orden de transportar un cargamento de municiones a travÈs de territorio apache. Para realizar esta misiÛn sÛlo cuenta con un pequeÒo destacamento formado por inexpertos soldados de caballerÌa. Les acompaÒa Jess Remsberg, un veterano explorador del ejÈrcito que intenta encontrar a Ellen Grange, una cautiva de los apaches que, despuÈs de haber sido liberada, inexplicablemente ha vuelto con ellos. (FILMAFFINITY)"",G"
"6644,El Dorado,1966-12-17,Howard Hawks,""John Wayne, Robert Mitchum, James Caan, Charlene Holt, Paul Fix"",Western,7.361,/poJxkMtTA3E95lJ6RnBgNxF0Vmx.jpg,""Cole Thornton, un pistolero a sueldo, une fuerzas con un viejo amigo, el sheriff JP Hara. Junto con un viejo luchador indio y jugador, ayudan a un ranchero y su familia luchar contra un ranchero rival que est√° tratando de robar su agua."",H"
"83099,Escape from Fort Bravo,1953-12-04,John Sturges,""William Holden, Eleanor Parker, John Forsythe, William Demarest, William Campbell"",Western,6.253,/dWOpEeHS7ACISCdKE2k0N12zZyO.jpg,""Guerra Civil (1861-1865). En 1863, Fort Bravo se ha convertido en un campo de prisioneros de guerra sudistas, situado en el desierto de Arizona, territorio poblado por los belicosos apaches mescaleros. Con la ayuda de una mujer (Parker), un pequeÒo grupo de reclusos logra huir, pero el severo Capit·n Roper (Holden) sale en su busca."",M"
"938,For a Few Dollars More,1965-12-18,Sergio Leone,""Clint Eastwood, Lee Van Cleef, Gian Maria VolontÈ, Luigi Pistilli, Klaus Kinski"",Western,8.017,/v0Zpaps6oLf3AQqfs0gbNQdaDUz.jpg,""Dos cazadores de asesinos, rivales entre sÌ al principio, acaban por unirse para conseguir una misma presa, """"El Indio"""", un peligroso y sanguinario bandido por el que se ofrece la m·s alta recompensa conocida. Cada uno tiene motivos diferentes para dar caza al bandido, uno, su obsesiÛn por conseguir el dinero que ofrecen, y el otro, para vengar el asesinato de su hija a manos del brutal asesino. TambiÈn sus estilos son distintos, aunque infalibles, uno r·pido y el otro frÌo y tÈcnico."",J"
"37347,Fort Apache,1948-05-21,John Ford,""John Wayne, Henry Fonda, Shirley Temple, Pedro Armend·riz, Ward Bond"",Western,7.033,/5PqKsWVlyIFuMeV1UkK6Q9Q8y9k.jpg,""Owen Thursday, general durante la Guerra civil (1861-1865) y recientemente degradado, llega a Fort Apache como teniente coronel acompaÒado de su bella hija Philadelphia para hacerse cargo del mando. Fort Apache, situado en medio del desierto, es un puesto militar fronterizo y sus soldados estan curtidos en las luchas contra los apaches mescaleros."",I"
"14837,Forty Guns,1957-09-10,Samuel Fuller,""Barbara Stanwyck, Barry Sullivan, Dean Jagger, John Ericson, Gene Barry"",""Western,Drama"",6.54,/7tJ83se0djTzIQ4pSs1LuebtPV.jpg,""Jessica Drummond (Barbara Stanwyck) es una despÛtica terrateniente que gobierna el condado de Cochise, en Arizona, con un grupo de hombres armados a sus Ûrdenes. Un dÌa aparece por sus tierras Griff Bonnell, un antiguo pistolero al que han nombrado sheriff."",K"
"43258,Friendly Persuasion,1956-10-30,William Wyler,""Gary Cooper, Dorothy McGuire, Anthony Perkins, Richard Eyer, Robert Middleton"",""Drama,BÈlica"",6.678,/mhsdObvFHoOfgaKAVJUOeK3LiOP.jpg,""Jess Birdwell es el patriarca de una familia de cu·queros, una secta cristiana que se niega a participar en las guerras. Su hijo Josh desea adherirse al pacifismo familiar pero, temiendo ser tomado por un cobarde, se alista en el ejÈrcito, lo que provoca el disgusto de su madre."",H"
"67659,Guns for San Sebastian,1967-04-26,Henri Verneuil,""Anthony Quinn, Charles Bronson, Jaime Fern·ndez, Leon Askin, Anjanette Comer"",Western,6.964,/2vxVQVdYD25o7oAdp7HQBDZ5Y6K.jpg,""En 1750, LeÛn, un patriota rebelde que ha sido herido, huye por las calles de un pueblo mejicano y se refugia en la iglesia, donde el padre JosÈ, un viejo franciscano, lo acoge y se niega terminantemente a entregarlo a las autoridades. Condenados los dos al destierro, no tienen m·s salida que refugiarse en San Sebasti·n, un mÌsero y apartado poblado, donde se ver·n acosados por toda clase de peligros."",M"
"4929,Hang 'em High,1968-04-12,Ted Post,""Clint Eastwood, Inger Stevens, Ed Begley, Pat Hingle, Ben Johnson"",""Western,Drama"",6.83,/2J9QEqdJWjL2etOf6Kf7n33PUK4.jpg,""Oklahoma, 1889. Unos hombres acusan injustamente a Jed Cooper (Clint Eastwood) de haber robado ganado y no dudan en ahorcarlo. En el ˙ltimo instante, lo salva un comisario que trabaja a las Ûrdenes del juez Fentom. Aclarados los hechos y demostrada su inocencia, el juez aconseja a Cooper que olvide lo ocurrido y le ofrece un puesto como comisario. Su misiÛn ser· capturar vivos a los que intentaron lincharlo para que sean juzgados por el juez."",K"
"11901,High Plains Drifter,1973-04-19,Clint Eastwood,""Clint Eastwood, Verna Bloom, Marianna Hill, Mitchell Ryan, Jack Ging"",""Western,Drama,Misterio"",7.318,/AjkJCFkqanK1OZqiHxc6Kl2wPQO.jpg,""En 1870 un Forastero pasa a caballo ante la tumba de un antiguo Sheriff, Jim Duncan, en la ciudad fronteriza de Lago en el Sudoeste de Estados Unidos. Los propietarios de la compaÒÌa minera de Lago, Dave Drake y Morgan Allen obtienen el apoyo de los vecinos de la pequeÒa ciudad para contratar al Forastero. Debe proteger a la comunidad contra tres pistoleros, cuya llegada se hace inminente al haber sido liberados tras cumplir condena por acusaciones falsas de la compaÒÌa minera Drake-Allen. El Forastero acepta el contrato a condiciÛn de llevarlo a cabo con los tres forajidos y, entre otras cosas, pide que pinten el pueblo entero de color rojo vivo y que le cambien el nombre y pasa a llamarse """"Infierno""""."",N"
"384680,Hostiles,2017-12-22,Scott Cooper,""Christian Bale, Rosamund Pike, Wes Studi, Jesse Plemons, Adam Beach"",""Drama,Western,Historia,Aventura"",6.948,/rqoezyB51GfhiloOB5ZErg5HXas.jpg,""El legendario capit·n del ejÈrcito Joseph J. Blocker se compromete para acompaÒar a un moribundo jefe de guerra Cheyenne y a su familia de regreso a las tierras de su tribu. Para ello tendr·n que emprender un peligroso viaje por las praderas montaÒosas de Nuevo MÈxico, dÛnde se encontrar·n con una joven viuda cuya familia fue asesinada en las llanuras por un grupo de comanches que a˙n rondan por la zona. Juntos, tendr·n que unir fuerzas para sobrevivir al castigador paisaje y a las hostiles tribus Comanche que se encuentran por el camino."",K"
"31658,Hour of the Gun,1967-11-01,John Sturges,""James Garner, Jason Robards, Robert Ryan, Albert Salmi, Charles Aidman"",Western,6.47,/4sFnOXm9wvJIfWzfwIvTN1dZ8KE.jpg,""Ike Clanton es un hombre poderoso que tiene atemorizados a los habitantes de Tombstone. Cuando el agente federal Wyatt Earp y su inseparable amigo Doc Hollyday, pistolero y jugador profesional, llegan a la ciudad para imponer la ley, Clanton no duda en comprar a un sheriff corrupto para acabar con ellos. A partir del momento en que los pistoleros de Clanton asesinan por la espalda a uno de los hermanos de Wyatt, la ˙nica obsesiÛn de Èste ser· vengar su muerte y limpiar de pistoleros la ciudad."",H"
