id,name,first_air_date,actors,genres,vote_average,poster_path,overview,ubicacion
292130,Mr. Scorsese,2025-10-16,"Martin Scorsese, Rebecca Miller, Robert De Niro, Thelma Schoonmaker, Steven Spielberg",Documental,8.1,/atok9lbfro3hZxGTlaJZWN0BWRM.jpg,"Adéntrate en las facetas de la vida de Scorsese con material privado y charlas con amigos, familia, colaboradores legendarios y el propio visionario.",P
225171,Pluribus,2025-11-06,"Rhea Seehorn, Karolina Wydra, Carlos-Manuel Vesga","Drama,Sci-Fi & Fantasy",7.929,/z7Nga7Q9IGFWs5OEduY2gGFxnX3.jpg,La persona más desgraciada de la Tierra tiene que salvar al mundo de la felicidad.,P
120998,Poker Face,2023-01-26,Natasha Lyonne,"Crimen,Misterio",7.448,/8Xm5dyMQC9whMJKnGdFugUAW73C.jpg,"Charlie Cale es una trabajadora de casino con una capacidad innata para detectar mentiras. Huyendo de su jefe, la joven viaja por los Estados Unidos y por el camino se encuentra con variopintos personajes y se dedica a resolver homicidios utilizando su don.",N
62084,Poldark,2015-03-08,"Aidan Turner, Eleanor Tomlinson, Jack Farthing, Luke Norris, Beatie Edney",Drama,7.8,/fTJZHMzlIGSJVPSe7Xz4p5SRwYP.jpg,"En el siglo 18, Ross Poldark vuelve a sus minas de estaño de Cornualles después de pasar tres años en el ejército para evitar cargos de contrabando, dejando atrás a su novia Elizabeth. A su regreso, después de haber luchado en la Guerra de la Independencia, se encuentra con su padre muerto, su finca en ruinas y Elizabeth comprometida con su primo Francisco. En la necesidad de ayuda, se enfrente a un nuevo ayudante de cocina, Demelza, después de rescatarla de una paliza, que le puso en conflicto con los lugareños hostiles.",J
157194,Pole to Pole with Will Smith,2026-01-13,Will Smith,Documental,7.0,/hJjBRMOKvA0BZanm5pHgO0t04qj.jpg,"Sigue a Will Smith a través de los siete continentes, llevándole de los campos de hielo de la Antártida a las selvas del Amazonas, las montañas del Himalaya, los desiertos de África, las islas del Pacífico y los icebergs del Ártico.",P
137252,Primo,2023-05-18,"Christina Vidal Mitchell, Ignacio Diaz-Silverio, Carlos Santos, Henri Esteve, Johnny Rey Diaz",Comedia,6.8,/dOCkAY1J1L0pO6Z3MP6P5Bh2h7B.jpg,Sin sinopsis disponible.,O
63953,Li'l Quinquin,2014-09-18,"Bernard Pruvost, Philippe Jore, Lucy Caron, Alane Delhaye, Lisa Hartmann","Comedia,Drama,Crimen",7.2,/xAzsTTSon7FnhzZVbngWmtRyJqx.jpg,"La historia de una improbable y excéntrica investigación policial enfocada en los extraños crímenes de un pequeño pueblo costero en la región de Boulonnais, el cual ha caído presa del mal y de una banda de jóvenes bandidos liderados por P'tit Quinquin y su amada Eve.",H
220998,Quarterback,2023-07-12,"Baker Mayfield, Jayden Daniels, Joe Flacco, Cam Ward",Documental,8.0,/bKdElEIyuwrbdochxCXwlaUBFaR.jpg,"Esta docuserie sigue a los jugadores de la liga de fútbol americano Patrick Mahomes, Kirk Cousins y Marcus Mariota en el campo y en casa durante la temporada 2022-23.",O
196454,Queen Charlotte: A Bridgerton Story,2023-05-04,"India Ria Amarteifio, Corey Mylchreest, Golda Rosheuvel, Arsema Thomas, Adjoa Andoh",Drama,8.0,/kFSaVIlBRycGNfrLzJZX7dgSQ1o.jpg,"En esta precuela del universo de ‘Los Bridgerton’, la boda de la joven Carlota y Jorge de Inglaterra marca el principio de un romance épico y transforma la alta sociedad.",N
75487,Hard Quiz,2016-10-19,Tom Gleeson,Comedia,6.5,/hvqmy04NqaWE9Bebv1KMAfNfStx.jpg,Sin sinopsis disponible.,J
156819,Rabbit Hole,2023-03-26,"Kiefer Sutherland, Meta Golding, Enid Graham, Rob Yang, Walt Klink","Drama,Misterio",7.103,/zb5MArsrMxK4mSSLzUmbfcXAc60.jpg,"Nada es lo que parece cuando John Weir, un maestro del engaño en el mundo del espionaje corporativo, es acusado de asesinato por fuerzas poderosas con la capacidad de influir y controlar poblaciones.",O
81354,Ratched,2020-09-18,"Sarah Paulson, Finn Wittrock, Jon Jon Briones, Judy Davis, Cynthia Nixon","Misterio,Drama,Crimen",7.6,/cDNxOIm6K5D2W21QyJWZ95sJzQt.jpg,"En 1947, Mildred Ratched empieza a trabajar de enfermera en un prestigioso hospital psiquiátrico. Pero, detrás de su elegante fachada, tiene un fondo cada vez más oscuro.",J
108978,Reacher,2022-02-03,"Alan Ritchson, Agnez Mo, Sydelle Noel, Anggun, Christopher Rodriguez Marquette","Action & Adventure,Crimen",8.134,/f1VCQIG2iCyOookdgOzwtUpwWC0.jpg,"Cuando el exagente de la Policía Militar Jack Reacher es detenido por un asesinato que no ha cometido, se ve envuelto en una mortífera conspiración llena de policías corruptos, empresarios dudosos y políticos intrigantes. Armado solo con su ingenio, debe averiguar qué pasa en Margrave, Georgia. La primera temporada de Reacher se basa en Zona peligrosa, el superventas internacional de Lee Child.",J O P
249589,Receiver,2024-07-10,"Davante Adams, Justin Jefferson, George Kittle, Deebo Samuel, Amon-Ra St. Brown",Documental,7.6,/snVuizI42B08cB6DazARwg8CA60.jpg,"Esta apasionante serie deportiva sigue a los receptores de la NFL Davante Adams, Justin Jefferson, George Kittle, Deebo Samuel y Amon-Ra St. Brown durante la temporada de 2023.",O
127447,Ringo. Glory and Death,2023-03-24,"Jerónimo Bosia, Delfina Chaves, María Onetto, Martín Slipak, Renato Quattordio",Drama,7.5,/yBVbwNp27znIpG4Q0Fhh9AUm0Y0.jpg,"Mediante una sucesión de contactos desafortunados, el mayor boxeador argentino de los pesos pesados, Oscar Bonavena, alias Ringo, llega a Nevada en 1976 con la idea de relanzar su carrera. Allí, Ringo accede sin darse cuenta al mundillo criminal de Joe Conforte, que le promete a Ringo un brillante porvenir. Pero ese porvenir no llega, ni tampoco la ansiada revancha contra Alí, y tres meses después hallan muerto al boxeador.",N
94028,RIPLEY,2024-04-04,"Andrew Scott, Dakota Fanning, Johnny Flynn",Drama,7.919,/rpSo8z9alultGVTqQ3dkLEyU8xx.jpg,"Un estafador se ve rodeado de riqueza y privilegio tras aceptar un trabajo peculiar en Italia. Pero para conservar la vida que tanto desea, tendrá que tejer una red de mentiras.",O
96481,Rise of Empires: Ottoman,2020-01-24,"Charles Dance, Cem Yiğit Üzümoğlu, Daniel Nuță, Ali Gözüşirin, Nik Xhelilaj","Documental,War & Politics,Action & Adventure",7.5,/nkvdPFYo7o2IQWooJvA9UE0nvAp.jpg,El sultán otomano Mehmed II libra una campaña épica para tomar la capital bizantina de Constantinopla y cambia el curso de la historia durante siglos.,N
208921,Rivals,2024-10-18,"David Tennant, Aidan Turner, Danny Dyer, Alex Hassell, Nafessa Williams",Drama,7.4,/3p9t1KDo5iXAn1zsSPn8sdtakWs.jpg,"Corre el año 1986 y Gran Bretaña está en pleno auge. 'Rivales' se adentra en el despiadado mundo de la televisión, donde los peinados son grandes y las ambiciones son aún más grandes. Los acuerdos se negocian en las salas de juntas y en los dormitorios. Nadie puede estar seguro de quién saldrá vencedor. Con todos preocupados sólo por sí mismos, ¿podrá florecer el amor verdadero en esta adaptación tan esperada de la novela superventas Rutshire Chronicles de Jilly Cooper?",P
1891,Rome,2005-08-28,"Kevin McKidd, Ray Stevenson, Ciarán Hinds, James Purefoy, Polly Walker","Action & Adventure,Drama",8.233,/1A1BwgWO3Sw379VEhR0vkTuE3XW.jpg,"Cuatro siglos después de la fundación de la República (509 a.C.), Roma es la ciudad más poderosa del mundo, una metrópoli cosmopolita de un millón de personas, el epicentro de un imperio en expansión. La República se basó en la separación de poderes y creó los mecanismos necesarios para evitar que un solo hombre acumulara demasiado poder. Sin embargo, con el paso del tiempo, la corrupción, el lujo y los excesos fueron carcomiendo esos principios. La serie es una historia sobre la vida tanto de romanos ilustres como ordinarios, situada en los últimos días de la República Romana.",M
67466,Marvel's Runaways,2017-11-21,"Rhenzy Feliz, Lyrica Okano, Virginia Gardner, Ariela Barer, Gregg Sulkin","Action & Adventure,Drama,Sci-Fi & Fantasy",7.269,/hnHEhbzh0F7kN3Ah1lzRjtQuW16.jpg,"Un grupo de adolescentes descubre que tienen una cosa en común: sus padres pertenecen a un grupo de supervillanos llamado Pride. Al saber esto, los chicos se ven obligados a unirse para enfrentarse a su enemigo común a pesar de que no se soportan entre ellos. Así comienzan sus andanzas como superhéroes nóveles cuyo objetivo es acabar con Pride y todos sus miembros. Sin embargo, no estarán solos ya que conocerán a un grupo de ex-superhéroes que se hacen llamar Excelsior. Este grupo se dedica a ayudar a los jóvenes con superpoderes para que se integren en la sociedad y se olviden de salvar el mundo porque 'eso es cosa de adultos'.",K
84977,Russian Doll,2019-02-01,"Natasha Lyonne, Charlie Barnett, Greta Lee, Chloë Sevigny, Elizabeth Ashley","Comedia,Drama",7.36,/1ju4vQ1EwlIkQxEgWiYmxOs3iBG.jpg,"Serie que sigue las aventuras de una joven de nombre Nadia Vulvokov que repite una y otra vez la misma noche en la ciudad de Nueva York. La mujer se verá atrapada en un misterioso bucle en el que asiste a una fiesta y muere esa misma noche, para despertar al día siguiente totalmente ilesa.",J
259856,Salvador,2026-02-06,"Luis Tosar, Fariba Sheikhan, Candela Arestegui, Claudia Salas, Juan Carlos Vellido","Drama,Misterio",6.7,/8pLnnRB2qG1vZHXpjm2gVFNyUX.jpg,"Durante un enfrentamiento violento pactado entre los aficionados radicales de dos clubes de fútbol, Salvador Aguirre, conductor de ambulancias, rescata herida a su hija Milena, miembro del grupo ultra, que defiende valores racistas, violentos y homófobos, totalmente opuestos a los que él le inculcó.",P
225180,BLUE EYE SAMURAI,2023-11-03,"Maya Erskine, George Takei, Masi Oka, Cary-Hiroyuki Tagawa, Brenda Song","Action & Adventure,Animación",8.503,/fXm3JT4WLQVnwukdvghtAblc1wc.jpg,"La convirtieron en una paria en el Japón del periodo Edo. Ahora, una joven espadachina sedienta de venganza recorre un camino sangriento hacia su destino.",O
258901,SANDA,2025-10-04,"Ayumu Murase, Hiroki Touchi, Umeka Shouji, Anna Nagase, Yuuki Shin","Animación,Action & Adventure,Misterio",7.5,/mIA684Vy3CpNXpQihHYYWP1lzAM.jpg,"En el Japón del futuro apenas nacen niños, se consideran un tesoro y están vigilados. Un 25 de diciembre con nieve, Kazushige Sanda, descendiente de Santa Claus, es víctima de su compañera Fuyumura, que quiere que la ayude a buscar a Ono, su amiga desaparecida. 'Santa, encuentra a mi amiga'. Para proteger a los niños. Sanda se convierte en el barbudo de rojo y se enfrenta a los adultos.",P
92875,Sanditon,2019-08-25,"Rose Williams, Ben Lloyd-Hughes, Crystal Clarke, Anne Reid, Kris Marshall",Drama,7.6,/iKMCbTAkEgvA97M8Isdqp4t12Cf.jpg,"Sanditon es el nombre de un antiguo pueblo de pescadores que se está transformando en un balneario de moda. Allí se encuentra Charlotte Heywood, una mujer liberal y moderna para la época y también muy impulsiva que desea reinventarse. La trama da un giro cuando salen a la luz las agendas ocultas de los personajes, cuya fortuna depende del éxito comercial de Sanditon.",J O
65958,Message from Space: Galactic Wars,1978-07-08,"西田良, Hiroyuki Sanada, 織田あきら, 秋谷陽子, 堀田眞三","Sci-Fi & Fantasy,Drama",8.7,/lOxeR2E83a60nST4xrSGtr8UDiL.jpg,"Sankuokai narra las aventuras de Ryu y Hayato, dos jóvenes guerreros que recorren la galaxia montados en una super nave y acompañados de un fiel robot.",M
122048,Santa Evita,2022-07-26,"Natalia Oreiro, Ernesto Alterio, Diego Velázquez, Francesc Orella, Darío Grandinetti",Drama,7.8,/jc9rB1qmw2aCsekYrCpsq31opko.jpg,"Tras la muerte de Eva Perón en 1952, su cadáver queda retenido durante tres años a la espera de que se le construya un mausoleo: un lugar para el descanso que nunca llegaría a elevarse. En 1955, los militares toman el poder en Argentina y esconden el cadáver de Perón, pues temen que pueda unir al país en su contra. Pero no se imaginan que, al ocultarla, pudiera volverse más peligrosa en muerte que en vida.",M
205617,"Sapo, S.A. Memorias de un ladrón",2022-07-08,,Documental,6.9,/zQP9UGUaeNyaKXEuVn0E9NuVCp6.jpg,"Jon Imanol Candela Sapieha, “El Sapo”, está considerado como uno de los mayores ladrones de la historia de España. Completamente retirado, tras 30 años de vida delincuencial, “El Sapo” ha decidido contar sus golpes más espectaculares. El cómo, el cuándo, el dónde y el porqué se desvelan en esta serie que muestra el modo de actuar del delincuente que trajo de cabeza a las policías de medio mundo.",O
93870,SAS Rogue Heroes,2022-10-30,"Connor Swindells, Jack O'Connell, Sofia Boutella, Corin Silva, Theo Barklem-Biggs","Drama,War & Politics,Action & Adventure",7.8,/Tc1mRuP5QrGaetGKcitZkhTU9g.jpg,"Miniserie de seis episodios que se basa en el libro SAS: Rogue Heroes de Ben Macintyre, que narra cómo se formó la unidad de las Fuerzas Especiales de Gran Bretaña en los días más oscuros de la Segunda Guerra Mundial.",N P
75789,Save Me,2018-02-28,"Lennie James, Suranne Jones","Drama,Crimen,Misterio",6.4,/uc7TY2yKnXz3DFPkyGRa3eIWyMA.jpg,"'Save Me' presenta a un héroe improbable a través del personaje de Nelson 'Nelly' Rowe (Lennie James), un hombre al que 'le gusta beber', que vive con cualquier mujer con la que se esté acostando en ese momento – a menudo más de una y, a veces, más de dos-. Él es la vida y el alma de su pub local: un encantador, un oportunista, un luchador, un mentiroso, y a su edad, un hombre que debería reflexionar más las cosas. El mundo de Nelly se pone patas arriba cuando lo arrestan y lo acusan de secuestrar a su hija de 13 años a la que apenas conocía. La madre de Jody, Claire (Suranne Jones), quien tuvo un 'romance de verano' con Nelly hace 14 años, está convencida de que él es el culpable. Así que Nelly se dispone a limpiar su nombre, encontrar al verdadero responsable y salvar a su hija. Con la ayuda de sus conocidos, Nelly no se detendrá ante nada en la búsqueda de la verdad, que cambiará su vida. Es un viaje que lo desafiará a ser un mejor hombre, y a redimirse de sus errores del pasado, en particular con Claire. Pero a medida que avanza en la búsqueda, va tomando conciencia de que las respuestas a sus preguntas están más cerca de él de lo que jamás hubiera imaginado.",J
245256,Say Nothing,2024-11-14,"Lola Petticrew, Maxine Peake, Hazel Doupe, Anthony Boyle, Tom Vaughan-Lawlor","Drama,Crimen",7.5,/bAF3gTGuFNDdzGUIAnDqi5nbFf3.jpg,"Una serie sobre asesinatos y recuerdos en Irlanda del Norte durante The Trobules que abarca cuatro décadas, comenzando con la alarmante desaparición de Jean McConville, una madre soltera con diez hijos a quien secuestraron en su casa en 1972 y no se la volvió a ver con vida.",P
61662,Schitt's Creek,2015-01-13,"Eugene Levy, Catherine O'Hara, Dan Levy, Annie Murphy, Emily Hampshire",Comedia,7.8,/iRfSzrPS5VYWQv7KVSEg2BZZL6C.jpg,Schitt's Creek es una comedia creada por el actor y comico Eugene Levy (American Pie Doce fuera de casa) que sigue los avatares de los Rose Una familia de ricos que pierde todo su dinero después de que su gerente de negocios sea condenado por fraude y ellos despojados de sus posesiones para pagar las deudas Lo único que les ha dejado el gobierno es una localidad llamada Schitt's Creek que el padre de familia Johnny Rose compro como una broma para su hijo No les queda otra que alojarse alli para empezar de cero rodeados de lo que consideran gente maleducada grosera y analfabeta presionados por un alcalde de lo mas extravagante Mientras intentan adaptarse a un entorno hostil y desconocido pronto se dan cuenta de que los verdaderos bichos raros del pueblo podrían ser ellos.,K J
114472,Secret Invasion,2023-06-21,"Samuel L. Jackson, Ben Mendelsohn, Kingsley Ben-Adir, Killian Scott, Samuel Adewunmi","Drama,Sci-Fi & Fantasy,Action & Adventure",6.422,/3rINdUPSy9AklJg74jWHOyUXuZd.jpg,Nick Furia descubre que una facción de cambiaformas skrulls está invadiendo la Tierra en secreto.,O
218275,Secrets of the Penguins,2025-04-20,"Blake Lively, Bertie Gregory",Documental,7.6,/xpUSOwdESEcd1OSUqEjyJYNzLz6.jpg,"Durante dos años extraordinarios, Bertie Gregory, explorador de National Geographic, descubrió tradiciones secretas inéditas, una inteligencia sorprendente y sociedades muy unidas de pingüinos. Esta asombrosa serie revela que son más parecidos al ser humano de lo que jamás hubiéramos soñado, desde sus férreas amistades hasta los valientes que se arriesgan con ayuda del ingenio y la innovación en algunos de los lugares más extremos del mundo.",P
80752,See,2019-11-01,"Jason Momoa, Sylvia Hoeks, Hera Hilmar, Christian Camargo, Archie Madekwe","Drama,Sci-Fi & Fantasy,Action & Adventure",8.076,/lKDIhc9FQibDiBQ57n3ELfZCyZg.jpg,"En un futuro lejano, la humanidad ha perdido el sentido de la vista. Jason Momoa, padre de gemelos que nacen con la mítica capacidad de ver, deberá proteger a su clan de una despiadada reina.",M
97539,Self Made: Inspired by the Life of Madam C.J. Walker,2020-03-20,"Octavia Spencer, Tiffany Haddish, Carmen Ejogo, Garrett Morris, Kevin Carroll",Drama,7.5,/2TMkFGAbsTfN3DHJu5AemEpdcEE.jpg,Una humilde lavandera afroamericana erige un imperio de productos de belleza y se convierte en la primera millonaria hecha a sí misma.,K
61664,Sense8,2015-06-05,"Miguel Ángel Silvestre, Max Riemelt, Jamie Clayton, Bae Doona, Brian J. Smith","Sci-Fi & Fantasy,Drama",7.717,/kmyvlQ9QKzgdZY31rXaUlgCnzrB.jpg,"Un disparo, una muerte, un momento en el tiempo que enlaza irrevocablemente ocho mentes en distintas partes del mundo, conectando las vidas de cada uno, sus secretos y poniéndolos en un terrible peligro. Personas comunes cuyos destinos dan un gran vuelco.",K
95396,Severance,2022-02-17,"Adam Scott, Britt Lower, Tramell Tillman, Zach Cherry, Jen Tullock","Drama,Misterio,Sci-Fi & Fantasy",8.395,/pPHpeI2X1qEd1CS1SeyrdhZ4qnT.jpg,Mark Scout dirige un equipo en Lumon Industries cuyos empleados se han sometido a un procedimiento quirúrgico que separa sus recuerdos entre trabajo y vida personal. Este arriesgado experimento de conciliación es puesto en tela de juicio cuando Mark se encuentra envuelto en un misterio que le obligará a confrontar la verdadera naturaleza de su trabajo... y de sí mismo.,M
105,Sex and the City,1998-06-06,"Sarah Jessica Parker, Kim Cattrall, Cynthia Nixon, Kristin Davis","Drama,Comedia",7.3,/jfLp8gTfdi9d8onEFJ60kp1Bl1e.jpg,Esta comedia muestra con una mirada fresca y divertida el mundo del sexo y las citas en Nueva York.,M
85720,Shadow and Bone,2021-04-23,"Jessie Mei Li, Archie Renaux, Freddy Carter, Amita Suman, Kit Young","Drama,Sci-Fi & Fantasy",7.739,/mS9O9mjPlwpLTne4JgQlDkgREWA.jpg,Fuerzas siniestras conspiran contra una joven soldado que descubre un poder mágico capaz de unir a su país. Basada en las novelas del universo Grisha de Leigh Bardugo.,J N
63210,Shadowhunters,2016-01-12,"Katherine McNamara, Dominic Sherwood, Alberto Rosende, Matthew Daddario, Harry Shum Jr.","Action & Adventure,Drama,Sci-Fi & Fantasy",7.6,/66YHvvVduC21xcMXPpBBF0ywyVZ.jpg,"Clary Fray es una adolescente normal que vive con su madre en Brooklyn. Un día, descubre que es descendiente de una línea de Shadowhunters (Cazadores de Sombras), humanos nacidos con sangre angelical que luchan por proteger nuestro mundo de los demonios. Después de que su madre sea secuestrada, Clary debe unirse a tres Shadowhunters: Jace, Alec e Isabelle y su mejor amigo Simon en una búsqueda para encontrar a su madre y recuperar su pasado.",N
34307,Shameless,2011-01-09,"William H. Macy, Jeremy Allen White, Ethan Cutkosky, Shanola Hampton, Steve Howey","Drama,Comedia",8.2,/ifo31fMWLmyOVpdak9K0kY4jldQ.jpg,"En la peculiar familia Gallagher, Frank, un padre soltero y alcohólico, intenta educar a sus seis inteligentes, salvajes e independientes hijos. Es un remake estadounidense de la serie británica del mismo nombre.",P
95341,Shantaram,2022-10-13,"Charlie Hunnam, Shubham Saraf, Antonia Desplat, Elektra Jansson-Kilbey, Fayssal Bazzi","Crimen,Drama,Action & Adventure",7.4,/6FZCmmAdszkEFLAoibEuJPDhW40.jpg,"Lin Ford, un preso fugado, huye a las bulliciosas calles de Bombay para desaparecer. Trabajando como médico de las clases más desfavorecidas, Lin encontrará un amor inesperado, contactos y el valor para recorrer el largo camino hasta su redención.",O
70453,Sharp Objects,2018-07-08,"Amy Adams, Patricia Clarkson, Chris Messina, Eliza Scanlen, Matt Craven","Crimen,Drama,Misterio",7.76,/1SGovj2qDdkJexvhFiXllj9EYfu.jpg,"Después de pasar un breve tiempo en un hospital psiquiátrico, la reportera Camille Preaker debe regresar a su pequeña ciudad natal para cubrir los asesinatos violentos de dos chicas preadolescentes. Durante años, Camille apenas ha hablado con Adora Crellin, su madre neurótica e hipocondríaca y con Amma, su hermanastra, una joven a quien apenas conoce. Instalada en su antiguo dormitorio en la mansión victoriana de su familia, Camille pronto se encuentra identificándose con las jóvenes víctimas. Atrapada por sus propios demonios, debe de desentrañar el rompecabezas psicológico de su propio pasado si quiere obtener la historia y encontrar al culpable de los crímenes.",N
19885,Sherlock,2010-07-25,"Benedict Cumberbatch, Martin Freeman","Crimen,Drama,Misterio",8.5,/7WTsnHkbA0FaG6R9twfFde0I9hl.jpg,"En esta renovada versión de las historias de misterio de Arthur Conan Doyle, el excéntrico detective merodea por las calles del Londres de hoy en día en busca de pistas.",G
126308,Shōgun,2024-02-27,"Hiroyuki Sanada, Cosmo Jarvis, Anna Sawai, Tadanobu Asano, Takehiro Hira","Drama,War & Politics",8.429,/7O4iVfOMQmdCSxhOg1WnzG1AgYT.jpg,"Ambientada en el Japón de 1600, lord Yoshii Toranaga lucha por su vida mientras que sus enemigos en el Consejo de regentes se alían contra él cuando un misterioso barco europeo aparece abandonado cerca de un pueblo pesquero.",O
63248,Show Me a Hero,2015-08-16,"Oscar Isaac, Catherine Keener, Alfred Molina, Bob Balaban, Peter Riegert","Crimen,Drama,War & Politics",7.038,/dDxqWY5Qpcy6Smf7SGvGRlf7u6e.jpg,"Años 80. Tras convertirse en el alcalde más joven de EE.UU., Nicholas Wasicsko se ve inmerso en una vorágine de racismo y división en la ciudad de Yonkers (Nueva York). Una situación límite que amenaza el futuro de la ciudad al tiempo que mina sus propias ambiciones.",H
136311,Shrinking,2023-01-26,"Jason Segel, Harrison Ford, Jessica Williams, Luke Tennie, Michael Urie","Drama,Comedia",7.8,/zEFKMNPBKq6JG7uuDkzTQ9WwErn.jpg,"Jimmy trata de asimilar la muerte de su esposa mientras ejerce de padre, amigo y terapeuta. Decide cambiar su forma de ser con la gente y volverse una persona completamente honesta, sin ningún tipo de filtro. ¿Conseguirá que las cosas mejoren o desatará el caos?",N
56017,Shtisel,2013-06-29,"מיכאל אלוני, דבל'ה גליקמן, Neta Riskin, Shira Haas, זהר שטראוס",Drama,7.9,/6rfDIX6pRUrRZ7z1jJu7wPHQZUS.jpg,"Akiva y Shulem Shtisel, padre e hijo, se sientan en un pequeño balcón con vistas a las calles del barrio Geula de Jerusalén. Ha pasado un año desde que murió la madre. Todos los demás niños han abandonado el nido, y solo quedan Shulam y Akiva, discutiendo, reconciliando y riéndose de ellos mismos y del resto del mundo. Todo cambiará cuando Akiva conozca a Elisheva.",J
4901,Amar sin límites,2006-10-16,"Karyme Lozano, Valentino Lanús, René Strickler, Mónika Sánchez, María Sorté",Drama,6.4,/tt1mZBiXTs4SvYnRMwvRcpZxHL8.jpg,Sin sinopsis disponible.,M
76690,Sinatra: All or Nothing at All,2015-04-05,"Frank Sinatra, Gina Gershon, Christine Baranski, Vincent D'Onofrio",Documental,7.2,/iq1JA7d2UeVqViQ8jvR3i2rG4vz.jpg,"Documental que repasa la vida profesional y personal del legendario cantante Frank Sinatra, que cuenta con numerosos testimonios de amigos, familiares y compañeros de profesión del crooner.",O
153282,Sisi,2021-12-28,"Dominique Devenport, Jannik Schümann, David Korbmann, Désirée Nosbusch, Tanja Schleiff",Drama,7.4,/bf869HgX0E1rbbbyjA6fsiAh5nl.jpg,"'Sisi' sigue la extraordinaria vida de la emperatriz Elisabeth de Austria. Moderno, honesto y auténtico. Contada desde la perspectiva de sus confidentes más cercanos, la serie da una nueva mirada a la vida de la emperatriz y revela a una mujer de múltiples capas.",O
39429,You Hee-yeol's Sketchbook,2009-04-24,유희열,Talk,6.3,/gOYCF1iyYiDHqoST7wfkqBCAB8I.jpg,Sin sinopsis disponible.,M
95480,Slow Horses,2022-04-01,"Gary Oldman, Jack Lowden, Kristin Scott Thomas, Hugo Weaving, Saskia Reeves","Crimen,Drama,Misterio",8.033,/AdYr4DjOgXvDUMwu6vEhZy1Rnxk.jpg,"Drama de espías con tintes de comedia negra centrado en las andanzas de un incompetente equipo de agentes del MI5 y en su jefe, el irreverente Jackson Lamb, a medida que desmontan los artificios del espionaje para defender Inglaterra de las fuerzas del mal.",P M N O
64199,Sneaky Pete,2015-08-07,"Giovanni Ribisi, Marin Ireland, Margo Martindale, Peter Gerety, Shane McRae","Drama,Crimen",7.498,/nNpcea9lLHI4iv8QpOIvHveVnT9.jpg,"Marius es joven estafador que ha estado un largo tiempo en la cárcel. Cuando cumple su condena y consigue salir de allí, decide robar la identidad de su compañero de celda Pete, para poder escapar de su pasado. Así es como Marius se convierte en Pete y comienza una vida con su nueva familia, que se dedica al negocio de los préstamos para el pago de finanzas. El joven empieza a relacionarse con criminales peores que él y no tarda en dar con un acreedor que comienza a chantajearle.",J
76305,Somebody Feed Phil,2018-01-12,Phil Rosenthal,"Documental,Reality",7.2,/baB2pARwDixrwnwKKmGY415hqPL.jpg,"Phil Rosenthal, el creador de Everybody Loves Raymond, viaja por el mundo para empaparse de la gastronomía y cultura de lugares como Bangkok, Lisboa y Ciudad de México.",M
132846,Spartacus: Blood and Sand - The Motion Comic,2009-12-29,,"Animación,Action & Adventure,Drama",7.9,/u0rd13I9ZyfDrzOoj3ao2SUxIhj.jpg,Sin sinopsis disponible.,H
113962,Lioness,2023-07-23,"Zoe Saldaña, Laysla De Oliveira, Dave Annable, Jill Wagner, LaMonica Garrett","Drama,War & Politics",8.257,/rzpHPSEgPTpRs8EHbygwsOw7jC0.jpg,"Cruz Manuelos, una joven infante de marina ruda pero apasionada, es reclutada para unirse al Equipo Lioness Engagement de la CIA para ayudar a acabar con una organización terrorista desde adentro. Joe, el jefe de estación del programa Lioness, tiene la tarea de capacitar, administrar y liderar a sus agentes encubiertos.",P
46132,Paperissima Sprint,1990-12-02,Roberta Lanfranchi,Talk,5.0,,Sin sinopsis disponible.,O
204698,Sprung,2022-08-18,"Garret Dillahunt, Martha Plimpton, Shakira Barrera, Phillip Garcia, James Earl",Comedia,7.7,/pNrpWMnKhTnSXHBfXsTRGeyZmQX.jpg,"Un criminal convicto está decidido a cambiar su vida después de pasar más de dos décadas en prisión. Cuando es liberado inesperadamente de la prisión debido a la pandemia sin un lugar donde vivir y el mundo encerrado, Jack se refugia en el lugar con un grupo improbable de ex reclusos, que se unen y usan su experiencia criminal para siempre.",M
93405,Squid Game,2021-09-17,"Lee Jung-jae, Yim Si-wan, 위하준, 조유리, Lee Byung-hun","Action & Adventure,Misterio,Drama",7.9,/yACIAqAkSLkX4coHafpyLWAtQjw.jpg,Cientos de personas con problemas de dinero aceptan una invitación rarísima para competir en juegos infantiles. Dentro los esperan un tentador premio y desafíos letales.,J P
251941,St. Denis Medical,2024-11-12,"Wendi McLendon-Covey, Allison Tolman, Josh Lawson, Kahyun Kim, Mekki Leeper",Comedia,6.7,/iwnF4lZKBdHoCICtdIcXQdbuc2f.jpg,"En un hospital marcado por la escasez de fondos y personal, médicos y enfermeras enfrentan diariamente el desafío de atender a sus pacientes en condiciones precarias. Con recursos limitados y turnos extenuantes, luchan por ofrecer cuidados de calidad mientras intentan preservar su salud mental.",P
119033,Stanley Tucci: Searching for Italy,2021-02-14,Stanley Tucci,"Reality,Documental",7.1,/cRXl99OqcxBNBi7EinzUlPq3U0d.jpg,Stanley Tucci viaja por Italia para descubrir los secretos y las delicias de las cocinas regionales del país.,J
83867,Andor,2022-09-21,"Diego Luna, Anton Lesser, Muhannad Bhaier, Stellan Skarsgård, Denise Gough","Sci-Fi & Fantasy,Action & Adventure,Drama",8.312,/khZqmwHQicTYoS7Flreb9EddFZC.jpg,"Ambientada cinco años antes de los eventos de la película Rogue One,​ la serie sigue al espía Cassian Andor durante los años de formación de la Alianza Rebelde.​ La serie muestra la transformación de Andor, un ladrón que se convierte en revolucionario y finalmente se une a la Rebelión contra el Imperio Galáctico.",N P
93288,Starstruck,2021-04-25,"Rose Matafeo, Nikesh Patel, Lorne MacFadyen",Comedia,6.6,/edwRHGJyn3mcQuOxPJwWVENKqL0.jpg,Una relación borracha en la víspera de Año Nuevo se vuelve mucho más complicada para Jessie cuando descubre que su aventura de una noche es en realidad una estrella de cine.,J O
87984,State of the Union,2019-05-06,"Brendan Gleeson, Patricia Clarkson, Esco Jouléy","Comedia,Drama",6.9,/qnmj4XMt5z3EMfeb1tPMFXQuS9d.jpg,"Louise y Tom quedan en un pub, justo antes de su sesión de terapia marital. Cada episodio indaga en cómo fue su vida.",N
90972,Station Eleven,2021-12-16,"Mackenzie Davis, Himesh Patel, Matilda Lawler, David Wilmot, Nabhaan Rizwan","Drama,Misterio",7.0,/xWlhMOzRxUpu4uzkWcDQOaESCE.jpg,Los supervivientes de una devastadora pandemia tratan de reconstruir sus vidas tras haber perdido todo lo que tenían.,J
248287,STEVE! (martin) a documentary in 2 pieces,2024-03-28,Steve Martin,Documental,7.8,/f4Ygn7mAFlUYBWoDlTjvkejxQ4P.jpg,"Steve Martin es una de las figuras más queridas y enigmáticas del mundo del entretenimiento. Adéntrate en su extraordinaria historia desde dos puntos de vista distintos, pasado y presente, en la que Martin reflexiona sobre cómo sus inicios lo llevaron hasta su inesperadamente satisfactoria vida actual.",O
196142,Stonehouse,2023-01-02,"Matthew Macfadyen, Keeley Hawes, Emer Heatley, Kevin McNally, Dorothy Atkinson","Drama,Comedia",6.3,/7xmnEX695cnHmug9biL9J28IW8l.jpg,"Miniserie de comedia en tres capítulos, inspirada en el extraordinario ascenso y caída del parlamentario británico John Stonehouse. Una historia, basada en extraordinarios hechos reales, repleta de secretos, estratagemas y peculiares relaciones, que culminaron en la simulación de su muerte en 1974.",N
66732,Stranger Things,2016-07-15,"Winona Ryder, David Harbour, Millie Bobby Brown, Finn Wolfhard, Gaten Matarazzo","Action & Adventure,Misterio,Sci-Fi & Fantasy",8.549,/uOOtwVbSr4QDjAGIifLDwpb2Pdl.jpg,"A raíz de la desaparición de un niño, un pueblo desvela un misterio relacionado con experimentos secretos, fuerzas sobrenaturales aterradoras y una niña muy extraña.",K M
73671,Suburra: Blood on Rome,2017-10-06,"Alessandro Borghi, Giacomo Ferrara, Carlotta Antonelli, Federica Sabatini, Filippo Nigro","Crimen,Drama",7.4,/kiKvhrO82jbfM521Q6hz0MlFCN6.jpg,"En 2008, la lucha por unos terrenos de Ostia, una zona costera cercana a Roma, se convierte en una cruenta batalla entre el crimen organizado, políticos corruptos y El Vaticano. En medio de la disputa se encuentran tres jóvenes: Spadino, un gitano hermano del jefe de un clan, Lele, hijo de un policía, y Aureliano, el hijo rebelde de un mafioso de Ostia. Los tres, ya vinculados al tráfico de drogas, formarán una inusual alianza en intento por hacerse un hueco en un mundo dominado por poderes mucho más grandes que ellos.",O
76331,Succession,2018-06-03,"Jeremy Strong, Kieran Culkin, Sarah Snook, Brian Cox, Matthew Macfadyen","Drama,Comedia",8.306,/z0XiwdrCQ9yVIr4O0pxzaAYRxdW.jpg,"La serie gira en torno a la vida de la familia Roy. Son multimillonarios y poderosos, tienen todo lo que ansían, salvo vida familiar. Son dueños de una de la compañías de comunicaciones más exitosas del mundo. Su objetivo principal es hacer que el imperio crezca y, para ello, las lealtades se pondrán en juego.",K
203744,Sugar,2024-04-04,"Colin Farrell, Jin Ha, Tony Dalton, Raymond Lee, Laura Donnelly","Drama,Misterio",7.146,/tLmwLYiI7EpPbhgmdeivNGY0xw7.jpg,"John Sugar es un detective privado que se adentra en los barrios más oscuros de L.A., aunque él solo ve lo bueno de la humanidad. A Sugar lo acecha un secreto demasiado peligroso.",O
220116,Swarm,2023-03-16,Dominique Fishback,"Crimen,Comedia,Drama",6.6,/5Byf0mciDQU8sMtw0pjsV3veKaq.jpg,Asesinatos. Sexo. Música. No es una obra de ficción.,N
103768,Sweet Tooth,2021-06-04,"Nonso Anozie, Christian Convery, Adeel Akhtar, Stefania LaVie Owen, Naledi Murray","Drama,Sci-Fi & Fantasy",7.738,/rgMfhcrVZjuy5b7Pn0KzCRCEnMX.jpg,"Un niño adorable, mitad humano y mitad ciervo, sale en busca de su familia y un hogar con un arisco protector como compañía en un mundo posapocalíptico.",J M
65708,Taboo,2017-01-07,"Tom Hardy, David Hayman, Jonathan Pryce, Oona Chaplin, Richard Dixon","Drama,Misterio",7.9,/om1wVOuEtwH3krHutIWO9sJzkS5.jpg,"Taboo, sigue a James Keziah Delaney (Hardy), un hombre que regresa a su hogar, Londres, después de que muchos le diesen por muerto. Creada por Knight a partir de una historia original del propio Hardy y su padre Chips Hardy, la serie contará cómo James recibe la herencia del imperio de navíos de su progenitor e intenta reconstruir su vida. Algo que no le resultará fácil cuando tienes enemigos que quieren acabar con tu vida.",P
302919,The End of an Era,2025-12-12,Taylor Swift,Documental,8.7,/8qEyRXQMC3L77fjY924qcoxaaVs.jpg,"Un pase exclusivo al backstage junto a Taylor Swift, ahora que ha concluido su épica gira.",P
97546,Ted Lasso,2020-08-14,"Jason Sudeikis, Hannah Waddingham, Jeremy Swift, Brett Goldstein, Brendan Hunt","Drama,Comedia",8.367,/uRHsiw1wLxPHFXkkv4Ix1s0O6f4.jpg,"Un ingenuo entrenador de fútbol americano decide probar suerte en un club de fútbol inglés, pero su inexperiencia despierta recelo y desdén entre jugadores y aficionados. ¿Logrará conquistarlos con sus peculiares métodos?",J M
103913,Tehran,2020-06-22,"ניב סולטן, Shaun Toub, Shervin Alenabi, Hugh Laurie",Drama,7.524,/6HAoFyMbdDXxar2m6dhi308IJco.jpg,"Tamar es una hacker del Mosad que se infiltra en Teherán bajo una identidad falsa para ayudar a destruir el reactor nuclear de Irán. Pero, tras fracasar en su misión, Tamar deberá trazar un plan que pondrá en riesgo a todos sus seres queridos.",M
157084,That Dirty Black Bag,2022-03-10,"Dominic Cooper, Douglas Booth, ניב סולטן, Guido Caprino, Christian Cooke","Western,Drama,Action & Adventure",7.1,/vSk9On9NPZKX9e4zlu7ribuRIMB.jpg,"Una serie cruda, épica y romántica de spaghetti western sobre el lado oscuro del salvaje Oeste. La historia sigue el enfrentamiento de ocho días entre Arthur McCoy (Cooper), un sheriff incorruptible con un pasado turbulento, y Red Bill (Booth), un infame y solitario cazarrecompensas conocido por decapitar a sus víctimas y meter sus cabezas en una bolsa negra sucia, porque, como él dice, 'las cabezas pesan menos que los cuerpos'.",M
195928,The 7 Lives of Lea,2022-04-28,"Raïka Hazanavicius, Khalil Ben Gharbia, Marguerite Thiam, Maïra Schmitt, Théo Fernandez","Drama,Misterio",7.61,/qAnU7WFJUQAWd5msAJ12nrXCfHJ.jpg,"Léa se despierta en los años 90 después de encontrar el cadáver de un joven. Para resolver su misteriosa muerte y evitarla, ocupa el cuerpo de siete personas distintas.",M
14009,The Addams Family,1964-09-18,"Carolyn Jones, John Astin, Jackie Coogan, Ted Cassidy, Marie Blake","Comedia,Familia",7.977,/9eqmCtAY9d2WwafLBYXRKYepgeA.jpg,"Los Addams son una familia estrafalaria que tiene plantas carnívoras como mascotas. Gómez, el padre, es un tipo siniestro que se tortura a sí mismo. Morticia, la madre, es una vampiresa a la que gusta caminar por el cementerio. Los demás miembros de la familia son sus tétricos hijos Miércoles y Pugsley, el extrañísimo tío Fétido, Lucas, el mayordomo, y Cosa, una mano con vida propia. 'La familia Addams', creada a partir de unas tiras cómicas de Charles Addams, fue una popular serie emitida por la ABC desde 1964 a 1966. Propició además una serie de dibujos animados y algunas películas.",O
106454,The Afterparty,2022-01-28,"Tiffany Haddish, Sam Richardson, Zoë Chao, John Cho, Paul Walter Hauser","Misterio,Comedia,Crimen",7.1,/9iAxAxeX5RjB39ckhxPMDCJPpG9.jpg,Nada es lo que parece en este divertidísimo asesinato misterioso en el que la historia de cada sospechoso se cuenta desde la óptica de un género cinematográfico distinto.,M
202208,The Artful Dodger,2023-11-29,"Thomas Brodie-Sangster, David Thewlis, Maia Mitchell, Luke Bracey","Drama,Crimen,Action & Adventure",8.12,/lcyax0pIH6vZWbho2hxsMTt9KpN.jpg,"Es una historia de reinvención, traición, redención y amor. Jack Dawkins es el Artful Dodger, cuyos dedos de carterista se han convertido en las hábiles manos de un cirujano. Se debate entre un amor imposible y el submundo delictivo que anhela en secreto. Esa situación requerirá ingenio.",O
158050,The Bad Guy,2022-12-08,"Claudia Pandolfi, Luigi Lo Cascio","Crimen,Drama,Comedia",7.5,/5Fw4SQhCRZfmVR8QKVtCvRKSQqK.jpg,"La historia de Nino Scotellaro, un fiscal siciliano que dedicó toda su vida a luchar contra la mafia y de repente es acusado de ser uno de los hombres contra los que siempre ha luchado. Después de ser condenado y sin nada que perder, Nino decide llevar a cabo un maquiavélico plan de venganza.",N
136315,The Bear,2022-06-23,"Jeremy Allen White, Ebon Moss-Bachrach, Ayo Edebiri, Lionel Boyce, Abby Elliott","Drama,Comedia",8.155,/eKfVzzEazSIjJMrw9ADa2x8ksLz.jpg,Un joven chef lucha por transformar una tienda de bocadillos junto a un equipo de cocineros novatos.,M O P
128876,The Beatles: Get Back,2021-11-25,"John Lennon, Paul McCartney, George Harrison, Ringo Starr",Documental,8.394,/nxy9fg1rT853P7zP7ZQGqRimiCS.jpg,"La serie documental de tres partes, compilada a partir de más de 60 horas de metraje invisible, captura la calidez, la camaradería y el genio creativo que definieron el legado del cuarteto más icónico de la música. La serie también incluye, por primera vez en su totalidad, la actuación final de los Beatles en el Savile Row de Londres.",J
3002,The Benny Hill Show,1969-11-19,"Benny Hill, Henry McGee, Bob Todd, Nicholas Parsons, Jackie Wright",Comedia,7.2,/pKoqzPido6dJmClHF13k5Nglede.jpg,"Popular serie cómica formada por sketches presentados y protagonizados por Benny Hill (1924-1992), un cómico británico cuyo humor se caracterizaba principalmente por su comportamiento pícaro, casi infantil, y su debilidad por las mujeres ligeras de ropa.",M
1418,The Big Bang Theory,2007-09-24,"Johnny Galecki, Jim Parsons, Kaley Cuoco, Simon Helberg, Kunal Nayyar",Comedia,7.928,/euKFiO5M125rpngFRBbSW83beeI.jpg,"Leonard y Sheldon son dos físicos superdotados que comparten piso. Ambos son capaces de calcular las probabilidades de existencia de vida en otros planetas, pero son incapaces de relacionarse con los demás y especialmente con las chicas. Penny, su nueva vecina, es el polo opuesto a ellos, por lo que su llegada al edificio alterará la tranquila vida sentimental de Leonard y el desorden obsesivo-compulsivo de Sheldon.",G I
229711,The Bondsman,2025-04-03,"Kevin Bacon, Jennifer Nettles, Beth Grant, Damon Herriman, Maxwell Jenkins","Action & Adventure,Sci-Fi & Fantasy,Comedia",7.219,/gwd2HpY2ymvmASUP3zMYF59IIr7.jpg,"Hub Halloran, un cazarrecompensas asesinado, es resucitado por el diablo para cazar demonios que se han escapado de la prisión del infierno. Persiguiendo a esos demonios con la ayuda y el impedimento de su familia desunida, Hub descubre cómo sus propios pecados condenaron su alma, lo que le empuja a buscar una segunda oportunidad en la vida, el amor y la música country.",P
76479,The Boys,2019-07-25,"Karl Urban, Jack Quaid, Antony Starr, Erin Moriarty, Laz Alonso","Sci-Fi & Fantasy,Action & Adventure",8.429,/in1R2dDc421JxsoRWaIIAqVI2KE.jpg,"La serie tiene lugar en un mundo en el que los superhéroes representan el lado oscuro de la celebridad y la fama. Un grupo de vigilantes que se hacen llamar 'The Boys' decide hacer todo lo posible por frenar a los superhéroes que están perjudicando a la sociedad, independientemente de los riesgos que ello conlleva.",K
271267,The Chair Company,2025-10-12,"Tim Robinson, Lake Bell, Sophia Lillis, Will Price, Joseph Tudisco","Comedia,Drama,Misterio",7.082,/2VktdoGvR0Pv6qj9P7vDsTIfw1l.jpg,"Ron Trosper, un gerente de oficina común y corriente, se obsesiona con descubrir qué hay detrás de una aparentemente simple avería de una silla en su trabajo. Lo que comienza como un momento embarazoso lo lleva a investigar una posible conspiración que parece mucho más grande (y más absurda) de lo que cualquiera imaginaría.",J
139099,The Consultant,2023-02-23,"Christoph Waltz, Nat Wolff, Brittany O'Grady, Aimee Carrero","Comedia,Drama",6.845,/dbmnbPdDIgH9RR1Cs0SkG4DaYgF.jpg,"Después de una tragedia indescriptible en CompWare, un estudio de videojuegos con sede en el centro de Los Ángeles, un consultor misterioso, Regus Patoff, llega a la ciudad y toma el mando.",N
72710,The Continental: From the World of John Wick,2023-09-22,"Colin Woodell, Mel Gibson, Mishel Prada, Ben Robson, Hubert Point-Du Jour","Crimen,Drama,Action & Adventure",7.36,/2urdwqEL9FRkGMKAkhfvWTALG00.jpg,"Winston Scott es arrastrado al paisaje infernal de una ciudad de Nueva York de 1975 para enfrentar un pasado que creía haber dejado atrás. Emprenderá un rumbo mortal a través del misterioso submundo neoyorquino en un angustioso intento de apoderarse del emblemático hotel de El Continental, que sirve de punto de encuentro para los criminales más peligrosos del planeta.",O
119142,The Crime of the Century,2021-05-10,"Edward Byrne, Patrick Radden Keefe, Lenny Bernstein, Roy Bosley, Alec Burlakoff","Documental,Crimen,Drama",7.771,/3jtWsNSW2ID23u9OeDRRQBCa5Mm.jpg,"Documental de dos partes que denuncia a las grandes farmacéuticas, a los agentes políticos y regulaciones gubernamentales que permiten la sobreproducción, distribución imprudente y abuso de los opiáceos sintéticos.",J
60603,The Curse of Oak Island,2014-01-05,"Rick Lagina, Marty Lagina, Robert Clotworthy, Gary Drayton","Misterio,Action & Adventure,Reality,Documental",7.2,/gtkxUUmHDF31iDUOlxQqUXmiU71.jpg,"Frente a las costas de Nueva Escocia (Canadá) se halla una pequeña isla que está rodeada de misterio. En la década de 1700, se recogieron testimonios de personas que afirmaban haber visto luces extrañas durante la noche, y a quien allí enviaron a investigarlas, desapareció. Un día, dos chicos que habían navegado hasta la isla encontraron un extraño agujero en el suelo. Este descubrimiento dio inicio a una búsqueda que continúa hasta el día de hoy y que ha involucrado a figuras de la talla de Franklin D. Roosevelt o John Wayne. Docureality de History Channel que aborda la millonaria búsqueda de un supuesto tesoro escondido en la Isla del Roble. Muy interesante serie que logra encantar y mantener a la expectativa.",N
222766,The Day of the Jackal,2024-11-07,"Eddie Redmayne, Lashana Lynch, Eleanor Matsuura, Chukwudi Iwuji, Úrsula Corberó","Drama,Action & Adventure,Misterio",8.257,/tYLecM3WSEjlkKhkGiH5G68Dprm.jpg,"El Chacal (Eddie Redmayne), un escurridizo y solitario asesino sin rival, se gana la vida trabajando para el mejor postor. Sin embargo, tras su último asesinato, su camino se cruza con el de una tenaz agente de inteligencia británica (Lashana Lynch), que empieza a seguirle la pista en una emocionante persecución a través de Europa, dejando un rastro de destrucción a su paso.",N
250162,The Decameron,2024-07-25,"Tanya Reynolds, Jessica Kate Plummer, Lou Gala, Karan Gill, Zosia Mamet","Comedia,Drama",5.9,/7jxX4EQLeGMQb8SA4YgiaUowz8n.jpg,"Mientras la peste negra arrasa Italia, un grupo de nobles y sus sirvientes se retiran a una villa. Una vez allí, su ostentosa escapada pronto se sume en el caos más absoluto.",O
203857,The Diplomat,2023-04-20,"Keri Russell, Rufus Sewell, David Gyasi, Ali Ahn, Rory Kinnear","Drama,War & Politics",7.604,/cOKXV0FalCYixNmZYCfHXgyQ0VX.jpg,"En plena crisis internacional, una diplomática estadounidense tiene dos desafíos: su puesto de embajadora en el Reino Unido y su tenso matrimonio con un célebre político.",O
122066,The Dropout,2022-03-03,"Amanda Seyfried, Naveen Andrews",Drama,7.365,/9SkOJF92FE0H1UXeOgLz7lAnoMb.jpg,"Dinero. Amor. Tragedia. Engaño. De la mano de la productora ejecutiva Elizabeth Meriwether, 'The Dropout: Auge y caída de Elizabeth Holmes' es la historia de Elizabeth Holmes y Theranos, una increíble historia de ambición y fama que salió tremendamente mal. ¿Cómo la mujer multimillonaria más joven del mundo lo perdió todo en un abrir y cerrar de ojos?",M
66134,The Durrells,2016-04-03,"Keeley Hawes, Josh O'Connor, Milo Parker, Daisy Waterstone, Callum Woodhouse","Drama,Comedia,Familia",7.4,/sgZiuQ9PMeyHU7xMaIctwRu4SLa.jpg,"Louisa Durrell, viuda con cuatro hijos, no termina de encajar en la fría localidad inglesa de Bournemouth. Su día a día se reduce a cuidar de la casa, dejarse la pensión en deudas y gastos que apenas puede asumir y ver cómo sus hijos se quejan de todo sin dar palo al agua. Louisa decide cortar por lo sano y buscar una nueva oportunidad en el lugar más inesperado: la recóndita y paradisíaca isla griega de Corfú.",P
61988,The Empress of China,2014-12-21,"Fan Bingbing, 张丰毅, 李治廷, 張鈞甯, 李晨",Drama,7.0,/stcpHqW4U4W3WxklqEEFVhctr4Y.jpg,Sin sinopsis disponible.,M
74577,The End of the F***ing World,2017-10-24,"Alex Lawther, Jessica Barden, Naomi Ackie, Josh Dylan","Comedia,Drama,Crimen",8.022,/f1OV9xEJCZVYcYSDRr5xOD8NJw3.jpg,Un psicópata adolescente y una chica rebelde con sed de aventura emprenden un accidentado viaje por carretera en esta serie de humor negro basada en una novela gráfica.,J
99346,The English,2022-11-10,"Emily Blunt, Chaske Spencer","Drama,Western",7.285,/aAFAwxj0VzBRyX5biAHUJM73qYG.jpg,"Cornelia Locke es una rica mujer inglesa que llega a los Estados Unidos en 1890 con una bolsa de dinero, empeñada en matar al hombre que considera responsable de la muerte de su hijo. Ella se cruza en su camino con Eli Whipp, recientemente despedido del ejército que trata de regresar a casa.",N
100052,The English Game,2020-03-20,"Kevin Guthrie, Edward Holcroft, Niamh Walsh, Charlotte Hope, Craig Parkinson",Drama,7.4,/vvOccQ5Mcn665KXS2KSnldhpvva.jpg,"Miniserie de 6 episodios sobre los orígenes del fútbol moderno en Inglaterra. Dos futbolistas del siglo XIX, de clases sociales muy dispares, afrontan conflictos profesionales y personales con un fin: cambiar este deporte -y también Inglaterra- para siempre... Del creador de 'Downton Abbey' Julian Fellowes.",N
63639,The Expanse,2015-12-14,"Steven Strait, Dominique Tipper, Wes Chatham, Shohreh Aghdashloo, Frankie Adams","Drama,Misterio,Sci-Fi & Fantasy",8.071,/5vQlVWkIMPhZ88OWchJsgwGEK9.jpg,"Doscientos años en el futuro, en un sistema solar totalmente colonizado, el detective de la policía Miller, nacido en el Cinturón de Asteroides, es encargado con la misión de encontrar a una joven mujer desaparecida llamada Julie Mao. Acompañando a Miller en su misión se encuentra James Holden, anteriormente primer oficial en un carguero de hielo, y quien estuvo involucrado en un incidente causado por las tensas relaciones entre la Tierra, Marte y el Cinturón. Pronto, ambos descubrirán que la mujer desaparecida es solo la punta del iceberg de una conspiración de inmensa magnitud que atentará contra la historia y la existencia de la Humanidad. 'The Expanse' es un 'thriller' futurista de ciencia ficción, escrito por Mark Fergus y Hawk Ostby, basado en la serie de novelas del mismo nombre. El proyecto ha sido desarrollado por la cadena SyFy US en colaboración con Alcon Entertainment.",J
88396,The Falcon and the Winter Soldier,2021-03-19,"Anthony Mackie, Sebastian Stan, Wyatt Russell, Erin Kellyman, Daniel Brühl","Action & Adventure,Sci-Fi & Fantasy",7.587,/6kbAMLteGO8yyewYau6bJ683sw7.jpg,"Siguiendo los eventos de 'Vengadores: Endgame', Sam Wilson/Falcon y Bucky Barnes/Soldado de Invierno se unen en una aventura global que pondrá a prueba sus habilidades... y su paciencia.",J
157065,The Fall of the House of Usher,2023-10-12,"Carla Gugino, Bruce Greenwood, Mary McDonnell, Henry Thomas, Kate Siegel","Misterio,Drama",7.542,/2rl04pRCaGfz91lwfWdDQmOiGJp.jpg,Dos ambiciosos hermanos sedientos de fama y fortuna erigen una dinastía familiar que empieza a desmoronarse cuando sus herederos mueren uno tras otro de forma misteriosa.,O
60735,The Flash,2014-10-07,"Grant Gustin, Candice Patton, Danielle Panabaker, Danielle Nicolet, Kayla Compton","Drama,Sci-Fi & Fantasy",7.745,/yZevl2vHQgmosfwUdVNzviIfaWS.jpg,"Después de que un acelerador de partículas cause una extraña tormenta, al investigador científico de la policía, Barry Allen, le cae un rayo y entra en coma. Meses después despierta con el poder de moverse a súper velocidad permitiéndole ser el ángel de la guardia de Central City. Aunque al principio se siente entusiasmado con sus nuevos poderes, Barry descubre que no es el único “meta-humano” que se originó tras la explosión del acelerador – y no todo el mundo está usando sus nuevos poderes para el bien. Los compañeros del laboratorio STAR dedican su vida a ayudar a Barry a proteger a los inocentes. Por ahora, solo algunos amigos cercanos saben que Barry es, literalmente, el hombre más rápido del mundo, pero no pasará mucho hasta que el mundo conozca que ahora Barry Allen es … Flash.",J k M
93287,The Flight Attendant,2020-11-26,"Kaley Cuoco, Zosia Mamet, Deniz Akdeniz, Mo McRae, Callie Hernandez","Drama,Misterio,Comedia",7.1,/oCK0o8CWV46Z0PUdh7CKXnjD2Po.jpg,"La asistente de vuelo Cassandra Bowden se despierta en su habitación de hotel con resaca de la noche anterior en Dubai con un cadáver a su lado. Temerosa de llamar a la policía, continúa su mañana como si nada. En Nueva York, los agentes del FBI la reciben y la interrogan sobre su reciente escala en Dubai. Aún incapaz de reconstruir la noche, comienza a preguntarse si ella podría ser la asesina.",J
236235,The Gentlemen,2024-03-07,"Theo James, Kaya Scodelario, Daniel Ings, Joely Richardson, Vinnie Jones","Comedia,Drama,Crimen",7.879,/tw3tzfXaSpmUZIB8ZNqNEGzMBCy.jpg,"Cuando Eddie hereda la finca de su aristocrática familia, descubre que alberga una enorme plantación de marihuana... y que sus propietarios no piensan marcharse.",O
81723,The Gilded Age,2022-01-24,"Carrie Coon, Morgan Spector, Louisa Jacobson, Denée Benton, Taissa Farmiga",Drama,7.7,/4zXlBCc1rNTDtrfMCBFIGKWlwnC.jpg,"La Edad Dorada comienza en 1882 con la mudanza de la joven Marian Brook de la zona rural de Pensilvania a la ciudad de Nueva York después de la muerte de su padre para vivir con sus tías adineradas Agnes van Rhijn y Ada Brook. Acompañada por Peggy Scott, una aspirante a escritora que busca un nuevo comienzo, Marian se ve envuelta de forma inesperada en una guerra social entre una de sus tías, hija de la vieja riqueza, y sus vecinos tremendamente ricos, un magnate ferroviario despiadado y su ambiciosa esposa, George y Bertha Russell. Expuesta a un mundo al borde de la Edad moderna, ¿Marian seguirá las reglas ya establecidas por la sociedad o forjará su propio camino?",O P
218351,The Gold,2023-02-12,"Hugh Bonneville, Tom Cullen, Charlotte Spencer, Jack Lowden, Emun Elliott","Crimen,Drama",7.3,/9JY9Gza4HQhXjIPXg9uSy8FeiSM.jpg,"El 26 de noviembre de 1983, seis hombres armados roban oro por valor de 26 millones de libras del depósito de seguridad de Brink's-Mat y tratan de deshacerse de los lingotes.",P
214999,The Good Bad Mother,2023-04-26,"라미란, 이도현, 안은진, 유인수, 최무성","Drama,Comedia",8.9,/o8h8BJz85BNI6g6ty47jbpEDAiK.jpg,Sin sinopsis disponible.,P
87523,The Good Lord Bird,2020-10-04,"Ethan Hawke, Joshua Caleb Johnson, Hubert Point-Du Jour, Beau Knapp, Nick Eversman","Drama,Western,War & Politics",6.7,/bNFcWrxlnFXvrjJezId6bAoePzT.jpg,"Kansas, mediados del siglo XIX. Cebollita es un joven esclavo afroamericano que acaba formando parte, contra su voluntad, del variopinto séquito de John Brown: un autoproclamado líder abolicionista que aboga por la insurrección armada.",J
66573,The Good Place,2016-09-19,"Kristen Bell, Ted Danson, William Jackson Harper, Jameela Jamil, Manny Jacinto","Sci-Fi & Fantasy,Comedia",8.0,/qIhsuhoIYR5yTnDta0IL4senbeN.jpg,"Eleanor (Kristen Bell) es una mujer de Phoenix que, tras ser atropellada por un camión que transportaba productos para la disfunción eréctil, despierta para descubrir que ha llegado al más allá. Su mentor, Michael (Ted Danson), le informa de que ahora se encuentra en El Lugar Bueno, “The Good Place”, por su comportamiento adecuado en su vida anterior. Pero... la han confundido con otra persona: ella era puro egoísmo en vida. Eleanor se plantea decir la verdad, hasta que descubre lo que le depara El Lugar Malo, el sitio a donde debería haber ido en realidad, así que decide ganarse un puesto en El Lugar Bueno tratando de aprender a ser buena persona, cosa muy complicada siendo como es.",J
67557,The Grand Tour,2016-11-17,"Jeremy Clarkson, Richard Hammond, James May","Reality,Comedia,Talk",8.021,/3Pcqu6QliBWJ8vsOVClVLddPnZw.jpg,"Jeremy Clarkson, Richard Hammond y James May vuelven con The Grand Tour. Un programa sobre aventura, emociones y amistad... mientras aceptes que aquellos a quienes llamas amigos son también de lo más inaguantables. A veces es incluso un programa sobre coches. Sígueles en su aventura global.",J
67557,The Grand Tour,2016-11-17,"Jeremy Clarkson, Richard Hammond, James May","Reality,Comedia,Talk",8.021,/3Pcqu6QliBWJ8vsOVClVLddPnZw.jpg,"Jeremy Clarkson, Richard Hammond y James May vuelven con The Grand Tour. Un programa sobre aventura, emociones y amistad... mientras aceptes que aquellos a quienes llamas amigos son también de lo más inaguantables. A veces es incluso un programa sobre coches. Sígueles en su aventura global.",O
67557,The Grand Tour,2016-11-17,"Jeremy Clarkson, Richard Hammond, James May","Reality,Comedia,Talk",8.021,/3Pcqu6QliBWJ8vsOVClVLddPnZw.jpg,"Jeremy Clarkson, Richard Hammond y James May vuelven con The Grand Tour. Un programa sobre aventura, emociones y amistad... mientras aceptes que aquellos a quienes llamas amigos son también de lo más inaguantables. A veces es incluso un programa sobre coches. Sígueles en su aventura global.",O
93221,The Great North,2021-01-03,"Nick Offerman, Jenny Slate, Will Forte, Aparna Nancherla, Paul Rust","Animación,Comedia",6.9,/7Ww56dPIuXn4NZGrJJPdoafLHGu.jpg,"Sigue las aventuras de la familia Tobin en Alaska mientras el padre soltero Beef hace todo lo posible para mantener cerca a su extraño grupo de niños, especialmente cuando los sueños artísticos de su única hija Judy la alejan del barco de pesca familiar y la llevan al glamoroso mundo del centro comercial local.",J
64257,The Great Train Robbery,2013-12-18,"Jim Broadbent, Luke Evans, Jack Roth, Robert Glenister, Paul Anderson",Drama,6.7,/rUbTniOTYkXjIUFh8QlTNEjbkpn.jpg,Miniserie de TV (2013). Drama de dos capítulos sobre el famoso robo al tren de Glasgow a Londres el 8 de agosto de 1963. En la primera parte se narra el atraco desde el punto de vista de los asaltantes y en la segunda desde el punto de vista de la policía.,G
69478,The Handmaid's Tale,2017-04-26,"Elisabeth Moss, Yvonne Strahovski, Samira Wiley","Drama,Sci-Fi & Fantasy,Action & Adventure",8.15,/eGUT7j3n3rn5yGihlCgwUnD70HV.jpg,"Para enfrentarse a una tasa de natalidad en declive, un régimen fundamentalista ha empezado a tratar a las mujeres como propiedades. Como una de las pocas mujeres fértiles que quedan, Defred es una criada, una más de la casta de mujeres forzadas a una servidumbre sexual para intentar repoblar el mundo.",J K
231751,The Hardacres,2024-10-07,,Drama,8.0,/69hMBAPwX5GbAj29aefMyiUHNzL.jpg,"Basada en las novelas de CL Skelton, la serie narra la historia desde la miseria a la opulencia de una familia de clase obrera en la Yorkshire de 1890. Cuando un accidente laboral deja a Sam y Mary Hardacre, junto a sus tres hijos y la madre de Mary, en la miseria, deciden apostar por una arriesgada aventura comercial. Sorprendentemente, tienen éxito y se vuelven ricos de la noche a la mañana.",O
2490,The IT Crowd,2006-02-03,"Chris O'Dowd, Richard Ayoade, Katherine Parkinson, Matt Berry",Comedia,8.165,/qtxL0ZLAZN1nd0kOpcu8V32bsU4.jpg,"En un desordenado sótano en las entrañas de Industrias Reynholm habitan Roy y Moss, los componentes del Departamento de informática. Víctimas del desprecio y del escarnio de sus compañeros más guays, su mundo de servidores y cortafuegos se ve interrumpido por la llegada de Jen, su nueva jefa, que sabe tanto de ordenadores como un yak.",O
61929,The Jinx,2015-02-08,"Robert Durst, Andrew Jarecki","Documental,Crimen",7.995,/qY3rk9hH6dzgDrIkonxxHBF3rp8.jpg,Miniserie de TV (6 episodios). Trozos de un cádaver son encontrados en la bahía de Texas. Los investigadores siguiendo la pista dan con un millonario de una poderosa familia neoyorquina.,J
199918,The Kids in the Hall,2022-05-12,"Dave Foley, Bruce McCulloch, Kevin McDonald, Mark McKinney, Scott Thompson",Comedia,6.6,/cy5WLoE5QvyWAqOpaAytq70Xyvp.jpg,"El icónico programa canadiense de comedia de sketches regresa con una nueva y emocionante temporada, un nuevo lote de personajes divertidos y excéntricos y queridos favoritos, y sketches que tienen un toque satírico, todo mezclado con la comedia vanguardista y audaz de la que los Niños son sinónimos.",M
63333,The Last Kingdom,2015-10-10,"Alexander Dreymon, Eliza Butterworth, Mark Rowley, Ruby Hartley, James Northcote","Action & Adventure,Drama,War & Politics",8.257,/8eJf0hxgIhE6QSxbtuNCekTddy1.jpg,"La serie está ambientada en el siglo IX donde lo que hoy se conoce como Inglaterra eran varios reinos independientes. Las tierras anglosajonas son atacadas y en muchos casos gobernadas por fuerzas vikingas. El reino de Wessex se ha dejado solo bajo el mando del Rey Alfred el Grande. Uhtred, hijo huérfano de un noble sajón, es secuestrado por los normandos y criado como uno de ellos. Así, es obligado a elegir entre un reino que comparte sus ancestros y la gente a la que es leal.",P
61014,The Knick,2014-08-08,"Clive Owen, Charles Aitken, André Holland, Jeremy Bobb, Juliet Rylance",Drama,7.856,/oeEqDSIVOi6q0GcZj8L9Q6G7fGC.jpg,"Trata sobre la vida de un hospital de Nueva York a principios del siglo XX y narra las innovaciones científicas llevadas a cabo y las relaciones laborales y humanas entre sus empleados. La historia está basada en el Knickerbocker Hospital de Nueva York, que se fundó en 1862 y que cerró sus puertas en 1979. Uno de sus protagonistas, John Thackery, se inspira en la figura de William Stewart Halsted, un innovador médico de principios de siglo.",K H
81290,The Kominsky Method,2018-11-16,"Michael Douglas, Sarah Baker, Nancy Travis, Kathleen Turner","Comedia,Drama",7.5,/vnK8b6bNl1koSthTGbzgMPnh7Ky.jpg,El profesor de interpretación Sandy Kominsky y su mejor amigo Norman Newlander tienen la mejor arma para enfrentarse juntos al hecho de hacerse mayores: el buen humor.,K
79525,The Last Dance,2020-04-19,"Michael Jordan, Scottie Pippen, Dennis Rodman, Phil Jackson, Steve Kerr",Documental,8.276,/oVf4xGGbDtwVHiKn8uTuSriY7PH.jpg,Esta docuserie de 10 episodios repleta de material inédito de la temporada 1997-98 muestra la carrera de Jordan y la trayectoria de los Chicago Bulls en los años 90.,K
63333,The Last Kingdom,2015-10-10,"Alexander Dreymon, Eliza Butterworth, Mark Rowley, Ruby Hartley, James Northcote","Action & Adventure,Drama,War & Politics",8.257,/8eJf0hxgIhE6QSxbtuNCekTddy1.jpg,"La serie está ambientada en el siglo IX donde lo que hoy se conoce como Inglaterra eran varios reinos independientes. Las tierras anglosajonas son atacadas y en muchos casos gobernadas por fuerzas vikingas. El reino de Wessex se ha dejado solo bajo el mando del Rey Alfred el Grande. Uhtred, hijo huérfano de un noble sajón, es secuestrado por los normandos y criado como uno de ellos. Así, es obligado a elegir entre un reino que comparte sus ancestros y la gente a la que es leal.",G K
157021,The Last Movie Stars,2022-07-21,"Paul Newman, Joanne Woodward",Documental,7.0,/9L6AkTv9CDdxqwWICIB4OuLeNdM.jpg,"Una celebración de las carreras icónicas de Paul Newman y Joanne Woodward y su asociación de décadas. El director Ethan Hawke le da vida y color a esta historia definitiva de su amor, vidas y filantropía.",M
100088,The Last of Us,2023-01-15,"Bella Ramsey, Gabriel Luna, Isabela Merced, Young Mazino",Drama,8.404,/dmo6TYuuJgaYinXBPjrgG9mB5od.jpg,"Año 2023, veinte años después del comienzo de una plaga mundial que infectó a población con un hongo mutado transformando a las personas en unas criaturas caníbales, el contrabandista Joel tiene la misión de escoltar a la adolescente Ellie por un mundo postapocalíptico en el nada va a ser fácil para los viajeros. Joel todavía vive atormentado por el recuerdo de su única hija. Ellie es portadora de algo que podría cambiar el destino de la humanidad ¿Conseguirán sobrevivir los dos?",N P
218896,The Law According to Lidia Poët,2023-02-15,"Matilda De Angelis, Eduardo Scarpetta, Pier Luigi Pasino, Sara Lazzaro, Sinead Thornhill","Drama,Crimen,War & Politics",7.4,/nMukXo1oufnu2ehuiFEKFtCZS9T.jpg,"Una joven que aspira a ejercer la abogacía investiga, junto con su hermano letrado y su cuñado periodista, unos asesinatos en la Italia del siglo XIX.",N
99356,The Letter for the King,2020-03-20,"Amir Wilson, Ruby Ashbourne Serkis, Thaddea Graham, Islam Bouakkaz, Jonah Lees","Action & Adventure,Sci-Fi & Fantasy,Familia",6.7,/4Pwp6tqn0bKRQsbisuJ0t5rBub0.jpg,"Narra la aventura de Tiuri, un joven en vísperas de convertirse en caballero, para cumplir una promesa. El chico debe entregar una carta secreta al rey de la que depende el destino de todo el reino.",K
65763,New Looney Tunes,2015-09-21,"Jeff Bergman, Dee Bradley Baker, Bob Bergen, Fred Tatasciore","Animación,Comedia,Familia,Kids",7.0,/AdROLFTm3nSnqcmkhPabqdRuETZ.jpg,"En esta serie, los Looney Tunes dejan el mundo de la sitcom y vuelven a sus raíces cómicas del slapstick. Cada episodio de Wabbit contiene dos cortos, protagonizados por Bugs Bunny. Otros personajes, como Wile E. Coyote y Yosemite Sam, se presentan a molestarlo. Algunos personajes obtienen nuevas características: Wile E. Coyote es, por ejemplo, el vecino sabelotodo mientras que Taz trabaja como empleado en contabilidad, aunque reprime su verdadero yo. Se agregan nuevos personajes que vienen a ser amigos de Bugs, como Dientes la Ardilla y una versión infatil de Pie Grande. De la misma forma, Bugs se enfrenta a nuevos villanos, pero no sin la ayuda de sus amigos.",I
84773,The Lord of the Rings: The Rings of Power,2022-09-01,"Morfydd Clark, Robert Aramayo, Owain Arthur, Sophia Nomvete, Markella Kavenagh","Action & Adventure,Drama,Sci-Fi & Fantasy",7.212,/kf5Hz70tjNAHg4swGDzOr9BfoZ1.jpg,"Un reparto coral de personajes —unos conocidos y otros nuevos— debe afrontar la reaparición del mal en la Tierra Media. Desde las profundidades más oscuras de las Montañas Nubladas hasta los majestuosos bosques de Lindon, desde el reino insular de Númenor hasta los extremos más remotos del mapa, estos parajes y personajes forjarán los legados que perdurarán más allá de su desaparición.",M
273247,The Lowdown,2025-09-23,Ethan Hawke,"Crimen,Drama",6.8,/jgfHT7oLJtBDlRABiTTEp2AEret.jpg,"Un librero en Tulsa (Arizona) se convierte en periodista de investigación para destapar la corrupción local. Cuando sus pesquisas dan con conexiones siniestras, tendrá que proteger tanto a su familia como a la verdad.",P
154916,The Makanai: Cooking for the Maiko House,2023-01-12,"森七菜, 出口夏希, 蒔田彩珠, 松坂慶子, Ai Hashimoto",Drama,7.7,/ec0AIamedofOqJcIymwDVxP5cKQ.jpg,"Dos amigas inseparables se mudan a Kioto para hacer realidad su sueño de convertirse en maiko. Pero, aunque viven bajo el mismo techo, deciden seguir caminos diferentes.",N
62017,The Man in the High Castle,2015-01-15,"Alexa Davalos, Rufus Sewell, Joel de la Fuente, Jason O'Mara, Brennan Brown","Sci-Fi & Fantasy,Drama",7.52,/xhoDZbMNeyCA0BGPZQsdIiO43Dp.jpg,"Adaptación de la novela homónima de Philip K. Dick 'El hombre en el castillo'. Las fuerzas del Eje (Alemania y Japón) ganaron la II Guerra Mundial y ahora Estados Unidos está dividida en tres partes. Joe Blake, un luchador de la resistencia, parte de la Nueva York alemana con un misterioso cargamento hacia la zona neutral de Colorado. Por su parte, en la San Francisco japonesa, Juliana Crane recibe de manos de su hermana unas filmaciones que muestran una realidad alternativa en la que los aliados ganan la guerra.",J
82856,The Mandalorian,2019-11-12,"Pedro Pascal, Katee Sackhoff","Sci-Fi & Fantasy,Action & Adventure",8.401,/sWgBv7LV2PRoQgkxwlibdGXKz1S.jpg,"En el anárquico período tras el hundimiento del Imperio Galáctico, un cazarrecompensas con armadura conocido solo como El Mandaloriano emprende una misión bien remunerada aunque enigmática.",K J
70796,The Marvelous Mrs. Maisel,2017-03-16,"Rachel Brosnahan, Alex Borstein, Michael Zegen, Tony Shalhoub, Marin Hinkle","Comedia,Drama",8.062,/zS7fQiOZiKCVH2vlYSiIsFWW8hh.jpg,"Manhattan, año 1958. Miriam Midge Maisel (Rachel Brosnahan) es una mujer cuya vida como esposa y madre da un giro inesperado cuando descubre un talento desconocido para la comedia. Midge cambiará entonces su cómoda existencia en el Upper West Side para hacer monólogos. Una serie de la creador de 'Las chicas Gilmore'.",K O G
90282,The Morning Show,2019-11-01,"Jennifer Aniston, Reese Witherspoon, Billy Crudup, Mark Duplass, Karen Pittman",Drama,7.694,/y9x2R87yt2U616736NJrP0d56dt.jpg,"Una mirada al interior de la vida de las personas que ayudan a Estados Unidos a despertarse cada mañana, explorando los desafíos únicos que enfrentan los hombres y mujeres que llevan a cabo este ritual televisado diario.",J O
93219,The Movies That Made Us,2019-11-29,,Documental,7.3,/l7p40cVratmPTdWrx4UFjZbANKF.jpg,"Estos taquillazos unieron a una generación y divirtieron a mucha gente. Actores, directores y expertos de la industria que los hicieron realidad hablan sobre ellos.",J
104359,The Mysterious Benedict Society,2021-06-25,"Tony Hale, Kristen Schaal, Mystic Inscho, Seth Carr, Марта Кесслер","Familia,Action & Adventure,Drama",7.6,/1DVum8mKqi1YNwtSpix1kSOV5d4.jpg,"Después de ganar un concurso para obtener becas, el peculiar Sr. Benedict recluta a cuatro huérfanos dotados de poderes para una peligrosa misión cuyo objetivo es salvar al mundo de una crisis global conocida como «La Emergencia». Reynie, Sticky, Kate y Constance deben infiltrarse en el misterioso Instituto L.I.V.E. para descubrir qué se esconde detrás de esa crisis. Todo indica que el director, el sofisticado Dr. Curtain, está detrás de ese estallido de pánico en todo el mundo, así que los niños de La Misteriosa Sociedad Benedict deberán idear un plan para derrotarlo.",J
80828,The Nevers,2021-04-11,"Laura Donnelly, Ann Skelly, Olivia Williams, James Norton, Tom Riley","Sci-Fi & Fantasy,Drama",7.9,/v6Xmj8Fy7ZruVTz3y2Po7O0TQh4.jpg,Un grupo de mujeres durante la época victoriana se ven obligadas a hacer frente a una serie de enemigos que a la postre las sitúan en el camino de completar una misión de vital importancia: cambiar el destino del planeta.,J
88408,The New Pope,2020-01-10,"Jude Law, John Malkovich, Silvio Orlando, Cécile de France, Javier Cámara",Drama,7.623,/eOKPBP8HPtAJowpABksIJw8aaRN.jpg,"Mientras el Papa Pío XIII se cuelga entre la vida y la muerte en coma, el aristócrata inglés moderado encantador y sofisticado Sir John Brannox se coloca en el trono papal y adopta el nombre de Juan Pablo III. Una secuela de 'El joven papa'.",K
129552,The Night Agent,2023-03-23,"Gabriel Basso, Fola Evans-Akingbola, Louis Herthum, Genesis Rodriguez, Albert Jones","Action & Adventure,Drama,Misterio",7.7,/4c5yUNcaff4W4aPrkXE6zr7papX.jpg,"Unidos por una llamada a medianoche, un agente del FBI y una experta en ciberseguridad deben desentrañar una intrincada red de conspiraciones políticas.",N P
61859,The Night Manager,2016-02-21,"Tom Hiddleston, Hugh Laurie, Diego Calva, Camila Morrone, Paul Chahidi","Drama,Misterio,Crimen",7.73,/1MccRnw41qQjREuZkovqP2UX1i3.jpg,"El exsoldado británico Jonathan Pine es reclutado por la agente Burr, de los servicios de inteligencia, para infiltrarse en la red de un traficante de armas internacional liderada por Richard Onslow Roper.",M
862,In the Heat of the Night,1988-03-06,"Carroll O'Connor, Alan Autry, David Hart, Hugh O'Connor, Crystal R. Fox","Crimen,Drama",7.557,/tZ1EH5HiMclbP6DWgIl8D7qETv2.jpg,Sin sinopsis disponible.,M
86941,The North Water,2021-07-14,"Colin Farrell, Jack O'Connell","Drama,Misterio",7.366,/9CM0ca8pX1os3SJ24hsIc0nN8ph.jpg,"Henry Drax es un arponero y asesino brutal cuya amoralidad ha sido moldeada para adaptarse a la dureza de su mundo, que zarpará en una expedición de caza de ballenas al Ártico con Patrick Sumner, un ex cirujano del ejército deshonrado que se inscribe como médico del barco. Con la esperanza de escapar de los horrores de su pasado, Sumner se encuentra en un viaje desafortunado con un psicópata asesino. En busca de la redención, su historia se convierte en una dura lucha por la supervivencia en el páramo ártico.",P
286439,The Not Very Grand Tour,2025-04-18,"James May, Richard Hammond",Reality,6.8,/aKAz1l3x6hYCu2UqBVqiDRhc6Gt.jpg,"Richard y James homenajean el motor de combustión interna con momentos clásicos de El gran tour, como la Santísima Trinidad de los hipercoches, superdeportivos en Detroit, un esprint por la ciudad en un Bugatti, el tanque más loco del mundo y una carrera entre el pasado, el presente y el futuro. Y la casa de Jeremy explota. No es un vídeo sobre motores, pero Richard y James querían verlo de nuevo.",P
111800,The Old Man,2022-06-16,"Jeff Bridges, John Lithgow, Alia Shawkat, Navid Negahban, Jacqueline Antaramian","Action & Adventure,Drama",7.197,/8Ec9zCZl2Go8WhDN1JWjjgQRlEi.jpg,Un antiguo agente de la CIA que vive al margen de la sociedad se encuentra a sí mismo huyendo de gente que quiere matarlo.,M O
136044,The Outlaws,2021-10-25,"Rhianne Barreto, Darren Boyd, Gamba Cole, Jessica Gunning, Clare Perkins","Comedia,Crimen,Drama",7.413,/s8vp0S0iz2nPb7TpOpV0rHbm1er.jpg,"'The Outlaws' sigue a siete desconocidos obligados a cumplir una condena de servicios a la comunidad en Bristol. A medida que sus nuevas y poco probables amistades se cruzan con sus complicadas vidas privadas, los protagonistas deben unirse para proteger a uno de los suyos de la banda criminal más peligrosa de Bristol.",J
16997,The Pacific,2010-03-14,"James Badge Dale, Jon Seda, Joseph Mazzello, Ashton Holmes, Jacob Pitts","Drama,Action & Adventure,War & Politics",7.798,/x9Y1IMFdY8Ma222KcQadFEau0EB.jpg,"Sucesora de 'Hermanos de Sangre', también producida por Steven Spielberg y Tom Hanks, y creada por Dreamworks y HBO, es la serie más cara de todos los tiempos. Se basa sobre todo en las memorias de dos soldados norteamericanos, 'With the Old Breed' de Eugene Sledge y 'Helmet for My Pillow' de Robert Leckie, que narran sus experiencias en la lucha contra los japoneses durante la Segunda Guerra Mundial (1939-1945).",M
88584,The Pentaverate,2022-05-05,"Mike Myers, Ken Jeong, Keegan-Michael Key, Debi Mazar, Richard McCabe",Comedia,5.7,/btGEAXKXYWLiP2cS4ZsddIiT73t.jpg,¿Y si una sociedad secreta que trabaja por el bien común ha estado controlando grandes sucesos mundiales desde la peste negra?,M
131431,The Perfect Mother,2021-08-31,"Julie Gayet, Tomer Sisley, Eden Ducourant, Andreas Pietschmann, Cyril Gueï","Drama,Crimen",6.0,/xruIbLFY3wyM2hW54zrPWHPwUFH.jpg,Una madre convencida de la inocencia de su hija empieza a descubrir inquietantes verdades a medida que la línea que separa a la víctima del verdugo se desdibuja.,M
2543,The Persuaders!,1971-09-17,"Tony Curtis, Roger Moore","Comedia,Action & Adventure,Crimen",7.7,/jDzoUNUwVKIPMaf67wAg4Nby3oo.jpg,"Lord Brett Sinclair, un noble muy elegante y de exquisitos modales, se ve obligado a formar equipo con Danny Wilde, paradigma del hombre que se ha hecho a sí mismo: nacido y criado en las calles del Bronx neoyorkino, llegó a ser un magnate del petróleo. Ambos se encuentran en la cárcel, pero son puestos en libertad por el juez Fulton para que colaboren con él en la resolución de enrevesados casos criminales.",J
316614,The Inspector,1965-12-21,"Pat Harrington Jr., June Foray, Larry Storch, Mark Skor, Hal Smith","Animación,Comedia,Familia",7.2,/zNLBnHJ8X2J22N7aDBIjEdAPMzF.jpg,"El Inspector y su ayudante resuelven casos enfrentándose a misteriosos delincuentes que los involucran en situaciones embarazosas por las que ellos deben atravesar, para luego rendir cuentas frente al malhumorado comisario.",O
250307,The Pitt,2025-01-09,"Noah Wyle, Patrick Ball, Katherine LaNasa, Supriya Ganesh, Fiona Dourif",Drama,8.7,/kvFSpESyBZMjaeOJDx7RS3P1jey.jpg,"The Pitt ofrece una visión realista de los retos a los que se enfrenta el personal sanitario en los Estados Unidos de hoy, visto a través de la lente de los héroes de primera línea que trabajan en un hospital de la actualidad en Pittsburgh, Pensilvania.",P
203592,British Planes That Won the War with Rob Bell,2022-06-10,"Max Hastings, Rob Bell, Kate Williams",Documental,0.0,/bpHSPeVPR0JCYsPlPTZNDcswQeO.jpg,Sin sinopsis disponible.,N
83870,The Plot Against America,2020-03-16,"Winona Ryder, John Turturro, Zoe Kazan, Morgan Spector, Anthony Boyle","Sci-Fi & Fantasy,Drama",6.6,/rC5GUHvKxlk3WPyCh4mQ5q6HDxG.jpg,"Una visión diferente de Estados Unidos contada mediante una familia judía de clase obrera en New Jersey. Ambientada en la época de Charles Lendbergh, un piloto de aviones y populista xenófobo que se asciende a presidente del gobierno con el fin de implantar el fascismo en el país.",J
83127,The Politician,2019-09-27,"Ben Platt, Judith Light, Lucy Boynton, Zoey Deutch, Julia Schlaepfer",Comedia,7.0,/5Bm3rMQAoXSFKAVYMxPYQRyM07U.jpg,Payton es un niño rico que siempre ha tenido clarísimo que va a ser presidente. Pero primero deberá sobrevivir al entorno político más traicionero de todos: el instituto.,K
11174,The Professionals,1977-12-30,"Lewis Collins, Martin Shaw, Gordon Jackson","Action & Adventure,Crimen,Drama",7.6,/dcWbH33uUGk8pKmIgqX3hRkBNeN.jpg,Sin sinopsis disponible.,J
87739,The Queen's Gambit,2020-10-23,"Anya Taylor-Joy, Chloe Pirrie",Drama,8.422,/zU0htwkhNvBQdVSIKB9s6hgVeFK.jpg,"Kentucky, años 50. En el orfanato, una chica descubre que posee un talento extraordinario para el ajedrez mientras intenta superar una adicción.",J
76719,The Rain,2018-05-04,"Alba August, Lucas Lynggaard Tønnesen, Mikkel Boe Følsgaard, Lukas Løkken, Sonny Lindberg","Sci-Fi & Fantasy,Drama",7.213,/qGNfbDHjHN4zDZQlQiByPhU5oAr.jpg,"Seis años después de que un virus aniquilara a casi toda la población escandinava, dos hermanos se unen a un grupo de supervivientes en busca de protección y respuestas.",M K
206829,The Regime,2024-03-03,"Kate Winslet, Matthias Schoenaerts, Guillaume Gallienne, Andrea Riseborough, Danny Webb","Drama,Comedia",6.088,/ztqPixNyezY6pWSNIP2AlhwPMO0.jpg,La historia de un año dentro de los muros del palacio de un régimen europeo moderno que empieza a desmoronarse.,O
204284,The Rehearsal,2022-07-15,Nathan Fielder,"Comedia,Documental",7.977,/mIevNYxovnH4sR22qkUmAgS5vdv.jpg,"Nathan Fielder regresa a la televisión en una nueva serie que explora hasta dónde llegará un hombre para reducir las incertidumbres de la vida cotidiana. Con un equipo de construcción, una legión de actores y recursos aparentemente ilimitados, Fielder permite que la gente común se prepare para los momentos más importantes de la vida 'ensayándolos' en simulaciones cuidadosamente diseñadas por él mismo. Cuando un solo paso en falso podría destrozar todo tu mundo, ¿por qué dejar la vida al azar?",M
137735,The Reluctant Traveller with Eugene Levy,2023-02-24,Eugene Levy,Documental,7.5,/bcwuOg24gPxnOOpTAr6xw8epDZg.jpg,"Eugene Levy, actor laureado y explorador nervioso, sale de su zona de confort para hacer viajes relámpago a los destinos más hermosos e interesantes del mundo.",O
155346,The Responder,2022-01-24,"Martin Freeman, Adelayo Adedayo, Emily Fairn, Romi Hyland-Rylands, Josh Finan","Drama,Crimen",6.989,/mU51EB4OSEL7oxMIub1Rl7N0xFB.jpg,"Chris es un comprometido agente de policía de emergencias que afronta turnos de noche en las calles más peligrosas de Liverpool. Noche tras noche se enfrenta a la delincuencia, la violencia y la adicción, mientras lucha contra los demonios personales que amenazan con desestabilizar su trabajo, su matrimonio y su salud mental. Mientras intenta mantenerse a flote tanto personal como profesionalmente, Chris se ve obligado a trabajar con una nueva compañera novata, Rachel. Ambos pronto descubren que la supervivencia en este implacable mundo nocturno dependerá de que se ayuden o se destruyan mutuamente.",M
82782,The Righteous Gemstones,2019-08-18,"Danny McBride, Adam Devine, Edi Patterson, John Goodman, Cassidy Freeman","Comedia,Drama",7.508,/bKb54fgtMrS54VMMl8KdDIFlG3g.jpg,"Danny McBride vuelve a HBO con una nueva comedia centrada en una famosa familia de telepredicadores con una larga tradición de anormalidad, avaricia y trabajos benéficos en nombre del Señor.",O
4333,The Saint,1962-10-04,Roger Moore,"Action & Adventure,Crimen,Drama,Misterio",7.4,/zwNVpAJkE4Gu1jv922IH7GOQlen.jpg,"Simon Templar es un hombre rico, apuesto, sofisticado y culto que decide transformarse en un Robin Hood moderno y luchar sin tregua en favor de los débiles, aunque, a veces, para hacer triunfar la justicia tiene que emplear métodos poco ortodoxos que ponen en dificultades a la policía. Su tarjeta de visita, una especie de monigote con una aureola, pronto se convierte en un símbolo reconocido no sólo por la policía sino por toda la sociedad.",M
118189,The Serpent Queen,2022-09-11,"Samantha Morton, Amrita Acharya, Barry Atsma, Enzo Cilenti, Nicholas Burns",Drama,7.4,/qrpIpzbwoAZJTegfKSTlmz15jbf.jpg,"'The Serpent Queen' cuenta la historia de Catalina de Médici que, contra todo pronóstico, se convirtió en una de las gobernantes más poderosas y longevas de la historia de Francia. La historia de Catalina se desarrolla a través de flashbacks mientras defiende sus acciones e imparte las lecciones que ha enseñado a su nueva sirvienta, Rahima.",N O
1398,The Sopranos,1999-01-10,"James Gandolfini, Edie Falco, Jamie-Lynn Sigler, Robert Iler, Lorraine Bracco","Crimen,Drama",8.676,/rTc7ZXdroqjkKivFPvCPX0Ru7uw.jpg,"Los Soprano (The Sopranos) es una serie de televisión estadounidense creada y producida por David Chase. La serie se estrenó en Estados Unidos el 10 de enero de 1999 por el canal de televisión por cable HBO, que la emitió ininterrumpidamente hasta su desenlace, el 10 de junio de 2007. La trama de la serie gira en torno al mafioso de Nueva Jersey Tony Soprano (James Gandolfini) y las dificultades que enfrenta tanto en su hogar como en la organización criminal que dirige. A su vez, la serie también se centra en la historia de los personajes cercanos a Tony, especialmente su esposa Carmela (Edie Falco) y su sobrino y protegido Christopher Moltisanti (Michael Imperioli).",I
91725,The Spy,2019-09-06,"Sacha Baron Cohen, Noah Emmerich, Hadar Ratzon Rotem, Alexander Siddig, Waleed Zuaiter",Drama,7.4,/bCGC6cAEKzm45J7SPsApAnp9mNx.jpg,"El espía, cuenta la vida real de Eli Cohen, un conocido exagente del Mossad que logró infiltrarse en Siria y cambiar el curso de la historia de Israel.",J
122196,The Staircase,2022-05-05,"Colin Firth, Toni Collette, Michael Stuhlbarg, Dane DeHaan, Olivia DeJonge","Drama,Crimen",7.0,/jiAcdCyf1UbWYBImcNtVeLW0pRj.jpg,"Basada en una historia real, The Staircase explora la vida de Michael Peterson, su familia de Carolina del Norte y la sospechosa muerte de su esposa, Kathleen Peterson.",M
247767,The Studio,2025-03-25,"Seth Rogen, Catherine O'Hara, Ike Barinholtz, Chase Sui Wonders, Kathryn Hahn","Comedia,Drama",7.772,/2c6ofLTa5CRfeQjVA1bWiYBdxQN.jpg,"Desesperados por gustar a las celebrities, el nuevo director de un estudio de cine y su equipo buscan el equilibro entre las exigencias corporativas y las aspiraciones creativas para poder seguir haciendo pelis atractivas.",P
113647,The Surgeon's Cut,2020-12-09,,Documental,7.6,/eJSZFh7MgG57fwX5m5DjrE4TIL2.jpg,"Son filósofos, narradores de historias y pioneros en sus campos. Cuatro cirujanos reflexionan sobre sus vidas y profesiones en esta estimulante docuserie.",J
129398,The Sympathizer,2024-04-14,"Hoa Xuande, Robert Downey Jr., Toan Le, Fred Nguyen Khan, Duy Nguyen","Drama,War & Politics",6.87,/zAxObqiOEooIuQtH338b8zOaFEu.jpg,"Un thriller de espionaje y una sátira intercultural sobre las luchas de un espía comunista mitad francés, mitad vietnamita durante los últimos días de la Guerra de Vietnam y su exilio resultante en los Estados Unidos.",O
120911,The Terminal List,2022-06-30,Chris Pratt,"Action & Adventure,Drama",7.957,/xyFAzP7RKK8cARCSalIZ9A9T0jV.jpg,"El comandante James Reece quiere venganza, mientras investiga las misteriosas fuerzas que hay tras la muerte de todo su pelotón. Ya lejos de la estructura jerárquica del ejército, Reece aplica las lecciones que aprendió durante casi dos décadas de guerra para cazar a los responsables.",M
219760,The Terminal List: Dark Wolf,2025-08-27,"Taylor Kitsch, Tom Hopper","Action & Adventure,Drama",7.659,/9mYeRoWguq5etbwJRdF8BXFKiF.jpg,"Antes de La lista final, el SEAL Ben Edwards se ve involucrado en una operación secreta de la CIA. Cuanto Ben más se adentre en situaciones donde no todo es blanco o negro, más difícil le resultará domar sus impulsos más oscuros. Todos tenemos dos lobos en nuestro interior, uno blanco y otro negro, que luchan por el control. ¿A cuál de los dos lobos alimentará Ben Edwards?",P
75191,The Terror,2018-03-26,"Derek Mio, Cristina Rodlo, Kiki Sukezane, Shingo Usami, Naoko Mori","Misterio,Drama,Sci-Fi & Fantasy",7.361,/fUVn5mScv83FfwrRUUR694yA7bd.jpg,"Esta propuesta es una antología compuesta por 2 miniseries unitarias e independientes, donde cada temporada explora una atrapante historia de suspense, supervivencia y terror psicológico. Temporada 1: En 1847, una expedición de la Marina Real británica queda atrapada en el Ártico mientras busca el Paso del Noroeste, convirtiéndose en la presa de un misterioso y letal depredador. Temporada 2: Ambientada en la Segunda Guerra Mundial, sigue a un joven de una comunidad japonesa en EE. UU. que lucha por comprender y combatir a una entidad malévola que desata el terror a su alrededor.",J
120909,The Tourist,2022-01-01,"Jamie Dornan, Danielle Macdonald, Olwen Fouéré, Greg Larsen, Victoria Haralabidou","Misterio,Drama",6.796,/3jLF76FYBh5YHb4n1mQz1ayjDD4.jpg,"Cuando un hombre se despierta en el interior de Australia sin memoria, debe usar las pocas pistas que tiene para descubrir su identidad antes de que su pasado lo alcance.",O
75006,The Umbrella Academy,2019-02-15,"Aidan Gallagher, Elliot Page, Tom Hopper, Emmy Raver-Lampman, Robert Sheehan","Action & Adventure,Sci-Fi & Fantasy,Drama",8.453,/qhcwrnnCnN8NE1N6XXKHFmveJR9.jpg,La muerte de su padre reúne a unos hermanos distanciados y con extraordinarios poderes que descubren secretos familiares impactantes y una amenaza que se cierne sobre la humanidad.,M K O
80039,The Underground Railroad,2021-05-13,"Thuso Mbedu, Chase W. Dillon, Joel Edgerton","Drama,Sci-Fi & Fantasy",7.2,/CrrTqw7LHafnbdH9UcK60aOZSm.jpg,"La serie narra la historia de Cora, una joven esclava de una plantación de algodón en Georgia. Abandonada por su madre, vive sometida a la crueldad de sus amos. Cuando César, un joven de Virginia, le habla del ferrocarril subterráneo, ambos deciden iniciar una arriesgada huida hacia el Norte para conseguir la libertad.",J
132316,The Unlikely Murderer,2021-11-05,"Robert Gustafsson, Mikael Persbrandt, Eva Melander, Björn Bengtsson, Peter Viitanen",Drama,6.7,/qgfEcJz4clFcDRqIzjsFtfGvsOa.jpg,"Esta serie dramatiza cómo un hombre que afirmó ser testigo del asesinato de Olof Palme, el primer ministro sueco, podría haberle matado y escapado con total impunidad.",J
207334,The Veil,2024-04-30,"Elisabeth Moss, Yumna Marwan, Dali Benssalah, Thibault de Montalembert, Josh Charles","Drama,Crimen",6.533,/6aM5Lyp3zUtPyc0WVofES6UrV06.jpg,"Un thriller de espías internacionales que narra la peculiar y peligrosa relación entre dos mujeres que juegan al letal juego de verdades y mentiras en el trayecto desde Estambul hasta París y Londres. Entre las sombras, la CIA y la DGSE colaboran para impedir un potencial desastre.",O
46434,The Vietnam War,2017-09-17,Peter Coyote,"Documental,War & Politics",8.2,/tKt4lYTA4YmfBUH5Vtd7qqgqGBW.jpg,"Una narrativa envolvente que cuenta la historia épica de la guerra de Vietnam como nunca antes se había contado en una película. Con el testimonio de casi 80 testigos, incluidos muchos estadounidenses que lucharon en la guerra y otros que se opusieron, así como combatientes vietnamitas y civiles de ambos lados.",O
1402,The Walking Dead,2010-10-31,"Lauren Cohan, Norman Reedus, Jeffrey Dean Morgan, Melissa McBride, Christian Serratos","Action & Adventure,Drama,Sci-Fi & Fantasy",8.08,/ng3cMtxYKt1OSQYqFlnKWnVsqNO.jpg,El oficial Rick Grimes se despierta del coma para descubrir que el mundo está en ruinas y debe guiar a un grupo de sobrevivientes para permanecer con vida.,K
98010,The Way Way Down,2016-04-06,"John Wes Lewis, Sonia Pape, Brynn Chamblee, Javy Barahona, Walker Dixon",,0.0,/qg6ajvbRBI7chn32Y0sowgtv1BL.jpg,Sin sinopsis disponible.,J
71914,The Wheel of Time,2021-11-18,"Rosamund Pike, Daniel Henney, Josha Stradowski, Zoë Robins, Madeleine Madden","Sci-Fi & Fantasy,Drama",7.6,/ihBi24EIr5kwAeY2PqmsgAcCj4n.jpg,"Ambientada en un mundo de fantasía donde la magia existe, pero solo unos pocos pueden acceder a ella, una mujer llamada Moiraine conoce a cinco hombres y mujeres jóvenes. Esto inicia un viaje peligroso por todo el mundo.",J O
111803,The White Lotus,2021-07-11,"Leslie Bibb, Carrie Coon, Walton Goggins, Sarah Catherine Hook, Jason Isaacs","Comedia,Drama,Misterio",7.595,/gbSaK9v1CbcYH1ISgbM7XObD2dW.jpg,Ingeniosa sátira social que sigue las andanzas de diferentes empleados y huéspedes de un exclusivo resort a lo largo de una semana de lo más transformativa.,J P
99737,The Winter King,2023-12-21,"Iain De Caestecker, Stuart Campbell, Ellie James, Steven Elder, Valene Kane","Action & Adventure,Drama,Sci-Fi & Fantasy",6.6,/fYx5q9hPAmbDrWzsYUDhxZJnigC.jpg,"Siglo V. Décadas de brutales guerras entre las tribus han dejado a Britania dividida en varios territorios enfrentados, donde las vidas son fugaces y la violencia es la norma. Las tensiones se acentúan entre paganos y cristianos, y el rey supremo, Uther Pendragón, lucha de forma errada por unir a todas las facciones para hacer frente a la peor amenaza: los sajones. Sus esperanzas residen en alianzas inestables con pueblos traicioneros, así como en su nuevo heredero: el recién nacido príncipe Mordred. Pero, según los presagios de Merlín, el niño podría traer consigo la ruina del reino. Es entonces cuando Merlín desafía al monarca y decide ir en busca de Arturo, su hijo bastardo desterrado ocho años atrás y el único capaz de unificar bajo su mando a las tribus contra los sajones.",O
1438,The Wire,2002-06-02,"Dominic West, Lance Reddick, Sonja Sohn, Wendell Pierce, Michael Kenneth Williams","Crimen,Drama",8.639,/4lbclFySvugI51fwsyxBTOm4DqK.jpg,"The Wire (Bajo escucha) es una aclamada serie de televisión creada por David Simon que retrata de forma realista y cruda el narcotráfico, la policía y la sociedad de la ciudad de Baltimore.",M K N
71912,The Witcher,2019-12-20,"Liam Hemsworth, Anya Chalotra, Freya Allan, Joey Batey, Eamon Farren","Sci-Fi & Fantasy,Drama,Action & Adventure",7.888,/AoGsDM02UVt0npBA8OvpDcZbaMi.jpg,"Geralt, un brujo que se dedica a cazar monstruos genéticamente modificados, busca su lugar en un mundo donde a menudo los humanos demuestran ser peores que las bestias.",M K O P
92807,The World According to Jeff Goldblum,2019-11-12,Jeff Goldblum,Documental,6.6,/vvdsYCsCPeyBWqIMIwsVXiZISrU.jpg,"En El mundo según Jeff Goldblum, Jeff nos acompaña en una aventura entretenida, alegre y perspicaz. En cada uno de estos 12 episodios, Jeff Goldblum tira del hilo de un objeto sorprendentemente familiar para descubrir un mundo de conexiones sorprendentes y de ciencia e historia fascinantes. Zapatillas deportivas, helado, café, cosmética y muchas otras cosas, Jeff nos enseñará cómo hasta el objeto más sencillo tiene un trasfondo increíble y a veces enigmático. Visto con su curiosidad e inteligencia, nada es lo que parece. Estas 'maravillas modernas' son tan comunes que a veces damos por sentada su existencia... pero Jeff Goldblum no.",J
62699,The Young Pope,2016-10-21,"Jude Law, Diane Keaton, Silvio Orlando, Javier Cámara, Scott Shepherd",Drama,7.694,/iaGH4pRNRFo7dTkvHmWJ9C4uPLM.jpg,"El cónclave acaba de elegir a Lenny Belardo nuevo Papa de la Santa Iglesia Romana. Un Papa bastante atípico: no sólo por su edad o porque es el primer italoamericano en alzarse con el trono de Pedro, sino también por sus ideas reaccionarias, muy próximas al oscurantismo, que Lenny impone a la fuerza desde las primeras semanas de su papado. Estas ideas podrían cambiar drásticamente la imagen de una de las instituciones más antiguas que existen. Pero Lenny es también un hombre frágil, atormentado por su pasado y por una relación con la fe extremadamente problemática.",M
154359,This Is Going to Hurt,2022-02-08,"Ben Whishaw, Ambika Mod, Rory Fleck-Byrne, Michele Austin, Alex Jennings","Comedia,Drama",7.7,/pzr43c48eKRTfHCkspWia2J35Fw.jpg,"Esta divertida, cruda y por momentos desgarradora comedia se sumerge en el frenético día a día de un médico residente del ala de obstetricia y ginecología de un hospital. Semanas de 97 horas, disponibilidad 24/7, decisiones de vida o muerte y un tsunami diario de fluidos corporales compensados por unos ingresos inferiores a los de un parquímetro. Adam dobla turnos, se enfrenta a diagnósticos surrealistas, batalla contra la constante burocracia, carga con responsabilidades que no le competen y trata de sobrevivir al pánico de equivocarse, mientras su vida personal empieza a desmoronarse inevitablemente.",M
218589,Those About to Die,2024-07-18,"Anthony Hopkins, Tom Hughes, Jojo Macari, Iwan Rheon, Gabriella Pession",Drama,7.375,/gvz0m4MJ8sAj6yMcQdwN07bNjRY.jpg,"Roma, 79 a. C. El pueblo, aburrido, inquieto y cada vez más violento, se ve contenido por dos cosas: comida gratis y espectáculos para su entretenimiento. Cuando las masas empiezan a hastiarse y a pedir sangre, se erige un estadio diseñado para celebrar combates de gladiadores: el coliseo. Bajo él trabajan y viven miles de personas, y entre ellas se cuentan millares que morirán por los juegos.",O
891,Thunderbirds,1965-09-30,"Peter Dyneley, Shane Rimmer, Jeremy Wilkin, Matt Zimmerman, David Graham","Familia,Action & Adventure,Animación,Sci-Fi & Fantasy",7.634,/eB9m5com4DBlj8iY1Iwo2OmfDg2.jpg,"Thunderbirds es una serie de televisión británica de ciencia ficción de la década de 1960 que se produjo utilizando un método mixto de títeres de marionetas y efectos especiales de modelos a escala denominados 'Supermarionation'. La serie se desarrolla en el siglo XXI y sigue las hazañas de International Rescue, una organización secreta formada para salvar a las personas en peligro mortal con la ayuda de vehículos y equipos terrestres, marítimos, aéreos y espaciales tecnológicamente avanzados, lanzados desde una base oculta en Tracy Isla en el Océano Pacífico Sur.",O
114924,Time Bandits,2024-07-23,"Lisa Kudrow, Kal-El Tuck, Tadhg Murphy, Roger Jean Nsengiyumva, Rune Temte","Sci-Fi & Fantasy,Action & Adventure,Comedia",6.206,/ahnTuygdAbjXvLKzLQlK2txosMX.jpg,"La pasión de Kevin, de once años, por la historia se verá puesta a prueba al unirse a un grupo muy diverso de ladrones que viajan en el tiempo en una arriesgada y desternillante aventura.",O
256027,Titanes en el ring,1962-03-03,"Rodolfo Di Sarli, Jorge Bocacci, Demetrio Garcilazo, Paulo Giardina, Miguel Angel Petri",Action & Adventure,9.0,/jvJjl3z8OfzJDqeV8ToJKCj0kAY.jpg,"Titanes en el ring es un programa de televisión argentino dedicado al espectáculo de lucha libre, creado y dirigido por Martín Karadagián.",K
73375,Tom Clancy's Jack Ryan,2018-08-30,"John Krasinski, Wendell Pierce, Abbie Cornish, Okieriete Onaodowan, Louis Ozawa","Action & Adventure,Drama",7.679,/cO4py3L3q5GNPrA0qr1wVDrosK1.jpg,"Cuando el analista de la CIA, Jack Ryan, se tropieza con una serie de transferencias bancarias sospechosas, su búsqueda de respuestas lo saca de la seguridad de su escritorio y lo catapulta hacia un juego mortal del gato y el ratón por toda Europa y Oriente Medio, donde se encuentra a un terrorista que prepara un ataque masivo contra Estados Unidos y sus aliados.",J N O
225335,Tour de France: Unchained,2023-06-08,Jonathan Vaughters,Documental,8.236,/2xrm5AmCslfGQ8gcS3CxbP9C4MU.jpg,Esta serie sigue las penas y las alegrías de varios equipos de ciclistas que compiten en la edición de 2022 de la carrera más exigente del mundo.,O P
61406,Transparent,2014-09-26,"Gaby Hoffmann, Amy Landecker, Judith Light, Jay Duplass","Comedia,Drama",6.4,/mrLzehvZpm5osA4MlMR41gYayWZ.jpg,Una familia de Los Ángeles con graves problemas de límites ve su pasado y su futuro desmoronarse cuando una confesión dramática hace que los secretos de todos salgan a la luz.,J
17967,Treme,2010-04-11,"Khandi Alexander, Rob Brown, Chris Coy, Kim Dickens, India Ennenga",Drama,7.658,/k4pV1FUccFmmbz9DwUON7KWT0gi.jpg,"Tremé es un vecindario de la ciudad de Nueva Orleans. La serie comienza tres meses después del Huracán Katrina donde los residentes de Nueva Orleans, incluyendo músicos, chefs, indios del Mardi Gras y ciudadanos corrientes tratarán de reconstruir sus vidas, sus casas y su singular cultura en una ciudad castigada por las secuelas del Katrina.1 En palabras del propio Simon 'de lo que de verdad habla Treme es de la importancia de la cultura en la vida de una ciudad americana, quizá la más especial de todo el país como es Nueva Orleans'.",J N
46648,True Detective,2014-01-12,"Jodie Foster, Kali Reis, Fiona Shaw, Finn Bennett, Isabella Star LaBlanc","Drama,Misterio",8.288,/zYqVTiHK5ZajYcNzAW7qWte5NWS.jpg,"En Luisiana, en 1995, dos detectives investigan el atroz asesinato de una joven que fue sometida a un ritual pagano. En el año 2012, unos policías interrogan a estos dos detectives, dado que sospechan que el asesino de 1995 ha regresado.",O G
98177,Trying,2020-05-01,"Rafe Spall, Esther Smith, Scarlett Rayner, Cooper Turner",Comedia,7.6,/3zsnWBpxBWpcvmFP7ueHM5sGC80.jpg,"Ante la imposibilidad de tener un bebé, Nikki y Jason se embarcan en la aventura de la adopción para cumplir su sueño. Con sus vidas caóticas, amigos atípicos y familias excéntricas, ¿conseguirán formar la familia que tanto desean?",M
153312,Tulsa King,2022-11-13,"Sylvester Stallone, Martin Starr, Jay Will, Vincent Piazza, Annabella Sciorra","Crimen,Drama,Comedia",8.303,/rOYLWCdAifpUtPlTf1WHxyaxeMt.jpg,"Justo después de ser liberado de prisión después de 25 años, el capo de la mafia de Nueva York, Dwight 'El General' Manfredi, es exiliado sin contemplaciones por su jefe para instalarse en Tulsa, Oklahoma. Al darse cuenta de que su familia de la mafia puede no tener sus mejores intereses en mente, Dwight construye lentamente una 'tripulación' a partir de un grupo de personajes inverosímiles, para ayudarlo a establecer un nuevo imperio criminal en un lugar que para él bien podría ser otro planeta.",N
77396,Ultraseven,1967-10-01,"森次晃嗣, 中山昭二, 毒蝮三太夫, ひし美ゆり子, 阿知波信介","Action & Adventure,Sci-Fi & Fantasy,Familia",7.9,/566ztCukP92bnYzzvAUObXo8oSW.jpg,"La Tierra se encuentra bajo un ataque alienígena y la Fuerza de Defensa Terrestre establece la Ultra Guardia para defenderla, un equipo élite con vehículos de alta tecnología y armamento, apoyado por Dan Moroboshi, quien es en realidad Ultra7.",J
73700,A Rooster for Esculapio,2017-08-15,"Andrea Rincón, Luis Luque, Julieta Ortega, Ariel Staltari, Peter Lanzani","Drama,Misterio",7.0,/en9LmgDdmyQEGFtwyOUAT7W03gc.jpg,"Nelson, un muchacho humilde, viaja desde el interior trayéndole un gallo de riña a su hermano. Al no poder encontrarse con él, emprende su búsqueda por el difícil escenario del conurbano bonaerense. Siguiendo las pistas sobre su paradero, se vincula con Chelo, gallero y jefe de una banda de piratas del asfalto. Pronto comenzará a sospechar que este personaje está vinculado con la desaparición. Decidido a descubrir qué pasó con su hermano, el joven se infiltra en la banda de Chelo y en el entorno del desaparecido. El estallido de una violenta guerra entre bandas rivales modificará todo el panorama para Nelson, y así su camino de descubrimiento se convertirá en el principio de un nuevo viaje que lo cambiará para siempre.",K
91275,Unbelievable,2019-09-13,"Kaitlyn Dever, Toni Collette, Merritt Wever","Drama,Crimen",7.9,/jHOrNJNM03Lsjdw7nsw7TlqBOhd.jpg,"Cuando una joven es acusada de mentir sobre una violación, dos inspectoras investigan una serie de espeluznantes ataques similares.",K
201380,Uncoupled,2022-07-29,"Neil Patrick Harris, Tisha Campbell, Emerson Brooks, Brooks Ashmanskas, Elizabeth Piper S.",Comedia,6.5,/ckwIGJghs2AuUcjyhByRlXNMBYZ.jpg,"Un agente inmobiliario de Nueva York no da crédito cuando su novio de siempre se va de casa. Ahora, se enfrenta a la idea de volver a empezar (y a ligar) a los cuarenta.",M
99581,Unorthodox,2020-03-26,"Shira Haas, עמית רהב, Jeff Wilbusch, Alex Reid, Delia Mayer",Drama,7.711,/mdH0FbD328BIann1TPVwsPdCi0G.jpg,Una judía jasídica de Brooklyn huye a Berlín para escapar de un matrimonio concertado y es acogida por un grupo de músicos. Pero el pasado acaba por dar con ella.,K
85549,Success,2019-01-06,"Uliks Fehmiu, Iva Mihalić, Marija Škaričić, Tara Thaller, Filip Mayer","Drama,Crimen",6.6,/hubkYnikJDmlCZCQuQN1oCqqPUF.jpg,"Success sigue a cuatro extraños desgastados por el día a día de la vida en la ciudad cuyas historias se entrelazan tras un violento incidente. Cuando las consecuencias de sus acciones empiezan a afectar todos los ámbitos de sus vidas, el diverso grupo decide contraatacar.",K
120349,Welcome to Utmark,2021-04-18,"Rozafa Celaj, May-Linda Kosumovic, Marie Blokhus, Alma Günther, Stig Henrik Hoff","Comedia,Drama",7.2,/3GvPWqmJIncIeYS2SHk4lWRpCFe.jpg,"Todo el mundo conoce a todo el mundo en este rincón apartado al norte del norte. Pero los elementos en Utmark son extraños y salvajes, y a los extranjeros no siempre les va bien. Cuando una nueva y optimista maestra se muda al pueblo, llega con la esperanza de empezar de nuevo, pero pronto se dará cuenta de que la única persona que se comporta de forma remotamente madura en este pueblo es una niña de 12 años. Siguiendo a los fascinantes personajes que viven en Utmark, la serie trata sobre encontrar nuestro propio lugar, ya sea después de que tu pareja te abandone, intentando madurar, salir adelante tras la muerte de un ser querido o simplemente conseguir sacar el alma de tu marido muerto de tu propio cuerpo por medio de un exorcismo. Una serie sobre aceptar las curvas que trae la vida y que toca aspectos que nos hacen humanos: el amor, la muerte y el travestismo.",J
46511,Utopia,2013-01-15,"Adeel Akhtar, Paul Higgins, Neil Maskell, Fiona O'Shaughnessy, Alexandra Roach","Misterio,Drama,Comedia,Sci-Fi & Fantasy,Action & Adventure",7.932,/snOU6W5CU7aGVSVu29wBWzdzNzi.jpg,"En un foro de internet que reúne a los amantes de los cómics, cinco usuarios se ponen de acuerdo para conocerse. Se han hecho con el manuscrito original de una novela gráfica de culto: ‘The Utopia Experiments’. Se dice que el autor, un maníacodepresivo, conoce los secretos de las catástrofes más terribles del planeta. Muy pronto el grupo empieza a ser perseguido por una oscura organización llamada La Red (The Network) que pretende apoderarse del manuscrito.",J
224428,Vamos Juan,2020-03-29,"Javier Cámara, María Pujalte, Linsay Rousseau, Adam Jezierski, Estíbaliz Quesada Ruiz",Comedia,5.7,/fnXxbE5YXS4WDfAqLEWayFQmcU0.jpg,"Secuela de la popular serie 'Vota Juan', ambientada dos años después de que Juan Carrasco, anterior ministro de agricultura, llegara a las cimas del poder.",J
2947,Veep,2012-04-22,"Julia Louis-Dreyfus, Anna Chlumsky, Tony Hale, Reid Scott, Timothy Simons","Comedia,War & Politics",7.5,/cdd78fGdaA3EbK2ToZRWcaaB1fx.jpg,"La senadora Selina Meyer es ascendida inesperadamente a vicepresidenta de los Estados Unidos. Al asumir el cargo, se da cuenta de lo poco preparada que está para desempeñarlo. Para ayudarla en ese trabajo, Selina cuenta con la ayuda de sus asesores: Anna, jefa de gabinete y mujer de confianza, pero muy insegura, Gary, ayudante de Selina, y Mike McClintock, su portavoz.",H
132013,"Vendetta: Truth, Lies and the Mafia",2021-09-24,"Silvana Saguto, Pino Maniaci",Documental,6.9,/91A5GVW13g4SctllYK5SCBP3ajP.jpg,Sicilia se jacta de una coalición antimafia audaz. Pero ¿qué sucede cuando los que tratan de desbaratar el crimen organizado también son enjuiciados?,J
100834,Veneno,2020-03-29,"Lola Rodríguez, Isabel Torres, Daniela Santiago, Jedet, Paca la Piraña",Drama,8.414,/cXVbEJ88JmIkibl84F80irRVe6.jpg,"Adorada por su carisma y su forma de expresarse libre, deslenguada y divertida, la Veneno alcanzó la popularidad gracias a sus apariciones televisivas en los años noventa. Sin embargo, su vida, y sobre todo su muerte, siguen siendo un enigma. La historia de una mujer luchadora.",N
324261,Venga Juan,,,,0.0,,"Continuación de 'Vota Juan' (2019) y 'Vamos Juan' (2020) que sigue al político Juan Carrasco. En esta tercera entrega, Juan ha llegado al pico más alto de su carrera. Gracias a las puertas giratorias, tiene un despacho espectacular, ha adelgazado diez kilos y, sobre todo, tiene pelo. En la nueva vida de Juan hay espacio para muchas cosas, pero no para su mujer Paula, su hija Eva y su antigua jefa de prensa, Macarena. Todo se viene abajo cuando reaparece en su vida lo único de lo que nadie se puede librar nunca: Logroño. Unos papeles que involucran a Juan en una trama de corrupción municipal marcan el pistoletazo de salida para evitar su ingreso en prisión. Una huida frenética para borrar su pasado en Logroño... y, en el camino, darse cuenta de que lo que falla es su presente.",J
67419,Victoria,2016-08-28,"Jenna Coleman, Tom Hughes, Nell Hudson, Ferdinand Kingsley, Adrian Schiller",Drama,7.384,/wtu2oxkUuP8bQu8YY7slIlvvvpX.jpg,"La vida de la joven Victoria se transforma completamente cuando se convierte en reina de Inglaterra. Una adolescente que tuvo que aprender a gobernar bajo la mirada y el juicio de toda la opinión pública británica. Las luchas de poder y las relaciones personales en el entorno de las altas esferas de la familia real forjarán la personalidad de una nueva reina: una mujer fuerte, compleja y obstinada que debe, de alguna manera, convertirse en un icono mundial.",O
126167,Vigil,2021-08-29,"Suranne Jones, Rose Leslie, Gary Lewis, თორნიკე გოგრიჭიანი","Drama,Crimen",7.211,/5zAheY0Upi2MwU3edGtEgb7Ldh3.jpg,"La brillante y frágil detective Amy Silva (Suranne Jones) es enviada al submarino HMS Vigil para investigar la misteriosa muerte de uno de sus tripulantes. Cuando la escotilla se cierra encima de su cabeza, la realidad que encuentra es muy distinta a lo esperado. Dentro del submarino el secretismo, las jerarquías y el claustrofóbico escenario complican la investigación, y la tripulación se muestra reacia a colaborar. Mientras tanto, en tierra, su compañera y confidente Kirsten Longacre (Rose Leslie) hace sus propias indagaciones. El caso pronto trasciende las paredes del submarino y desvela una conspiración que amenaza el corazón mismo de la seguridad nacional británica.",J O
44217,Vikings,2013-03-03,"Alex Høgh Andersen, Jordan Patrick Smith, Marco Ilsø, Peter Franzén, Georgia Hirst","Action & Adventure,Drama,War & Politics",8.102,/bQLrHIRNEkE3PdIWQrZHynQZazu.jpg,"Sigue las aventuras de Ragnar Lothbrok, el héroe más grande de su época. La serie narra las sagas de la banda de hermanos vikingos de Ragnar y su familia, cuando él se levanta para convertirse en el rey de las tribus vikingas. Además de ser un guerrero valiente, Ragnar encarna las tradiciones nórdicas de la devoción a los dioses, la leyenda dice que él era un descendiente directo de Odín, el dios de la guerra y los guerreros.",M G
116135,Vikings: Valhalla,2022-02-25,"Sam Corlett, Frida Gustavsson, Leo Suter, Laura Berlin, David Oakes","Action & Adventure,Drama,War & Politics",7.613,/uCr7Ov7Rpzx0c0EPqbPcoEruTYl.jpg,"Secuela de 'Vikingos' ambientada 100 años después y centrada en las aventuras de Leif Erikson, Freydis, Harald Hardrada y el rey normando Guillermo el Conquistador.",N O
63535,Vinyl,2016-02-14,"Bobby Cannavale, Olivia Wilde, Ray Romano, Ato Essandoh, Max Casella",Drama,7.0,/t8RbNsFIvqHxwAEvgn2WXmJK8TL.jpg,"Un viaje a través de la industria de la música, en una Nueva York en los 70 espoleada por la droga y el sexo. En pleno amanecer del punk, el hip hop y la música disco, Richie Finestra, presidente de un gran sello discográfico, intenta salvar su compañía y su alma sin destruir a nadie en su camino. Serie producida por Martin Scorsese y Mick Jagger, entre otros.",H
135794,Vita da Carlo,2021-11-05,"Carlo Verdone, Max Tortora, Alessandro Haber, Monica Guerritore, Andrea Pennacchi",Comedia,6.7,/pVoAM7TxsrLsnPrlktlDOv4X27i.jpg,"Por primera vez, Carlo Verdone se interpreta a sí mismo en una serie de televisión que cuenta su vida privada y la difícil relación con una madre cariñosa, celosa y opresiva: Roma. Si la imagen pública de Carlo es la de un hombre generoso, disponible y siempre dispuesto a hacerse un selfi con un admirador, la privada es, en cambio, paradójica y tragicómica...",J
294972,Black Widows: Wh*res & Hustlers,2025-06-27,"Malena Pichot, Pilar Gamboa, Maria Fernanda Callejón, Mónica Antonópulos, Minerva Casero","Comedia,Crimen",8.0,/oRoBbzAUqV9ozdogQNvOpwj7M2y.jpg,Una exdupla de ladronas debe desempolvar sus viejos trucos de seducción cuando un chantaje amenaza con sacar sus trapos sucios al sol.,P
86127,Vota Juan,2019-01-25,"Javier Cámara, María Pujalte, Adam Jezierski, Estíbaliz Quesada Ruiz, Yaël Belicha",Comedia,6.2,/brOY4ODh1uS8Ha8qTmJecDxZDR0.jpg,"Juan Carrasco es un anodino ministro de Agricultura que debe reconocer que tiene ambiciones políticas mayores debido a una serie de acontecimientos políticos fortuitos, de modo que decide presentarse a las elecciones primarias de su partido, lo que puede darle la oportunidad de optar a ocupar el disputado cargo de presidente del Gobierno español.",J
31766,Wallander,2005-01-14,"Krister Henriksson, Charlotta Jonsson, Signe Dahlkvist, Mats Bergman, Fredrik Gunnarsson","Drama,Misterio,Crimen",6.9,/iX5G2eoWPop27Jggnd90rCRXDRq.jpg,Sin sinopsis disponible.,K
85271,WandaVision,2021-01-15,"Elizabeth Olsen, Paul Bettany, Kathryn Hahn, Teyonah Parris, Randall Park","Sci-Fi & Fantasy,Misterio,Drama",8.182,/ijWWwINc8h71NQ8j1LTJMFSj5wr.jpg,"Combinando el estilo clásico de las sitcoms con el MCU (Universo Cinematográfico de Marvel), cuenta la historia Wanda Maximoff y Vision, dos seres con superpoderes que viven una vida idílica en las afueras de una ciudad hasta que un día comienzan a sospechar que no todo es lo que parece.",J
220538,War Sailor,2023-04-02,"Kristoffer Joner, Ine Marie Wilmann, Pål Sverre Hagen",Drama,7.7,/82DUJynIihGEqNiOWuUzqv7auo7.jpg,"El marinero Alfred se encuentra en medio del Océano Atlántico cuando estalla la Segunda Guerra Mundial. De repente los marineros están al frente de la guerra, sin armas.",N
125949,We Own This City,2022-04-25,"Jon Bernthal, Wunmi Mosaku, Jamie Hector, Josh Charles, McKinley Belcher III","Crimen,Drama",7.2,/qNOYmU6JYMeu2I0xOX9pgCBOBXi.jpg,Relata el auge y la caída de la Fuerza Especial de Rastreo de Armas del Departamento de Policía de Baltimore y la corrupción y el colapso moral que sufrieron en una ciudad estadounidense en la que las políticas de prohibición de las drogas y los arrestos masivos se defendieron a expensas del trabajo policial real.,M
119051,Wednesday,2022-11-23,"Jenna Ortega, Steve Buscemi, Emma Myers, Hunter Doohan, Joy Sunday","Sci-Fi & Fantasy,Misterio,Comedia",8.329,/9PFonBhy4cQy7Jz20NpMygczOkv.jpg,"Miércoles Addams, lista, sarcástica y un poco muerta por dentro, investiga misterios retorcidos mientras hace amigos —y enemigos— en la Academia Nunca Más.",N
126929,Welcome to Wrexham,2022-08-24,"Ryan Reynolds, Rob Mac","Documental,Reality",7.8,/65Bs500TJ84QcgLQNBGmoWHtlna.jpg,"Rob McElhenney y Ryan Reynolds dirigen el Wrexham Football Club mientras intentan contar una historia de superación que el mundo apoyaría. Desde Hollywood hasta Gales, esta serie documental retrata el curso intensivo que hicieron para dirigir el club y el destino de un equipo y un pueblo cuyos destinos están relacionados.",N O
80475,Wellington Paranormal,2018-07-11,"Mike Minogue, Karen O'Leary, Maaka Pohatu","Comedia,Sci-Fi & Fantasy",7.0,/eaGpAP4bKMjVlMIoGqKzMRJ2OIG.jpg,"Sin darse cuenta, los agentes Minogue y O’Leary arrestan a una joven poseída por un demonio. Con ayuda del sargento Ruawai Maaka consiguen deshacerse del demonio y así nace la Unidad Paranormal de Wellington.",J
81355,When They See Us,2019-05-31,"Asante Blackk, Jharrel Jerome, Ethan Herisse, Marquis Rodriguez, Caleel Harris",Drama,8.2,/oPv3nNtkuc6EPEql5lgdOuQNHuG.jpg,Cinco adolescentes de Harlem se ven atrapados en una pesadilla cuando se les acusa injustamente de un ataque brutal en Central Park.,M
234310,Where's Wanda?,2024-10-02,,"Drama,Comedia",6.6,/mO4zLRhA88KbV92uWiwKvtXI66G.jpg,"Cuando desaparece su hija, los Klatt deciden tomar cartas en el asunto y urden un plan disparatado: espiar al vecindario. A medida que avanzan en esta operación de espionaje de poca monta, van desvelando asombrosos secretos.",P
